[2026-09-15 08:18:24] local.ERROR: SQLSTATE[HY000] [2002] No connection could be made because the target machine actively refused it (Connection: mysql, Host: 127.0.0.1, Port: 3306, Database: pex_form, SQL: select exists (select 1 from information_schema.tables where table_schema = schema() and table_name = 'configs' and table_type in ('BASE TABLE', 'SYSTEM VERSIONED')) as `exists`) {"exception":"[object] (Illuminate\\Database\\QueryException(code: 2002): SQLSTATE[HY000] [2002] No connection could be made because the target machine actively refused it (Connection: mysql, Host: 127.0.0.1, Port: 3306, Database: pex_form, SQL: select exists (select 1 from information_schema.tables where table_schema = schema() and table_name = 'configs' and table_type in ('BASE TABLE', 'SYSTEM VERSIONED')) as `exists`) at C:/Users/user/MyFiles/ProgmiX/PEX-Form-main/vendor/laravel/framework/src/Illuminate/Database/Connection.php:838)
[stacktrace]
#0 C:/Users/user/MyFiles/ProgmiX/PEX-Form-main/vendor/laravel/framework/src/Illuminate/Database/Connection.php(999): Illuminate/Database/Connection->runQueryCallback('select exists (...', Array, Object(Closure))
#1 C:/Users/user/MyFiles/ProgmiX/PEX-Form-main/vendor/laravel/framework/src/Illuminate/Database/Connection.php(978): Illuminate/Database/Connection->tryAgainIfCausedByLostConnection(Object(Illuminate/Database/QueryException), 'select exists (...', Array, Object(Closure))
#2 C:/Users/user/MyFiles/ProgmiX/PEX-Form-main/vendor/laravel/framework/src/Illuminate/Database/Connection.php(796): Illuminate/Database/Connection->handleQueryException(Object(Illuminate/Database/QueryException), 'select exists (...', Array, Object(Closure))
#3 C:/Users/user/MyFiles/ProgmiX/PEX-Form-main/vendor/laravel/framework/src/Illuminate/Database/Connection.php(411): Illuminate/Database/Connection->run('select exists (...', Array, Object(Closure))
#4 C:/Users/user/MyFiles/ProgmiX/PEX-Form-main/vendor/laravel/framework/src/Illuminate/Database/Connection.php(357): Illuminate/Database/Connection->select('select exists (...', Array, true)
#5 C:/Users/user/MyFiles/ProgmiX/PEX-Form-main/vendor/laravel/framework/src/Illuminate/Database/Connection.php(374): Illuminate/Database/Connection->selectOne('select exists (...', Array, true)
#6 C:/Users/user/MyFiles/ProgmiX/PEX-Form-main/vendor/laravel/framework/src/Illuminate/Database/Schema/Builder.php(176): Illuminate/Database/Connection->scalar('select exists (...')
#7 C:/Users/user/MyFiles/ProgmiX/PEX-Form-main/vendor/laravel/framework/src/Illuminate/Support/Facades/Facade.php(363): Illuminate/Database/Schema/Builder->hasTable('configs')
#8 C:/Users/user/MyFiles/ProgmiX/PEX-Form-main/modules/CMS/Support/Config.php(28): Illuminate/Support/Facades/Facade::__callStatic('hasTable', Array)
#9 C:/Users/user/MyFiles/ProgmiX/PEX-Form-main/modules/CMS/Providers/CmsServiceProvider.php(255): Juzaweb/CMS/Support/Config->__construct(Object(Juzaweb/CMS/Support/Application), Object(Illuminate/Cache/CacheManager))
#10 C:/Users/user/MyFiles/ProgmiX/PEX-Form-main/vendor/laravel/framework/src/Illuminate/Container/Container.php(1115): Juzaweb/CMS/Providers/CmsServiceProvider->Juzaweb/CMS/Providers/{closure}(Object(Juzaweb/CMS/Support/Application), Array)
#11 C:/Users/user/MyFiles/ProgmiX/PEX-Form-main/vendor/laravel/framework/src/Illuminate/Container/Container.php(933): Illuminate/Container/Container->build(Object(Closure))
#12 C:/Users/user/MyFiles/ProgmiX/PEX-Form-main/vendor/laravel/framework/src/Illuminate/Foundation/Application.php(1078): Illuminate/Container/Container->resolve('Juzaweb//CMS//Con...', Array, true)
#13 C:/Users/user/MyFiles/ProgmiX/PEX-Form-main/vendor/laravel/framework/src/Illuminate/Container/Container.php(864): Illuminate/Foundation/Application->resolve('Juzaweb//CMS//Con...', Array)
#14 C:/Users/user/MyFiles/ProgmiX/PEX-Form-main/vendor/laravel/framework/src/Illuminate/Foundation/Application.php(1058): Illuminate/Container/Container->make('Juzaweb//CMS//Con...', Array)
#15 C:/Users/user/MyFiles/ProgmiX/PEX-Form-main/vendor/laravel/framework/src/Illuminate/Container/Container.php(1805): Illuminate/Foundation/Application->make('Juzaweb//CMS//Con...')
#16 C:/Users/user/MyFiles/ProgmiX/PEX-Form-main/modules/CMS/Providers/PluginServiceProvider.php(59): Illuminate/Container/Container->offsetGet('Juzaweb//CMS//Con...')
#17 C:/Users/user/MyFiles/ProgmiX/PEX-Form-main/vendor/laravel/framework/src/Illuminate/Container/Container.php(1115): Juzaweb/CMS/Providers/PluginServiceProvider->Juzaweb/CMS/Providers/{closure}(Object(Juzaweb/CMS/Support/Application), Array)
#18 C:/Users/user/MyFiles/ProgmiX/PEX-Form-main/vendor/laravel/framework/src/Illuminate/Container/Container.php(933): Illuminate/Container/Container->build(Object(Closure))
#19 C:/Users/user/MyFiles/ProgmiX/PEX-Form-main/vendor/laravel/framework/src/Illuminate/Foundation/Application.php(1078): Illuminate/Container/Container->resolve('Juzaweb//CMS//Con...', Array, true)
#20 C:/Users/user/MyFiles/ProgmiX/PEX-Form-main/vendor/laravel/framework/src/Illuminate/Container/Container.php(864): Illuminate/Foundation/Application->resolve('Juzaweb//CMS//Con...', Array)
#21 C:/Users/user/MyFiles/ProgmiX/PEX-Form-main/vendor/laravel/framework/src/Illuminate/Foundation/Application.php(1058): Illuminate/Container/Container->make('Juzaweb//CMS//Con...', Array)
#22 C:/Users/user/MyFiles/ProgmiX/PEX-Form-main/vendor/laravel/framework/src/Illuminate/Container/Container.php(1805): Illuminate/Foundation/Application->make('Juzaweb//CMS//Con...')
#23 C:/Users/user/MyFiles/ProgmiX/PEX-Form-main/modules/CMS/Support/Plugin.php(88): Illuminate/Container/Container->offsetGet('Juzaweb//CMS//Con...')
#24 C:/Users/user/MyFiles/ProgmiX/PEX-Form-main/modules/CMS/Support/LocalPluginRepository.php(648): Juzaweb/CMS/Support/Plugin->__construct(Object(Juzaweb/CMS/Support/Application), 'C://Users//user//M...')
#25 C:/Users/user/MyFiles/ProgmiX/PEX-Form-main/modules/CMS/Support/LocalPluginRepository.php(139): Juzaweb/CMS/Support/LocalPluginRepository->createPlugin(Object(Juzaweb/CMS/Support/Application), 'C://Users//user//M...')
#26 C:/Users/user/MyFiles/ProgmiX/PEX-Form-main/modules/CMS/Support/LocalPluginRepository.php(169): Juzaweb/CMS/Support/LocalPluginRepository->scan(false)
#27 C:/Users/user/MyFiles/ProgmiX/PEX-Form-main/modules/CMS/Support/LocalPluginRepository.php(233): Juzaweb/CMS/Support/LocalPluginRepository->all()
#28 C:/Users/user/MyFiles/ProgmiX/PEX-Form-main/modules/CMS/Support/LocalPluginRepository.php(263): Juzaweb/CMS/Support/LocalPluginRepository->getByStatus(true)
#29 C:/Users/user/MyFiles/ProgmiX/PEX-Form-main/modules/CMS/Support/LocalPluginRepository.php(298): Juzaweb/CMS/Support/LocalPluginRepository->allEnabled()
#30 C:/Users/user/MyFiles/ProgmiX/PEX-Form-main/modules/CMS/Support/LocalPluginRepository.php(331): Juzaweb/CMS/Support/LocalPluginRepository->getOrdered()
#31 C:/Users/user/MyFiles/ProgmiX/PEX-Form-main/modules/CMS/Providers/BootstrapServiceProvider.php(35): Juzaweb/CMS/Support/LocalPluginRepository->register()
#32 C:/Users/user/MyFiles/ProgmiX/PEX-Form-main/vendor/laravel/framework/src/Illuminate/Foundation/Application.php(896): Juzaweb/CMS/Providers/BootstrapServiceProvider->register()
#33 C:/Users/user/MyFiles/ProgmiX/PEX-Form-main/modules/CMS/Providers/PluginServiceProvider.php(71): Illuminate/Foundation/Application->register(Object(Juzaweb/CMS/Providers/BootstrapServiceProvider))
#34 C:/Users/user/MyFiles/ProgmiX/PEX-Form-main/modules/CMS/Providers/PluginServiceProvider.php(19): Juzaweb/CMS/Providers/PluginServiceProvider->registerModules()
#35 C:/Users/user/MyFiles/ProgmiX/PEX-Form-main/vendor/laravel/framework/src/Illuminate/Container/BoundMethod.php(36): Juzaweb/CMS/Providers/PluginServiceProvider->boot()
#36 C:/Users/user/MyFiles/ProgmiX/PEX-Form-main/vendor/laravel/framework/src/Illuminate/Container/Util.php(43): Illuminate/Container/BoundMethod::Illuminate/Container/{closure}()
#37 C:/Users/user/MyFiles/ProgmiX/PEX-Form-main/vendor/laravel/framework/src/Illuminate/Container/BoundMethod.php(96): Illuminate/Container/Util::unwrapIfClosure(Object(Closure))
#38 C:/Users/user/MyFiles/ProgmiX/PEX-Form-main/vendor/laravel/framework/src/Illuminate/Container/BoundMethod.php(35): Illuminate/Container/BoundMethod::callBoundMethod(Object(Juzaweb/CMS/Support/Application), Array, Object(Closure))
#39 C:/Users/user/MyFiles/ProgmiX/PEX-Form-main/vendor/laravel/framework/src/Illuminate/Container/Container.php(799): Illuminate/Container/BoundMethod::call(Object(Juzaweb/CMS/Support/Application), Array, Array, NULL)
#40 C:/Users/user/MyFiles/ProgmiX/PEX-Form-main/vendor/laravel/framework/src/Illuminate/Foundation/Application.php(1151): Illuminate/Container/Container->call(Array)
#41 C:/Users/user/MyFiles/ProgmiX/PEX-Form-main/vendor/laravel/framework/src/Illuminate/Foundation/Application.php(1132): Illuminate/Foundation/Application->bootProvider(Object(Juzaweb/CMS/Providers/PluginServiceProvider))
#42 [internal function]: Illuminate/Foundation/Application->Illuminate/Foundation/{closure}(Object(Juzaweb/CMS/Providers/PluginServiceProvider), 'Juzaweb//CMS//Pro...')
#43 C:/Users/user/MyFiles/ProgmiX/PEX-Form-main/vendor/laravel/framework/src/Illuminate/Foundation/Application.php(1131): array_walk(Array, Object(Closure))
#44 C:/Users/user/MyFiles/ProgmiX/PEX-Form-main/vendor/laravel/framework/src/Illuminate/Foundation/Bootstrap/BootProviders.php(17): Illuminate/Foundation/Application->boot()
#45 C:/Users/user/MyFiles/ProgmiX/PEX-Form-main/vendor/laravel/framework/src/Illuminate/Foundation/Application.php(342): Illuminate/Foundation/Bootstrap/BootProviders->bootstrap(Object(Juzaweb/CMS/Support/Application))
#46 C:/Users/user/MyFiles/ProgmiX/PEX-Form-main/vendor/laravel/framework/src/Illuminate/Foundation/Console/Kernel.php(494): Illuminate/Foundation/Application->bootstrapWith(Array)
#47 C:/Users/user/MyFiles/ProgmiX/PEX-Form-main/vendor/laravel/framework/src/Illuminate/Foundation/Console/Kernel.php(196): Illuminate/Foundation/Console/Kernel->bootstrap()
#48 C:/Users/user/MyFiles/ProgmiX/PEX-Form-main/artisan(35): Illuminate/Foundation/Console/Kernel->handle(Object(Symfony/Component/Console/Input/ArgvInput), Object(Symfony/Component/Console/Output/ConsoleOutput))
#49 {main}

[previous exception] [object] (PDOException(code: 2002): SQLSTATE[HY000] [2002] No connection could be made because the target machine actively refused it at C:/Users/user/MyFiles/ProgmiX/PEX-Form-main/vendor/laravel/framework/src/Illuminate/Database/Connectors/Connector.php:66)
[stacktrace]
#0 C:/Users/user/MyFiles/ProgmiX/PEX-Form-main/vendor/laravel/framework/src/Illuminate/Database/Connectors/Connector.php(66): PDO->__construct('mysql:host=127....', 'root', Object(SensitiveParameterValue), Array)
#1 C:/Users/user/MyFiles/ProgmiX/PEX-Form-main/vendor/laravel/framework/src/Illuminate/Database/Connectors/Connector.php(85): Illuminate/Database/Connectors/Connector->createPdoConnection('mysql:host=127....', 'root', Object(SensitiveParameterValue), Array)
#2 C:/Users/user/MyFiles/ProgmiX/PEX-Form-main/vendor/laravel/framework/src/Illuminate/Database/Connectors/Connector.php(48): Illuminate/Database/Connectors/Connector->tryAgainIfCausedByLostConnection(Object(PDOException), 'mysql:host=127....', 'root', Object(SensitiveParameterValue), Array)
#3 C:/Users/user/MyFiles/ProgmiX/PEX-Form-main/vendor/laravel/framework/src/Illuminate/Database/Connectors/MySqlConnector.php(24): Illuminate/Database/Connectors/Connector->createConnection('mysql:host=127....', Array, Array)
#4 C:/Users/user/MyFiles/ProgmiX/PEX-Form-main/vendor/laravel/framework/src/Illuminate/Database/Connectors/ConnectionFactory.php(186): Illuminate/Database/Connectors/MySqlConnector->connect(Array)
#5 [internal function]: Illuminate/Database/Connectors/ConnectionFactory->Illuminate/Database/Connectors/{closure}()
#6 C:/Users/user/MyFiles/ProgmiX/PEX-Form-main/vendor/laravel/framework/src/Illuminate/Database/Connection.php(1257): call_user_func(Object(Closure))
#7 C:/Users/user/MyFiles/ProgmiX/PEX-Form-main/vendor/laravel/framework/src/Illuminate/Database/Connection.php(1295): Illuminate/Database/Connection->getPdo()
#8 C:/Users/user/MyFiles/ProgmiX/PEX-Form-main/vendor/laravel/framework/src/Illuminate/Database/Connection.php(525): Illuminate/Database/Connection->getReadPdo()
#9 C:/Users/user/MyFiles/ProgmiX/PEX-Form-main/vendor/laravel/framework/src/Illuminate/Database/Connection.php(420): Illuminate/Database/Connection->getPdoForSelect(true)
#10 C:/Users/user/MyFiles/ProgmiX/PEX-Form-main/vendor/laravel/framework/src/Illuminate/Database/Connection.php(827): Illuminate/Database/Connection->Illuminate/Database/{closure}('select exists (...', Array)
#11 C:/Users/user/MyFiles/ProgmiX/PEX-Form-main/vendor/laravel/framework/src/Illuminate/Database/Connection.php(999): Illuminate/Database/Connection->runQueryCallback('select exists (...', Array, Object(Closure))
#12 C:/Users/user/MyFiles/ProgmiX/PEX-Form-main/vendor/laravel/framework/src/Illuminate/Database/Connection.php(978): Illuminate/Database/Connection->tryAgainIfCausedByLostConnection(Object(Illuminate/Database/QueryException), 'select exists (...', Array, Object(Closure))
#13 C:/Users/user/MyFiles/ProgmiX/PEX-Form-main/vendor/laravel/framework/src/Illuminate/Database/Connection.php(796): Illuminate/Database/Connection->handleQueryException(Object(Illuminate/Database/QueryException), 'select exists (...', Array, Object(Closure))
#14 C:/Users/user/MyFiles/ProgmiX/PEX-Form-main/vendor/laravel/framework/src/Illuminate/Database/Connection.php(411): Illuminate/Database/Connection->run('select exists (...', Array, Object(Closure))
#15 C:/Users/user/MyFiles/ProgmiX/PEX-Form-main/vendor/laravel/framework/src/Illuminate/Database/Connection.php(357): Illuminate/Database/Connection->select('select exists (...', Array, true)
#16 C:/Users/user/MyFiles/ProgmiX/PEX-Form-main/vendor/laravel/framework/src/Illuminate/Database/Connection.php(374): Illuminate/Database/Connection->selectOne('select exists (...', Array, true)
#17 C:/Users/user/MyFiles/ProgmiX/PEX-Form-main/vendor/laravel/framework/src/Illuminate/Database/Schema/Builder.php(176): Illuminate/Database/Connection->scalar('select exists (...')
#18 C:/Users/user/MyFiles/ProgmiX/PEX-Form-main/vendor/laravel/framework/src/Illuminate/Support/Facades/Facade.php(363): Illuminate/Database/Schema/Builder->hasTable('configs')
#19 C:/Users/user/MyFiles/ProgmiX/PEX-Form-main/modules/CMS/Support/Config.php(28): Illuminate/Support/Facades/Facade::__callStatic('hasTable', Array)
#20 C:/Users/user/MyFiles/ProgmiX/PEX-Form-main/modules/CMS/Providers/CmsServiceProvider.php(255): Juzaweb/CMS/Support/Config->__construct(Object(Juzaweb/CMS/Support/Application), Object(Illuminate/Cache/CacheManager))
#21 C:/Users/user/MyFiles/ProgmiX/PEX-Form-main/vendor/laravel/framework/src/Illuminate/Container/Container.php(1115): Juzaweb/CMS/Providers/CmsServiceProvider->Juzaweb/CMS/Providers/{closure}(Object(Juzaweb/CMS/Support/Application), Array)
#22 C:/Users/user/MyFiles/ProgmiX/PEX-Form-main/vendor/laravel/framework/src/Illuminate/Container/Container.php(933): Illuminate/Container/Container->build(Object(Closure))
#23 C:/Users/user/MyFiles/ProgmiX/PEX-Form-main/vendor/laravel/framework/src/Illuminate/Foundation/Application.php(1078): Illuminate/Container/Container->resolve('Juzaweb//CMS//Con...', Array, true)
#24 C:/Users/user/MyFiles/ProgmiX/PEX-Form-main/vendor/laravel/framework/src/Illuminate/Container/Container.php(864): Illuminate/Foundation/Application->resolve('Juzaweb//CMS//Con...', Array)
#25 C:/Users/user/MyFiles/ProgmiX/PEX-Form-main/vendor/laravel/framework/src/Illuminate/Foundation/Application.php(1058): Illuminate/Container/Container->make('Juzaweb//CMS//Con...', Array)
#26 C:/Users/user/MyFiles/ProgmiX/PEX-Form-main/vendor/laravel/framework/src/Illuminate/Container/Container.php(1805): Illuminate/Foundation/Application->make('Juzaweb//CMS//Con...')
#27 C:/Users/user/MyFiles/ProgmiX/PEX-Form-main/modules/CMS/Providers/PluginServiceProvider.php(59): Illuminate/Container/Container->offsetGet('Juzaweb//CMS//Con...')
#28 C:/Users/user/MyFiles/ProgmiX/PEX-Form-main/vendor/laravel/framework/src/Illuminate/Container/Container.php(1115): Juzaweb/CMS/Providers/PluginServiceProvider->Juzaweb/CMS/Providers/{closure}(Object(Juzaweb/CMS/Support/Application), Array)
#29 C:/Users/user/MyFiles/ProgmiX/PEX-Form-main/vendor/laravel/framework/src/Illuminate/Container/Container.php(933): Illuminate/Container/Container->build(Object(Closure))
#30 C:/Users/user/MyFiles/ProgmiX/PEX-Form-main/vendor/laravel/framework/src/Illuminate/Foundation/Application.php(1078): Illuminate/Container/Container->resolve('Juzaweb//CMS//Con...', Array, true)
#31 C:/Users/user/MyFiles/ProgmiX/PEX-Form-main/vendor/laravel/framework/src/Illuminate/Container/Container.php(864): Illuminate/Foundation/Application->resolve('Juzaweb//CMS//Con...', Array)
#32 C:/Users/user/MyFiles/ProgmiX/PEX-Form-main/vendor/laravel/framework/src/Illuminate/Foundation/Application.php(1058): Illuminate/Container/Container->make('Juzaweb//CMS//Con...', Array)
#33 C:/Users/user/MyFiles/ProgmiX/PEX-Form-main/vendor/laravel/framework/src/Illuminate/Container/Container.php(1805): Illuminate/Foundation/Application->make('Juzaweb//CMS//Con...')
#34 C:/Users/user/MyFiles/ProgmiX/PEX-Form-main/modules/CMS/Support/Plugin.php(88): Illuminate/Container/Container->offsetGet('Juzaweb//CMS//Con...')
#35 C:/Users/user/MyFiles/ProgmiX/PEX-Form-main/modules/CMS/Support/LocalPluginRepository.php(648): Juzaweb/CMS/Support/Plugin->__construct(Object(Juzaweb/CMS/Support/Application), 'C://Users//user//M...')
#36 C:/Users/user/MyFiles/ProgmiX/PEX-Form-main/modules/CMS/Support/LocalPluginRepository.php(139): Juzaweb/CMS/Support/LocalPluginRepository->createPlugin(Object(Juzaweb/CMS/Support/Application), 'C://Users//user//M...')
#37 C:/Users/user/MyFiles/ProgmiX/PEX-Form-main/modules/CMS/Support/LocalPluginRepository.php(169): Juzaweb/CMS/Support/LocalPluginRepository->scan(false)
#38 C:/Users/user/MyFiles/ProgmiX/PEX-Form-main/modules/CMS/Support/LocalPluginRepository.php(233): Juzaweb/CMS/Support/LocalPluginRepository->all()
#39 C:/Users/user/MyFiles/ProgmiX/PEX-Form-main/modules/CMS/Support/LocalPluginRepository.php(263): Juzaweb/CMS/Support/LocalPluginRepository->getByStatus(true)
#40 C:/Users/user/MyFiles/ProgmiX/PEX-Form-main/modules/CMS/Support/LocalPluginRepository.php(298): Juzaweb/CMS/Support/LocalPluginRepository->allEnabled()
#41 C:/Users/user/MyFiles/ProgmiX/PEX-Form-main/modules/CMS/Support/LocalPluginRepository.php(331): Juzaweb/CMS/Support/LocalPluginRepository->getOrdered()
#42 C:/Users/user/MyFiles/ProgmiX/PEX-Form-main/modules/CMS/Providers/BootstrapServiceProvider.php(35): Juzaweb/CMS/Support/LocalPluginRepository->register()
#43 C:/Users/user/MyFiles/ProgmiX/PEX-Form-main/vendor/laravel/framework/src/Illuminate/Foundation/Application.php(896): Juzaweb/CMS/Providers/BootstrapServiceProvider->register()
#44 C:/Users/user/MyFiles/ProgmiX/PEX-Form-main/modules/CMS/Providers/PluginServiceProvider.php(71): Illuminate/Foundation/Application->register(Object(Juzaweb/CMS/Providers/BootstrapServiceProvider))
#45 C:/Users/user/MyFiles/ProgmiX/PEX-Form-main/modules/CMS/Providers/PluginServiceProvider.php(19): Juzaweb/CMS/Providers/PluginServiceProvider->registerModules()
#46 C:/Users/user/MyFiles/ProgmiX/PEX-Form-main/vendor/laravel/framework/src/Illuminate/Container/BoundMethod.php(36): Juzaweb/CMS/Providers/PluginServiceProvider->boot()
#47 C:/Users/user/MyFiles/ProgmiX/PEX-Form-main/vendor/laravel/framework/src/Illuminate/Container/Util.php(43): Illuminate/Container/BoundMethod::Illuminate/Container/{closure}()
#48 C:/Users/user/MyFiles/ProgmiX/PEX-Form-main/vendor/laravel/framework/src/Illuminate/Container/BoundMethod.php(96): Illuminate/Container/Util::unwrapIfClosure(Object(Closure))
#49 C:/Users/user/MyFiles/ProgmiX/PEX-Form-main/vendor/laravel/framework/src/Illuminate/Container/BoundMethod.php(35): Illuminate/Container/BoundMethod::callBoundMethod(Object(Juzaweb/CMS/Support/Application), Array, Object(Closure))
#50 C:/Users/user/MyFiles/ProgmiX/PEX-Form-main/vendor/laravel/framework/src/Illuminate/Container/Container.php(799): Illuminate/Container/BoundMethod::call(Object(Juzaweb/CMS/Support/Application), Array, Array, NULL)
#51 C:/Users/user/MyFiles/ProgmiX/PEX-Form-main/vendor/laravel/framework/src/Illuminate/Foundation/Application.php(1151): Illuminate/Container/Container->call(Array)
#52 C:/Users/user/MyFiles/ProgmiX/PEX-Form-main/vendor/laravel/framework/src/Illuminate/Foundation/Application.php(1132): Illuminate/Foundation/Application->bootProvider(Object(Juzaweb/CMS/Providers/PluginServiceProvider))
#53 [internal function]: Illuminate/Foundation/Application->Illuminate/Foundation/{closure}(Object(Juzaweb/CMS/Providers/PluginServiceProvider), 'Juzaweb//CMS//Pro...')
#54 C:/Users/user/MyFiles/ProgmiX/PEX-Form-main/vendor/laravel/framework/src/Illuminate/Foundation/Application.php(1131): array_walk(Array, Object(Closure))
#55 C:/Users/user/MyFiles/ProgmiX/PEX-Form-main/vendor/laravel/framework/src/Illuminate/Foundation/Bootstrap/BootProviders.php(17): Illuminate/Foundation/Application->boot()
#56 C:/Users/user/MyFiles/ProgmiX/PEX-Form-main/vendor/laravel/framework/src/Illuminate/Foundation/Application.php(342): Illuminate/Foundation/Bootstrap/BootProviders->bootstrap(Object(Juzaweb/CMS/Support/Application))
#57 C:/Users/user/MyFiles/ProgmiX/PEX-Form-main/vendor/laravel/framework/src/Illuminate/Foundation/Console/Kernel.php(494): Illuminate/Foundation/Application->bootstrapWith(Array)
#58 C:/Users/user/MyFiles/ProgmiX/PEX-Form-main/vendor/laravel/framework/src/Illuminate/Foundation/Console/Kernel.php(196): Illuminate/Foundation/Console/Kernel->bootstrap()
#59 C:/Users/user/MyFiles/ProgmiX/PEX-Form-main/artisan(35): Illuminate/Foundation/Console/Kernel->handle(Object(Symfony/Component/Console/Input/ArgvInput), Object(Symfony/Component/Console/Output/ConsoleOutput))
#60 {main}
"} 
[2026-09-15 10:26:51] local.ERROR: SQLSTATE[HY000]: General error: 1364 Field 'meta_title' doesn't have a default value (Connection: mysql, Host: 127.0.0.1, Port: 3306, Database: pex_form, SQL: insert into `posts` (`title`, `subtitle`, `content`, `slug`, `lang`, `show_sitemap`, `status`, `display_order`, `date`, `end_date`, `thumbnail`, `type`, `json_metas`, `created_by`, `updated_by`, `description`, `uuid`, `updated_at`, `created_at`) values (home, ?, ?, home, ar, 1, publish, 100, 2026-09-15T10:26, ?, ?, pages, {"metas":{"meta_title":"home","meta_heading":"home","meta_author":null,"meta_canonical":"http:\/\/127.0.0.1:8000\/ar","meta_showRobots":"yes","meta_robots":"","meta_keywords":[],"meta_title_keywords":[],"meta_description":"","meta_copyright":"PEX Form","meta_og_site_name":null,"meta_og_title":"home","meta_og_type":"website","meta_og_url":"http:\/\/127.0.0.1:8000\/ar","meta_og_image":"http:\/\/127.0.0.1:8000\/assets\/images\/og-image.png","meta_og_description":"","meta_twitter_card":"summary_large_image","meta_twitter_title":"home","meta_twitter_description":"","meta_twitter_image_alt":"home","meta_twitter_image":"http:\/\/127.0.0.1:8000\/assets\/images\/og-image.png"}}, 1, 1, , 3d8b47d1-e820-434f-973b-c3365ed18ae4, 2026-09-15 10:26:50, 2026-09-15 10:26:50)) {"userId":1,"exception":"[object] (Illuminate\\Database\\QueryException(code: HY000): SQLSTATE[HY000]: General error: 1364 Field 'meta_title' doesn't have a default value (Connection: mysql, Host: 127.0.0.1, Port: 3306, Database: pex_form, SQL: insert into `posts` (`title`, `subtitle`, `content`, `slug`, `lang`, `show_sitemap`, `status`, `display_order`, `date`, `end_date`, `thumbnail`, `type`, `json_metas`, `created_by`, `updated_by`, `description`, `uuid`, `updated_at`, `created_at`) values (home, ?, ?, home, ar, 1, publish, 100, 2026-09-15T10:26, ?, ?, pages, {\"metas\":{\"meta_title\":\"home\",\"meta_heading\":\"home\",\"meta_author\":null,\"meta_canonical\":\"http:\\/\\/127.0.0.1:8000\\/ar\",\"meta_showRobots\":\"yes\",\"meta_robots\":\"\",\"meta_keywords\":[],\"meta_title_keywords\":[],\"meta_description\":\"\",\"meta_copyright\":\"PEX Form\",\"meta_og_site_name\":null,\"meta_og_title\":\"home\",\"meta_og_type\":\"website\",\"meta_og_url\":\"http:\\/\\/127.0.0.1:8000\\/ar\",\"meta_og_image\":\"http:\\/\\/127.0.0.1:8000\\/assets\\/images\\/og-image.png\",\"meta_og_description\":\"\",\"meta_twitter_card\":\"summary_large_image\",\"meta_twitter_title\":\"home\",\"meta_twitter_description\":\"\",\"meta_twitter_image_alt\":\"home\",\"meta_twitter_image\":\"http:\\/\\/127.0.0.1:8000\\/assets\\/images\\/og-image.png\"}}, 1, 1, , 3d8b47d1-e820-434f-973b-c3365ed18ae4, 2026-09-15 10:26:50, 2026-09-15 10:26:50)) at C:/Users/user/MyFiles/ProgmiX/PEX-Form-main/vendor/laravel/framework/src/Illuminate/Database/Connection.php:838)
[stacktrace]
#0 C:/Users/user/MyFiles/ProgmiX/PEX-Form-main/vendor/laravel/framework/src/Illuminate/Database/Connection.php(794): Illuminate/Database/Connection->runQueryCallback('insert into `po...', Array, Object(Closure))
#1 C:/Users/user/MyFiles/ProgmiX/PEX-Form-main/vendor/laravel/framework/src/Illuminate/Database/MySqlConnection.php(42): Illuminate/Database/Connection->run('insert into `po...', Array, Object(Closure))
#2 C:/Users/user/MyFiles/ProgmiX/PEX-Form-main/vendor/laravel/framework/src/Illuminate/Database/Query/Processors/MySqlProcessor.php(35): Illuminate/Database/MySqlConnection->insert('insert into `po...', Array, 'id')
#3 C:/Users/user/MyFiles/ProgmiX/PEX-Form-main/vendor/laravel/framework/src/Illuminate/Database/Query/Builder.php(4170): Illuminate/Database/Query/Processors/MySqlProcessor->processInsertGetId(Object(Juzaweb/CMS/Support/Query/Builder), 'insert into `po...', Array, 'id')
#4 C:/Users/user/MyFiles/ProgmiX/PEX-Form-main/vendor/laravel/framework/src/Illuminate/Database/Eloquent/Builder.php(2237): Illuminate/Database/Query/Builder->insertGetId(Array, 'id')
#5 C:/Users/user/MyFiles/ProgmiX/PEX-Form-main/vendor/laravel/framework/src/Illuminate/Database/Eloquent/Model.php(1436): Illuminate/Database/Eloquent/Builder->__call('insertGetId', Array)
#6 C:/Users/user/MyFiles/ProgmiX/PEX-Form-main/vendor/laravel/framework/src/Illuminate/Database/Eloquent/Model.php(1401): Illuminate/Database/Eloquent/Model->insertAndSetId(Object(Illuminate/Database/Eloquent/Builder), Array)
#7 C:/Users/user/MyFiles/ProgmiX/PEX-Form-main/vendor/laravel/framework/src/Illuminate/Database/Eloquent/Model.php(1240): Illuminate/Database/Eloquent/Model->performInsert(Object(Illuminate/Database/Eloquent/Builder))
#8 C:/Users/user/MyFiles/ProgmiX/PEX-Form-main/modules/CMS/Traits/ResourceController.php(467): Illuminate/Database/Eloquent/Model->save()
#9 C:/Users/user/MyFiles/ProgmiX/PEX-Form-main/vendor/laravel/framework/src/Illuminate/Routing/Controller.php(54): Juzaweb/Backend/Http/Controllers/Backend/PostController->store(Object(Illuminate/Http/Request), 'pages')
#10 C:/Users/user/MyFiles/ProgmiX/PEX-Form-main/modules/CMS/Http/Controllers/BackendController.php(28): Illuminate/Routing/Controller->callAction('store', Array)
#11 C:/Users/user/MyFiles/ProgmiX/PEX-Form-main/vendor/laravel/framework/src/Illuminate/Routing/ControllerDispatcher.php(43): Juzaweb/CMS/Http/Controllers/BackendController->callAction('store', Array)
#12 C:/Users/user/MyFiles/ProgmiX/PEX-Form-main/vendor/laravel/framework/src/Illuminate/Routing/Route.php(265): Illuminate/Routing/ControllerDispatcher->dispatch(Object(Illuminate/Routing/Route), Object(Juzaweb/Backend/Http/Controllers/Backend/PostController), 'store')
#13 C:/Users/user/MyFiles/ProgmiX/PEX-Form-main/vendor/laravel/framework/src/Illuminate/Routing/Route.php(211): Illuminate/Routing/Route->runController()
#14 C:/Users/user/MyFiles/ProgmiX/PEX-Form-main/vendor/laravel/framework/src/Illuminate/Routing/Router.php(822): Illuminate/Routing/Route->run()
#15 C:/Users/user/MyFiles/ProgmiX/PEX-Form-main/vendor/laravel/framework/src/Illuminate/Pipeline/Pipeline.php(180): Illuminate/Routing/Router->Illuminate/Routing/{closure}(Object(Illuminate/Http/Request))
#16 C:/Users/user/MyFiles/ProgmiX/PEX-Form-main/modules/CMS/Http/Middleware/Admin.php(74): Illuminate/Pipeline/Pipeline->Illuminate/Pipeline/{closure}(Object(Illuminate/Http/Request))
#17 C:/Users/user/MyFiles/ProgmiX/PEX-Form-main/vendor/laravel/framework/src/Illuminate/Pipeline/Pipeline.php(219): Juzaweb/CMS/Http/Middleware/Admin->handle(Object(Illuminate/Http/Request), Object(Closure))
#18 C:/Users/user/MyFiles/ProgmiX/PEX-Form-main/vendor/barryvdh/laravel-debugbar/src/Middleware/InjectDebugbar.php(59): Illuminate/Pipeline/Pipeline->Illuminate/Pipeline/{closure}(Object(Illuminate/Http/Request))
#19 C:/Users/user/MyFiles/ProgmiX/PEX-Form-main/vendor/laravel/framework/src/Illuminate/Pipeline/Pipeline.php(219): Barryvdh/Debugbar/Middleware/InjectDebugbar->handle(Object(Illuminate/Http/Request), Object(Closure))
#20 C:/Users/user/MyFiles/ProgmiX/PEX-Form-main/modules/CMS/Http/Middleware/XFrameHeadersMiddleware.php(41): Illuminate/Pipeline/Pipeline->Illuminate/Pipeline/{closure}(Object(Illuminate/Http/Request))
#21 C:/Users/user/MyFiles/ProgmiX/PEX-Form-main/vendor/laravel/framework/src/Illuminate/Pipeline/Pipeline.php(219): Juzaweb/CMS/Http/Middleware/XFrameHeadersMiddleware->handle(Object(Illuminate/Http/Request), Object(Closure))
#22 C:/Users/user/MyFiles/ProgmiX/PEX-Form-main/vendor/laravel/framework/src/Illuminate/Routing/Middleware/SubstituteBindings.php(50): Illuminate/Pipeline/Pipeline->Illuminate/Pipeline/{closure}(Object(Illuminate/Http/Request))
#23 C:/Users/user/MyFiles/ProgmiX/PEX-Form-main/vendor/laravel/framework/src/Illuminate/Pipeline/Pipeline.php(219): Illuminate/Routing/Middleware/SubstituteBindings->handle(Object(Illuminate/Http/Request), Object(Closure))
#24 C:/Users/user/MyFiles/ProgmiX/PEX-Form-main/vendor/laravel/framework/src/Illuminate/Cookie/Middleware/AddQueuedCookiesToResponse.php(36): Illuminate/Pipeline/Pipeline->Illuminate/Pipeline/{closure}(Object(Illuminate/Http/Request))
#25 C:/Users/user/MyFiles/ProgmiX/PEX-Form-main/vendor/laravel/framework/src/Illuminate/Pipeline/Pipeline.php(219): Illuminate/Cookie/Middleware/AddQueuedCookiesToResponse->handle(Object(Illuminate/Http/Request), Object(Closure))
#26 C:/Users/user/MyFiles/ProgmiX/PEX-Form-main/vendor/laravel/framework/src/Illuminate/View/Middleware/ShareErrorsFromSession.php(48): Illuminate/Pipeline/Pipeline->Illuminate/Pipeline/{closure}(Object(Illuminate/Http/Request))
#27 C:/Users/user/MyFiles/ProgmiX/PEX-Form-main/modules/Backend/Http/Middleware/ShareErrorsUnlessBot.php(24): Illuminate/View/Middleware/ShareErrorsFromSession->handle(Object(Illuminate/Http/Request), Object(Closure))
#28 C:/Users/user/MyFiles/ProgmiX/PEX-Form-main/vendor/laravel/framework/src/Illuminate/Pipeline/Pipeline.php(219): Juzaweb/Backend/Http/Middleware/ShareErrorsUnlessBot->handle(Object(Illuminate/Http/Request), Object(Closure))
#29 C:/Users/user/MyFiles/ProgmiX/PEX-Form-main/vendor/laravel/framework/src/Illuminate/Session/Middleware/StartSession.php(120): Illuminate/Pipeline/Pipeline->Illuminate/Pipeline/{closure}(Object(Illuminate/Http/Request))
#30 C:/Users/user/MyFiles/ProgmiX/PEX-Form-main/vendor/laravel/framework/src/Illuminate/Session/Middleware/StartSession.php(63): Illuminate/Session/Middleware/StartSession->handleStatefulRequest(Object(Illuminate/Http/Request), Object(Illuminate/Session/Store), Object(Closure))
#31 C:/Users/user/MyFiles/ProgmiX/PEX-Form-main/modules/Backend/Http/Middleware/SkipSessionForBots.php(24): Illuminate/Session/Middleware/StartSession->handle(Object(Illuminate/Http/Request), Object(Closure))
#32 C:/Users/user/MyFiles/ProgmiX/PEX-Form-main/vendor/laravel/framework/src/Illuminate/Pipeline/Pipeline.php(219): Juzaweb/Backend/Http/Middleware/SkipSessionForBots->handle(Object(Illuminate/Http/Request), Object(Closure))
#33 C:/Users/user/MyFiles/ProgmiX/PEX-Form-main/vendor/laravel/framework/src/Illuminate/Cookie/Middleware/EncryptCookies.php(74): Illuminate/Pipeline/Pipeline->Illuminate/Pipeline/{closure}(Object(Illuminate/Http/Request))
#34 C:/Users/user/MyFiles/ProgmiX/PEX-Form-main/vendor/laravel/framework/src/Illuminate/Pipeline/Pipeline.php(219): Illuminate/Cookie/Middleware/EncryptCookies->handle(Object(Illuminate/Http/Request), Object(Closure))
#35 C:/Users/user/MyFiles/ProgmiX/PEX-Form-main/modules/CMS/Http/Middleware/GlobalMiddleware.php(11): Illuminate/Pipeline/Pipeline->Illuminate/Pipeline/{closure}(Object(Illuminate/Http/Request))
#36 C:/Users/user/MyFiles/ProgmiX/PEX-Form-main/vendor/laravel/framework/src/Illuminate/Pipeline/Pipeline.php(219): Juzaweb/CMS/Http/Middleware/GlobalMiddleware->handle(Object(Illuminate/Http/Request), Object(Closure))
#37 C:/Users/user/MyFiles/ProgmiX/PEX-Form-main/modules/Backend/Http/Middleware/DisableSessionForBots.php(30): Illuminate/Pipeline/Pipeline->Illuminate/Pipeline/{closure}(Object(Illuminate/Http/Request))
#38 C:/Users/user/MyFiles/ProgmiX/PEX-Form-main/vendor/laravel/framework/src/Illuminate/Pipeline/Pipeline.php(219): Juzaweb/Backend/Http/Middleware/DisableSessionForBots->handle(Object(Illuminate/Http/Request), Object(Closure))
#39 C:/Users/user/MyFiles/ProgmiX/PEX-Form-main/vendor/laravel/framework/src/Illuminate/Pipeline/Pipeline.php(137): Illuminate/Pipeline/Pipeline->Illuminate/Pipeline/{closure}(Object(Illuminate/Http/Request))
#40 C:/Users/user/MyFiles/ProgmiX/PEX-Form-main/vendor/laravel/framework/src/Illuminate/Routing/Router.php(821): Illuminate/Pipeline/Pipeline->then(Object(Closure))
#41 C:/Users/user/MyFiles/ProgmiX/PEX-Form-main/vendor/laravel/framework/src/Illuminate/Routing/Router.php(800): Illuminate/Routing/Router->runRouteWithinStack(Object(Illuminate/Routing/Route), Object(Illuminate/Http/Request))
#42 C:/Users/user/MyFiles/ProgmiX/PEX-Form-main/vendor/laravel/framework/src/Illuminate/Routing/Router.php(764): Illuminate/Routing/Router->runRoute(Object(Illuminate/Http/Request), Object(Illuminate/Routing/Route))
#43 C:/Users/user/MyFiles/ProgmiX/PEX-Form-main/vendor/laravel/framework/src/Illuminate/Routing/Router.php(753): Illuminate/Routing/Router->dispatchToRoute(Object(Illuminate/Http/Request))
#44 C:/Users/user/MyFiles/ProgmiX/PEX-Form-main/vendor/laravel/framework/src/Illuminate/Foundation/Http/Kernel.php(200): Illuminate/Routing/Router->dispatch(Object(Illuminate/Http/Request))
#45 C:/Users/user/MyFiles/ProgmiX/PEX-Form-main/vendor/laravel/framework/src/Illuminate/Pipeline/Pipeline.php(180): Illuminate/Foundation/Http/Kernel->Illuminate/Foundation/Http/{closure}(Object(Illuminate/Http/Request))
#46 C:/Users/user/MyFiles/ProgmiX/PEX-Form-main/vendor/barryvdh/laravel-debugbar/src/Middleware/InjectDebugbar.php(59): Illuminate/Pipeline/Pipeline->Illuminate/Pipeline/{closure}(Object(Illuminate/Http/Request))
#47 C:/Users/user/MyFiles/ProgmiX/PEX-Form-main/vendor/laravel/framework/src/Illuminate/Pipeline/Pipeline.php(219): Barryvdh/Debugbar/Middleware/InjectDebugbar->handle(Object(Illuminate/Http/Request), Object(Closure))
#48 C:/Users/user/MyFiles/ProgmiX/PEX-Form-main/modules/Backend/Http/Middleware/BlockIpMiddleware.php(31): Illuminate/Pipeline/Pipeline->Illuminate/Pipeline/{closure}(Object(Illuminate/Http/Request))
#49 C:/Users/user/MyFiles/ProgmiX/PEX-Form-main/vendor/laravel/framework/src/Illuminate/Pipeline/Pipeline.php(219): Juzaweb/Backend/Http/Middleware/BlockIpMiddleware->handle(Object(Illuminate/Http/Request), Object(Closure))
#50 C:/Users/user/MyFiles/ProgmiX/PEX-Form-main/modules/Backend/Http/Middleware/SecurityHeaders.php(25): Illuminate/Pipeline/Pipeline->Illuminate/Pipeline/{closure}(Object(Illuminate/Http/Request))
#51 C:/Users/user/MyFiles/ProgmiX/PEX-Form-main/vendor/laravel/framework/src/Illuminate/Pipeline/Pipeline.php(219): Juzaweb/Backend/Http/Middleware/SecurityHeaders->handle(Object(Illuminate/Http/Request), Object(Closure))
#52 C:/Users/user/MyFiles/ProgmiX/PEX-Form-main/vendor/laravel/framework/src/Illuminate/Foundation/Http/Middleware/TransformsRequest.php(21): Illuminate/Pipeline/Pipeline->Illuminate/Pipeline/{closure}(Object(Illuminate/Http/Request))
#53 C:/Users/user/MyFiles/ProgmiX/PEX-Form-main/vendor/laravel/framework/src/Illuminate/Foundation/Http/Middleware/ConvertEmptyStringsToNull.php(31): Illuminate/Foundation/Http/Middleware/TransformsRequest->handle(Object(Illuminate/Http/Request), Object(Closure))
#54 C:/Users/user/MyFiles/ProgmiX/PEX-Form-main/vendor/laravel/framework/src/Illuminate/Pipeline/Pipeline.php(219): Illuminate/Foundation/Http/Middleware/ConvertEmptyStringsToNull->handle(Object(Illuminate/Http/Request), Object(Closure))
#55 C:/Users/user/MyFiles/ProgmiX/PEX-Form-main/vendor/laravel/framework/src/Illuminate/Foundation/Http/Middleware/TransformsRequest.php(21): Illuminate/Pipeline/Pipeline->Illuminate/Pipeline/{closure}(Object(Illuminate/Http/Request))
#56 C:/Users/user/MyFiles/ProgmiX/PEX-Form-main/vendor/laravel/framework/src/Illuminate/Foundation/Http/Middleware/TrimStrings.php(51): Illuminate/Foundation/Http/Middleware/TransformsRequest->handle(Object(Illuminate/Http/Request), Object(Closure))
#57 C:/Users/user/MyFiles/ProgmiX/PEX-Form-main/vendor/laravel/framework/src/Illuminate/Pipeline/Pipeline.php(219): Illuminate/Foundation/Http/Middleware/TrimStrings->handle(Object(Illuminate/Http/Request), Object(Closure))
#58 C:/Users/user/MyFiles/ProgmiX/PEX-Form-main/vendor/laravel/framework/src/Illuminate/Http/Middleware/ValidatePostSize.php(27): Illuminate/Pipeline/Pipeline->Illuminate/Pipeline/{closure}(Object(Illuminate/Http/Request))
#59 C:/Users/user/MyFiles/ProgmiX/PEX-Form-main/vendor/laravel/framework/src/Illuminate/Pipeline/Pipeline.php(219): Illuminate/Http/Middleware/ValidatePostSize->handle(Object(Illuminate/Http/Request), Object(Closure))
#60 C:/Users/user/MyFiles/ProgmiX/PEX-Form-main/vendor/laravel/framework/src/Illuminate/Foundation/Http/Middleware/PreventRequestsDuringMaintenance.php(109): Illuminate/Pipeline/Pipeline->Illuminate/Pipeline/{closure}(Object(Illuminate/Http/Request))
#61 C:/Users/user/MyFiles/ProgmiX/PEX-Form-main/vendor/laravel/framework/src/Illuminate/Pipeline/Pipeline.php(219): Illuminate/Foundation/Http/Middleware/PreventRequestsDuringMaintenance->handle(Object(Illuminate/Http/Request), Object(Closure))
#62 C:/Users/user/MyFiles/ProgmiX/PEX-Form-main/vendor/laravel/framework/src/Illuminate/Http/Middleware/HandleCors.php(61): Illuminate/Pipeline/Pipeline->Illuminate/Pipeline/{closure}(Object(Illuminate/Http/Request))
#63 C:/Users/user/MyFiles/ProgmiX/PEX-Form-main/vendor/laravel/framework/src/Illuminate/Pipeline/Pipeline.php(219): Illuminate/Http/Middleware/HandleCors->handle(Object(Illuminate/Http/Request), Object(Closure))
#64 C:/Users/user/MyFiles/ProgmiX/PEX-Form-main/vendor/laravel/framework/src/Illuminate/Http/Middleware/TrustProxies.php(58): Illuminate/Pipeline/Pipeline->Illuminate/Pipeline/{closure}(Object(Illuminate/Http/Request))
#65 C:/Users/user/MyFiles/ProgmiX/PEX-Form-main/vendor/laravel/framework/src/Illuminate/Pipeline/Pipeline.php(219): Illuminate/Http/Middleware/TrustProxies->handle(Object(Illuminate/Http/Request), Object(Closure))
#66 C:/Users/user/MyFiles/ProgmiX/PEX-Form-main/vendor/laravel/framework/src/Illuminate/Pipeline/Pipeline.php(137): Illuminate/Pipeline/Pipeline->Illuminate/Pipeline/{closure}(Object(Illuminate/Http/Request))
#67 C:/Users/user/MyFiles/ProgmiX/PEX-Form-main/vendor/laravel/framework/src/Illuminate/Foundation/Http/Kernel.php(175): Illuminate/Pipeline/Pipeline->then(Object(Closure))
#68 C:/Users/user/MyFiles/ProgmiX/PEX-Form-main/vendor/laravel/framework/src/Illuminate/Foundation/Http/Kernel.php(144): Illuminate/Foundation/Http/Kernel->sendRequestThroughRouter(Object(Illuminate/Http/Request))
#69 C:/Users/user/MyFiles/ProgmiX/PEX-Form-main/public/index.php(51): Illuminate/Foundation/Http/Kernel->handle(Object(Illuminate/Http/Request))
#70 C:/Users/user/MyFiles/ProgmiX/PEX-Form-main/vendor/laravel/framework/src/Illuminate/Foundation/resources/server.php(23): require_once('C://Users//user//M...')
#71 {main}

[previous exception] [object] (PDOException(code: HY000): SQLSTATE[HY000]: General error: 1364 Field 'meta_title' doesn't have a default value at C:/Users/user/MyFiles/ProgmiX/PEX-Form-main/vendor/laravel/framework/src/Illuminate/Database/MySqlConnection.php:53)
[stacktrace]
#0 C:/Users/user/MyFiles/ProgmiX/PEX-Form-main/vendor/laravel/framework/src/Illuminate/Database/MySqlConnection.php(53): PDOStatement->execute()
#1 C:/Users/user/MyFiles/ProgmiX/PEX-Form-main/vendor/laravel/framework/src/Illuminate/Database/Connection.php(827): Illuminate/Database/MySqlConnection->Illuminate/Database/{closure}('insert into `po...', Array)
#2 C:/Users/user/MyFiles/ProgmiX/PEX-Form-main/vendor/laravel/framework/src/Illuminate/Database/Connection.php(794): Illuminate/Database/Connection->runQueryCallback('insert into `po...', Array, Object(Closure))
#3 C:/Users/user/MyFiles/ProgmiX/PEX-Form-main/vendor/laravel/framework/src/Illuminate/Database/MySqlConnection.php(42): Illuminate/Database/Connection->run('insert into `po...', Array, Object(Closure))
#4 C:/Users/user/MyFiles/ProgmiX/PEX-Form-main/vendor/laravel/framework/src/Illuminate/Database/Query/Processors/MySqlProcessor.php(35): Illuminate/Database/MySqlConnection->insert('insert into `po...', Array, 'id')
#5 C:/Users/user/MyFiles/ProgmiX/PEX-Form-main/vendor/laravel/framework/src/Illuminate/Database/Query/Builder.php(4170): Illuminate/Database/Query/Processors/MySqlProcessor->processInsertGetId(Object(Juzaweb/CMS/Support/Query/Builder), 'insert into `po...', Array, 'id')
#6 C:/Users/user/MyFiles/ProgmiX/PEX-Form-main/vendor/laravel/framework/src/Illuminate/Database/Eloquent/Builder.php(2237): Illuminate/Database/Query/Builder->insertGetId(Array, 'id')
#7 C:/Users/user/MyFiles/ProgmiX/PEX-Form-main/vendor/laravel/framework/src/Illuminate/Database/Eloquent/Model.php(1436): Illuminate/Database/Eloquent/Builder->__call('insertGetId', Array)
#8 C:/Users/user/MyFiles/ProgmiX/PEX-Form-main/vendor/laravel/framework/src/Illuminate/Database/Eloquent/Model.php(1401): Illuminate/Database/Eloquent/Model->insertAndSetId(Object(Illuminate/Database/Eloquent/Builder), Array)
#9 C:/Users/user/MyFiles/ProgmiX/PEX-Form-main/vendor/laravel/framework/src/Illuminate/Database/Eloquent/Model.php(1240): Illuminate/Database/Eloquent/Model->performInsert(Object(Illuminate/Database/Eloquent/Builder))
#10 C:/Users/user/MyFiles/ProgmiX/PEX-Form-main/modules/CMS/Traits/ResourceController.php(467): Illuminate/Database/Eloquent/Model->save()
#11 C:/Users/user/MyFiles/ProgmiX/PEX-Form-main/vendor/laravel/framework/src/Illuminate/Routing/Controller.php(54): Juzaweb/Backend/Http/Controllers/Backend/PostController->store(Object(Illuminate/Http/Request), 'pages')
#12 C:/Users/user/MyFiles/ProgmiX/PEX-Form-main/modules/CMS/Http/Controllers/BackendController.php(28): Illuminate/Routing/Controller->callAction('store', Array)
#13 C:/Users/user/MyFiles/ProgmiX/PEX-Form-main/vendor/laravel/framework/src/Illuminate/Routing/ControllerDispatcher.php(43): Juzaweb/CMS/Http/Controllers/BackendController->callAction('store', Array)
#14 C:/Users/user/MyFiles/ProgmiX/PEX-Form-main/vendor/laravel/framework/src/Illuminate/Routing/Route.php(265): Illuminate/Routing/ControllerDispatcher->dispatch(Object(Illuminate/Routing/Route), Object(Juzaweb/Backend/Http/Controllers/Backend/PostController), 'store')
#15 C:/Users/user/MyFiles/ProgmiX/PEX-Form-main/vendor/laravel/framework/src/Illuminate/Routing/Route.php(211): Illuminate/Routing/Route->runController()
#16 C:/Users/user/MyFiles/ProgmiX/PEX-Form-main/vendor/laravel/framework/src/Illuminate/Routing/Router.php(822): Illuminate/Routing/Route->run()
#17 C:/Users/user/MyFiles/ProgmiX/PEX-Form-main/vendor/laravel/framework/src/Illuminate/Pipeline/Pipeline.php(180): Illuminate/Routing/Router->Illuminate/Routing/{closure}(Object(Illuminate/Http/Request))
#18 C:/Users/user/MyFiles/ProgmiX/PEX-Form-main/modules/CMS/Http/Middleware/Admin.php(74): Illuminate/Pipeline/Pipeline->Illuminate/Pipeline/{closure}(Object(Illuminate/Http/Request))
#19 C:/Users/user/MyFiles/ProgmiX/PEX-Form-main/vendor/laravel/framework/src/Illuminate/Pipeline/Pipeline.php(219): Juzaweb/CMS/Http/Middleware/Admin->handle(Object(Illuminate/Http/Request), Object(Closure))
#20 C:/Users/user/MyFiles/ProgmiX/PEX-Form-main/vendor/barryvdh/laravel-debugbar/src/Middleware/InjectDebugbar.php(59): Illuminate/Pipeline/Pipeline->Illuminate/Pipeline/{closure}(Object(Illuminate/Http/Request))
#21 C:/Users/user/MyFiles/ProgmiX/PEX-Form-main/vendor/laravel/framework/src/Illuminate/Pipeline/Pipeline.php(219): Barryvdh/Debugbar/Middleware/InjectDebugbar->handle(Object(Illuminate/Http/Request), Object(Closure))
#22 C:/Users/user/MyFiles/ProgmiX/PEX-Form-main/modules/CMS/Http/Middleware/XFrameHeadersMiddleware.php(41): Illuminate/Pipeline/Pipeline->Illuminate/Pipeline/{closure}(Object(Illuminate/Http/Request))
#23 C:/Users/user/MyFiles/ProgmiX/PEX-Form-main/vendor/laravel/framework/src/Illuminate/Pipeline/Pipeline.php(219): Juzaweb/CMS/Http/Middleware/XFrameHeadersMiddleware->handle(Object(Illuminate/Http/Request), Object(Closure))
#24 C:/Users/user/MyFiles/ProgmiX/PEX-Form-main/vendor/laravel/framework/src/Illuminate/Routing/Middleware/SubstituteBindings.php(50): Illuminate/Pipeline/Pipeline->Illuminate/Pipeline/{closure}(Object(Illuminate/Http/Request))
#25 C:/Users/user/MyFiles/ProgmiX/PEX-Form-main/vendor/laravel/framework/src/Illuminate/Pipeline/Pipeline.php(219): Illuminate/Routing/Middleware/SubstituteBindings->handle(Object(Illuminate/Http/Request), Object(Closure))
#26 C:/Users/user/MyFiles/ProgmiX/PEX-Form-main/vendor/laravel/framework/src/Illuminate/Cookie/Middleware/AddQueuedCookiesToResponse.php(36): Illuminate/Pipeline/Pipeline->Illuminate/Pipeline/{closure}(Object(Illuminate/Http/Request))
#27 C:/Users/user/MyFiles/ProgmiX/PEX-Form-main/vendor/laravel/framework/src/Illuminate/Pipeline/Pipeline.php(219): Illuminate/Cookie/Middleware/AddQueuedCookiesToResponse->handle(Object(Illuminate/Http/Request), Object(Closure))
#28 C:/Users/user/MyFiles/ProgmiX/PEX-Form-main/vendor/laravel/framework/src/Illuminate/View/Middleware/ShareErrorsFromSession.php(48): Illuminate/Pipeline/Pipeline->Illuminate/Pipeline/{closure}(Object(Illuminate/Http/Request))
#29 C:/Users/user/MyFiles/ProgmiX/PEX-Form-main/modules/Backend/Http/Middleware/ShareErrorsUnlessBot.php(24): Illuminate/View/Middleware/ShareErrorsFromSession->handle(Object(Illuminate/Http/Request), Object(Closure))
#30 C:/Users/user/MyFiles/ProgmiX/PEX-Form-main/vendor/laravel/framework/src/Illuminate/Pipeline/Pipeline.php(219): Juzaweb/Backend/Http/Middleware/ShareErrorsUnlessBot->handle(Object(Illuminate/Http/Request), Object(Closure))
#31 C:/Users/user/MyFiles/ProgmiX/PEX-Form-main/vendor/laravel/framework/src/Illuminate/Session/Middleware/StartSession.php(120): Illuminate/Pipeline/Pipeline->Illuminate/Pipeline/{closure}(Object(Illuminate/Http/Request))
#32 C:/Users/user/MyFiles/ProgmiX/PEX-Form-main/vendor/laravel/framework/src/Illuminate/Session/Middleware/StartSession.php(63): Illuminate/Session/Middleware/StartSession->handleStatefulRequest(Object(Illuminate/Http/Request), Object(Illuminate/Session/Store), Object(Closure))
#33 C:/Users/user/MyFiles/ProgmiX/PEX-Form-main/modules/Backend/Http/Middleware/SkipSessionForBots.php(24): Illuminate/Session/Middleware/StartSession->handle(Object(Illuminate/Http/Request), Object(Closure))
#34 C:/Users/user/MyFiles/ProgmiX/PEX-Form-main/vendor/laravel/framework/src/Illuminate/Pipeline/Pipeline.php(219): Juzaweb/Backend/Http/Middleware/SkipSessionForBots->handle(Object(Illuminate/Http/Request), Object(Closure))
#35 C:/Users/user/MyFiles/ProgmiX/PEX-Form-main/vendor/laravel/framework/src/Illuminate/Cookie/Middleware/EncryptCookies.php(74): Illuminate/Pipeline/Pipeline->Illuminate/Pipeline/{closure}(Object(Illuminate/Http/Request))
#36 C:/Users/user/MyFiles/ProgmiX/PEX-Form-main/vendor/laravel/framework/src/Illuminate/Pipeline/Pipeline.php(219): Illuminate/Cookie/Middleware/EncryptCookies->handle(Object(Illuminate/Http/Request), Object(Closure))
#37 C:/Users/user/MyFiles/ProgmiX/PEX-Form-main/modules/CMS/Http/Middleware/GlobalMiddleware.php(11): Illuminate/Pipeline/Pipeline->Illuminate/Pipeline/{closure}(Object(Illuminate/Http/Request))
#38 C:/Users/user/MyFiles/ProgmiX/PEX-Form-main/vendor/laravel/framework/src/Illuminate/Pipeline/Pipeline.php(219): Juzaweb/CMS/Http/Middleware/GlobalMiddleware->handle(Object(Illuminate/Http/Request), Object(Closure))
#39 C:/Users/user/MyFiles/ProgmiX/PEX-Form-main/modules/Backend/Http/Middleware/DisableSessionForBots.php(30): Illuminate/Pipeline/Pipeline->Illuminate/Pipeline/{closure}(Object(Illuminate/Http/Request))
#40 C:/Users/user/MyFiles/ProgmiX/PEX-Form-main/vendor/laravel/framework/src/Illuminate/Pipeline/Pipeline.php(219): Juzaweb/Backend/Http/Middleware/DisableSessionForBots->handle(Object(Illuminate/Http/Request), Object(Closure))
#41 C:/Users/user/MyFiles/ProgmiX/PEX-Form-main/vendor/laravel/framework/src/Illuminate/Pipeline/Pipeline.php(137): Illuminate/Pipeline/Pipeline->Illuminate/Pipeline/{closure}(Object(Illuminate/Http/Request))
#42 C:/Users/user/MyFiles/ProgmiX/PEX-Form-main/vendor/laravel/framework/src/Illuminate/Routing/Router.php(821): Illuminate/Pipeline/Pipeline->then(Object(Closure))
#43 C:/Users/user/MyFiles/ProgmiX/PEX-Form-main/vendor/laravel/framework/src/Illuminate/Routing/Router.php(800): Illuminate/Routing/Router->runRouteWithinStack(Object(Illuminate/Routing/Route), Object(Illuminate/Http/Request))
#44 C:/Users/user/MyFiles/ProgmiX/PEX-Form-main/vendor/laravel/framework/src/Illuminate/Routing/Router.php(764): Illuminate/Routing/Router->runRoute(Object(Illuminate/Http/Request), Object(Illuminate/Routing/Route))
#45 C:/Users/user/MyFiles/ProgmiX/PEX-Form-main/vendor/laravel/framework/src/Illuminate/Routing/Router.php(753): Illuminate/Routing/Router->dispatchToRoute(Object(Illuminate/Http/Request))
#46 C:/Users/user/MyFiles/ProgmiX/PEX-Form-main/vendor/laravel/framework/src/Illuminate/Foundation/Http/Kernel.php(200): Illuminate/Routing/Router->dispatch(Object(Illuminate/Http/Request))
#47 C:/Users/user/MyFiles/ProgmiX/PEX-Form-main/vendor/laravel/framework/src/Illuminate/Pipeline/Pipeline.php(180): Illuminate/Foundation/Http/Kernel->Illuminate/Foundation/Http/{closure}(Object(Illuminate/Http/Request))
#48 C:/Users/user/MyFiles/ProgmiX/PEX-Form-main/vendor/barryvdh/laravel-debugbar/src/Middleware/InjectDebugbar.php(59): Illuminate/Pipeline/Pipeline->Illuminate/Pipeline/{closure}(Object(Illuminate/Http/Request))
#49 C:/Users/user/MyFiles/ProgmiX/PEX-Form-main/vendor/laravel/framework/src/Illuminate/Pipeline/Pipeline.php(219): Barryvdh/Debugbar/Middleware/InjectDebugbar->handle(Object(Illuminate/Http/Request), Object(Closure))
#50 C:/Users/user/MyFiles/ProgmiX/PEX-Form-main/modules/Backend/Http/Middleware/BlockIpMiddleware.php(31): Illuminate/Pipeline/Pipeline->Illuminate/Pipeline/{closure}(Object(Illuminate/Http/Request))
#51 C:/Users/user/MyFiles/ProgmiX/PEX-Form-main/vendor/laravel/framework/src/Illuminate/Pipeline/Pipeline.php(219): Juzaweb/Backend/Http/Middleware/BlockIpMiddleware->handle(Object(Illuminate/Http/Request), Object(Closure))
#52 C:/Users/user/MyFiles/ProgmiX/PEX-Form-main/modules/Backend/Http/Middleware/SecurityHeaders.php(25): Illuminate/Pipeline/Pipeline->Illuminate/Pipeline/{closure}(Object(Illuminate/Http/Request))
#53 C:/Users/user/MyFiles/ProgmiX/PEX-Form-main/vendor/laravel/framework/src/Illuminate/Pipeline/Pipeline.php(219): Juzaweb/Backend/Http/Middleware/SecurityHeaders->handle(Object(Illuminate/Http/Request), Object(Closure))
#54 C:/Users/user/MyFiles/ProgmiX/PEX-Form-main/vendor/laravel/framework/src/Illuminate/Foundation/Http/Middleware/TransformsRequest.php(21): Illuminate/Pipeline/Pipeline->Illuminate/Pipeline/{closure}(Object(Illuminate/Http/Request))
#55 C:/Users/user/MyFiles/ProgmiX/PEX-Form-main/vendor/laravel/framework/src/Illuminate/Foundation/Http/Middleware/ConvertEmptyStringsToNull.php(31): Illuminate/Foundation/Http/Middleware/TransformsRequest->handle(Object(Illuminate/Http/Request), Object(Closure))
#56 C:/Users/user/MyFiles/ProgmiX/PEX-Form-main/vendor/laravel/framework/src/Illuminate/Pipeline/Pipeline.php(219): Illuminate/Foundation/Http/Middleware/ConvertEmptyStringsToNull->handle(Object(Illuminate/Http/Request), Object(Closure))
#57 C:/Users/user/MyFiles/ProgmiX/PEX-Form-main/vendor/laravel/framework/src/Illuminate/Foundation/Http/Middleware/TransformsRequest.php(21): Illuminate/Pipeline/Pipeline->Illuminate/Pipeline/{closure}(Object(Illuminate/Http/Request))
#58 C:/Users/user/MyFiles/ProgmiX/PEX-Form-main/vendor/laravel/framework/src/Illuminate/Foundation/Http/Middleware/TrimStrings.php(51): Illuminate/Foundation/Http/Middleware/TransformsRequest->handle(Object(Illuminate/Http/Request), Object(Closure))
#59 C:/Users/user/MyFiles/ProgmiX/PEX-Form-main/vendor/laravel/framework/src/Illuminate/Pipeline/Pipeline.php(219): Illuminate/Foundation/Http/Middleware/TrimStrings->handle(Object(Illuminate/Http/Request), Object(Closure))
#60 C:/Users/user/MyFiles/ProgmiX/PEX-Form-main/vendor/laravel/framework/src/Illuminate/Http/Middleware/ValidatePostSize.php(27): Illuminate/Pipeline/Pipeline->Illuminate/Pipeline/{closure}(Object(Illuminate/Http/Request))
#61 C:/Users/user/MyFiles/ProgmiX/PEX-Form-main/vendor/laravel/framework/src/Illuminate/Pipeline/Pipeline.php(219): Illuminate/Http/Middleware/ValidatePostSize->handle(Object(Illuminate/Http/Request), Object(Closure))
#62 C:/Users/user/MyFiles/ProgmiX/PEX-Form-main/vendor/laravel/framework/src/Illuminate/Foundation/Http/Middleware/PreventRequestsDuringMaintenance.php(109): Illuminate/Pipeline/Pipeline->Illuminate/Pipeline/{closure}(Object(Illuminate/Http/Request))
#63 C:/Users/user/MyFiles/ProgmiX/PEX-Form-main/vendor/laravel/framework/src/Illuminate/Pipeline/Pipeline.php(219): Illuminate/Foundation/Http/Middleware/PreventRequestsDuringMaintenance->handle(Object(Illuminate/Http/Request), Object(Closure))
#64 C:/Users/user/MyFiles/ProgmiX/PEX-Form-main/vendor/laravel/framework/src/Illuminate/Http/Middleware/HandleCors.php(61): Illuminate/Pipeline/Pipeline->Illuminate/Pipeline/{closure}(Object(Illuminate/Http/Request))
#65 C:/Users/user/MyFiles/ProgmiX/PEX-Form-main/vendor/laravel/framework/src/Illuminate/Pipeline/Pipeline.php(219): Illuminate/Http/Middleware/HandleCors->handle(Object(Illuminate/Http/Request), Object(Closure))
#66 C:/Users/user/MyFiles/ProgmiX/PEX-Form-main/vendor/laravel/framework/src/Illuminate/Http/Middleware/TrustProxies.php(58): Illuminate/Pipeline/Pipeline->Illuminate/Pipeline/{closure}(Object(Illuminate/Http/Request))
#67 C:/Users/user/MyFiles/ProgmiX/PEX-Form-main/vendor/laravel/framework/src/Illuminate/Pipeline/Pipeline.php(219): Illuminate/Http/Middleware/TrustProxies->handle(Object(Illuminate/Http/Request), Object(Closure))
#68 C:/Users/user/MyFiles/ProgmiX/PEX-Form-main/vendor/laravel/framework/src/Illuminate/Pipeline/Pipeline.php(137): Illuminate/Pipeline/Pipeline->Illuminate/Pipeline/{closure}(Object(Illuminate/Http/Request))
#69 C:/Users/user/MyFiles/ProgmiX/PEX-Form-main/vendor/laravel/framework/src/Illuminate/Foundation/Http/Kernel.php(175): Illuminate/Pipeline/Pipeline->then(Object(Closure))
#70 C:/Users/user/MyFiles/ProgmiX/PEX-Form-main/vendor/laravel/framework/src/Illuminate/Foundation/Http/Kernel.php(144): Illuminate/Foundation/Http/Kernel->sendRequestThroughRouter(Object(Illuminate/Http/Request))
#71 C:/Users/user/MyFiles/ProgmiX/PEX-Form-main/public/index.php(51): Illuminate/Foundation/Http/Kernel->handle(Object(Illuminate/Http/Request))
#72 C:/Users/user/MyFiles/ProgmiX/PEX-Form-main/vendor/laravel/framework/src/Illuminate/Foundation/resources/server.php(23): require_once('C://Users//user//M...')
#73 {main}
"} 
[2026-09-15 11:58:37] local.ERROR: Undefined variable $main_slider {"userId":1,"exception":"[object] (Spatie\\LaravelIgnition\\Exceptions\\ViewException(code: 0): Undefined variable $main_slider at C:/Users/user/MyFiles/ProgmiX/PEX-Form-main/modules/Frontend/resources/views/home.blade.php:1)
[stacktrace]
#0 C:/Users/user/MyFiles/ProgmiX/PEX-Form-main/vendor/laravel/framework/src/Illuminate/Filesystem/Filesystem.php(123): require('C://Users//user//M...')
#1 C:/Users/user/MyFiles/ProgmiX/PEX-Form-main/vendor/laravel/framework/src/Illuminate/Filesystem/Filesystem.php(124): Illuminate/Filesystem/Filesystem::Illuminate/Filesystem/{closure}()
#2 C:/Users/user/MyFiles/ProgmiX/PEX-Form-main/vendor/laravel/framework/src/Illuminate/View/Engines/PhpEngine.php(57): Illuminate/Filesystem/Filesystem->getRequire('C://Users//user//M...', Array)
#3 C:/Users/user/MyFiles/ProgmiX/PEX-Form-main/vendor/laravel/framework/src/Illuminate/View/Engines/CompilerEngine.php(76): Illuminate/View/Engines/PhpEngine->evaluatePath('C://Users//user//M...', Array)
#4 C:/Users/user/MyFiles/ProgmiX/PEX-Form-main/vendor/laravel/framework/src/Illuminate/View/View.php(208): Illuminate/View/Engines/CompilerEngine->get('C://Users//user//M...', Array)
#5 C:/Users/user/MyFiles/ProgmiX/PEX-Form-main/vendor/laravel/framework/src/Illuminate/View/View.php(191): Illuminate/View/View->getContents()
#6 C:/Users/user/MyFiles/ProgmiX/PEX-Form-main/vendor/laravel/framework/src/Illuminate/View/View.php(160): Illuminate/View/View->renderContents()
#7 C:/Users/user/MyFiles/ProgmiX/PEX-Form-main/vendor/laravel/framework/src/Illuminate/Http/Response.php(78): Illuminate/View/View->render()
#8 C:/Users/user/MyFiles/ProgmiX/PEX-Form-main/vendor/laravel/framework/src/Illuminate/Http/Response.php(34): Illuminate/Http/Response->setContent(Object(Illuminate/View/View))
#9 C:/Users/user/MyFiles/ProgmiX/PEX-Form-main/vendor/laravel/framework/src/Illuminate/Routing/Router.php(939): Illuminate/Http/Response->__construct(Object(Illuminate/View/View), 200, Array)
#10 C:/Users/user/MyFiles/ProgmiX/PEX-Form-main/vendor/laravel/framework/src/Illuminate/Routing/Router.php(906): Illuminate/Routing/Router::toResponse(Object(Illuminate/Http/Request), Object(Illuminate/View/View))
#11 C:/Users/user/MyFiles/ProgmiX/PEX-Form-main/vendor/laravel/framework/src/Illuminate/Routing/Router.php(821): Illuminate/Routing/Router->prepareResponse(Object(Illuminate/Http/Request), Object(Illuminate/View/View))
#12 C:/Users/user/MyFiles/ProgmiX/PEX-Form-main/vendor/laravel/framework/src/Illuminate/Pipeline/Pipeline.php(180): Illuminate/Routing/Router->Illuminate/Routing/{closure}(Object(Illuminate/Http/Request))
#13 C:/Users/user/MyFiles/ProgmiX/PEX-Form-main/modules/Frontend/Http/Middleware/Locale.php(49): Illuminate/Pipeline/Pipeline->Illuminate/Pipeline/{closure}(Object(Illuminate/Http/Request))
#14 C:/Users/user/MyFiles/ProgmiX/PEX-Form-main/vendor/laravel/framework/src/Illuminate/Pipeline/Pipeline.php(219): Juzaweb/Frontend/Http/Middleware/Locale->handle(Object(Illuminate/Http/Request), Object(Closure))
#15 C:/Users/user/MyFiles/ProgmiX/PEX-Form-main/modules/Backend/Http/Middleware/SecurityHeaders.php(25): Illuminate/Pipeline/Pipeline->Illuminate/Pipeline/{closure}(Object(Illuminate/Http/Request))
#16 C:/Users/user/MyFiles/ProgmiX/PEX-Form-main/vendor/laravel/framework/src/Illuminate/Pipeline/Pipeline.php(219): Juzaweb/Backend/Http/Middleware/SecurityHeaders->handle(Object(Illuminate/Http/Request), Object(Closure))
#17 C:/Users/user/MyFiles/ProgmiX/PEX-Form-main/vendor/laravel/framework/src/Illuminate/Routing/Middleware/ThrottleRequests.php(166): Illuminate/Pipeline/Pipeline->Illuminate/Pipeline/{closure}(Object(Illuminate/Http/Request))
#18 C:/Users/user/MyFiles/ProgmiX/PEX-Form-main/vendor/laravel/framework/src/Illuminate/Routing/Middleware/ThrottleRequests.php(93): Illuminate/Routing/Middleware/ThrottleRequests->handleRequest(Object(Illuminate/Http/Request), Object(Closure), Array)
#19 C:/Users/user/MyFiles/ProgmiX/PEX-Form-main/vendor/laravel/framework/src/Illuminate/Pipeline/Pipeline.php(219): Illuminate/Routing/Middleware/ThrottleRequests->handle(Object(Illuminate/Http/Request), Object(Closure))
#20 C:/Users/user/MyFiles/ProgmiX/PEX-Form-main/modules/Backend/Http/Middleware/PathTraversal.php(57): Illuminate/Pipeline/Pipeline->Illuminate/Pipeline/{closure}(Object(Illuminate/Http/Request))
#21 C:/Users/user/MyFiles/ProgmiX/PEX-Form-main/vendor/laravel/framework/src/Illuminate/Pipeline/Pipeline.php(219): Juzaweb/Backend/Http/Middleware/PathTraversal->handle(Object(Illuminate/Http/Request), Object(Closure))
#22 C:/Users/user/MyFiles/ProgmiX/PEX-Form-main/modules/Backend/Http/Middleware/XssSanitization.php(44): Illuminate/Pipeline/Pipeline->Illuminate/Pipeline/{closure}(Object(Illuminate/Http/Request))
#23 C:/Users/user/MyFiles/ProgmiX/PEX-Form-main/vendor/laravel/framework/src/Illuminate/Pipeline/Pipeline.php(219): Juzaweb/Backend/Http/Middleware/XssSanitization->handle(Object(Illuminate/Http/Request), Object(Closure))
#24 C:/Users/user/MyFiles/ProgmiX/PEX-Form-main/vendor/spatie/laravel-csp/src/AddCspHeaders.php(13): Illuminate/Pipeline/Pipeline->Illuminate/Pipeline/{closure}(Object(Illuminate/Http/Request))
#25 C:/Users/user/MyFiles/ProgmiX/PEX-Form-main/vendor/laravel/framework/src/Illuminate/Pipeline/Pipeline.php(219): Spatie/Csp/AddCspHeaders->handle(Object(Illuminate/Http/Request), Object(Closure))
#26 C:/Users/user/MyFiles/ProgmiX/PEX-Form-main/vendor/barryvdh/laravel-debugbar/src/Middleware/InjectDebugbar.php(59): Illuminate/Pipeline/Pipeline->Illuminate/Pipeline/{closure}(Object(Illuminate/Http/Request))
#27 C:/Users/user/MyFiles/ProgmiX/PEX-Form-main/vendor/laravel/framework/src/Illuminate/Pipeline/Pipeline.php(219): Barryvdh/Debugbar/Middleware/InjectDebugbar->handle(Object(Illuminate/Http/Request), Object(Closure))
#28 C:/Users/user/MyFiles/ProgmiX/PEX-Form-main/modules/CMS/Http/Middleware/XFrameHeadersMiddleware.php(41): Illuminate/Pipeline/Pipeline->Illuminate/Pipeline/{closure}(Object(Illuminate/Http/Request))
#29 C:/Users/user/MyFiles/ProgmiX/PEX-Form-main/vendor/laravel/framework/src/Illuminate/Pipeline/Pipeline.php(219): Juzaweb/CMS/Http/Middleware/XFrameHeadersMiddleware->handle(Object(Illuminate/Http/Request), Object(Closure))
#30 C:/Users/user/MyFiles/ProgmiX/PEX-Form-main/vendor/laravel/framework/src/Illuminate/Routing/Middleware/SubstituteBindings.php(50): Illuminate/Pipeline/Pipeline->Illuminate/Pipeline/{closure}(Object(Illuminate/Http/Request))
#31 C:/Users/user/MyFiles/ProgmiX/PEX-Form-main/vendor/laravel/framework/src/Illuminate/Pipeline/Pipeline.php(219): Illuminate/Routing/Middleware/SubstituteBindings->handle(Object(Illuminate/Http/Request), Object(Closure))
#32 C:/Users/user/MyFiles/ProgmiX/PEX-Form-main/vendor/laravel/framework/src/Illuminate/Cookie/Middleware/AddQueuedCookiesToResponse.php(36): Illuminate/Pipeline/Pipeline->Illuminate/Pipeline/{closure}(Object(Illuminate/Http/Request))
#33 C:/Users/user/MyFiles/ProgmiX/PEX-Form-main/vendor/laravel/framework/src/Illuminate/Pipeline/Pipeline.php(219): Illuminate/Cookie/Middleware/AddQueuedCookiesToResponse->handle(Object(Illuminate/Http/Request), Object(Closure))
#34 C:/Users/user/MyFiles/ProgmiX/PEX-Form-main/vendor/laravel/framework/src/Illuminate/View/Middleware/ShareErrorsFromSession.php(48): Illuminate/Pipeline/Pipeline->Illuminate/Pipeline/{closure}(Object(Illuminate/Http/Request))
#35 C:/Users/user/MyFiles/ProgmiX/PEX-Form-main/modules/Backend/Http/Middleware/ShareErrorsUnlessBot.php(24): Illuminate/View/Middleware/ShareErrorsFromSession->handle(Object(Illuminate/Http/Request), Object(Closure))
#36 C:/Users/user/MyFiles/ProgmiX/PEX-Form-main/vendor/laravel/framework/src/Illuminate/Pipeline/Pipeline.php(219): Juzaweb/Backend/Http/Middleware/ShareErrorsUnlessBot->handle(Object(Illuminate/Http/Request), Object(Closure))
#37 C:/Users/user/MyFiles/ProgmiX/PEX-Form-main/vendor/laravel/framework/src/Illuminate/Session/Middleware/StartSession.php(120): Illuminate/Pipeline/Pipeline->Illuminate/Pipeline/{closure}(Object(Illuminate/Http/Request))
#38 C:/Users/user/MyFiles/ProgmiX/PEX-Form-main/vendor/laravel/framework/src/Illuminate/Session/Middleware/StartSession.php(63): Illuminate/Session/Middleware/StartSession->handleStatefulRequest(Object(Illuminate/Http/Request), Object(Illuminate/Session/Store), Object(Closure))
#39 C:/Users/user/MyFiles/ProgmiX/PEX-Form-main/modules/Backend/Http/Middleware/SkipSessionForBots.php(24): Illuminate/Session/Middleware/StartSession->handle(Object(Illuminate/Http/Request), Object(Closure))
#40 C:/Users/user/MyFiles/ProgmiX/PEX-Form-main/vendor/laravel/framework/src/Illuminate/Pipeline/Pipeline.php(219): Juzaweb/Backend/Http/Middleware/SkipSessionForBots->handle(Object(Illuminate/Http/Request), Object(Closure))
#41 C:/Users/user/MyFiles/ProgmiX/PEX-Form-main/vendor/laravel/framework/src/Illuminate/Cookie/Middleware/EncryptCookies.php(74): Illuminate/Pipeline/Pipeline->Illuminate/Pipeline/{closure}(Object(Illuminate/Http/Request))
#42 C:/Users/user/MyFiles/ProgmiX/PEX-Form-main/vendor/laravel/framework/src/Illuminate/Pipeline/Pipeline.php(219): Illuminate/Cookie/Middleware/EncryptCookies->handle(Object(Illuminate/Http/Request), Object(Closure))
#43 C:/Users/user/MyFiles/ProgmiX/PEX-Form-main/modules/CMS/Http/Middleware/GlobalMiddleware.php(11): Illuminate/Pipeline/Pipeline->Illuminate/Pipeline/{closure}(Object(Illuminate/Http/Request))
#44 C:/Users/user/MyFiles/ProgmiX/PEX-Form-main/vendor/laravel/framework/src/Illuminate/Pipeline/Pipeline.php(219): Juzaweb/CMS/Http/Middleware/GlobalMiddleware->handle(Object(Illuminate/Http/Request), Object(Closure))
#45 C:/Users/user/MyFiles/ProgmiX/PEX-Form-main/modules/Backend/Http/Middleware/DisableSessionForBots.php(30): Illuminate/Pipeline/Pipeline->Illuminate/Pipeline/{closure}(Object(Illuminate/Http/Request))
#46 C:/Users/user/MyFiles/ProgmiX/PEX-Form-main/vendor/laravel/framework/src/Illuminate/Pipeline/Pipeline.php(219): Juzaweb/Backend/Http/Middleware/DisableSessionForBots->handle(Object(Illuminate/Http/Request), Object(Closure))
#47 C:/Users/user/MyFiles/ProgmiX/PEX-Form-main/vendor/laravel/framework/src/Illuminate/Pipeline/Pipeline.php(137): Illuminate/Pipeline/Pipeline->Illuminate/Pipeline/{closure}(Object(Illuminate/Http/Request))
#48 C:/Users/user/MyFiles/ProgmiX/PEX-Form-main/vendor/laravel/framework/src/Illuminate/Routing/Router.php(821): Illuminate/Pipeline/Pipeline->then(Object(Closure))
#49 C:/Users/user/MyFiles/ProgmiX/PEX-Form-main/vendor/laravel/framework/src/Illuminate/Routing/Router.php(800): Illuminate/Routing/Router->runRouteWithinStack(Object(Illuminate/Routing/Route), Object(Illuminate/Http/Request))
#50 C:/Users/user/MyFiles/ProgmiX/PEX-Form-main/vendor/laravel/framework/src/Illuminate/Routing/Router.php(764): Illuminate/Routing/Router->runRoute(Object(Illuminate/Http/Request), Object(Illuminate/Routing/Route))
#51 C:/Users/user/MyFiles/ProgmiX/PEX-Form-main/vendor/laravel/framework/src/Illuminate/Routing/Router.php(753): Illuminate/Routing/Router->dispatchToRoute(Object(Illuminate/Http/Request))
#52 C:/Users/user/MyFiles/ProgmiX/PEX-Form-main/vendor/laravel/framework/src/Illuminate/Foundation/Http/Kernel.php(200): Illuminate/Routing/Router->dispatch(Object(Illuminate/Http/Request))
#53 C:/Users/user/MyFiles/ProgmiX/PEX-Form-main/vendor/laravel/framework/src/Illuminate/Pipeline/Pipeline.php(180): Illuminate/Foundation/Http/Kernel->Illuminate/Foundation/Http/{closure}(Object(Illuminate/Http/Request))
#54 C:/Users/user/MyFiles/ProgmiX/PEX-Form-main/vendor/barryvdh/laravel-debugbar/src/Middleware/InjectDebugbar.php(59): Illuminate/Pipeline/Pipeline->Illuminate/Pipeline/{closure}(Object(Illuminate/Http/Request))
#55 C:/Users/user/MyFiles/ProgmiX/PEX-Form-main/vendor/laravel/framework/src/Illuminate/Pipeline/Pipeline.php(219): Barryvdh/Debugbar/Middleware/InjectDebugbar->handle(Object(Illuminate/Http/Request), Object(Closure))
#56 C:/Users/user/MyFiles/ProgmiX/PEX-Form-main/modules/Backend/Http/Middleware/BlockIpMiddleware.php(31): Illuminate/Pipeline/Pipeline->Illuminate/Pipeline/{closure}(Object(Illuminate/Http/Request))
#57 C:/Users/user/MyFiles/ProgmiX/PEX-Form-main/vendor/laravel/framework/src/Illuminate/Pipeline/Pipeline.php(219): Juzaweb/Backend/Http/Middleware/BlockIpMiddleware->handle(Object(Illuminate/Http/Request), Object(Closure))
#58 C:/Users/user/MyFiles/ProgmiX/PEX-Form-main/modules/Backend/Http/Middleware/SecurityHeaders.php(25): Illuminate/Pipeline/Pipeline->Illuminate/Pipeline/{closure}(Object(Illuminate/Http/Request))
#59 C:/Users/user/MyFiles/ProgmiX/PEX-Form-main/vendor/laravel/framework/src/Illuminate/Pipeline/Pipeline.php(219): Juzaweb/Backend/Http/Middleware/SecurityHeaders->handle(Object(Illuminate/Http/Request), Object(Closure))
#60 C:/Users/user/MyFiles/ProgmiX/PEX-Form-main/vendor/laravel/framework/src/Illuminate/Foundation/Http/Middleware/TransformsRequest.php(21): Illuminate/Pipeline/Pipeline->Illuminate/Pipeline/{closure}(Object(Illuminate/Http/Request))
#61 C:/Users/user/MyFiles/ProgmiX/PEX-Form-main/vendor/laravel/framework/src/Illuminate/Foundation/Http/Middleware/ConvertEmptyStringsToNull.php(31): Illuminate/Foundation/Http/Middleware/TransformsRequest->handle(Object(Illuminate/Http/Request), Object(Closure))
#62 C:/Users/user/MyFiles/ProgmiX/PEX-Form-main/vendor/laravel/framework/src/Illuminate/Pipeline/Pipeline.php(219): Illuminate/Foundation/Http/Middleware/ConvertEmptyStringsToNull->handle(Object(Illuminate/Http/Request), Object(Closure))
#63 C:/Users/user/MyFiles/ProgmiX/PEX-Form-main/vendor/laravel/framework/src/Illuminate/Foundation/Http/Middleware/TransformsRequest.php(21): Illuminate/Pipeline/Pipeline->Illuminate/Pipeline/{closure}(Object(Illuminate/Http/Request))
#64 C:/Users/user/MyFiles/ProgmiX/PEX-Form-main/vendor/laravel/framework/src/Illuminate/Foundation/Http/Middleware/TrimStrings.php(51): Illuminate/Foundation/Http/Middleware/TransformsRequest->handle(Object(Illuminate/Http/Request), Object(Closure))
#65 C:/Users/user/MyFiles/ProgmiX/PEX-Form-main/vendor/laravel/framework/src/Illuminate/Pipeline/Pipeline.php(219): Illuminate/Foundation/Http/Middleware/TrimStrings->handle(Object(Illuminate/Http/Request), Object(Closure))
#66 C:/Users/user/MyFiles/ProgmiX/PEX-Form-main/vendor/laravel/framework/src/Illuminate/Http/Middleware/ValidatePostSize.php(27): Illuminate/Pipeline/Pipeline->Illuminate/Pipeline/{closure}(Object(Illuminate/Http/Request))
#67 C:/Users/user/MyFiles/ProgmiX/PEX-Form-main/vendor/laravel/framework/src/Illuminate/Pipeline/Pipeline.php(219): Illuminate/Http/Middleware/ValidatePostSize->handle(Object(Illuminate/Http/Request), Object(Closure))
#68 C:/Users/user/MyFiles/ProgmiX/PEX-Form-main/vendor/laravel/framework/src/Illuminate/Foundation/Http/Middleware/PreventRequestsDuringMaintenance.php(109): Illuminate/Pipeline/Pipeline->Illuminate/Pipeline/{closure}(Object(Illuminate/Http/Request))
#69 C:/Users/user/MyFiles/ProgmiX/PEX-Form-main/vendor/laravel/framework/src/Illuminate/Pipeline/Pipeline.php(219): Illuminate/Foundation/Http/Middleware/PreventRequestsDuringMaintenance->handle(Object(Illuminate/Http/Request), Object(Closure))
#70 C:/Users/user/MyFiles/ProgmiX/PEX-Form-main/vendor/laravel/framework/src/Illuminate/Http/Middleware/HandleCors.php(61): Illuminate/Pipeline/Pipeline->Illuminate/Pipeline/{closure}(Object(Illuminate/Http/Request))
#71 C:/Users/user/MyFiles/ProgmiX/PEX-Form-main/vendor/laravel/framework/src/Illuminate/Pipeline/Pipeline.php(219): Illuminate/Http/Middleware/HandleCors->handle(Object(Illuminate/Http/Request), Object(Closure))
#72 C:/Users/user/MyFiles/ProgmiX/PEX-Form-main/vendor/laravel/framework/src/Illuminate/Http/Middleware/TrustProxies.php(58): Illuminate/Pipeline/Pipeline->Illuminate/Pipeline/{closure}(Object(Illuminate/Http/Request))
#73 C:/Users/user/MyFiles/ProgmiX/PEX-Form-main/vendor/laravel/framework/src/Illuminate/Pipeline/Pipeline.php(219): Illuminate/Http/Middleware/TrustProxies->handle(Object(Illuminate/Http/Request), Object(Closure))
#74 C:/Users/user/MyFiles/ProgmiX/PEX-Form-main/vendor/laravel/framework/src/Illuminate/Pipeline/Pipeline.php(137): Illuminate/Pipeline/Pipeline->Illuminate/Pipeline/{closure}(Object(Illuminate/Http/Request))
#75 C:/Users/user/MyFiles/ProgmiX/PEX-Form-main/vendor/laravel/framework/src/Illuminate/Foundation/Http/Kernel.php(175): Illuminate/Pipeline/Pipeline->then(Object(Closure))
#76 C:/Users/user/MyFiles/ProgmiX/PEX-Form-main/vendor/laravel/framework/src/Illuminate/Foundation/Http/Kernel.php(144): Illuminate/Foundation/Http/Kernel->sendRequestThroughRouter(Object(Illuminate/Http/Request))
#77 C:/Users/user/MyFiles/ProgmiX/PEX-Form-main/public/index.php(51): Illuminate/Foundation/Http/Kernel->handle(Object(Illuminate/Http/Request))
#78 C:/Users/user/MyFiles/ProgmiX/PEX-Form-main/vendor/laravel/framework/src/Illuminate/Foundation/resources/server.php(23): require_once('C://Users//user//M...')
#79 {main}

[previous exception] [object] (ErrorException(code: 0): Undefined variable $main_slider at C:/Users/user/MyFiles/ProgmiX/PEX-Form-main/storage/framework/views/078e945ecbf82d678121cbf4f8650dce.php:1)
[stacktrace]
#0 C:/Users/user/MyFiles/ProgmiX/PEX-Form-main/vendor/laravel/framework/src/Illuminate/Foundation/Bootstrap/HandleExceptions.php(262): Illuminate/Foundation/Bootstrap/HandleExceptions->handleError(2, 'Undefined varia...', 'C://Users//user//M...', 1)
#1 C:/Users/user/MyFiles/ProgmiX/PEX-Form-main/storage/framework/views/078e945ecbf82d678121cbf4f8650dce.php(1): Illuminate/Foundation/Bootstrap/HandleExceptions->Illuminate/Foundation/Bootstrap/{closure}(2, 'Undefined varia...', 'C://Users//user//M...', 1)
#2 C:/Users/user/MyFiles/ProgmiX/PEX-Form-main/vendor/laravel/framework/src/Illuminate/Filesystem/Filesystem.php(123): require('C://Users//user//M...')
#3 C:/Users/user/MyFiles/ProgmiX/PEX-Form-main/vendor/laravel/framework/src/Illuminate/Filesystem/Filesystem.php(124): Illuminate/Filesystem/Filesystem::Illuminate/Filesystem/{closure}()
#4 C:/Users/user/MyFiles/ProgmiX/PEX-Form-main/vendor/laravel/framework/src/Illuminate/View/Engines/PhpEngine.php(57): Illuminate/Filesystem/Filesystem->getRequire('C://Users//user//M...', Array)
#5 C:/Users/user/MyFiles/ProgmiX/PEX-Form-main/vendor/laravel/framework/src/Illuminate/View/Engines/CompilerEngine.php(76): Illuminate/View/Engines/PhpEngine->evaluatePath('C://Users//user//M...', Array)
#6 C:/Users/user/MyFiles/ProgmiX/PEX-Form-main/vendor/laravel/framework/src/Illuminate/View/View.php(208): Illuminate/View/Engines/CompilerEngine->get('C://Users//user//M...', Array)
#7 C:/Users/user/MyFiles/ProgmiX/PEX-Form-main/vendor/laravel/framework/src/Illuminate/View/View.php(191): Illuminate/View/View->getContents()
#8 C:/Users/user/MyFiles/ProgmiX/PEX-Form-main/vendor/laravel/framework/src/Illuminate/View/View.php(160): Illuminate/View/View->renderContents()
#9 C:/Users/user/MyFiles/ProgmiX/PEX-Form-main/vendor/laravel/framework/src/Illuminate/Http/Response.php(78): Illuminate/View/View->render()
#10 C:/Users/user/MyFiles/ProgmiX/PEX-Form-main/vendor/laravel/framework/src/Illuminate/Http/Response.php(34): Illuminate/Http/Response->setContent(Object(Illuminate/View/View))
#11 C:/Users/user/MyFiles/ProgmiX/PEX-Form-main/vendor/laravel/framework/src/Illuminate/Routing/Router.php(939): Illuminate/Http/Response->__construct(Object(Illuminate/View/View), 200, Array)
#12 C:/Users/user/MyFiles/ProgmiX/PEX-Form-main/vendor/laravel/framework/src/Illuminate/Routing/Router.php(906): Illuminate/Routing/Router::toResponse(Object(Illuminate/Http/Request), Object(Illuminate/View/View))
#13 C:/Users/user/MyFiles/ProgmiX/PEX-Form-main/vendor/laravel/framework/src/Illuminate/Routing/Router.php(821): Illuminate/Routing/Router->prepareResponse(Object(Illuminate/Http/Request), Object(Illuminate/View/View))
#14 C:/Users/user/MyFiles/ProgmiX/PEX-Form-main/vendor/laravel/framework/src/Illuminate/Pipeline/Pipeline.php(180): Illuminate/Routing/Router->Illuminate/Routing/{closure}(Object(Illuminate/Http/Request))
#15 C:/Users/user/MyFiles/ProgmiX/PEX-Form-main/modules/Frontend/Http/Middleware/Locale.php(49): Illuminate/Pipeline/Pipeline->Illuminate/Pipeline/{closure}(Object(Illuminate/Http/Request))
#16 C:/Users/user/MyFiles/ProgmiX/PEX-Form-main/vendor/laravel/framework/src/Illuminate/Pipeline/Pipeline.php(219): Juzaweb/Frontend/Http/Middleware/Locale->handle(Object(Illuminate/Http/Request), Object(Closure))
#17 C:/Users/user/MyFiles/ProgmiX/PEX-Form-main/modules/Backend/Http/Middleware/SecurityHeaders.php(25): Illuminate/Pipeline/Pipeline->Illuminate/Pipeline/{closure}(Object(Illuminate/Http/Request))
#18 C:/Users/user/MyFiles/ProgmiX/PEX-Form-main/vendor/laravel/framework/src/Illuminate/Pipeline/Pipeline.php(219): Juzaweb/Backend/Http/Middleware/SecurityHeaders->handle(Object(Illuminate/Http/Request), Object(Closure))
#19 C:/Users/user/MyFiles/ProgmiX/PEX-Form-main/vendor/laravel/framework/src/Illuminate/Routing/Middleware/ThrottleRequests.php(166): Illuminate/Pipeline/Pipeline->Illuminate/Pipeline/{closure}(Object(Illuminate/Http/Request))
#20 C:/Users/user/MyFiles/ProgmiX/PEX-Form-main/vendor/laravel/framework/src/Illuminate/Routing/Middleware/ThrottleRequests.php(93): Illuminate/Routing/Middleware/ThrottleRequests->handleRequest(Object(Illuminate/Http/Request), Object(Closure), Array)
#21 C:/Users/user/MyFiles/ProgmiX/PEX-Form-main/vendor/laravel/framework/src/Illuminate/Pipeline/Pipeline.php(219): Illuminate/Routing/Middleware/ThrottleRequests->handle(Object(Illuminate/Http/Request), Object(Closure))
#22 C:/Users/user/MyFiles/ProgmiX/PEX-Form-main/modules/Backend/Http/Middleware/PathTraversal.php(57): Illuminate/Pipeline/Pipeline->Illuminate/Pipeline/{closure}(Object(Illuminate/Http/Request))
#23 C:/Users/user/MyFiles/ProgmiX/PEX-Form-main/vendor/laravel/framework/src/Illuminate/Pipeline/Pipeline.php(219): Juzaweb/Backend/Http/Middleware/PathTraversal->handle(Object(Illuminate/Http/Request), Object(Closure))
#24 C:/Users/user/MyFiles/ProgmiX/PEX-Form-main/modules/Backend/Http/Middleware/XssSanitization.php(44): Illuminate/Pipeline/Pipeline->Illuminate/Pipeline/{closure}(Object(Illuminate/Http/Request))
#25 C:/Users/user/MyFiles/ProgmiX/PEX-Form-main/vendor/laravel/framework/src/Illuminate/Pipeline/Pipeline.php(219): Juzaweb/Backend/Http/Middleware/XssSanitization->handle(Object(Illuminate/Http/Request), Object(Closure))
#26 C:/Users/user/MyFiles/ProgmiX/PEX-Form-main/vendor/spatie/laravel-csp/src/AddCspHeaders.php(13): Illuminate/Pipeline/Pipeline->Illuminate/Pipeline/{closure}(Object(Illuminate/Http/Request))
#27 C:/Users/user/MyFiles/ProgmiX/PEX-Form-main/vendor/laravel/framework/src/Illuminate/Pipeline/Pipeline.php(219): Spatie/Csp/AddCspHeaders->handle(Object(Illuminate/Http/Request), Object(Closure))
#28 C:/Users/user/MyFiles/ProgmiX/PEX-Form-main/vendor/barryvdh/laravel-debugbar/src/Middleware/InjectDebugbar.php(59): Illuminate/Pipeline/Pipeline->Illuminate/Pipeline/{closure}(Object(Illuminate/Http/Request))
#29 C:/Users/user/MyFiles/ProgmiX/PEX-Form-main/vendor/laravel/framework/src/Illuminate/Pipeline/Pipeline.php(219): Barryvdh/Debugbar/Middleware/InjectDebugbar->handle(Object(Illuminate/Http/Request), Object(Closure))
#30 C:/Users/user/MyFiles/ProgmiX/PEX-Form-main/modules/CMS/Http/Middleware/XFrameHeadersMiddleware.php(41): Illuminate/Pipeline/Pipeline->Illuminate/Pipeline/{closure}(Object(Illuminate/Http/Request))
#31 C:/Users/user/MyFiles/ProgmiX/PEX-Form-main/vendor/laravel/framework/src/Illuminate/Pipeline/Pipeline.php(219): Juzaweb/CMS/Http/Middleware/XFrameHeadersMiddleware->handle(Object(Illuminate/Http/Request), Object(Closure))
#32 C:/Users/user/MyFiles/ProgmiX/PEX-Form-main/vendor/laravel/framework/src/Illuminate/Routing/Middleware/SubstituteBindings.php(50): Illuminate/Pipeline/Pipeline->Illuminate/Pipeline/{closure}(Object(Illuminate/Http/Request))
#33 C:/Users/user/MyFiles/ProgmiX/PEX-Form-main/vendor/laravel/framework/src/Illuminate/Pipeline/Pipeline.php(219): Illuminate/Routing/Middleware/SubstituteBindings->handle(Object(Illuminate/Http/Request), Object(Closure))
#34 C:/Users/user/MyFiles/ProgmiX/PEX-Form-main/vendor/laravel/framework/src/Illuminate/Cookie/Middleware/AddQueuedCookiesToResponse.php(36): Illuminate/Pipeline/Pipeline->Illuminate/Pipeline/{closure}(Object(Illuminate/Http/Request))
#35 C:/Users/user/MyFiles/ProgmiX/PEX-Form-main/vendor/laravel/framework/src/Illuminate/Pipeline/Pipeline.php(219): Illuminate/Cookie/Middleware/AddQueuedCookiesToResponse->handle(Object(Illuminate/Http/Request), Object(Closure))
#36 C:/Users/user/MyFiles/ProgmiX/PEX-Form-main/vendor/laravel/framework/src/Illuminate/View/Middleware/ShareErrorsFromSession.php(48): Illuminate/Pipeline/Pipeline->Illuminate/Pipeline/{closure}(Object(Illuminate/Http/Request))
#37 C:/Users/user/MyFiles/ProgmiX/PEX-Form-main/modules/Backend/Http/Middleware/ShareErrorsUnlessBot.php(24): Illuminate/View/Middleware/ShareErrorsFromSession->handle(Object(Illuminate/Http/Request), Object(Closure))
#38 C:/Users/user/MyFiles/ProgmiX/PEX-Form-main/vendor/laravel/framework/src/Illuminate/Pipeline/Pipeline.php(219): Juzaweb/Backend/Http/Middleware/ShareErrorsUnlessBot->handle(Object(Illuminate/Http/Request), Object(Closure))
#39 C:/Users/user/MyFiles/ProgmiX/PEX-Form-main/vendor/laravel/framework/src/Illuminate/Session/Middleware/StartSession.php(120): Illuminate/Pipeline/Pipeline->Illuminate/Pipeline/{closure}(Object(Illuminate/Http/Request))
#40 C:/Users/user/MyFiles/ProgmiX/PEX-Form-main/vendor/laravel/framework/src/Illuminate/Session/Middleware/StartSession.php(63): Illuminate/Session/Middleware/StartSession->handleStatefulRequest(Object(Illuminate/Http/Request), Object(Illuminate/Session/Store), Object(Closure))
#41 C:/Users/user/MyFiles/ProgmiX/PEX-Form-main/modules/Backend/Http/Middleware/SkipSessionForBots.php(24): Illuminate/Session/Middleware/StartSession->handle(Object(Illuminate/Http/Request), Object(Closure))
#42 C:/Users/user/MyFiles/ProgmiX/PEX-Form-main/vendor/laravel/framework/src/Illuminate/Pipeline/Pipeline.php(219): Juzaweb/Backend/Http/Middleware/SkipSessionForBots->handle(Object(Illuminate/Http/Request), Object(Closure))
#43 C:/Users/user/MyFiles/ProgmiX/PEX-Form-main/vendor/laravel/framework/src/Illuminate/Cookie/Middleware/EncryptCookies.php(74): Illuminate/Pipeline/Pipeline->Illuminate/Pipeline/{closure}(Object(Illuminate/Http/Request))
#44 C:/Users/user/MyFiles/ProgmiX/PEX-Form-main/vendor/laravel/framework/src/Illuminate/Pipeline/Pipeline.php(219): Illuminate/Cookie/Middleware/EncryptCookies->handle(Object(Illuminate/Http/Request), Object(Closure))
#45 C:/Users/user/MyFiles/ProgmiX/PEX-Form-main/modules/CMS/Http/Middleware/GlobalMiddleware.php(11): Illuminate/Pipeline/Pipeline->Illuminate/Pipeline/{closure}(Object(Illuminate/Http/Request))
#46 C:/Users/user/MyFiles/ProgmiX/PEX-Form-main/vendor/laravel/framework/src/Illuminate/Pipeline/Pipeline.php(219): Juzaweb/CMS/Http/Middleware/GlobalMiddleware->handle(Object(Illuminate/Http/Request), Object(Closure))
#47 C:/Users/user/MyFiles/ProgmiX/PEX-Form-main/modules/Backend/Http/Middleware/DisableSessionForBots.php(30): Illuminate/Pipeline/Pipeline->Illuminate/Pipeline/{closure}(Object(Illuminate/Http/Request))
#48 C:/Users/user/MyFiles/ProgmiX/PEX-Form-main/vendor/laravel/framework/src/Illuminate/Pipeline/Pipeline.php(219): Juzaweb/Backend/Http/Middleware/DisableSessionForBots->handle(Object(Illuminate/Http/Request), Object(Closure))
#49 C:/Users/user/MyFiles/ProgmiX/PEX-Form-main/vendor/laravel/framework/src/Illuminate/Pipeline/Pipeline.php(137): Illuminate/Pipeline/Pipeline->Illuminate/Pipeline/{closure}(Object(Illuminate/Http/Request))
#50 C:/Users/user/MyFiles/ProgmiX/PEX-Form-main/vendor/laravel/framework/src/Illuminate/Routing/Router.php(821): Illuminate/Pipeline/Pipeline->then(Object(Closure))
#51 C:/Users/user/MyFiles/ProgmiX/PEX-Form-main/vendor/laravel/framework/src/Illuminate/Routing/Router.php(800): Illuminate/Routing/Router->runRouteWithinStack(Object(Illuminate/Routing/Route), Object(Illuminate/Http/Request))
#52 C:/Users/user/MyFiles/ProgmiX/PEX-Form-main/vendor/laravel/framework/src/Illuminate/Routing/Router.php(764): Illuminate/Routing/Router->runRoute(Object(Illuminate/Http/Request), Object(Illuminate/Routing/Route))
#53 C:/Users/user/MyFiles/ProgmiX/PEX-Form-main/vendor/laravel/framework/src/Illuminate/Routing/Router.php(753): Illuminate/Routing/Router->dispatchToRoute(Object(Illuminate/Http/Request))
#54 C:/Users/user/MyFiles/ProgmiX/PEX-Form-main/vendor/laravel/framework/src/Illuminate/Foundation/Http/Kernel.php(200): Illuminate/Routing/Router->dispatch(Object(Illuminate/Http/Request))
#55 C:/Users/user/MyFiles/ProgmiX/PEX-Form-main/vendor/laravel/framework/src/Illuminate/Pipeline/Pipeline.php(180): Illuminate/Foundation/Http/Kernel->Illuminate/Foundation/Http/{closure}(Object(Illuminate/Http/Request))
#56 C:/Users/user/MyFiles/ProgmiX/PEX-Form-main/vendor/barryvdh/laravel-debugbar/src/Middleware/InjectDebugbar.php(59): Illuminate/Pipeline/Pipeline->Illuminate/Pipeline/{closure}(Object(Illuminate/Http/Request))
#57 C:/Users/user/MyFiles/ProgmiX/PEX-Form-main/vendor/laravel/framework/src/Illuminate/Pipeline/Pipeline.php(219): Barryvdh/Debugbar/Middleware/InjectDebugbar->handle(Object(Illuminate/Http/Request), Object(Closure))
#58 C:/Users/user/MyFiles/ProgmiX/PEX-Form-main/modules/Backend/Http/Middleware/BlockIpMiddleware.php(31): Illuminate/Pipeline/Pipeline->Illuminate/Pipeline/{closure}(Object(Illuminate/Http/Request))
#59 C:/Users/user/MyFiles/ProgmiX/PEX-Form-main/vendor/laravel/framework/src/Illuminate/Pipeline/Pipeline.php(219): Juzaweb/Backend/Http/Middleware/BlockIpMiddleware->handle(Object(Illuminate/Http/Request), Object(Closure))
#60 C:/Users/user/MyFiles/ProgmiX/PEX-Form-main/modules/Backend/Http/Middleware/SecurityHeaders.php(25): Illuminate/Pipeline/Pipeline->Illuminate/Pipeline/{closure}(Object(Illuminate/Http/Request))
#61 C:/Users/user/MyFiles/ProgmiX/PEX-Form-main/vendor/laravel/framework/src/Illuminate/Pipeline/Pipeline.php(219): Juzaweb/Backend/Http/Middleware/SecurityHeaders->handle(Object(Illuminate/Http/Request), Object(Closure))
#62 C:/Users/user/MyFiles/ProgmiX/PEX-Form-main/vendor/laravel/framework/src/Illuminate/Foundation/Http/Middleware/TransformsRequest.php(21): Illuminate/Pipeline/Pipeline->Illuminate/Pipeline/{closure}(Object(Illuminate/Http/Request))
#63 C:/Users/user/MyFiles/ProgmiX/PEX-Form-main/vendor/laravel/framework/src/Illuminate/Foundation/Http/Middleware/ConvertEmptyStringsToNull.php(31): Illuminate/Foundation/Http/Middleware/TransformsRequest->handle(Object(Illuminate/Http/Request), Object(Closure))
#64 C:/Users/user/MyFiles/ProgmiX/PEX-Form-main/vendor/laravel/framework/src/Illuminate/Pipeline/Pipeline.php(219): Illuminate/Foundation/Http/Middleware/ConvertEmptyStringsToNull->handle(Object(Illuminate/Http/Request), Object(Closure))
#65 C:/Users/user/MyFiles/ProgmiX/PEX-Form-main/vendor/laravel/framework/src/Illuminate/Foundation/Http/Middleware/TransformsRequest.php(21): Illuminate/Pipeline/Pipeline->Illuminate/Pipeline/{closure}(Object(Illuminate/Http/Request))
#66 C:/Users/user/MyFiles/ProgmiX/PEX-Form-main/vendor/laravel/framework/src/Illuminate/Foundation/Http/Middleware/TrimStrings.php(51): Illuminate/Foundation/Http/Middleware/TransformsRequest->handle(Object(Illuminate/Http/Request), Object(Closure))
#67 C:/Users/user/MyFiles/ProgmiX/PEX-Form-main/vendor/laravel/framework/src/Illuminate/Pipeline/Pipeline.php(219): Illuminate/Foundation/Http/Middleware/TrimStrings->handle(Object(Illuminate/Http/Request), Object(Closure))
#68 C:/Users/user/MyFiles/ProgmiX/PEX-Form-main/vendor/laravel/framework/src/Illuminate/Http/Middleware/ValidatePostSize.php(27): Illuminate/Pipeline/Pipeline->Illuminate/Pipeline/{closure}(Object(Illuminate/Http/Request))
#69 C:/Users/user/MyFiles/ProgmiX/PEX-Form-main/vendor/laravel/framework/src/Illuminate/Pipeline/Pipeline.php(219): Illuminate/Http/Middleware/ValidatePostSize->handle(Object(Illuminate/Http/Request), Object(Closure))
#70 C:/Users/user/MyFiles/ProgmiX/PEX-Form-main/vendor/laravel/framework/src/Illuminate/Foundation/Http/Middleware/PreventRequestsDuringMaintenance.php(109): Illuminate/Pipeline/Pipeline->Illuminate/Pipeline/{closure}(Object(Illuminate/Http/Request))
#71 C:/Users/user/MyFiles/ProgmiX/PEX-Form-main/vendor/laravel/framework/src/Illuminate/Pipeline/Pipeline.php(219): Illuminate/Foundation/Http/Middleware/PreventRequestsDuringMaintenance->handle(Object(Illuminate/Http/Request), Object(Closure))
#72 C:/Users/user/MyFiles/ProgmiX/PEX-Form-main/vendor/laravel/framework/src/Illuminate/Http/Middleware/HandleCors.php(61): Illuminate/Pipeline/Pipeline->Illuminate/Pipeline/{closure}(Object(Illuminate/Http/Request))
#73 C:/Users/user/MyFiles/ProgmiX/PEX-Form-main/vendor/laravel/framework/src/Illuminate/Pipeline/Pipeline.php(219): Illuminate/Http/Middleware/HandleCors->handle(Object(Illuminate/Http/Request), Object(Closure))
#74 C:/Users/user/MyFiles/ProgmiX/PEX-Form-main/vendor/laravel/framework/src/Illuminate/Http/Middleware/TrustProxies.php(58): Illuminate/Pipeline/Pipeline->Illuminate/Pipeline/{closure}(Object(Illuminate/Http/Request))
#75 C:/Users/user/MyFiles/ProgmiX/PEX-Form-main/vendor/laravel/framework/src/Illuminate/Pipeline/Pipeline.php(219): Illuminate/Http/Middleware/TrustProxies->handle(Object(Illuminate/Http/Request), Object(Closure))
#76 C:/Users/user/MyFiles/ProgmiX/PEX-Form-main/vendor/laravel/framework/src/Illuminate/Pipeline/Pipeline.php(137): Illuminate/Pipeline/Pipeline->Illuminate/Pipeline/{closure}(Object(Illuminate/Http/Request))
#77 C:/Users/user/MyFiles/ProgmiX/PEX-Form-main/vendor/laravel/framework/src/Illuminate/Foundation/Http/Kernel.php(175): Illuminate/Pipeline/Pipeline->then(Object(Closure))
#78 C:/Users/user/MyFiles/ProgmiX/PEX-Form-main/vendor/laravel/framework/src/Illuminate/Foundation/Http/Kernel.php(144): Illuminate/Foundation/Http/Kernel->sendRequestThroughRouter(Object(Illuminate/Http/Request))
#79 C:/Users/user/MyFiles/ProgmiX/PEX-Form-main/public/index.php(51): Illuminate/Foundation/Http/Kernel->handle(Object(Illuminate/Http/Request))
#80 C:/Users/user/MyFiles/ProgmiX/PEX-Form-main/vendor/laravel/framework/src/Illuminate/Foundation/resources/server.php(23): require_once('C://Users//user//M...')
#81 {main}
"} 
[2026-09-15 12:03:31] local.ERROR: Undefined variable $main_slider {"userId":1,"exception":"[object] (Spatie\\LaravelIgnition\\Exceptions\\ViewException(code: 0): Undefined variable $main_slider at C:/Users/user/MyFiles/ProgmiX/PEX-Form-main/modules/Frontend/resources/views/home.blade.php:1)
[stacktrace]
#0 C:/Users/user/MyFiles/ProgmiX/PEX-Form-main/vendor/laravel/framework/src/Illuminate/Filesystem/Filesystem.php(123): require('C://Users//user//M...')
#1 C:/Users/user/MyFiles/ProgmiX/PEX-Form-main/vendor/laravel/framework/src/Illuminate/Filesystem/Filesystem.php(124): Illuminate/Filesystem/Filesystem::Illuminate/Filesystem/{closure}()
#2 C:/Users/user/MyFiles/ProgmiX/PEX-Form-main/vendor/laravel/framework/src/Illuminate/View/Engines/PhpEngine.php(57): Illuminate/Filesystem/Filesystem->getRequire('C://Users//user//M...', Array)
#3 C:/Users/user/MyFiles/ProgmiX/PEX-Form-main/vendor/laravel/framework/src/Illuminate/View/Engines/CompilerEngine.php(76): Illuminate/View/Engines/PhpEngine->evaluatePath('C://Users//user//M...', Array)
#4 C:/Users/user/MyFiles/ProgmiX/PEX-Form-main/vendor/laravel/framework/src/Illuminate/View/View.php(208): Illuminate/View/Engines/CompilerEngine->get('C://Users//user//M...', Array)
#5 C:/Users/user/MyFiles/ProgmiX/PEX-Form-main/vendor/laravel/framework/src/Illuminate/View/View.php(191): Illuminate/View/View->getContents()
#6 C:/Users/user/MyFiles/ProgmiX/PEX-Form-main/vendor/laravel/framework/src/Illuminate/View/View.php(160): Illuminate/View/View->renderContents()
#7 C:/Users/user/MyFiles/ProgmiX/PEX-Form-main/vendor/laravel/framework/src/Illuminate/Http/Response.php(78): Illuminate/View/View->render()
#8 C:/Users/user/MyFiles/ProgmiX/PEX-Form-main/vendor/laravel/framework/src/Illuminate/Http/Response.php(34): Illuminate/Http/Response->setContent(Object(Illuminate/View/View))
#9 C:/Users/user/MyFiles/ProgmiX/PEX-Form-main/vendor/laravel/framework/src/Illuminate/Routing/Router.php(939): Illuminate/Http/Response->__construct(Object(Illuminate/View/View), 200, Array)
#10 C:/Users/user/MyFiles/ProgmiX/PEX-Form-main/vendor/laravel/framework/src/Illuminate/Routing/Router.php(906): Illuminate/Routing/Router::toResponse(Object(Illuminate/Http/Request), Object(Illuminate/View/View))
#11 C:/Users/user/MyFiles/ProgmiX/PEX-Form-main/vendor/laravel/framework/src/Illuminate/Routing/Router.php(821): Illuminate/Routing/Router->prepareResponse(Object(Illuminate/Http/Request), Object(Illuminate/View/View))
#12 C:/Users/user/MyFiles/ProgmiX/PEX-Form-main/vendor/laravel/framework/src/Illuminate/Pipeline/Pipeline.php(180): Illuminate/Routing/Router->Illuminate/Routing/{closure}(Object(Illuminate/Http/Request))
#13 C:/Users/user/MyFiles/ProgmiX/PEX-Form-main/modules/Frontend/Http/Middleware/Locale.php(49): Illuminate/Pipeline/Pipeline->Illuminate/Pipeline/{closure}(Object(Illuminate/Http/Request))
#14 C:/Users/user/MyFiles/ProgmiX/PEX-Form-main/vendor/laravel/framework/src/Illuminate/Pipeline/Pipeline.php(219): Juzaweb/Frontend/Http/Middleware/Locale->handle(Object(Illuminate/Http/Request), Object(Closure))
#15 C:/Users/user/MyFiles/ProgmiX/PEX-Form-main/modules/Backend/Http/Middleware/SecurityHeaders.php(25): Illuminate/Pipeline/Pipeline->Illuminate/Pipeline/{closure}(Object(Illuminate/Http/Request))
#16 C:/Users/user/MyFiles/ProgmiX/PEX-Form-main/vendor/laravel/framework/src/Illuminate/Pipeline/Pipeline.php(219): Juzaweb/Backend/Http/Middleware/SecurityHeaders->handle(Object(Illuminate/Http/Request), Object(Closure))
#17 C:/Users/user/MyFiles/ProgmiX/PEX-Form-main/vendor/laravel/framework/src/Illuminate/Routing/Middleware/ThrottleRequests.php(166): Illuminate/Pipeline/Pipeline->Illuminate/Pipeline/{closure}(Object(Illuminate/Http/Request))
#18 C:/Users/user/MyFiles/ProgmiX/PEX-Form-main/vendor/laravel/framework/src/Illuminate/Routing/Middleware/ThrottleRequests.php(93): Illuminate/Routing/Middleware/ThrottleRequests->handleRequest(Object(Illuminate/Http/Request), Object(Closure), Array)
#19 C:/Users/user/MyFiles/ProgmiX/PEX-Form-main/vendor/laravel/framework/src/Illuminate/Pipeline/Pipeline.php(219): Illuminate/Routing/Middleware/ThrottleRequests->handle(Object(Illuminate/Http/Request), Object(Closure))
#20 C:/Users/user/MyFiles/ProgmiX/PEX-Form-main/modules/Backend/Http/Middleware/PathTraversal.php(57): Illuminate/Pipeline/Pipeline->Illuminate/Pipeline/{closure}(Object(Illuminate/Http/Request))
#21 C:/Users/user/MyFiles/ProgmiX/PEX-Form-main/vendor/laravel/framework/src/Illuminate/Pipeline/Pipeline.php(219): Juzaweb/Backend/Http/Middleware/PathTraversal->handle(Object(Illuminate/Http/Request), Object(Closure))
#22 C:/Users/user/MyFiles/ProgmiX/PEX-Form-main/modules/Backend/Http/Middleware/XssSanitization.php(44): Illuminate/Pipeline/Pipeline->Illuminate/Pipeline/{closure}(Object(Illuminate/Http/Request))
#23 C:/Users/user/MyFiles/ProgmiX/PEX-Form-main/vendor/laravel/framework/src/Illuminate/Pipeline/Pipeline.php(219): Juzaweb/Backend/Http/Middleware/XssSanitization->handle(Object(Illuminate/Http/Request), Object(Closure))
#24 C:/Users/user/MyFiles/ProgmiX/PEX-Form-main/vendor/spatie/laravel-csp/src/AddCspHeaders.php(13): Illuminate/Pipeline/Pipeline->Illuminate/Pipeline/{closure}(Object(Illuminate/Http/Request))
#25 C:/Users/user/MyFiles/ProgmiX/PEX-Form-main/vendor/laravel/framework/src/Illuminate/Pipeline/Pipeline.php(219): Spatie/Csp/AddCspHeaders->handle(Object(Illuminate/Http/Request), Object(Closure))
#26 C:/Users/user/MyFiles/ProgmiX/PEX-Form-main/vendor/barryvdh/laravel-debugbar/src/Middleware/InjectDebugbar.php(59): Illuminate/Pipeline/Pipeline->Illuminate/Pipeline/{closure}(Object(Illuminate/Http/Request))
#27 C:/Users/user/MyFiles/ProgmiX/PEX-Form-main/vendor/laravel/framework/src/Illuminate/Pipeline/Pipeline.php(219): Barryvdh/Debugbar/Middleware/InjectDebugbar->handle(Object(Illuminate/Http/Request), Object(Closure))
#28 C:/Users/user/MyFiles/ProgmiX/PEX-Form-main/modules/CMS/Http/Middleware/XFrameHeadersMiddleware.php(41): Illuminate/Pipeline/Pipeline->Illuminate/Pipeline/{closure}(Object(Illuminate/Http/Request))
#29 C:/Users/user/MyFiles/ProgmiX/PEX-Form-main/vendor/laravel/framework/src/Illuminate/Pipeline/Pipeline.php(219): Juzaweb/CMS/Http/Middleware/XFrameHeadersMiddleware->handle(Object(Illuminate/Http/Request), Object(Closure))
#30 C:/Users/user/MyFiles/ProgmiX/PEX-Form-main/vendor/laravel/framework/src/Illuminate/Routing/Middleware/SubstituteBindings.php(50): Illuminate/Pipeline/Pipeline->Illuminate/Pipeline/{closure}(Object(Illuminate/Http/Request))
#31 C:/Users/user/MyFiles/ProgmiX/PEX-Form-main/vendor/laravel/framework/src/Illuminate/Pipeline/Pipeline.php(219): Illuminate/Routing/Middleware/SubstituteBindings->handle(Object(Illuminate/Http/Request), Object(Closure))
#32 C:/Users/user/MyFiles/ProgmiX/PEX-Form-main/vendor/laravel/framework/src/Illuminate/Cookie/Middleware/AddQueuedCookiesToResponse.php(36): Illuminate/Pipeline/Pipeline->Illuminate/Pipeline/{closure}(Object(Illuminate/Http/Request))
#33 C:/Users/user/MyFiles/ProgmiX/PEX-Form-main/vendor/laravel/framework/src/Illuminate/Pipeline/Pipeline.php(219): Illuminate/Cookie/Middleware/AddQueuedCookiesToResponse->handle(Object(Illuminate/Http/Request), Object(Closure))
#34 C:/Users/user/MyFiles/ProgmiX/PEX-Form-main/vendor/laravel/framework/src/Illuminate/View/Middleware/ShareErrorsFromSession.php(48): Illuminate/Pipeline/Pipeline->Illuminate/Pipeline/{closure}(Object(Illuminate/Http/Request))
#35 C:/Users/user/MyFiles/ProgmiX/PEX-Form-main/modules/Backend/Http/Middleware/ShareErrorsUnlessBot.php(24): Illuminate/View/Middleware/ShareErrorsFromSession->handle(Object(Illuminate/Http/Request), Object(Closure))
#36 C:/Users/user/MyFiles/ProgmiX/PEX-Form-main/vendor/laravel/framework/src/Illuminate/Pipeline/Pipeline.php(219): Juzaweb/Backend/Http/Middleware/ShareErrorsUnlessBot->handle(Object(Illuminate/Http/Request), Object(Closure))
#37 C:/Users/user/MyFiles/ProgmiX/PEX-Form-main/vendor/laravel/framework/src/Illuminate/Session/Middleware/StartSession.php(120): Illuminate/Pipeline/Pipeline->Illuminate/Pipeline/{closure}(Object(Illuminate/Http/Request))
#38 C:/Users/user/MyFiles/ProgmiX/PEX-Form-main/vendor/laravel/framework/src/Illuminate/Session/Middleware/StartSession.php(63): Illuminate/Session/Middleware/StartSession->handleStatefulRequest(Object(Illuminate/Http/Request), Object(Illuminate/Session/Store), Object(Closure))
#39 C:/Users/user/MyFiles/ProgmiX/PEX-Form-main/modules/Backend/Http/Middleware/SkipSessionForBots.php(24): Illuminate/Session/Middleware/StartSession->handle(Object(Illuminate/Http/Request), Object(Closure))
#40 C:/Users/user/MyFiles/ProgmiX/PEX-Form-main/vendor/laravel/framework/src/Illuminate/Pipeline/Pipeline.php(219): Juzaweb/Backend/Http/Middleware/SkipSessionForBots->handle(Object(Illuminate/Http/Request), Object(Closure))
#41 C:/Users/user/MyFiles/ProgmiX/PEX-Form-main/vendor/laravel/framework/src/Illuminate/Cookie/Middleware/EncryptCookies.php(74): Illuminate/Pipeline/Pipeline->Illuminate/Pipeline/{closure}(Object(Illuminate/Http/Request))
#42 C:/Users/user/MyFiles/ProgmiX/PEX-Form-main/vendor/laravel/framework/src/Illuminate/Pipeline/Pipeline.php(219): Illuminate/Cookie/Middleware/EncryptCookies->handle(Object(Illuminate/Http/Request), Object(Closure))
#43 C:/Users/user/MyFiles/ProgmiX/PEX-Form-main/modules/CMS/Http/Middleware/GlobalMiddleware.php(11): Illuminate/Pipeline/Pipeline->Illuminate/Pipeline/{closure}(Object(Illuminate/Http/Request))
#44 C:/Users/user/MyFiles/ProgmiX/PEX-Form-main/vendor/laravel/framework/src/Illuminate/Pipeline/Pipeline.php(219): Juzaweb/CMS/Http/Middleware/GlobalMiddleware->handle(Object(Illuminate/Http/Request), Object(Closure))
#45 C:/Users/user/MyFiles/ProgmiX/PEX-Form-main/modules/Backend/Http/Middleware/DisableSessionForBots.php(30): Illuminate/Pipeline/Pipeline->Illuminate/Pipeline/{closure}(Object(Illuminate/Http/Request))
#46 C:/Users/user/MyFiles/ProgmiX/PEX-Form-main/vendor/laravel/framework/src/Illuminate/Pipeline/Pipeline.php(219): Juzaweb/Backend/Http/Middleware/DisableSessionForBots->handle(Object(Illuminate/Http/Request), Object(Closure))
#47 C:/Users/user/MyFiles/ProgmiX/PEX-Form-main/vendor/laravel/framework/src/Illuminate/Pipeline/Pipeline.php(137): Illuminate/Pipeline/Pipeline->Illuminate/Pipeline/{closure}(Object(Illuminate/Http/Request))
#48 C:/Users/user/MyFiles/ProgmiX/PEX-Form-main/vendor/laravel/framework/src/Illuminate/Routing/Router.php(821): Illuminate/Pipeline/Pipeline->then(Object(Closure))
#49 C:/Users/user/MyFiles/ProgmiX/PEX-Form-main/vendor/laravel/framework/src/Illuminate/Routing/Router.php(800): Illuminate/Routing/Router->runRouteWithinStack(Object(Illuminate/Routing/Route), Object(Illuminate/Http/Request))
#50 C:/Users/user/MyFiles/ProgmiX/PEX-Form-main/vendor/laravel/framework/src/Illuminate/Routing/Router.php(764): Illuminate/Routing/Router->runRoute(Object(Illuminate/Http/Request), Object(Illuminate/Routing/Route))
#51 C:/Users/user/MyFiles/ProgmiX/PEX-Form-main/vendor/laravel/framework/src/Illuminate/Routing/Router.php(753): Illuminate/Routing/Router->dispatchToRoute(Object(Illuminate/Http/Request))
#52 C:/Users/user/MyFiles/ProgmiX/PEX-Form-main/vendor/laravel/framework/src/Illuminate/Foundation/Http/Kernel.php(200): Illuminate/Routing/Router->dispatch(Object(Illuminate/Http/Request))
#53 C:/Users/user/MyFiles/ProgmiX/PEX-Form-main/vendor/laravel/framework/src/Illuminate/Pipeline/Pipeline.php(180): Illuminate/Foundation/Http/Kernel->Illuminate/Foundation/Http/{closure}(Object(Illuminate/Http/Request))
#54 C:/Users/user/MyFiles/ProgmiX/PEX-Form-main/vendor/barryvdh/laravel-debugbar/src/Middleware/InjectDebugbar.php(59): Illuminate/Pipeline/Pipeline->Illuminate/Pipeline/{closure}(Object(Illuminate/Http/Request))
#55 C:/Users/user/MyFiles/ProgmiX/PEX-Form-main/vendor/laravel/framework/src/Illuminate/Pipeline/Pipeline.php(219): Barryvdh/Debugbar/Middleware/InjectDebugbar->handle(Object(Illuminate/Http/Request), Object(Closure))
#56 C:/Users/user/MyFiles/ProgmiX/PEX-Form-main/modules/Backend/Http/Middleware/BlockIpMiddleware.php(31): Illuminate/Pipeline/Pipeline->Illuminate/Pipeline/{closure}(Object(Illuminate/Http/Request))
#57 C:/Users/user/MyFiles/ProgmiX/PEX-Form-main/vendor/laravel/framework/src/Illuminate/Pipeline/Pipeline.php(219): Juzaweb/Backend/Http/Middleware/BlockIpMiddleware->handle(Object(Illuminate/Http/Request), Object(Closure))
#58 C:/Users/user/MyFiles/ProgmiX/PEX-Form-main/modules/Backend/Http/Middleware/SecurityHeaders.php(25): Illuminate/Pipeline/Pipeline->Illuminate/Pipeline/{closure}(Object(Illuminate/Http/Request))
#59 C:/Users/user/MyFiles/ProgmiX/PEX-Form-main/vendor/laravel/framework/src/Illuminate/Pipeline/Pipeline.php(219): Juzaweb/Backend/Http/Middleware/SecurityHeaders->handle(Object(Illuminate/Http/Request), Object(Closure))
#60 C:/Users/user/MyFiles/ProgmiX/PEX-Form-main/vendor/laravel/framework/src/Illuminate/Foundation/Http/Middleware/TransformsRequest.php(21): Illuminate/Pipeline/Pipeline->Illuminate/Pipeline/{closure}(Object(Illuminate/Http/Request))
#61 C:/Users/user/MyFiles/ProgmiX/PEX-Form-main/vendor/laravel/framework/src/Illuminate/Foundation/Http/Middleware/ConvertEmptyStringsToNull.php(31): Illuminate/Foundation/Http/Middleware/TransformsRequest->handle(Object(Illuminate/Http/Request), Object(Closure))
#62 C:/Users/user/MyFiles/ProgmiX/PEX-Form-main/vendor/laravel/framework/src/Illuminate/Pipeline/Pipeline.php(219): Illuminate/Foundation/Http/Middleware/ConvertEmptyStringsToNull->handle(Object(Illuminate/Http/Request), Object(Closure))
#63 C:/Users/user/MyFiles/ProgmiX/PEX-Form-main/vendor/laravel/framework/src/Illuminate/Foundation/Http/Middleware/TransformsRequest.php(21): Illuminate/Pipeline/Pipeline->Illuminate/Pipeline/{closure}(Object(Illuminate/Http/Request))
#64 C:/Users/user/MyFiles/ProgmiX/PEX-Form-main/vendor/laravel/framework/src/Illuminate/Foundation/Http/Middleware/TrimStrings.php(51): Illuminate/Foundation/Http/Middleware/TransformsRequest->handle(Object(Illuminate/Http/Request), Object(Closure))
#65 C:/Users/user/MyFiles/ProgmiX/PEX-Form-main/vendor/laravel/framework/src/Illuminate/Pipeline/Pipeline.php(219): Illuminate/Foundation/Http/Middleware/TrimStrings->handle(Object(Illuminate/Http/Request), Object(Closure))
#66 C:/Users/user/MyFiles/ProgmiX/PEX-Form-main/vendor/laravel/framework/src/Illuminate/Http/Middleware/ValidatePostSize.php(27): Illuminate/Pipeline/Pipeline->Illuminate/Pipeline/{closure}(Object(Illuminate/Http/Request))
#67 C:/Users/user/MyFiles/ProgmiX/PEX-Form-main/vendor/laravel/framework/src/Illuminate/Pipeline/Pipeline.php(219): Illuminate/Http/Middleware/ValidatePostSize->handle(Object(Illuminate/Http/Request), Object(Closure))
#68 C:/Users/user/MyFiles/ProgmiX/PEX-Form-main/vendor/laravel/framework/src/Illuminate/Foundation/Http/Middleware/PreventRequestsDuringMaintenance.php(109): Illuminate/Pipeline/Pipeline->Illuminate/Pipeline/{closure}(Object(Illuminate/Http/Request))
#69 C:/Users/user/MyFiles/ProgmiX/PEX-Form-main/vendor/laravel/framework/src/Illuminate/Pipeline/Pipeline.php(219): Illuminate/Foundation/Http/Middleware/PreventRequestsDuringMaintenance->handle(Object(Illuminate/Http/Request), Object(Closure))
#70 C:/Users/user/MyFiles/ProgmiX/PEX-Form-main/vendor/laravel/framework/src/Illuminate/Http/Middleware/HandleCors.php(61): Illuminate/Pipeline/Pipeline->Illuminate/Pipeline/{closure}(Object(Illuminate/Http/Request))
#71 C:/Users/user/MyFiles/ProgmiX/PEX-Form-main/vendor/laravel/framework/src/Illuminate/Pipeline/Pipeline.php(219): Illuminate/Http/Middleware/HandleCors->handle(Object(Illuminate/Http/Request), Object(Closure))
#72 C:/Users/user/MyFiles/ProgmiX/PEX-Form-main/vendor/laravel/framework/src/Illuminate/Http/Middleware/TrustProxies.php(58): Illuminate/Pipeline/Pipeline->Illuminate/Pipeline/{closure}(Object(Illuminate/Http/Request))
#73 C:/Users/user/MyFiles/ProgmiX/PEX-Form-main/vendor/laravel/framework/src/Illuminate/Pipeline/Pipeline.php(219): Illuminate/Http/Middleware/TrustProxies->handle(Object(Illuminate/Http/Request), Object(Closure))
#74 C:/Users/user/MyFiles/ProgmiX/PEX-Form-main/vendor/laravel/framework/src/Illuminate/Pipeline/Pipeline.php(137): Illuminate/Pipeline/Pipeline->Illuminate/Pipeline/{closure}(Object(Illuminate/Http/Request))
#75 C:/Users/user/MyFiles/ProgmiX/PEX-Form-main/vendor/laravel/framework/src/Illuminate/Foundation/Http/Kernel.php(175): Illuminate/Pipeline/Pipeline->then(Object(Closure))
#76 C:/Users/user/MyFiles/ProgmiX/PEX-Form-main/vendor/laravel/framework/src/Illuminate/Foundation/Http/Kernel.php(144): Illuminate/Foundation/Http/Kernel->sendRequestThroughRouter(Object(Illuminate/Http/Request))
#77 C:/Users/user/MyFiles/ProgmiX/PEX-Form-main/public/index.php(51): Illuminate/Foundation/Http/Kernel->handle(Object(Illuminate/Http/Request))
#78 C:/Users/user/MyFiles/ProgmiX/PEX-Form-main/vendor/laravel/framework/src/Illuminate/Foundation/resources/server.php(23): require_once('C://Users//user//M...')
#79 {main}

[previous exception] [object] (ErrorException(code: 0): Undefined variable $main_slider at C:/Users/user/MyFiles/ProgmiX/PEX-Form-main/storage/framework/views/078e945ecbf82d678121cbf4f8650dce.php:1)
[stacktrace]
#0 C:/Users/user/MyFiles/ProgmiX/PEX-Form-main/vendor/laravel/framework/src/Illuminate/Foundation/Bootstrap/HandleExceptions.php(262): Illuminate/Foundation/Bootstrap/HandleExceptions->handleError(2, 'Undefined varia...', 'C://Users//user//M...', 1)
#1 C:/Users/user/MyFiles/ProgmiX/PEX-Form-main/storage/framework/views/078e945ecbf82d678121cbf4f8650dce.php(1): Illuminate/Foundation/Bootstrap/HandleExceptions->Illuminate/Foundation/Bootstrap/{closure}(2, 'Undefined varia...', 'C://Users//user//M...', 1)
#2 C:/Users/user/MyFiles/ProgmiX/PEX-Form-main/vendor/laravel/framework/src/Illuminate/Filesystem/Filesystem.php(123): require('C://Users//user//M...')
#3 C:/Users/user/MyFiles/ProgmiX/PEX-Form-main/vendor/laravel/framework/src/Illuminate/Filesystem/Filesystem.php(124): Illuminate/Filesystem/Filesystem::Illuminate/Filesystem/{closure}()
#4 C:/Users/user/MyFiles/ProgmiX/PEX-Form-main/vendor/laravel/framework/src/Illuminate/View/Engines/PhpEngine.php(57): Illuminate/Filesystem/Filesystem->getRequire('C://Users//user//M...', Array)
#5 C:/Users/user/MyFiles/ProgmiX/PEX-Form-main/vendor/laravel/framework/src/Illuminate/View/Engines/CompilerEngine.php(76): Illuminate/View/Engines/PhpEngine->evaluatePath('C://Users//user//M...', Array)
#6 C:/Users/user/MyFiles/ProgmiX/PEX-Form-main/vendor/laravel/framework/src/Illuminate/View/View.php(208): Illuminate/View/Engines/CompilerEngine->get('C://Users//user//M...', Array)
#7 C:/Users/user/MyFiles/ProgmiX/PEX-Form-main/vendor/laravel/framework/src/Illuminate/View/View.php(191): Illuminate/View/View->getContents()
#8 C:/Users/user/MyFiles/ProgmiX/PEX-Form-main/vendor/laravel/framework/src/Illuminate/View/View.php(160): Illuminate/View/View->renderContents()
#9 C:/Users/user/MyFiles/ProgmiX/PEX-Form-main/vendor/laravel/framework/src/Illuminate/Http/Response.php(78): Illuminate/View/View->render()
#10 C:/Users/user/MyFiles/ProgmiX/PEX-Form-main/vendor/laravel/framework/src/Illuminate/Http/Response.php(34): Illuminate/Http/Response->setContent(Object(Illuminate/View/View))
#11 C:/Users/user/MyFiles/ProgmiX/PEX-Form-main/vendor/laravel/framework/src/Illuminate/Routing/Router.php(939): Illuminate/Http/Response->__construct(Object(Illuminate/View/View), 200, Array)
#12 C:/Users/user/MyFiles/ProgmiX/PEX-Form-main/vendor/laravel/framework/src/Illuminate/Routing/Router.php(906): Illuminate/Routing/Router::toResponse(Object(Illuminate/Http/Request), Object(Illuminate/View/View))
#13 C:/Users/user/MyFiles/ProgmiX/PEX-Form-main/vendor/laravel/framework/src/Illuminate/Routing/Router.php(821): Illuminate/Routing/Router->prepareResponse(Object(Illuminate/Http/Request), Object(Illuminate/View/View))
#14 C:/Users/user/MyFiles/ProgmiX/PEX-Form-main/vendor/laravel/framework/src/Illuminate/Pipeline/Pipeline.php(180): Illuminate/Routing/Router->Illuminate/Routing/{closure}(Object(Illuminate/Http/Request))
#15 C:/Users/user/MyFiles/ProgmiX/PEX-Form-main/modules/Frontend/Http/Middleware/Locale.php(49): Illuminate/Pipeline/Pipeline->Illuminate/Pipeline/{closure}(Object(Illuminate/Http/Request))
#16 C:/Users/user/MyFiles/ProgmiX/PEX-Form-main/vendor/laravel/framework/src/Illuminate/Pipeline/Pipeline.php(219): Juzaweb/Frontend/Http/Middleware/Locale->handle(Object(Illuminate/Http/Request), Object(Closure))
#17 C:/Users/user/MyFiles/ProgmiX/PEX-Form-main/modules/Backend/Http/Middleware/SecurityHeaders.php(25): Illuminate/Pipeline/Pipeline->Illuminate/Pipeline/{closure}(Object(Illuminate/Http/Request))
#18 C:/Users/user/MyFiles/ProgmiX/PEX-Form-main/vendor/laravel/framework/src/Illuminate/Pipeline/Pipeline.php(219): Juzaweb/Backend/Http/Middleware/SecurityHeaders->handle(Object(Illuminate/Http/Request), Object(Closure))
#19 C:/Users/user/MyFiles/ProgmiX/PEX-Form-main/vendor/laravel/framework/src/Illuminate/Routing/Middleware/ThrottleRequests.php(166): Illuminate/Pipeline/Pipeline->Illuminate/Pipeline/{closure}(Object(Illuminate/Http/Request))
#20 C:/Users/user/MyFiles/ProgmiX/PEX-Form-main/vendor/laravel/framework/src/Illuminate/Routing/Middleware/ThrottleRequests.php(93): Illuminate/Routing/Middleware/ThrottleRequests->handleRequest(Object(Illuminate/Http/Request), Object(Closure), Array)
#21 C:/Users/user/MyFiles/ProgmiX/PEX-Form-main/vendor/laravel/framework/src/Illuminate/Pipeline/Pipeline.php(219): Illuminate/Routing/Middleware/ThrottleRequests->handle(Object(Illuminate/Http/Request), Object(Closure))
#22 C:/Users/user/MyFiles/ProgmiX/PEX-Form-main/modules/Backend/Http/Middleware/PathTraversal.php(57): Illuminate/Pipeline/Pipeline->Illuminate/Pipeline/{closure}(Object(Illuminate/Http/Request))
#23 C:/Users/user/MyFiles/ProgmiX/PEX-Form-main/vendor/laravel/framework/src/Illuminate/Pipeline/Pipeline.php(219): Juzaweb/Backend/Http/Middleware/PathTraversal->handle(Object(Illuminate/Http/Request), Object(Closure))
#24 C:/Users/user/MyFiles/ProgmiX/PEX-Form-main/modules/Backend/Http/Middleware/XssSanitization.php(44): Illuminate/Pipeline/Pipeline->Illuminate/Pipeline/{closure}(Object(Illuminate/Http/Request))
#25 C:/Users/user/MyFiles/ProgmiX/PEX-Form-main/vendor/laravel/framework/src/Illuminate/Pipeline/Pipeline.php(219): Juzaweb/Backend/Http/Middleware/XssSanitization->handle(Object(Illuminate/Http/Request), Object(Closure))
#26 C:/Users/user/MyFiles/ProgmiX/PEX-Form-main/vendor/spatie/laravel-csp/src/AddCspHeaders.php(13): Illuminate/Pipeline/Pipeline->Illuminate/Pipeline/{closure}(Object(Illuminate/Http/Request))
#27 C:/Users/user/MyFiles/ProgmiX/PEX-Form-main/vendor/laravel/framework/src/Illuminate/Pipeline/Pipeline.php(219): Spatie/Csp/AddCspHeaders->handle(Object(Illuminate/Http/Request), Object(Closure))
#28 C:/Users/user/MyFiles/ProgmiX/PEX-Form-main/vendor/barryvdh/laravel-debugbar/src/Middleware/InjectDebugbar.php(59): Illuminate/Pipeline/Pipeline->Illuminate/Pipeline/{closure}(Object(Illuminate/Http/Request))
#29 C:/Users/user/MyFiles/ProgmiX/PEX-Form-main/vendor/laravel/framework/src/Illuminate/Pipeline/Pipeline.php(219): Barryvdh/Debugbar/Middleware/InjectDebugbar->handle(Object(Illuminate/Http/Request), Object(Closure))
#30 C:/Users/user/MyFiles/ProgmiX/PEX-Form-main/modules/CMS/Http/Middleware/XFrameHeadersMiddleware.php(41): Illuminate/Pipeline/Pipeline->Illuminate/Pipeline/{closure}(Object(Illuminate/Http/Request))
#31 C:/Users/user/MyFiles/ProgmiX/PEX-Form-main/vendor/laravel/framework/src/Illuminate/Pipeline/Pipeline.php(219): Juzaweb/CMS/Http/Middleware/XFrameHeadersMiddleware->handle(Object(Illuminate/Http/Request), Object(Closure))
#32 C:/Users/user/MyFiles/ProgmiX/PEX-Form-main/vendor/laravel/framework/src/Illuminate/Routing/Middleware/SubstituteBindings.php(50): Illuminate/Pipeline/Pipeline->Illuminate/Pipeline/{closure}(Object(Illuminate/Http/Request))
#33 C:/Users/user/MyFiles/ProgmiX/PEX-Form-main/vendor/laravel/framework/src/Illuminate/Pipeline/Pipeline.php(219): Illuminate/Routing/Middleware/SubstituteBindings->handle(Object(Illuminate/Http/Request), Object(Closure))
#34 C:/Users/user/MyFiles/ProgmiX/PEX-Form-main/vendor/laravel/framework/src/Illuminate/Cookie/Middleware/AddQueuedCookiesToResponse.php(36): Illuminate/Pipeline/Pipeline->Illuminate/Pipeline/{closure}(Object(Illuminate/Http/Request))
#35 C:/Users/user/MyFiles/ProgmiX/PEX-Form-main/vendor/laravel/framework/src/Illuminate/Pipeline/Pipeline.php(219): Illuminate/Cookie/Middleware/AddQueuedCookiesToResponse->handle(Object(Illuminate/Http/Request), Object(Closure))
#36 C:/Users/user/MyFiles/ProgmiX/PEX-Form-main/vendor/laravel/framework/src/Illuminate/View/Middleware/ShareErrorsFromSession.php(48): Illuminate/Pipeline/Pipeline->Illuminate/Pipeline/{closure}(Object(Illuminate/Http/Request))
#37 C:/Users/user/MyFiles/ProgmiX/PEX-Form-main/modules/Backend/Http/Middleware/ShareErrorsUnlessBot.php(24): Illuminate/View/Middleware/ShareErrorsFromSession->handle(Object(Illuminate/Http/Request), Object(Closure))
#38 C:/Users/user/MyFiles/ProgmiX/PEX-Form-main/vendor/laravel/framework/src/Illuminate/Pipeline/Pipeline.php(219): Juzaweb/Backend/Http/Middleware/ShareErrorsUnlessBot->handle(Object(Illuminate/Http/Request), Object(Closure))
#39 C:/Users/user/MyFiles/ProgmiX/PEX-Form-main/vendor/laravel/framework/src/Illuminate/Session/Middleware/StartSession.php(120): Illuminate/Pipeline/Pipeline->Illuminate/Pipeline/{closure}(Object(Illuminate/Http/Request))
#40 C:/Users/user/MyFiles/ProgmiX/PEX-Form-main/vendor/laravel/framework/src/Illuminate/Session/Middleware/StartSession.php(63): Illuminate/Session/Middleware/StartSession->handleStatefulRequest(Object(Illuminate/Http/Request), Object(Illuminate/Session/Store), Object(Closure))
#41 C:/Users/user/MyFiles/ProgmiX/PEX-Form-main/modules/Backend/Http/Middleware/SkipSessionForBots.php(24): Illuminate/Session/Middleware/StartSession->handle(Object(Illuminate/Http/Request), Object(Closure))
#42 C:/Users/user/MyFiles/ProgmiX/PEX-Form-main/vendor/laravel/framework/src/Illuminate/Pipeline/Pipeline.php(219): Juzaweb/Backend/Http/Middleware/SkipSessionForBots->handle(Object(Illuminate/Http/Request), Object(Closure))
#43 C:/Users/user/MyFiles/ProgmiX/PEX-Form-main/vendor/laravel/framework/src/Illuminate/Cookie/Middleware/EncryptCookies.php(74): Illuminate/Pipeline/Pipeline->Illuminate/Pipeline/{closure}(Object(Illuminate/Http/Request))
#44 C:/Users/user/MyFiles/ProgmiX/PEX-Form-main/vendor/laravel/framework/src/Illuminate/Pipeline/Pipeline.php(219): Illuminate/Cookie/Middleware/EncryptCookies->handle(Object(Illuminate/Http/Request), Object(Closure))
#45 C:/Users/user/MyFiles/ProgmiX/PEX-Form-main/modules/CMS/Http/Middleware/GlobalMiddleware.php(11): Illuminate/Pipeline/Pipeline->Illuminate/Pipeline/{closure}(Object(Illuminate/Http/Request))
#46 C:/Users/user/MyFiles/ProgmiX/PEX-Form-main/vendor/laravel/framework/src/Illuminate/Pipeline/Pipeline.php(219): Juzaweb/CMS/Http/Middleware/GlobalMiddleware->handle(Object(Illuminate/Http/Request), Object(Closure))
#47 C:/Users/user/MyFiles/ProgmiX/PEX-Form-main/modules/Backend/Http/Middleware/DisableSessionForBots.php(30): Illuminate/Pipeline/Pipeline->Illuminate/Pipeline/{closure}(Object(Illuminate/Http/Request))
#48 C:/Users/user/MyFiles/ProgmiX/PEX-Form-main/vendor/laravel/framework/src/Illuminate/Pipeline/Pipeline.php(219): Juzaweb/Backend/Http/Middleware/DisableSessionForBots->handle(Object(Illuminate/Http/Request), Object(Closure))
#49 C:/Users/user/MyFiles/ProgmiX/PEX-Form-main/vendor/laravel/framework/src/Illuminate/Pipeline/Pipeline.php(137): Illuminate/Pipeline/Pipeline->Illuminate/Pipeline/{closure}(Object(Illuminate/Http/Request))
#50 C:/Users/user/MyFiles/ProgmiX/PEX-Form-main/vendor/laravel/framework/src/Illuminate/Routing/Router.php(821): Illuminate/Pipeline/Pipeline->then(Object(Closure))
#51 C:/Users/user/MyFiles/ProgmiX/PEX-Form-main/vendor/laravel/framework/src/Illuminate/Routing/Router.php(800): Illuminate/Routing/Router->runRouteWithinStack(Object(Illuminate/Routing/Route), Object(Illuminate/Http/Request))
#52 C:/Users/user/MyFiles/ProgmiX/PEX-Form-main/vendor/laravel/framework/src/Illuminate/Routing/Router.php(764): Illuminate/Routing/Router->runRoute(Object(Illuminate/Http/Request), Object(Illuminate/Routing/Route))
#53 C:/Users/user/MyFiles/ProgmiX/PEX-Form-main/vendor/laravel/framework/src/Illuminate/Routing/Router.php(753): Illuminate/Routing/Router->dispatchToRoute(Object(Illuminate/Http/Request))
#54 C:/Users/user/MyFiles/ProgmiX/PEX-Form-main/vendor/laravel/framework/src/Illuminate/Foundation/Http/Kernel.php(200): Illuminate/Routing/Router->dispatch(Object(Illuminate/Http/Request))
#55 C:/Users/user/MyFiles/ProgmiX/PEX-Form-main/vendor/laravel/framework/src/Illuminate/Pipeline/Pipeline.php(180): Illuminate/Foundation/Http/Kernel->Illuminate/Foundation/Http/{closure}(Object(Illuminate/Http/Request))
#56 C:/Users/user/MyFiles/ProgmiX/PEX-Form-main/vendor/barryvdh/laravel-debugbar/src/Middleware/InjectDebugbar.php(59): Illuminate/Pipeline/Pipeline->Illuminate/Pipeline/{closure}(Object(Illuminate/Http/Request))
#57 C:/Users/user/MyFiles/ProgmiX/PEX-Form-main/vendor/laravel/framework/src/Illuminate/Pipeline/Pipeline.php(219): Barryvdh/Debugbar/Middleware/InjectDebugbar->handle(Object(Illuminate/Http/Request), Object(Closure))
#58 C:/Users/user/MyFiles/ProgmiX/PEX-Form-main/modules/Backend/Http/Middleware/BlockIpMiddleware.php(31): Illuminate/Pipeline/Pipeline->Illuminate/Pipeline/{closure}(Object(Illuminate/Http/Request))
#59 C:/Users/user/MyFiles/ProgmiX/PEX-Form-main/vendor/laravel/framework/src/Illuminate/Pipeline/Pipeline.php(219): Juzaweb/Backend/Http/Middleware/BlockIpMiddleware->handle(Object(Illuminate/Http/Request), Object(Closure))
#60 C:/Users/user/MyFiles/ProgmiX/PEX-Form-main/modules/Backend/Http/Middleware/SecurityHeaders.php(25): Illuminate/Pipeline/Pipeline->Illuminate/Pipeline/{closure}(Object(Illuminate/Http/Request))
#61 C:/Users/user/MyFiles/ProgmiX/PEX-Form-main/vendor/laravel/framework/src/Illuminate/Pipeline/Pipeline.php(219): Juzaweb/Backend/Http/Middleware/SecurityHeaders->handle(Object(Illuminate/Http/Request), Object(Closure))
#62 C:/Users/user/MyFiles/ProgmiX/PEX-Form-main/vendor/laravel/framework/src/Illuminate/Foundation/Http/Middleware/TransformsRequest.php(21): Illuminate/Pipeline/Pipeline->Illuminate/Pipeline/{closure}(Object(Illuminate/Http/Request))
#63 C:/Users/user/MyFiles/ProgmiX/PEX-Form-main/vendor/laravel/framework/src/Illuminate/Foundation/Http/Middleware/ConvertEmptyStringsToNull.php(31): Illuminate/Foundation/Http/Middleware/TransformsRequest->handle(Object(Illuminate/Http/Request), Object(Closure))
#64 C:/Users/user/MyFiles/ProgmiX/PEX-Form-main/vendor/laravel/framework/src/Illuminate/Pipeline/Pipeline.php(219): Illuminate/Foundation/Http/Middleware/ConvertEmptyStringsToNull->handle(Object(Illuminate/Http/Request), Object(Closure))
#65 C:/Users/user/MyFiles/ProgmiX/PEX-Form-main/vendor/laravel/framework/src/Illuminate/Foundation/Http/Middleware/TransformsRequest.php(21): Illuminate/Pipeline/Pipeline->Illuminate/Pipeline/{closure}(Object(Illuminate/Http/Request))
#66 C:/Users/user/MyFiles/ProgmiX/PEX-Form-main/vendor/laravel/framework/src/Illuminate/Foundation/Http/Middleware/TrimStrings.php(51): Illuminate/Foundation/Http/Middleware/TransformsRequest->handle(Object(Illuminate/Http/Request), Object(Closure))
#67 C:/Users/user/MyFiles/ProgmiX/PEX-Form-main/vendor/laravel/framework/src/Illuminate/Pipeline/Pipeline.php(219): Illuminate/Foundation/Http/Middleware/TrimStrings->handle(Object(Illuminate/Http/Request), Object(Closure))
#68 C:/Users/user/MyFiles/ProgmiX/PEX-Form-main/vendor/laravel/framework/src/Illuminate/Http/Middleware/ValidatePostSize.php(27): Illuminate/Pipeline/Pipeline->Illuminate/Pipeline/{closure}(Object(Illuminate/Http/Request))
#69 C:/Users/user/MyFiles/ProgmiX/PEX-Form-main/vendor/laravel/framework/src/Illuminate/Pipeline/Pipeline.php(219): Illuminate/Http/Middleware/ValidatePostSize->handle(Object(Illuminate/Http/Request), Object(Closure))
#70 C:/Users/user/MyFiles/ProgmiX/PEX-Form-main/vendor/laravel/framework/src/Illuminate/Foundation/Http/Middleware/PreventRequestsDuringMaintenance.php(109): Illuminate/Pipeline/Pipeline->Illuminate/Pipeline/{closure}(Object(Illuminate/Http/Request))
#71 C:/Users/user/MyFiles/ProgmiX/PEX-Form-main/vendor/laravel/framework/src/Illuminate/Pipeline/Pipeline.php(219): Illuminate/Foundation/Http/Middleware/PreventRequestsDuringMaintenance->handle(Object(Illuminate/Http/Request), Object(Closure))
#72 C:/Users/user/MyFiles/ProgmiX/PEX-Form-main/vendor/laravel/framework/src/Illuminate/Http/Middleware/HandleCors.php(61): Illuminate/Pipeline/Pipeline->Illuminate/Pipeline/{closure}(Object(Illuminate/Http/Request))
#73 C:/Users/user/MyFiles/ProgmiX/PEX-Form-main/vendor/laravel/framework/src/Illuminate/Pipeline/Pipeline.php(219): Illuminate/Http/Middleware/HandleCors->handle(Object(Illuminate/Http/Request), Object(Closure))
#74 C:/Users/user/MyFiles/ProgmiX/PEX-Form-main/vendor/laravel/framework/src/Illuminate/Http/Middleware/TrustProxies.php(58): Illuminate/Pipeline/Pipeline->Illuminate/Pipeline/{closure}(Object(Illuminate/Http/Request))
#75 C:/Users/user/MyFiles/ProgmiX/PEX-Form-main/vendor/laravel/framework/src/Illuminate/Pipeline/Pipeline.php(219): Illuminate/Http/Middleware/TrustProxies->handle(Object(Illuminate/Http/Request), Object(Closure))
#76 C:/Users/user/MyFiles/ProgmiX/PEX-Form-main/vendor/laravel/framework/src/Illuminate/Pipeline/Pipeline.php(137): Illuminate/Pipeline/Pipeline->Illuminate/Pipeline/{closure}(Object(Illuminate/Http/Request))
#77 C:/Users/user/MyFiles/ProgmiX/PEX-Form-main/vendor/laravel/framework/src/Illuminate/Foundation/Http/Kernel.php(175): Illuminate/Pipeline/Pipeline->then(Object(Closure))
#78 C:/Users/user/MyFiles/ProgmiX/PEX-Form-main/vendor/laravel/framework/src/Illuminate/Foundation/Http/Kernel.php(144): Illuminate/Foundation/Http/Kernel->sendRequestThroughRouter(Object(Illuminate/Http/Request))
#79 C:/Users/user/MyFiles/ProgmiX/PEX-Form-main/public/index.php(51): Illuminate/Foundation/Http/Kernel->handle(Object(Illuminate/Http/Request))
#80 C:/Users/user/MyFiles/ProgmiX/PEX-Form-main/vendor/laravel/framework/src/Illuminate/Foundation/resources/server.php(23): require_once('C://Users//user//M...')
#81 {main}
"} 
