[2026-09-30 08:39:10] local.ERROR: Undefined array key "fax" {"userId":1,"exception":"[object] (Spatie\\LaravelIgnition\\Exceptions\\ViewException(code: 0): Undefined array key \"fax\" at C:/Users/user/MyFiles/ProgmiX/PEX-Form-main/modules/Frontend/resources/views/templates/homepage/pex/contact.blade.php:9)
[stacktrace]
#0 C:/Users/user/MyFiles/ProgmiX/PEX-Form-main/vendor/laravel/framework/src/Illuminate/Filesystem/Filesystem.php(123): require('C://Users//user//M...')
#1 C:/Users/user/MyFiles/ProgmiX/PEX-Form-main/vendor/laravel/framework/src/Illuminate/Filesystem/Filesystem.php(124): Illuminate/Filesystem/Filesystem::Illuminate/Filesystem/{closure}()
#2 C:/Users/user/MyFiles/ProgmiX/PEX-Form-main/vendor/laravel/framework/src/Illuminate/View/Engines/PhpEngine.php(57): Illuminate/Filesystem/Filesystem->getRequire('C://Users//user//M...', Array)
#3 C:/Users/user/MyFiles/ProgmiX/PEX-Form-main/vendor/laravel/framework/src/Illuminate/View/Engines/CompilerEngine.php(76): Illuminate/View/Engines/PhpEngine->evaluatePath('C://Users//user//M...', Array)
#4 C:/Users/user/MyFiles/ProgmiX/PEX-Form-main/vendor/laravel/framework/src/Illuminate/View/View.php(208): Illuminate/View/Engines/CompilerEngine->get('C://Users//user//M...', Array)
#5 C:/Users/user/MyFiles/ProgmiX/PEX-Form-main/vendor/laravel/framework/src/Illuminate/View/View.php(191): Illuminate/View/View->getContents()
#6 C:/Users/user/MyFiles/ProgmiX/PEX-Form-main/vendor/laravel/framework/src/Illuminate/View/View.php(160): Illuminate/View/View->renderContents()
#7 C:/Users/user/MyFiles/ProgmiX/PEX-Form-main/modules/Frontend/resources/views/home.blade.php(1): Illuminate/View/View->render()
#8 C:/Users/user/MyFiles/ProgmiX/PEX-Form-main/vendor/laravel/framework/src/Illuminate/Filesystem/Filesystem.php(123): require('C://Users//user//M...')
#9 C:/Users/user/MyFiles/ProgmiX/PEX-Form-main/vendor/laravel/framework/src/Illuminate/Filesystem/Filesystem.php(124): Illuminate/Filesystem/Filesystem::Illuminate/Filesystem/{closure}()
#10 C:/Users/user/MyFiles/ProgmiX/PEX-Form-main/vendor/laravel/framework/src/Illuminate/View/Engines/PhpEngine.php(57): Illuminate/Filesystem/Filesystem->getRequire('C://Users//user//M...', Array)
#11 C:/Users/user/MyFiles/ProgmiX/PEX-Form-main/vendor/laravel/framework/src/Illuminate/View/Engines/CompilerEngine.php(76): Illuminate/View/Engines/PhpEngine->evaluatePath('C://Users//user//M...', Array)
#12 C:/Users/user/MyFiles/ProgmiX/PEX-Form-main/vendor/laravel/framework/src/Illuminate/View/View.php(208): Illuminate/View/Engines/CompilerEngine->get('C://Users//user//M...', Array)
#13 C:/Users/user/MyFiles/ProgmiX/PEX-Form-main/vendor/laravel/framework/src/Illuminate/View/View.php(191): Illuminate/View/View->getContents()
#14 C:/Users/user/MyFiles/ProgmiX/PEX-Form-main/vendor/laravel/framework/src/Illuminate/View/View.php(160): Illuminate/View/View->renderContents()
#15 C:/Users/user/MyFiles/ProgmiX/PEX-Form-main/vendor/laravel/framework/src/Illuminate/Http/Response.php(78): Illuminate/View/View->render()
#16 C:/Users/user/MyFiles/ProgmiX/PEX-Form-main/vendor/laravel/framework/src/Illuminate/Http/Response.php(34): Illuminate/Http/Response->setContent(Object(Illuminate/View/View))
#17 C:/Users/user/MyFiles/ProgmiX/PEX-Form-main/vendor/laravel/framework/src/Illuminate/Routing/Router.php(939): Illuminate/Http/Response->__construct(Object(Illuminate/View/View), 200, Array)
#18 C:/Users/user/MyFiles/ProgmiX/PEX-Form-main/vendor/laravel/framework/src/Illuminate/Routing/Router.php(906): Illuminate/Routing/Router::toResponse(Object(Illuminate/Http/Request), Object(Illuminate/View/View))
#19 C:/Users/user/MyFiles/ProgmiX/PEX-Form-main/vendor/laravel/framework/src/Illuminate/Routing/Router.php(821): Illuminate/Routing/Router->prepareResponse(Object(Illuminate/Http/Request), Object(Illuminate/View/View))
#20 C:/Users/user/MyFiles/ProgmiX/PEX-Form-main/vendor/laravel/framework/src/Illuminate/Pipeline/Pipeline.php(180): Illuminate/Routing/Router->Illuminate/Routing/{closure}(Object(Illuminate/Http/Request))
#21 C:/Users/user/MyFiles/ProgmiX/PEX-Form-main/modules/Frontend/Http/Middleware/Locale.php(49): Illuminate/Pipeline/Pipeline->Illuminate/Pipeline/{closure}(Object(Illuminate/Http/Request))
#22 C:/Users/user/MyFiles/ProgmiX/PEX-Form-main/vendor/laravel/framework/src/Illuminate/Pipeline/Pipeline.php(219): Juzaweb/Frontend/Http/Middleware/Locale->handle(Object(Illuminate/Http/Request), Object(Closure))
#23 C:/Users/user/MyFiles/ProgmiX/PEX-Form-main/modules/Backend/Http/Middleware/SecurityHeaders.php(25): Illuminate/Pipeline/Pipeline->Illuminate/Pipeline/{closure}(Object(Illuminate/Http/Request))
#24 C:/Users/user/MyFiles/ProgmiX/PEX-Form-main/vendor/laravel/framework/src/Illuminate/Pipeline/Pipeline.php(219): Juzaweb/Backend/Http/Middleware/SecurityHeaders->handle(Object(Illuminate/Http/Request), Object(Closure))
#25 C:/Users/user/MyFiles/ProgmiX/PEX-Form-main/vendor/laravel/framework/src/Illuminate/Routing/Middleware/ThrottleRequests.php(166): Illuminate/Pipeline/Pipeline->Illuminate/Pipeline/{closure}(Object(Illuminate/Http/Request))
#26 C:/Users/user/MyFiles/ProgmiX/PEX-Form-main/vendor/laravel/framework/src/Illuminate/Routing/Middleware/ThrottleRequests.php(93): Illuminate/Routing/Middleware/ThrottleRequests->handleRequest(Object(Illuminate/Http/Request), Object(Closure), Array)
#27 C:/Users/user/MyFiles/ProgmiX/PEX-Form-main/vendor/laravel/framework/src/Illuminate/Pipeline/Pipeline.php(219): Illuminate/Routing/Middleware/ThrottleRequests->handle(Object(Illuminate/Http/Request), Object(Closure))
#28 C:/Users/user/MyFiles/ProgmiX/PEX-Form-main/modules/Backend/Http/Middleware/PathTraversal.php(57): Illuminate/Pipeline/Pipeline->Illuminate/Pipeline/{closure}(Object(Illuminate/Http/Request))
#29 C:/Users/user/MyFiles/ProgmiX/PEX-Form-main/vendor/laravel/framework/src/Illuminate/Pipeline/Pipeline.php(219): Juzaweb/Backend/Http/Middleware/PathTraversal->handle(Object(Illuminate/Http/Request), Object(Closure))
#30 C:/Users/user/MyFiles/ProgmiX/PEX-Form-main/modules/Backend/Http/Middleware/XssSanitization.php(44): Illuminate/Pipeline/Pipeline->Illuminate/Pipeline/{closure}(Object(Illuminate/Http/Request))
#31 C:/Users/user/MyFiles/ProgmiX/PEX-Form-main/vendor/laravel/framework/src/Illuminate/Pipeline/Pipeline.php(219): Juzaweb/Backend/Http/Middleware/XssSanitization->handle(Object(Illuminate/Http/Request), Object(Closure))
#32 C:/Users/user/MyFiles/ProgmiX/PEX-Form-main/vendor/spatie/laravel-csp/src/AddCspHeaders.php(13): Illuminate/Pipeline/Pipeline->Illuminate/Pipeline/{closure}(Object(Illuminate/Http/Request))
#33 C:/Users/user/MyFiles/ProgmiX/PEX-Form-main/vendor/laravel/framework/src/Illuminate/Pipeline/Pipeline.php(219): Spatie/Csp/AddCspHeaders->handle(Object(Illuminate/Http/Request), Object(Closure))
#34 C:/Users/user/MyFiles/ProgmiX/PEX-Form-main/vendor/barryvdh/laravel-debugbar/src/Middleware/InjectDebugbar.php(59): Illuminate/Pipeline/Pipeline->Illuminate/Pipeline/{closure}(Object(Illuminate/Http/Request))
#35 C:/Users/user/MyFiles/ProgmiX/PEX-Form-main/vendor/laravel/framework/src/Illuminate/Pipeline/Pipeline.php(219): Barryvdh/Debugbar/Middleware/InjectDebugbar->handle(Object(Illuminate/Http/Request), Object(Closure))
#36 C:/Users/user/MyFiles/ProgmiX/PEX-Form-main/modules/CMS/Http/Middleware/XFrameHeadersMiddleware.php(41): Illuminate/Pipeline/Pipeline->Illuminate/Pipeline/{closure}(Object(Illuminate/Http/Request))
#37 C:/Users/user/MyFiles/ProgmiX/PEX-Form-main/vendor/laravel/framework/src/Illuminate/Pipeline/Pipeline.php(219): Juzaweb/CMS/Http/Middleware/XFrameHeadersMiddleware->handle(Object(Illuminate/Http/Request), Object(Closure))
#38 C:/Users/user/MyFiles/ProgmiX/PEX-Form-main/vendor/laravel/framework/src/Illuminate/Routing/Middleware/SubstituteBindings.php(50): Illuminate/Pipeline/Pipeline->Illuminate/Pipeline/{closure}(Object(Illuminate/Http/Request))
#39 C:/Users/user/MyFiles/ProgmiX/PEX-Form-main/vendor/laravel/framework/src/Illuminate/Pipeline/Pipeline.php(219): Illuminate/Routing/Middleware/SubstituteBindings->handle(Object(Illuminate/Http/Request), Object(Closure))
#40 C:/Users/user/MyFiles/ProgmiX/PEX-Form-main/vendor/laravel/framework/src/Illuminate/Cookie/Middleware/AddQueuedCookiesToResponse.php(36): Illuminate/Pipeline/Pipeline->Illuminate/Pipeline/{closure}(Object(Illuminate/Http/Request))
#41 C:/Users/user/MyFiles/ProgmiX/PEX-Form-main/vendor/laravel/framework/src/Illuminate/Pipeline/Pipeline.php(219): Illuminate/Cookie/Middleware/AddQueuedCookiesToResponse->handle(Object(Illuminate/Http/Request), Object(Closure))
#42 C:/Users/user/MyFiles/ProgmiX/PEX-Form-main/vendor/laravel/framework/src/Illuminate/View/Middleware/ShareErrorsFromSession.php(48): Illuminate/Pipeline/Pipeline->Illuminate/Pipeline/{closure}(Object(Illuminate/Http/Request))
#43 C:/Users/user/MyFiles/ProgmiX/PEX-Form-main/modules/Backend/Http/Middleware/ShareErrorsUnlessBot.php(24): Illuminate/View/Middleware/ShareErrorsFromSession->handle(Object(Illuminate/Http/Request), Object(Closure))
#44 C:/Users/user/MyFiles/ProgmiX/PEX-Form-main/vendor/laravel/framework/src/Illuminate/Pipeline/Pipeline.php(219): Juzaweb/Backend/Http/Middleware/ShareErrorsUnlessBot->handle(Object(Illuminate/Http/Request), Object(Closure))
#45 C:/Users/user/MyFiles/ProgmiX/PEX-Form-main/vendor/laravel/framework/src/Illuminate/Session/Middleware/StartSession.php(120): Illuminate/Pipeline/Pipeline->Illuminate/Pipeline/{closure}(Object(Illuminate/Http/Request))
#46 C:/Users/user/MyFiles/ProgmiX/PEX-Form-main/vendor/laravel/framework/src/Illuminate/Session/Middleware/StartSession.php(63): Illuminate/Session/Middleware/StartSession->handleStatefulRequest(Object(Illuminate/Http/Request), Object(Illuminate/Session/Store), Object(Closure))
#47 C:/Users/user/MyFiles/ProgmiX/PEX-Form-main/modules/Backend/Http/Middleware/SkipSessionForBots.php(24): Illuminate/Session/Middleware/StartSession->handle(Object(Illuminate/Http/Request), Object(Closure))
#48 C:/Users/user/MyFiles/ProgmiX/PEX-Form-main/vendor/laravel/framework/src/Illuminate/Pipeline/Pipeline.php(219): Juzaweb/Backend/Http/Middleware/SkipSessionForBots->handle(Object(Illuminate/Http/Request), Object(Closure))
#49 C:/Users/user/MyFiles/ProgmiX/PEX-Form-main/vendor/laravel/framework/src/Illuminate/Cookie/Middleware/EncryptCookies.php(74): Illuminate/Pipeline/Pipeline->Illuminate/Pipeline/{closure}(Object(Illuminate/Http/Request))
#50 C:/Users/user/MyFiles/ProgmiX/PEX-Form-main/vendor/laravel/framework/src/Illuminate/Pipeline/Pipeline.php(219): Illuminate/Cookie/Middleware/EncryptCookies->handle(Object(Illuminate/Http/Request), Object(Closure))
#51 C:/Users/user/MyFiles/ProgmiX/PEX-Form-main/modules/CMS/Http/Middleware/GlobalMiddleware.php(11): Illuminate/Pipeline/Pipeline->Illuminate/Pipeline/{closure}(Object(Illuminate/Http/Request))
#52 C:/Users/user/MyFiles/ProgmiX/PEX-Form-main/vendor/laravel/framework/src/Illuminate/Pipeline/Pipeline.php(219): Juzaweb/CMS/Http/Middleware/GlobalMiddleware->handle(Object(Illuminate/Http/Request), Object(Closure))
#53 C:/Users/user/MyFiles/ProgmiX/PEX-Form-main/modules/Backend/Http/Middleware/DisableSessionForBots.php(30): Illuminate/Pipeline/Pipeline->Illuminate/Pipeline/{closure}(Object(Illuminate/Http/Request))
#54 C:/Users/user/MyFiles/ProgmiX/PEX-Form-main/vendor/laravel/framework/src/Illuminate/Pipeline/Pipeline.php(219): Juzaweb/Backend/Http/Middleware/DisableSessionForBots->handle(Object(Illuminate/Http/Request), Object(Closure))
#55 C:/Users/user/MyFiles/ProgmiX/PEX-Form-main/vendor/laravel/framework/src/Illuminate/Pipeline/Pipeline.php(137): Illuminate/Pipeline/Pipeline->Illuminate/Pipeline/{closure}(Object(Illuminate/Http/Request))
#56 C:/Users/user/MyFiles/ProgmiX/PEX-Form-main/vendor/laravel/framework/src/Illuminate/Routing/Router.php(821): Illuminate/Pipeline/Pipeline->then(Object(Closure))
#57 C:/Users/user/MyFiles/ProgmiX/PEX-Form-main/vendor/laravel/framework/src/Illuminate/Routing/Router.php(800): Illuminate/Routing/Router->runRouteWithinStack(Object(Illuminate/Routing/Route), Object(Illuminate/Http/Request))
#58 C:/Users/user/MyFiles/ProgmiX/PEX-Form-main/vendor/laravel/framework/src/Illuminate/Routing/Router.php(764): Illuminate/Routing/Router->runRoute(Object(Illuminate/Http/Request), Object(Illuminate/Routing/Route))
#59 C:/Users/user/MyFiles/ProgmiX/PEX-Form-main/vendor/laravel/framework/src/Illuminate/Routing/Router.php(753): Illuminate/Routing/Router->dispatchToRoute(Object(Illuminate/Http/Request))
#60 C:/Users/user/MyFiles/ProgmiX/PEX-Form-main/vendor/laravel/framework/src/Illuminate/Foundation/Http/Kernel.php(200): Illuminate/Routing/Router->dispatch(Object(Illuminate/Http/Request))
#61 C:/Users/user/MyFiles/ProgmiX/PEX-Form-main/vendor/laravel/framework/src/Illuminate/Pipeline/Pipeline.php(180): Illuminate/Foundation/Http/Kernel->Illuminate/Foundation/Http/{closure}(Object(Illuminate/Http/Request))
#62 C:/Users/user/MyFiles/ProgmiX/PEX-Form-main/vendor/barryvdh/laravel-debugbar/src/Middleware/InjectDebugbar.php(59): Illuminate/Pipeline/Pipeline->Illuminate/Pipeline/{closure}(Object(Illuminate/Http/Request))
#63 C:/Users/user/MyFiles/ProgmiX/PEX-Form-main/vendor/laravel/framework/src/Illuminate/Pipeline/Pipeline.php(219): Barryvdh/Debugbar/Middleware/InjectDebugbar->handle(Object(Illuminate/Http/Request), Object(Closure))
#64 C:/Users/user/MyFiles/ProgmiX/PEX-Form-main/modules/Backend/Http/Middleware/BlockIpMiddleware.php(31): Illuminate/Pipeline/Pipeline->Illuminate/Pipeline/{closure}(Object(Illuminate/Http/Request))
#65 C:/Users/user/MyFiles/ProgmiX/PEX-Form-main/vendor/laravel/framework/src/Illuminate/Pipeline/Pipeline.php(219): Juzaweb/Backend/Http/Middleware/BlockIpMiddleware->handle(Object(Illuminate/Http/Request), Object(Closure))
#66 C:/Users/user/MyFiles/ProgmiX/PEX-Form-main/modules/Backend/Http/Middleware/SecurityHeaders.php(25): Illuminate/Pipeline/Pipeline->Illuminate/Pipeline/{closure}(Object(Illuminate/Http/Request))
#67 C:/Users/user/MyFiles/ProgmiX/PEX-Form-main/vendor/laravel/framework/src/Illuminate/Pipeline/Pipeline.php(219): Juzaweb/Backend/Http/Middleware/SecurityHeaders->handle(Object(Illuminate/Http/Request), Object(Closure))
#68 C:/Users/user/MyFiles/ProgmiX/PEX-Form-main/vendor/laravel/framework/src/Illuminate/Foundation/Http/Middleware/TransformsRequest.php(21): Illuminate/Pipeline/Pipeline->Illuminate/Pipeline/{closure}(Object(Illuminate/Http/Request))
#69 C:/Users/user/MyFiles/ProgmiX/PEX-Form-main/vendor/laravel/framework/src/Illuminate/Foundation/Http/Middleware/ConvertEmptyStringsToNull.php(31): Illuminate/Foundation/Http/Middleware/TransformsRequest->handle(Object(Illuminate/Http/Request), Object(Closure))
#70 C:/Users/user/MyFiles/ProgmiX/PEX-Form-main/vendor/laravel/framework/src/Illuminate/Pipeline/Pipeline.php(219): Illuminate/Foundation/Http/Middleware/ConvertEmptyStringsToNull->handle(Object(Illuminate/Http/Request), Object(Closure))
#71 C:/Users/user/MyFiles/ProgmiX/PEX-Form-main/vendor/laravel/framework/src/Illuminate/Foundation/Http/Middleware/TransformsRequest.php(21): Illuminate/Pipeline/Pipeline->Illuminate/Pipeline/{closure}(Object(Illuminate/Http/Request))
#72 C:/Users/user/MyFiles/ProgmiX/PEX-Form-main/vendor/laravel/framework/src/Illuminate/Foundation/Http/Middleware/TrimStrings.php(51): Illuminate/Foundation/Http/Middleware/TransformsRequest->handle(Object(Illuminate/Http/Request), Object(Closure))
#73 C:/Users/user/MyFiles/ProgmiX/PEX-Form-main/vendor/laravel/framework/src/Illuminate/Pipeline/Pipeline.php(219): Illuminate/Foundation/Http/Middleware/TrimStrings->handle(Object(Illuminate/Http/Request), Object(Closure))
#74 C:/Users/user/MyFiles/ProgmiX/PEX-Form-main/vendor/laravel/framework/src/Illuminate/Http/Middleware/ValidatePostSize.php(27): Illuminate/Pipeline/Pipeline->Illuminate/Pipeline/{closure}(Object(Illuminate/Http/Request))
#75 C:/Users/user/MyFiles/ProgmiX/PEX-Form-main/vendor/laravel/framework/src/Illuminate/Pipeline/Pipeline.php(219): Illuminate/Http/Middleware/ValidatePostSize->handle(Object(Illuminate/Http/Request), Object(Closure))
#76 C:/Users/user/MyFiles/ProgmiX/PEX-Form-main/vendor/laravel/framework/src/Illuminate/Foundation/Http/Middleware/PreventRequestsDuringMaintenance.php(109): Illuminate/Pipeline/Pipeline->Illuminate/Pipeline/{closure}(Object(Illuminate/Http/Request))
#77 C:/Users/user/MyFiles/ProgmiX/PEX-Form-main/vendor/laravel/framework/src/Illuminate/Pipeline/Pipeline.php(219): Illuminate/Foundation/Http/Middleware/PreventRequestsDuringMaintenance->handle(Object(Illuminate/Http/Request), Object(Closure))
#78 C:/Users/user/MyFiles/ProgmiX/PEX-Form-main/vendor/laravel/framework/src/Illuminate/Http/Middleware/HandleCors.php(61): Illuminate/Pipeline/Pipeline->Illuminate/Pipeline/{closure}(Object(Illuminate/Http/Request))
#79 C:/Users/user/MyFiles/ProgmiX/PEX-Form-main/vendor/laravel/framework/src/Illuminate/Pipeline/Pipeline.php(219): Illuminate/Http/Middleware/HandleCors->handle(Object(Illuminate/Http/Request), Object(Closure))
#80 C:/Users/user/MyFiles/ProgmiX/PEX-Form-main/vendor/laravel/framework/src/Illuminate/Http/Middleware/TrustProxies.php(58): Illuminate/Pipeline/Pipeline->Illuminate/Pipeline/{closure}(Object(Illuminate/Http/Request))
#81 C:/Users/user/MyFiles/ProgmiX/PEX-Form-main/vendor/laravel/framework/src/Illuminate/Pipeline/Pipeline.php(219): Illuminate/Http/Middleware/TrustProxies->handle(Object(Illuminate/Http/Request), Object(Closure))
#82 C:/Users/user/MyFiles/ProgmiX/PEX-Form-main/vendor/laravel/framework/src/Illuminate/Pipeline/Pipeline.php(137): Illuminate/Pipeline/Pipeline->Illuminate/Pipeline/{closure}(Object(Illuminate/Http/Request))
#83 C:/Users/user/MyFiles/ProgmiX/PEX-Form-main/vendor/laravel/framework/src/Illuminate/Foundation/Http/Kernel.php(175): Illuminate/Pipeline/Pipeline->then(Object(Closure))
#84 C:/Users/user/MyFiles/ProgmiX/PEX-Form-main/vendor/laravel/framework/src/Illuminate/Foundation/Http/Kernel.php(144): Illuminate/Foundation/Http/Kernel->sendRequestThroughRouter(Object(Illuminate/Http/Request))
#85 C:/Users/user/MyFiles/ProgmiX/PEX-Form-main/public/index.php(51): Illuminate/Foundation/Http/Kernel->handle(Object(Illuminate/Http/Request))
#86 C:/Users/user/MyFiles/ProgmiX/PEX-Form-main/vendor/laravel/framework/src/Illuminate/Foundation/resources/server.php(23): require_once('C://Users//user//M...')
#87 {main}

[previous exception] [object] (ErrorException(code: 0): Undefined array key \"fax\" at C:/Users/user/MyFiles/ProgmiX/PEX-Form-main/storage/framework/views/a84ddf431c771032d0234d77e02450d7.php:9)
[stacktrace]
#0 C:/Users/user/MyFiles/ProgmiX/PEX-Form-main/vendor/laravel/framework/src/Illuminate/Foundation/Bootstrap/HandleExceptions.php(262): Illuminate/Foundation/Bootstrap/HandleExceptions->handleError(2, 'Undefined array...', 'C://Users//user//M...', 9)
#1 C:/Users/user/MyFiles/ProgmiX/PEX-Form-main/storage/framework/views/a84ddf431c771032d0234d77e02450d7.php(9): Illuminate/Foundation/Bootstrap/HandleExceptions->Illuminate/Foundation/Bootstrap/{closure}(2, 'Undefined array...', 'C://Users//user//M...', 9)
#2 C:/Users/user/MyFiles/ProgmiX/PEX-Form-main/vendor/laravel/framework/src/Illuminate/Filesystem/Filesystem.php(123): require('C://Users//user//M...')
#3 C:/Users/user/MyFiles/ProgmiX/PEX-Form-main/vendor/laravel/framework/src/Illuminate/Filesystem/Filesystem.php(124): Illuminate/Filesystem/Filesystem::Illuminate/Filesystem/{closure}()
#4 C:/Users/user/MyFiles/ProgmiX/PEX-Form-main/vendor/laravel/framework/src/Illuminate/View/Engines/PhpEngine.php(57): Illuminate/Filesystem/Filesystem->getRequire('C://Users//user//M...', Array)
#5 C:/Users/user/MyFiles/ProgmiX/PEX-Form-main/vendor/laravel/framework/src/Illuminate/View/Engines/CompilerEngine.php(76): Illuminate/View/Engines/PhpEngine->evaluatePath('C://Users//user//M...', Array)
#6 C:/Users/user/MyFiles/ProgmiX/PEX-Form-main/vendor/laravel/framework/src/Illuminate/View/View.php(208): Illuminate/View/Engines/CompilerEngine->get('C://Users//user//M...', Array)
#7 C:/Users/user/MyFiles/ProgmiX/PEX-Form-main/vendor/laravel/framework/src/Illuminate/View/View.php(191): Illuminate/View/View->getContents()
#8 C:/Users/user/MyFiles/ProgmiX/PEX-Form-main/vendor/laravel/framework/src/Illuminate/View/View.php(160): Illuminate/View/View->renderContents()
#9 C:/Users/user/MyFiles/ProgmiX/PEX-Form-main/storage/framework/views/078e945ecbf82d678121cbf4f8650dce.php(1): Illuminate/View/View->render()
#10 C:/Users/user/MyFiles/ProgmiX/PEX-Form-main/vendor/laravel/framework/src/Illuminate/Filesystem/Filesystem.php(123): require('C://Users//user//M...')
#11 C:/Users/user/MyFiles/ProgmiX/PEX-Form-main/vendor/laravel/framework/src/Illuminate/Filesystem/Filesystem.php(124): Illuminate/Filesystem/Filesystem::Illuminate/Filesystem/{closure}()
#12 C:/Users/user/MyFiles/ProgmiX/PEX-Form-main/vendor/laravel/framework/src/Illuminate/View/Engines/PhpEngine.php(57): Illuminate/Filesystem/Filesystem->getRequire('C://Users//user//M...', Array)
#13 C:/Users/user/MyFiles/ProgmiX/PEX-Form-main/vendor/laravel/framework/src/Illuminate/View/Engines/CompilerEngine.php(76): Illuminate/View/Engines/PhpEngine->evaluatePath('C://Users//user//M...', Array)
#14 C:/Users/user/MyFiles/ProgmiX/PEX-Form-main/vendor/laravel/framework/src/Illuminate/View/View.php(208): Illuminate/View/Engines/CompilerEngine->get('C://Users//user//M...', Array)
#15 C:/Users/user/MyFiles/ProgmiX/PEX-Form-main/vendor/laravel/framework/src/Illuminate/View/View.php(191): Illuminate/View/View->getContents()
#16 C:/Users/user/MyFiles/ProgmiX/PEX-Form-main/vendor/laravel/framework/src/Illuminate/View/View.php(160): Illuminate/View/View->renderContents()
#17 C:/Users/user/MyFiles/ProgmiX/PEX-Form-main/vendor/laravel/framework/src/Illuminate/Http/Response.php(78): Illuminate/View/View->render()
#18 C:/Users/user/MyFiles/ProgmiX/PEX-Form-main/vendor/laravel/framework/src/Illuminate/Http/Response.php(34): Illuminate/Http/Response->setContent(Object(Illuminate/View/View))
#19 C:/Users/user/MyFiles/ProgmiX/PEX-Form-main/vendor/laravel/framework/src/Illuminate/Routing/Router.php(939): Illuminate/Http/Response->__construct(Object(Illuminate/View/View), 200, Array)
#20 C:/Users/user/MyFiles/ProgmiX/PEX-Form-main/vendor/laravel/framework/src/Illuminate/Routing/Router.php(906): Illuminate/Routing/Router::toResponse(Object(Illuminate/Http/Request), Object(Illuminate/View/View))
#21 C:/Users/user/MyFiles/ProgmiX/PEX-Form-main/vendor/laravel/framework/src/Illuminate/Routing/Router.php(821): Illuminate/Routing/Router->prepareResponse(Object(Illuminate/Http/Request), Object(Illuminate/View/View))
#22 C:/Users/user/MyFiles/ProgmiX/PEX-Form-main/vendor/laravel/framework/src/Illuminate/Pipeline/Pipeline.php(180): Illuminate/Routing/Router->Illuminate/Routing/{closure}(Object(Illuminate/Http/Request))
#23 C:/Users/user/MyFiles/ProgmiX/PEX-Form-main/modules/Frontend/Http/Middleware/Locale.php(49): Illuminate/Pipeline/Pipeline->Illuminate/Pipeline/{closure}(Object(Illuminate/Http/Request))
#24 C:/Users/user/MyFiles/ProgmiX/PEX-Form-main/vendor/laravel/framework/src/Illuminate/Pipeline/Pipeline.php(219): Juzaweb/Frontend/Http/Middleware/Locale->handle(Object(Illuminate/Http/Request), Object(Closure))
#25 C:/Users/user/MyFiles/ProgmiX/PEX-Form-main/modules/Backend/Http/Middleware/SecurityHeaders.php(25): Illuminate/Pipeline/Pipeline->Illuminate/Pipeline/{closure}(Object(Illuminate/Http/Request))
#26 C:/Users/user/MyFiles/ProgmiX/PEX-Form-main/vendor/laravel/framework/src/Illuminate/Pipeline/Pipeline.php(219): Juzaweb/Backend/Http/Middleware/SecurityHeaders->handle(Object(Illuminate/Http/Request), Object(Closure))
#27 C:/Users/user/MyFiles/ProgmiX/PEX-Form-main/vendor/laravel/framework/src/Illuminate/Routing/Middleware/ThrottleRequests.php(166): Illuminate/Pipeline/Pipeline->Illuminate/Pipeline/{closure}(Object(Illuminate/Http/Request))
#28 C:/Users/user/MyFiles/ProgmiX/PEX-Form-main/vendor/laravel/framework/src/Illuminate/Routing/Middleware/ThrottleRequests.php(93): Illuminate/Routing/Middleware/ThrottleRequests->handleRequest(Object(Illuminate/Http/Request), Object(Closure), Array)
#29 C:/Users/user/MyFiles/ProgmiX/PEX-Form-main/vendor/laravel/framework/src/Illuminate/Pipeline/Pipeline.php(219): Illuminate/Routing/Middleware/ThrottleRequests->handle(Object(Illuminate/Http/Request), Object(Closure))
#30 C:/Users/user/MyFiles/ProgmiX/PEX-Form-main/modules/Backend/Http/Middleware/PathTraversal.php(57): Illuminate/Pipeline/Pipeline->Illuminate/Pipeline/{closure}(Object(Illuminate/Http/Request))
#31 C:/Users/user/MyFiles/ProgmiX/PEX-Form-main/vendor/laravel/framework/src/Illuminate/Pipeline/Pipeline.php(219): Juzaweb/Backend/Http/Middleware/PathTraversal->handle(Object(Illuminate/Http/Request), Object(Closure))
#32 C:/Users/user/MyFiles/ProgmiX/PEX-Form-main/modules/Backend/Http/Middleware/XssSanitization.php(44): Illuminate/Pipeline/Pipeline->Illuminate/Pipeline/{closure}(Object(Illuminate/Http/Request))
#33 C:/Users/user/MyFiles/ProgmiX/PEX-Form-main/vendor/laravel/framework/src/Illuminate/Pipeline/Pipeline.php(219): Juzaweb/Backend/Http/Middleware/XssSanitization->handle(Object(Illuminate/Http/Request), Object(Closure))
#34 C:/Users/user/MyFiles/ProgmiX/PEX-Form-main/vendor/spatie/laravel-csp/src/AddCspHeaders.php(13): Illuminate/Pipeline/Pipeline->Illuminate/Pipeline/{closure}(Object(Illuminate/Http/Request))
#35 C:/Users/user/MyFiles/ProgmiX/PEX-Form-main/vendor/laravel/framework/src/Illuminate/Pipeline/Pipeline.php(219): Spatie/Csp/AddCspHeaders->handle(Object(Illuminate/Http/Request), Object(Closure))
#36 C:/Users/user/MyFiles/ProgmiX/PEX-Form-main/vendor/barryvdh/laravel-debugbar/src/Middleware/InjectDebugbar.php(59): Illuminate/Pipeline/Pipeline->Illuminate/Pipeline/{closure}(Object(Illuminate/Http/Request))
#37 C:/Users/user/MyFiles/ProgmiX/PEX-Form-main/vendor/laravel/framework/src/Illuminate/Pipeline/Pipeline.php(219): Barryvdh/Debugbar/Middleware/InjectDebugbar->handle(Object(Illuminate/Http/Request), Object(Closure))
#38 C:/Users/user/MyFiles/ProgmiX/PEX-Form-main/modules/CMS/Http/Middleware/XFrameHeadersMiddleware.php(41): Illuminate/Pipeline/Pipeline->Illuminate/Pipeline/{closure}(Object(Illuminate/Http/Request))
#39 C:/Users/user/MyFiles/ProgmiX/PEX-Form-main/vendor/laravel/framework/src/Illuminate/Pipeline/Pipeline.php(219): Juzaweb/CMS/Http/Middleware/XFrameHeadersMiddleware->handle(Object(Illuminate/Http/Request), Object(Closure))
#40 C:/Users/user/MyFiles/ProgmiX/PEX-Form-main/vendor/laravel/framework/src/Illuminate/Routing/Middleware/SubstituteBindings.php(50): Illuminate/Pipeline/Pipeline->Illuminate/Pipeline/{closure}(Object(Illuminate/Http/Request))
#41 C:/Users/user/MyFiles/ProgmiX/PEX-Form-main/vendor/laravel/framework/src/Illuminate/Pipeline/Pipeline.php(219): Illuminate/Routing/Middleware/SubstituteBindings->handle(Object(Illuminate/Http/Request), Object(Closure))
#42 C:/Users/user/MyFiles/ProgmiX/PEX-Form-main/vendor/laravel/framework/src/Illuminate/Cookie/Middleware/AddQueuedCookiesToResponse.php(36): Illuminate/Pipeline/Pipeline->Illuminate/Pipeline/{closure}(Object(Illuminate/Http/Request))
#43 C:/Users/user/MyFiles/ProgmiX/PEX-Form-main/vendor/laravel/framework/src/Illuminate/Pipeline/Pipeline.php(219): Illuminate/Cookie/Middleware/AddQueuedCookiesToResponse->handle(Object(Illuminate/Http/Request), Object(Closure))
#44 C:/Users/user/MyFiles/ProgmiX/PEX-Form-main/vendor/laravel/framework/src/Illuminate/View/Middleware/ShareErrorsFromSession.php(48): Illuminate/Pipeline/Pipeline->Illuminate/Pipeline/{closure}(Object(Illuminate/Http/Request))
#45 C:/Users/user/MyFiles/ProgmiX/PEX-Form-main/modules/Backend/Http/Middleware/ShareErrorsUnlessBot.php(24): Illuminate/View/Middleware/ShareErrorsFromSession->handle(Object(Illuminate/Http/Request), Object(Closure))
#46 C:/Users/user/MyFiles/ProgmiX/PEX-Form-main/vendor/laravel/framework/src/Illuminate/Pipeline/Pipeline.php(219): Juzaweb/Backend/Http/Middleware/ShareErrorsUnlessBot->handle(Object(Illuminate/Http/Request), Object(Closure))
#47 C:/Users/user/MyFiles/ProgmiX/PEX-Form-main/vendor/laravel/framework/src/Illuminate/Session/Middleware/StartSession.php(120): Illuminate/Pipeline/Pipeline->Illuminate/Pipeline/{closure}(Object(Illuminate/Http/Request))
#48 C:/Users/user/MyFiles/ProgmiX/PEX-Form-main/vendor/laravel/framework/src/Illuminate/Session/Middleware/StartSession.php(63): Illuminate/Session/Middleware/StartSession->handleStatefulRequest(Object(Illuminate/Http/Request), Object(Illuminate/Session/Store), Object(Closure))
#49 C:/Users/user/MyFiles/ProgmiX/PEX-Form-main/modules/Backend/Http/Middleware/SkipSessionForBots.php(24): Illuminate/Session/Middleware/StartSession->handle(Object(Illuminate/Http/Request), Object(Closure))
#50 C:/Users/user/MyFiles/ProgmiX/PEX-Form-main/vendor/laravel/framework/src/Illuminate/Pipeline/Pipeline.php(219): Juzaweb/Backend/Http/Middleware/SkipSessionForBots->handle(Object(Illuminate/Http/Request), Object(Closure))
#51 C:/Users/user/MyFiles/ProgmiX/PEX-Form-main/vendor/laravel/framework/src/Illuminate/Cookie/Middleware/EncryptCookies.php(74): Illuminate/Pipeline/Pipeline->Illuminate/Pipeline/{closure}(Object(Illuminate/Http/Request))
#52 C:/Users/user/MyFiles/ProgmiX/PEX-Form-main/vendor/laravel/framework/src/Illuminate/Pipeline/Pipeline.php(219): Illuminate/Cookie/Middleware/EncryptCookies->handle(Object(Illuminate/Http/Request), Object(Closure))
#53 C:/Users/user/MyFiles/ProgmiX/PEX-Form-main/modules/CMS/Http/Middleware/GlobalMiddleware.php(11): Illuminate/Pipeline/Pipeline->Illuminate/Pipeline/{closure}(Object(Illuminate/Http/Request))
#54 C:/Users/user/MyFiles/ProgmiX/PEX-Form-main/vendor/laravel/framework/src/Illuminate/Pipeline/Pipeline.php(219): Juzaweb/CMS/Http/Middleware/GlobalMiddleware->handle(Object(Illuminate/Http/Request), Object(Closure))
#55 C:/Users/user/MyFiles/ProgmiX/PEX-Form-main/modules/Backend/Http/Middleware/DisableSessionForBots.php(30): Illuminate/Pipeline/Pipeline->Illuminate/Pipeline/{closure}(Object(Illuminate/Http/Request))
#56 C:/Users/user/MyFiles/ProgmiX/PEX-Form-main/vendor/laravel/framework/src/Illuminate/Pipeline/Pipeline.php(219): Juzaweb/Backend/Http/Middleware/DisableSessionForBots->handle(Object(Illuminate/Http/Request), Object(Closure))
#57 C:/Users/user/MyFiles/ProgmiX/PEX-Form-main/vendor/laravel/framework/src/Illuminate/Pipeline/Pipeline.php(137): Illuminate/Pipeline/Pipeline->Illuminate/Pipeline/{closure}(Object(Illuminate/Http/Request))
#58 C:/Users/user/MyFiles/ProgmiX/PEX-Form-main/vendor/laravel/framework/src/Illuminate/Routing/Router.php(821): Illuminate/Pipeline/Pipeline->then(Object(Closure))
#59 C:/Users/user/MyFiles/ProgmiX/PEX-Form-main/vendor/laravel/framework/src/Illuminate/Routing/Router.php(800): Illuminate/Routing/Router->runRouteWithinStack(Object(Illuminate/Routing/Route), Object(Illuminate/Http/Request))
#60 C:/Users/user/MyFiles/ProgmiX/PEX-Form-main/vendor/laravel/framework/src/Illuminate/Routing/Router.php(764): Illuminate/Routing/Router->runRoute(Object(Illuminate/Http/Request), Object(Illuminate/Routing/Route))
#61 C:/Users/user/MyFiles/ProgmiX/PEX-Form-main/vendor/laravel/framework/src/Illuminate/Routing/Router.php(753): Illuminate/Routing/Router->dispatchToRoute(Object(Illuminate/Http/Request))
#62 C:/Users/user/MyFiles/ProgmiX/PEX-Form-main/vendor/laravel/framework/src/Illuminate/Foundation/Http/Kernel.php(200): Illuminate/Routing/Router->dispatch(Object(Illuminate/Http/Request))
#63 C:/Users/user/MyFiles/ProgmiX/PEX-Form-main/vendor/laravel/framework/src/Illuminate/Pipeline/Pipeline.php(180): Illuminate/Foundation/Http/Kernel->Illuminate/Foundation/Http/{closure}(Object(Illuminate/Http/Request))
#64 C:/Users/user/MyFiles/ProgmiX/PEX-Form-main/vendor/barryvdh/laravel-debugbar/src/Middleware/InjectDebugbar.php(59): Illuminate/Pipeline/Pipeline->Illuminate/Pipeline/{closure}(Object(Illuminate/Http/Request))
#65 C:/Users/user/MyFiles/ProgmiX/PEX-Form-main/vendor/laravel/framework/src/Illuminate/Pipeline/Pipeline.php(219): Barryvdh/Debugbar/Middleware/InjectDebugbar->handle(Object(Illuminate/Http/Request), Object(Closure))
#66 C:/Users/user/MyFiles/ProgmiX/PEX-Form-main/modules/Backend/Http/Middleware/BlockIpMiddleware.php(31): Illuminate/Pipeline/Pipeline->Illuminate/Pipeline/{closure}(Object(Illuminate/Http/Request))
#67 C:/Users/user/MyFiles/ProgmiX/PEX-Form-main/vendor/laravel/framework/src/Illuminate/Pipeline/Pipeline.php(219): Juzaweb/Backend/Http/Middleware/BlockIpMiddleware->handle(Object(Illuminate/Http/Request), Object(Closure))
#68 C:/Users/user/MyFiles/ProgmiX/PEX-Form-main/modules/Backend/Http/Middleware/SecurityHeaders.php(25): Illuminate/Pipeline/Pipeline->Illuminate/Pipeline/{closure}(Object(Illuminate/Http/Request))
#69 C:/Users/user/MyFiles/ProgmiX/PEX-Form-main/vendor/laravel/framework/src/Illuminate/Pipeline/Pipeline.php(219): Juzaweb/Backend/Http/Middleware/SecurityHeaders->handle(Object(Illuminate/Http/Request), Object(Closure))
#70 C:/Users/user/MyFiles/ProgmiX/PEX-Form-main/vendor/laravel/framework/src/Illuminate/Foundation/Http/Middleware/TransformsRequest.php(21): Illuminate/Pipeline/Pipeline->Illuminate/Pipeline/{closure}(Object(Illuminate/Http/Request))
#71 C:/Users/user/MyFiles/ProgmiX/PEX-Form-main/vendor/laravel/framework/src/Illuminate/Foundation/Http/Middleware/ConvertEmptyStringsToNull.php(31): Illuminate/Foundation/Http/Middleware/TransformsRequest->handle(Object(Illuminate/Http/Request), Object(Closure))
#72 C:/Users/user/MyFiles/ProgmiX/PEX-Form-main/vendor/laravel/framework/src/Illuminate/Pipeline/Pipeline.php(219): Illuminate/Foundation/Http/Middleware/ConvertEmptyStringsToNull->handle(Object(Illuminate/Http/Request), Object(Closure))
#73 C:/Users/user/MyFiles/ProgmiX/PEX-Form-main/vendor/laravel/framework/src/Illuminate/Foundation/Http/Middleware/TransformsRequest.php(21): Illuminate/Pipeline/Pipeline->Illuminate/Pipeline/{closure}(Object(Illuminate/Http/Request))
#74 C:/Users/user/MyFiles/ProgmiX/PEX-Form-main/vendor/laravel/framework/src/Illuminate/Foundation/Http/Middleware/TrimStrings.php(51): Illuminate/Foundation/Http/Middleware/TransformsRequest->handle(Object(Illuminate/Http/Request), Object(Closure))
#75 C:/Users/user/MyFiles/ProgmiX/PEX-Form-main/vendor/laravel/framework/src/Illuminate/Pipeline/Pipeline.php(219): Illuminate/Foundation/Http/Middleware/TrimStrings->handle(Object(Illuminate/Http/Request), Object(Closure))
#76 C:/Users/user/MyFiles/ProgmiX/PEX-Form-main/vendor/laravel/framework/src/Illuminate/Http/Middleware/ValidatePostSize.php(27): Illuminate/Pipeline/Pipeline->Illuminate/Pipeline/{closure}(Object(Illuminate/Http/Request))
#77 C:/Users/user/MyFiles/ProgmiX/PEX-Form-main/vendor/laravel/framework/src/Illuminate/Pipeline/Pipeline.php(219): Illuminate/Http/Middleware/ValidatePostSize->handle(Object(Illuminate/Http/Request), Object(Closure))
#78 C:/Users/user/MyFiles/ProgmiX/PEX-Form-main/vendor/laravel/framework/src/Illuminate/Foundation/Http/Middleware/PreventRequestsDuringMaintenance.php(109): Illuminate/Pipeline/Pipeline->Illuminate/Pipeline/{closure}(Object(Illuminate/Http/Request))
#79 C:/Users/user/MyFiles/ProgmiX/PEX-Form-main/vendor/laravel/framework/src/Illuminate/Pipeline/Pipeline.php(219): Illuminate/Foundation/Http/Middleware/PreventRequestsDuringMaintenance->handle(Object(Illuminate/Http/Request), Object(Closure))
#80 C:/Users/user/MyFiles/ProgmiX/PEX-Form-main/vendor/laravel/framework/src/Illuminate/Http/Middleware/HandleCors.php(61): Illuminate/Pipeline/Pipeline->Illuminate/Pipeline/{closure}(Object(Illuminate/Http/Request))
#81 C:/Users/user/MyFiles/ProgmiX/PEX-Form-main/vendor/laravel/framework/src/Illuminate/Pipeline/Pipeline.php(219): Illuminate/Http/Middleware/HandleCors->handle(Object(Illuminate/Http/Request), Object(Closure))
#82 C:/Users/user/MyFiles/ProgmiX/PEX-Form-main/vendor/laravel/framework/src/Illuminate/Http/Middleware/TrustProxies.php(58): Illuminate/Pipeline/Pipeline->Illuminate/Pipeline/{closure}(Object(Illuminate/Http/Request))
#83 C:/Users/user/MyFiles/ProgmiX/PEX-Form-main/vendor/laravel/framework/src/Illuminate/Pipeline/Pipeline.php(219): Illuminate/Http/Middleware/TrustProxies->handle(Object(Illuminate/Http/Request), Object(Closure))
#84 C:/Users/user/MyFiles/ProgmiX/PEX-Form-main/vendor/laravel/framework/src/Illuminate/Pipeline/Pipeline.php(137): Illuminate/Pipeline/Pipeline->Illuminate/Pipeline/{closure}(Object(Illuminate/Http/Request))
#85 C:/Users/user/MyFiles/ProgmiX/PEX-Form-main/vendor/laravel/framework/src/Illuminate/Foundation/Http/Kernel.php(175): Illuminate/Pipeline/Pipeline->then(Object(Closure))
#86 C:/Users/user/MyFiles/ProgmiX/PEX-Form-main/vendor/laravel/framework/src/Illuminate/Foundation/Http/Kernel.php(144): Illuminate/Foundation/Http/Kernel->sendRequestThroughRouter(Object(Illuminate/Http/Request))
#87 C:/Users/user/MyFiles/ProgmiX/PEX-Form-main/public/index.php(51): Illuminate/Foundation/Http/Kernel->handle(Object(Illuminate/Http/Request))
#88 C:/Users/user/MyFiles/ProgmiX/PEX-Form-main/vendor/laravel/framework/src/Illuminate/Foundation/resources/server.php(23): require_once('C://Users//user//M...')
#89 {main}
"} 
[2026-09-30 08:39:37] local.ERROR: Undefined array key "fax" {"userId":1,"exception":"[object] (Spatie\\LaravelIgnition\\Exceptions\\ViewException(code: 0): Undefined array key \"fax\" at C:/Users/user/MyFiles/ProgmiX/PEX-Form-main/modules/Frontend/resources/views/templates/homepage/pex/contact.blade.php:10)
[stacktrace]
#0 C:/Users/user/MyFiles/ProgmiX/PEX-Form-main/vendor/laravel/framework/src/Illuminate/Filesystem/Filesystem.php(123): require('C://Users//user//M...')
#1 C:/Users/user/MyFiles/ProgmiX/PEX-Form-main/vendor/laravel/framework/src/Illuminate/Filesystem/Filesystem.php(124): Illuminate/Filesystem/Filesystem::Illuminate/Filesystem/{closure}()
#2 C:/Users/user/MyFiles/ProgmiX/PEX-Form-main/vendor/laravel/framework/src/Illuminate/View/Engines/PhpEngine.php(57): Illuminate/Filesystem/Filesystem->getRequire('C://Users//user//M...', Array)
#3 C:/Users/user/MyFiles/ProgmiX/PEX-Form-main/vendor/laravel/framework/src/Illuminate/View/Engines/CompilerEngine.php(76): Illuminate/View/Engines/PhpEngine->evaluatePath('C://Users//user//M...', Array)
#4 C:/Users/user/MyFiles/ProgmiX/PEX-Form-main/vendor/laravel/framework/src/Illuminate/View/View.php(208): Illuminate/View/Engines/CompilerEngine->get('C://Users//user//M...', Array)
#5 C:/Users/user/MyFiles/ProgmiX/PEX-Form-main/vendor/laravel/framework/src/Illuminate/View/View.php(191): Illuminate/View/View->getContents()
#6 C:/Users/user/MyFiles/ProgmiX/PEX-Form-main/vendor/laravel/framework/src/Illuminate/View/View.php(160): Illuminate/View/View->renderContents()
#7 C:/Users/user/MyFiles/ProgmiX/PEX-Form-main/modules/Frontend/resources/views/home.blade.php(1): Illuminate/View/View->render()
#8 C:/Users/user/MyFiles/ProgmiX/PEX-Form-main/vendor/laravel/framework/src/Illuminate/Filesystem/Filesystem.php(123): require('C://Users//user//M...')
#9 C:/Users/user/MyFiles/ProgmiX/PEX-Form-main/vendor/laravel/framework/src/Illuminate/Filesystem/Filesystem.php(124): Illuminate/Filesystem/Filesystem::Illuminate/Filesystem/{closure}()
#10 C:/Users/user/MyFiles/ProgmiX/PEX-Form-main/vendor/laravel/framework/src/Illuminate/View/Engines/PhpEngine.php(57): Illuminate/Filesystem/Filesystem->getRequire('C://Users//user//M...', Array)
#11 C:/Users/user/MyFiles/ProgmiX/PEX-Form-main/vendor/laravel/framework/src/Illuminate/View/Engines/CompilerEngine.php(76): Illuminate/View/Engines/PhpEngine->evaluatePath('C://Users//user//M...', Array)
#12 C:/Users/user/MyFiles/ProgmiX/PEX-Form-main/vendor/laravel/framework/src/Illuminate/View/View.php(208): Illuminate/View/Engines/CompilerEngine->get('C://Users//user//M...', Array)
#13 C:/Users/user/MyFiles/ProgmiX/PEX-Form-main/vendor/laravel/framework/src/Illuminate/View/View.php(191): Illuminate/View/View->getContents()
#14 C:/Users/user/MyFiles/ProgmiX/PEX-Form-main/vendor/laravel/framework/src/Illuminate/View/View.php(160): Illuminate/View/View->renderContents()
#15 C:/Users/user/MyFiles/ProgmiX/PEX-Form-main/vendor/laravel/framework/src/Illuminate/Http/Response.php(78): Illuminate/View/View->render()
#16 C:/Users/user/MyFiles/ProgmiX/PEX-Form-main/vendor/laravel/framework/src/Illuminate/Http/Response.php(34): Illuminate/Http/Response->setContent(Object(Illuminate/View/View))
#17 C:/Users/user/MyFiles/ProgmiX/PEX-Form-main/vendor/laravel/framework/src/Illuminate/Routing/Router.php(939): Illuminate/Http/Response->__construct(Object(Illuminate/View/View), 200, Array)
#18 C:/Users/user/MyFiles/ProgmiX/PEX-Form-main/vendor/laravel/framework/src/Illuminate/Routing/Router.php(906): Illuminate/Routing/Router::toResponse(Object(Illuminate/Http/Request), Object(Illuminate/View/View))
#19 C:/Users/user/MyFiles/ProgmiX/PEX-Form-main/vendor/laravel/framework/src/Illuminate/Routing/Router.php(821): Illuminate/Routing/Router->prepareResponse(Object(Illuminate/Http/Request), Object(Illuminate/View/View))
#20 C:/Users/user/MyFiles/ProgmiX/PEX-Form-main/vendor/laravel/framework/src/Illuminate/Pipeline/Pipeline.php(180): Illuminate/Routing/Router->Illuminate/Routing/{closure}(Object(Illuminate/Http/Request))
#21 C:/Users/user/MyFiles/ProgmiX/PEX-Form-main/modules/Frontend/Http/Middleware/Locale.php(49): Illuminate/Pipeline/Pipeline->Illuminate/Pipeline/{closure}(Object(Illuminate/Http/Request))
#22 C:/Users/user/MyFiles/ProgmiX/PEX-Form-main/vendor/laravel/framework/src/Illuminate/Pipeline/Pipeline.php(219): Juzaweb/Frontend/Http/Middleware/Locale->handle(Object(Illuminate/Http/Request), Object(Closure))
#23 C:/Users/user/MyFiles/ProgmiX/PEX-Form-main/modules/Backend/Http/Middleware/SecurityHeaders.php(25): Illuminate/Pipeline/Pipeline->Illuminate/Pipeline/{closure}(Object(Illuminate/Http/Request))
#24 C:/Users/user/MyFiles/ProgmiX/PEX-Form-main/vendor/laravel/framework/src/Illuminate/Pipeline/Pipeline.php(219): Juzaweb/Backend/Http/Middleware/SecurityHeaders->handle(Object(Illuminate/Http/Request), Object(Closure))
#25 C:/Users/user/MyFiles/ProgmiX/PEX-Form-main/vendor/laravel/framework/src/Illuminate/Routing/Middleware/ThrottleRequests.php(166): Illuminate/Pipeline/Pipeline->Illuminate/Pipeline/{closure}(Object(Illuminate/Http/Request))
#26 C:/Users/user/MyFiles/ProgmiX/PEX-Form-main/vendor/laravel/framework/src/Illuminate/Routing/Middleware/ThrottleRequests.php(93): Illuminate/Routing/Middleware/ThrottleRequests->handleRequest(Object(Illuminate/Http/Request), Object(Closure), Array)
#27 C:/Users/user/MyFiles/ProgmiX/PEX-Form-main/vendor/laravel/framework/src/Illuminate/Pipeline/Pipeline.php(219): Illuminate/Routing/Middleware/ThrottleRequests->handle(Object(Illuminate/Http/Request), Object(Closure))
#28 C:/Users/user/MyFiles/ProgmiX/PEX-Form-main/modules/Backend/Http/Middleware/PathTraversal.php(57): Illuminate/Pipeline/Pipeline->Illuminate/Pipeline/{closure}(Object(Illuminate/Http/Request))
#29 C:/Users/user/MyFiles/ProgmiX/PEX-Form-main/vendor/laravel/framework/src/Illuminate/Pipeline/Pipeline.php(219): Juzaweb/Backend/Http/Middleware/PathTraversal->handle(Object(Illuminate/Http/Request), Object(Closure))
#30 C:/Users/user/MyFiles/ProgmiX/PEX-Form-main/modules/Backend/Http/Middleware/XssSanitization.php(44): Illuminate/Pipeline/Pipeline->Illuminate/Pipeline/{closure}(Object(Illuminate/Http/Request))
#31 C:/Users/user/MyFiles/ProgmiX/PEX-Form-main/vendor/laravel/framework/src/Illuminate/Pipeline/Pipeline.php(219): Juzaweb/Backend/Http/Middleware/XssSanitization->handle(Object(Illuminate/Http/Request), Object(Closure))
#32 C:/Users/user/MyFiles/ProgmiX/PEX-Form-main/vendor/spatie/laravel-csp/src/AddCspHeaders.php(13): Illuminate/Pipeline/Pipeline->Illuminate/Pipeline/{closure}(Object(Illuminate/Http/Request))
#33 C:/Users/user/MyFiles/ProgmiX/PEX-Form-main/vendor/laravel/framework/src/Illuminate/Pipeline/Pipeline.php(219): Spatie/Csp/AddCspHeaders->handle(Object(Illuminate/Http/Request), Object(Closure))
#34 C:/Users/user/MyFiles/ProgmiX/PEX-Form-main/vendor/barryvdh/laravel-debugbar/src/Middleware/InjectDebugbar.php(59): Illuminate/Pipeline/Pipeline->Illuminate/Pipeline/{closure}(Object(Illuminate/Http/Request))
#35 C:/Users/user/MyFiles/ProgmiX/PEX-Form-main/vendor/laravel/framework/src/Illuminate/Pipeline/Pipeline.php(219): Barryvdh/Debugbar/Middleware/InjectDebugbar->handle(Object(Illuminate/Http/Request), Object(Closure))
#36 C:/Users/user/MyFiles/ProgmiX/PEX-Form-main/modules/CMS/Http/Middleware/XFrameHeadersMiddleware.php(41): Illuminate/Pipeline/Pipeline->Illuminate/Pipeline/{closure}(Object(Illuminate/Http/Request))
#37 C:/Users/user/MyFiles/ProgmiX/PEX-Form-main/vendor/laravel/framework/src/Illuminate/Pipeline/Pipeline.php(219): Juzaweb/CMS/Http/Middleware/XFrameHeadersMiddleware->handle(Object(Illuminate/Http/Request), Object(Closure))
#38 C:/Users/user/MyFiles/ProgmiX/PEX-Form-main/vendor/laravel/framework/src/Illuminate/Routing/Middleware/SubstituteBindings.php(50): Illuminate/Pipeline/Pipeline->Illuminate/Pipeline/{closure}(Object(Illuminate/Http/Request))
#39 C:/Users/user/MyFiles/ProgmiX/PEX-Form-main/vendor/laravel/framework/src/Illuminate/Pipeline/Pipeline.php(219): Illuminate/Routing/Middleware/SubstituteBindings->handle(Object(Illuminate/Http/Request), Object(Closure))
#40 C:/Users/user/MyFiles/ProgmiX/PEX-Form-main/vendor/laravel/framework/src/Illuminate/Cookie/Middleware/AddQueuedCookiesToResponse.php(36): Illuminate/Pipeline/Pipeline->Illuminate/Pipeline/{closure}(Object(Illuminate/Http/Request))
#41 C:/Users/user/MyFiles/ProgmiX/PEX-Form-main/vendor/laravel/framework/src/Illuminate/Pipeline/Pipeline.php(219): Illuminate/Cookie/Middleware/AddQueuedCookiesToResponse->handle(Object(Illuminate/Http/Request), Object(Closure))
#42 C:/Users/user/MyFiles/ProgmiX/PEX-Form-main/vendor/laravel/framework/src/Illuminate/View/Middleware/ShareErrorsFromSession.php(48): Illuminate/Pipeline/Pipeline->Illuminate/Pipeline/{closure}(Object(Illuminate/Http/Request))
#43 C:/Users/user/MyFiles/ProgmiX/PEX-Form-main/modules/Backend/Http/Middleware/ShareErrorsUnlessBot.php(24): Illuminate/View/Middleware/ShareErrorsFromSession->handle(Object(Illuminate/Http/Request), Object(Closure))
#44 C:/Users/user/MyFiles/ProgmiX/PEX-Form-main/vendor/laravel/framework/src/Illuminate/Pipeline/Pipeline.php(219): Juzaweb/Backend/Http/Middleware/ShareErrorsUnlessBot->handle(Object(Illuminate/Http/Request), Object(Closure))
#45 C:/Users/user/MyFiles/ProgmiX/PEX-Form-main/vendor/laravel/framework/src/Illuminate/Session/Middleware/StartSession.php(120): Illuminate/Pipeline/Pipeline->Illuminate/Pipeline/{closure}(Object(Illuminate/Http/Request))
#46 C:/Users/user/MyFiles/ProgmiX/PEX-Form-main/vendor/laravel/framework/src/Illuminate/Session/Middleware/StartSession.php(63): Illuminate/Session/Middleware/StartSession->handleStatefulRequest(Object(Illuminate/Http/Request), Object(Illuminate/Session/Store), Object(Closure))
#47 C:/Users/user/MyFiles/ProgmiX/PEX-Form-main/modules/Backend/Http/Middleware/SkipSessionForBots.php(24): Illuminate/Session/Middleware/StartSession->handle(Object(Illuminate/Http/Request), Object(Closure))
#48 C:/Users/user/MyFiles/ProgmiX/PEX-Form-main/vendor/laravel/framework/src/Illuminate/Pipeline/Pipeline.php(219): Juzaweb/Backend/Http/Middleware/SkipSessionForBots->handle(Object(Illuminate/Http/Request), Object(Closure))
#49 C:/Users/user/MyFiles/ProgmiX/PEX-Form-main/vendor/laravel/framework/src/Illuminate/Cookie/Middleware/EncryptCookies.php(74): Illuminate/Pipeline/Pipeline->Illuminate/Pipeline/{closure}(Object(Illuminate/Http/Request))
#50 C:/Users/user/MyFiles/ProgmiX/PEX-Form-main/vendor/laravel/framework/src/Illuminate/Pipeline/Pipeline.php(219): Illuminate/Cookie/Middleware/EncryptCookies->handle(Object(Illuminate/Http/Request), Object(Closure))
#51 C:/Users/user/MyFiles/ProgmiX/PEX-Form-main/modules/CMS/Http/Middleware/GlobalMiddleware.php(11): Illuminate/Pipeline/Pipeline->Illuminate/Pipeline/{closure}(Object(Illuminate/Http/Request))
#52 C:/Users/user/MyFiles/ProgmiX/PEX-Form-main/vendor/laravel/framework/src/Illuminate/Pipeline/Pipeline.php(219): Juzaweb/CMS/Http/Middleware/GlobalMiddleware->handle(Object(Illuminate/Http/Request), Object(Closure))
#53 C:/Users/user/MyFiles/ProgmiX/PEX-Form-main/modules/Backend/Http/Middleware/DisableSessionForBots.php(30): Illuminate/Pipeline/Pipeline->Illuminate/Pipeline/{closure}(Object(Illuminate/Http/Request))
#54 C:/Users/user/MyFiles/ProgmiX/PEX-Form-main/vendor/laravel/framework/src/Illuminate/Pipeline/Pipeline.php(219): Juzaweb/Backend/Http/Middleware/DisableSessionForBots->handle(Object(Illuminate/Http/Request), Object(Closure))
#55 C:/Users/user/MyFiles/ProgmiX/PEX-Form-main/vendor/laravel/framework/src/Illuminate/Pipeline/Pipeline.php(137): Illuminate/Pipeline/Pipeline->Illuminate/Pipeline/{closure}(Object(Illuminate/Http/Request))
#56 C:/Users/user/MyFiles/ProgmiX/PEX-Form-main/vendor/laravel/framework/src/Illuminate/Routing/Router.php(821): Illuminate/Pipeline/Pipeline->then(Object(Closure))
#57 C:/Users/user/MyFiles/ProgmiX/PEX-Form-main/vendor/laravel/framework/src/Illuminate/Routing/Router.php(800): Illuminate/Routing/Router->runRouteWithinStack(Object(Illuminate/Routing/Route), Object(Illuminate/Http/Request))
#58 C:/Users/user/MyFiles/ProgmiX/PEX-Form-main/vendor/laravel/framework/src/Illuminate/Routing/Router.php(764): Illuminate/Routing/Router->runRoute(Object(Illuminate/Http/Request), Object(Illuminate/Routing/Route))
#59 C:/Users/user/MyFiles/ProgmiX/PEX-Form-main/vendor/laravel/framework/src/Illuminate/Routing/Router.php(753): Illuminate/Routing/Router->dispatchToRoute(Object(Illuminate/Http/Request))
#60 C:/Users/user/MyFiles/ProgmiX/PEX-Form-main/vendor/laravel/framework/src/Illuminate/Foundation/Http/Kernel.php(200): Illuminate/Routing/Router->dispatch(Object(Illuminate/Http/Request))
#61 C:/Users/user/MyFiles/ProgmiX/PEX-Form-main/vendor/laravel/framework/src/Illuminate/Pipeline/Pipeline.php(180): Illuminate/Foundation/Http/Kernel->Illuminate/Foundation/Http/{closure}(Object(Illuminate/Http/Request))
#62 C:/Users/user/MyFiles/ProgmiX/PEX-Form-main/vendor/barryvdh/laravel-debugbar/src/Middleware/InjectDebugbar.php(59): Illuminate/Pipeline/Pipeline->Illuminate/Pipeline/{closure}(Object(Illuminate/Http/Request))
#63 C:/Users/user/MyFiles/ProgmiX/PEX-Form-main/vendor/laravel/framework/src/Illuminate/Pipeline/Pipeline.php(219): Barryvdh/Debugbar/Middleware/InjectDebugbar->handle(Object(Illuminate/Http/Request), Object(Closure))
#64 C:/Users/user/MyFiles/ProgmiX/PEX-Form-main/modules/Backend/Http/Middleware/BlockIpMiddleware.php(31): Illuminate/Pipeline/Pipeline->Illuminate/Pipeline/{closure}(Object(Illuminate/Http/Request))
#65 C:/Users/user/MyFiles/ProgmiX/PEX-Form-main/vendor/laravel/framework/src/Illuminate/Pipeline/Pipeline.php(219): Juzaweb/Backend/Http/Middleware/BlockIpMiddleware->handle(Object(Illuminate/Http/Request), Object(Closure))
#66 C:/Users/user/MyFiles/ProgmiX/PEX-Form-main/modules/Backend/Http/Middleware/SecurityHeaders.php(25): Illuminate/Pipeline/Pipeline->Illuminate/Pipeline/{closure}(Object(Illuminate/Http/Request))
#67 C:/Users/user/MyFiles/ProgmiX/PEX-Form-main/vendor/laravel/framework/src/Illuminate/Pipeline/Pipeline.php(219): Juzaweb/Backend/Http/Middleware/SecurityHeaders->handle(Object(Illuminate/Http/Request), Object(Closure))
#68 C:/Users/user/MyFiles/ProgmiX/PEX-Form-main/vendor/laravel/framework/src/Illuminate/Foundation/Http/Middleware/TransformsRequest.php(21): Illuminate/Pipeline/Pipeline->Illuminate/Pipeline/{closure}(Object(Illuminate/Http/Request))
#69 C:/Users/user/MyFiles/ProgmiX/PEX-Form-main/vendor/laravel/framework/src/Illuminate/Foundation/Http/Middleware/ConvertEmptyStringsToNull.php(31): Illuminate/Foundation/Http/Middleware/TransformsRequest->handle(Object(Illuminate/Http/Request), Object(Closure))
#70 C:/Users/user/MyFiles/ProgmiX/PEX-Form-main/vendor/laravel/framework/src/Illuminate/Pipeline/Pipeline.php(219): Illuminate/Foundation/Http/Middleware/ConvertEmptyStringsToNull->handle(Object(Illuminate/Http/Request), Object(Closure))
#71 C:/Users/user/MyFiles/ProgmiX/PEX-Form-main/vendor/laravel/framework/src/Illuminate/Foundation/Http/Middleware/TransformsRequest.php(21): Illuminate/Pipeline/Pipeline->Illuminate/Pipeline/{closure}(Object(Illuminate/Http/Request))
#72 C:/Users/user/MyFiles/ProgmiX/PEX-Form-main/vendor/laravel/framework/src/Illuminate/Foundation/Http/Middleware/TrimStrings.php(51): Illuminate/Foundation/Http/Middleware/TransformsRequest->handle(Object(Illuminate/Http/Request), Object(Closure))
#73 C:/Users/user/MyFiles/ProgmiX/PEX-Form-main/vendor/laravel/framework/src/Illuminate/Pipeline/Pipeline.php(219): Illuminate/Foundation/Http/Middleware/TrimStrings->handle(Object(Illuminate/Http/Request), Object(Closure))
#74 C:/Users/user/MyFiles/ProgmiX/PEX-Form-main/vendor/laravel/framework/src/Illuminate/Http/Middleware/ValidatePostSize.php(27): Illuminate/Pipeline/Pipeline->Illuminate/Pipeline/{closure}(Object(Illuminate/Http/Request))
#75 C:/Users/user/MyFiles/ProgmiX/PEX-Form-main/vendor/laravel/framework/src/Illuminate/Pipeline/Pipeline.php(219): Illuminate/Http/Middleware/ValidatePostSize->handle(Object(Illuminate/Http/Request), Object(Closure))
#76 C:/Users/user/MyFiles/ProgmiX/PEX-Form-main/vendor/laravel/framework/src/Illuminate/Foundation/Http/Middleware/PreventRequestsDuringMaintenance.php(109): Illuminate/Pipeline/Pipeline->Illuminate/Pipeline/{closure}(Object(Illuminate/Http/Request))
#77 C:/Users/user/MyFiles/ProgmiX/PEX-Form-main/vendor/laravel/framework/src/Illuminate/Pipeline/Pipeline.php(219): Illuminate/Foundation/Http/Middleware/PreventRequestsDuringMaintenance->handle(Object(Illuminate/Http/Request), Object(Closure))
#78 C:/Users/user/MyFiles/ProgmiX/PEX-Form-main/vendor/laravel/framework/src/Illuminate/Http/Middleware/HandleCors.php(61): Illuminate/Pipeline/Pipeline->Illuminate/Pipeline/{closure}(Object(Illuminate/Http/Request))
#79 C:/Users/user/MyFiles/ProgmiX/PEX-Form-main/vendor/laravel/framework/src/Illuminate/Pipeline/Pipeline.php(219): Illuminate/Http/Middleware/HandleCors->handle(Object(Illuminate/Http/Request), Object(Closure))
#80 C:/Users/user/MyFiles/ProgmiX/PEX-Form-main/vendor/laravel/framework/src/Illuminate/Http/Middleware/TrustProxies.php(58): Illuminate/Pipeline/Pipeline->Illuminate/Pipeline/{closure}(Object(Illuminate/Http/Request))
#81 C:/Users/user/MyFiles/ProgmiX/PEX-Form-main/vendor/laravel/framework/src/Illuminate/Pipeline/Pipeline.php(219): Illuminate/Http/Middleware/TrustProxies->handle(Object(Illuminate/Http/Request), Object(Closure))
#82 C:/Users/user/MyFiles/ProgmiX/PEX-Form-main/vendor/laravel/framework/src/Illuminate/Pipeline/Pipeline.php(137): Illuminate/Pipeline/Pipeline->Illuminate/Pipeline/{closure}(Object(Illuminate/Http/Request))
#83 C:/Users/user/MyFiles/ProgmiX/PEX-Form-main/vendor/laravel/framework/src/Illuminate/Foundation/Http/Kernel.php(175): Illuminate/Pipeline/Pipeline->then(Object(Closure))
#84 C:/Users/user/MyFiles/ProgmiX/PEX-Form-main/vendor/laravel/framework/src/Illuminate/Foundation/Http/Kernel.php(144): Illuminate/Foundation/Http/Kernel->sendRequestThroughRouter(Object(Illuminate/Http/Request))
#85 C:/Users/user/MyFiles/ProgmiX/PEX-Form-main/public/index.php(51): Illuminate/Foundation/Http/Kernel->handle(Object(Illuminate/Http/Request))
#86 C:/Users/user/MyFiles/ProgmiX/PEX-Form-main/vendor/laravel/framework/src/Illuminate/Foundation/resources/server.php(23): require_once('C://Users//user//M...')
#87 {main}

[previous exception] [object] (ErrorException(code: 0): Undefined array key \"fax\" at C:/Users/user/MyFiles/ProgmiX/PEX-Form-main/storage/framework/views/a84ddf431c771032d0234d77e02450d7.php:10)
[stacktrace]
#0 C:/Users/user/MyFiles/ProgmiX/PEX-Form-main/vendor/laravel/framework/src/Illuminate/Foundation/Bootstrap/HandleExceptions.php(262): Illuminate/Foundation/Bootstrap/HandleExceptions->handleError(2, 'Undefined array...', 'C://Users//user//M...', 10)
#1 C:/Users/user/MyFiles/ProgmiX/PEX-Form-main/storage/framework/views/a84ddf431c771032d0234d77e02450d7.php(10): Illuminate/Foundation/Bootstrap/HandleExceptions->Illuminate/Foundation/Bootstrap/{closure}(2, 'Undefined array...', 'C://Users//user//M...', 10)
#2 C:/Users/user/MyFiles/ProgmiX/PEX-Form-main/vendor/laravel/framework/src/Illuminate/Filesystem/Filesystem.php(123): require('C://Users//user//M...')
#3 C:/Users/user/MyFiles/ProgmiX/PEX-Form-main/vendor/laravel/framework/src/Illuminate/Filesystem/Filesystem.php(124): Illuminate/Filesystem/Filesystem::Illuminate/Filesystem/{closure}()
#4 C:/Users/user/MyFiles/ProgmiX/PEX-Form-main/vendor/laravel/framework/src/Illuminate/View/Engines/PhpEngine.php(57): Illuminate/Filesystem/Filesystem->getRequire('C://Users//user//M...', Array)
#5 C:/Users/user/MyFiles/ProgmiX/PEX-Form-main/vendor/laravel/framework/src/Illuminate/View/Engines/CompilerEngine.php(76): Illuminate/View/Engines/PhpEngine->evaluatePath('C://Users//user//M...', Array)
#6 C:/Users/user/MyFiles/ProgmiX/PEX-Form-main/vendor/laravel/framework/src/Illuminate/View/View.php(208): Illuminate/View/Engines/CompilerEngine->get('C://Users//user//M...', Array)
#7 C:/Users/user/MyFiles/ProgmiX/PEX-Form-main/vendor/laravel/framework/src/Illuminate/View/View.php(191): Illuminate/View/View->getContents()
#8 C:/Users/user/MyFiles/ProgmiX/PEX-Form-main/vendor/laravel/framework/src/Illuminate/View/View.php(160): Illuminate/View/View->renderContents()
#9 C:/Users/user/MyFiles/ProgmiX/PEX-Form-main/storage/framework/views/078e945ecbf82d678121cbf4f8650dce.php(1): Illuminate/View/View->render()
#10 C:/Users/user/MyFiles/ProgmiX/PEX-Form-main/vendor/laravel/framework/src/Illuminate/Filesystem/Filesystem.php(123): require('C://Users//user//M...')
#11 C:/Users/user/MyFiles/ProgmiX/PEX-Form-main/vendor/laravel/framework/src/Illuminate/Filesystem/Filesystem.php(124): Illuminate/Filesystem/Filesystem::Illuminate/Filesystem/{closure}()
#12 C:/Users/user/MyFiles/ProgmiX/PEX-Form-main/vendor/laravel/framework/src/Illuminate/View/Engines/PhpEngine.php(57): Illuminate/Filesystem/Filesystem->getRequire('C://Users//user//M...', Array)
#13 C:/Users/user/MyFiles/ProgmiX/PEX-Form-main/vendor/laravel/framework/src/Illuminate/View/Engines/CompilerEngine.php(76): Illuminate/View/Engines/PhpEngine->evaluatePath('C://Users//user//M...', Array)
#14 C:/Users/user/MyFiles/ProgmiX/PEX-Form-main/vendor/laravel/framework/src/Illuminate/View/View.php(208): Illuminate/View/Engines/CompilerEngine->get('C://Users//user//M...', Array)
#15 C:/Users/user/MyFiles/ProgmiX/PEX-Form-main/vendor/laravel/framework/src/Illuminate/View/View.php(191): Illuminate/View/View->getContents()
#16 C:/Users/user/MyFiles/ProgmiX/PEX-Form-main/vendor/laravel/framework/src/Illuminate/View/View.php(160): Illuminate/View/View->renderContents()
#17 C:/Users/user/MyFiles/ProgmiX/PEX-Form-main/vendor/laravel/framework/src/Illuminate/Http/Response.php(78): Illuminate/View/View->render()
#18 C:/Users/user/MyFiles/ProgmiX/PEX-Form-main/vendor/laravel/framework/src/Illuminate/Http/Response.php(34): Illuminate/Http/Response->setContent(Object(Illuminate/View/View))
#19 C:/Users/user/MyFiles/ProgmiX/PEX-Form-main/vendor/laravel/framework/src/Illuminate/Routing/Router.php(939): Illuminate/Http/Response->__construct(Object(Illuminate/View/View), 200, Array)
#20 C:/Users/user/MyFiles/ProgmiX/PEX-Form-main/vendor/laravel/framework/src/Illuminate/Routing/Router.php(906): Illuminate/Routing/Router::toResponse(Object(Illuminate/Http/Request), Object(Illuminate/View/View))
#21 C:/Users/user/MyFiles/ProgmiX/PEX-Form-main/vendor/laravel/framework/src/Illuminate/Routing/Router.php(821): Illuminate/Routing/Router->prepareResponse(Object(Illuminate/Http/Request), Object(Illuminate/View/View))
#22 C:/Users/user/MyFiles/ProgmiX/PEX-Form-main/vendor/laravel/framework/src/Illuminate/Pipeline/Pipeline.php(180): Illuminate/Routing/Router->Illuminate/Routing/{closure}(Object(Illuminate/Http/Request))
#23 C:/Users/user/MyFiles/ProgmiX/PEX-Form-main/modules/Frontend/Http/Middleware/Locale.php(49): Illuminate/Pipeline/Pipeline->Illuminate/Pipeline/{closure}(Object(Illuminate/Http/Request))
#24 C:/Users/user/MyFiles/ProgmiX/PEX-Form-main/vendor/laravel/framework/src/Illuminate/Pipeline/Pipeline.php(219): Juzaweb/Frontend/Http/Middleware/Locale->handle(Object(Illuminate/Http/Request), Object(Closure))
#25 C:/Users/user/MyFiles/ProgmiX/PEX-Form-main/modules/Backend/Http/Middleware/SecurityHeaders.php(25): Illuminate/Pipeline/Pipeline->Illuminate/Pipeline/{closure}(Object(Illuminate/Http/Request))
#26 C:/Users/user/MyFiles/ProgmiX/PEX-Form-main/vendor/laravel/framework/src/Illuminate/Pipeline/Pipeline.php(219): Juzaweb/Backend/Http/Middleware/SecurityHeaders->handle(Object(Illuminate/Http/Request), Object(Closure))
#27 C:/Users/user/MyFiles/ProgmiX/PEX-Form-main/vendor/laravel/framework/src/Illuminate/Routing/Middleware/ThrottleRequests.php(166): Illuminate/Pipeline/Pipeline->Illuminate/Pipeline/{closure}(Object(Illuminate/Http/Request))
#28 C:/Users/user/MyFiles/ProgmiX/PEX-Form-main/vendor/laravel/framework/src/Illuminate/Routing/Middleware/ThrottleRequests.php(93): Illuminate/Routing/Middleware/ThrottleRequests->handleRequest(Object(Illuminate/Http/Request), Object(Closure), Array)
#29 C:/Users/user/MyFiles/ProgmiX/PEX-Form-main/vendor/laravel/framework/src/Illuminate/Pipeline/Pipeline.php(219): Illuminate/Routing/Middleware/ThrottleRequests->handle(Object(Illuminate/Http/Request), Object(Closure))
#30 C:/Users/user/MyFiles/ProgmiX/PEX-Form-main/modules/Backend/Http/Middleware/PathTraversal.php(57): Illuminate/Pipeline/Pipeline->Illuminate/Pipeline/{closure}(Object(Illuminate/Http/Request))
#31 C:/Users/user/MyFiles/ProgmiX/PEX-Form-main/vendor/laravel/framework/src/Illuminate/Pipeline/Pipeline.php(219): Juzaweb/Backend/Http/Middleware/PathTraversal->handle(Object(Illuminate/Http/Request), Object(Closure))
#32 C:/Users/user/MyFiles/ProgmiX/PEX-Form-main/modules/Backend/Http/Middleware/XssSanitization.php(44): Illuminate/Pipeline/Pipeline->Illuminate/Pipeline/{closure}(Object(Illuminate/Http/Request))
#33 C:/Users/user/MyFiles/ProgmiX/PEX-Form-main/vendor/laravel/framework/src/Illuminate/Pipeline/Pipeline.php(219): Juzaweb/Backend/Http/Middleware/XssSanitization->handle(Object(Illuminate/Http/Request), Object(Closure))
#34 C:/Users/user/MyFiles/ProgmiX/PEX-Form-main/vendor/spatie/laravel-csp/src/AddCspHeaders.php(13): Illuminate/Pipeline/Pipeline->Illuminate/Pipeline/{closure}(Object(Illuminate/Http/Request))
#35 C:/Users/user/MyFiles/ProgmiX/PEX-Form-main/vendor/laravel/framework/src/Illuminate/Pipeline/Pipeline.php(219): Spatie/Csp/AddCspHeaders->handle(Object(Illuminate/Http/Request), Object(Closure))
#36 C:/Users/user/MyFiles/ProgmiX/PEX-Form-main/vendor/barryvdh/laravel-debugbar/src/Middleware/InjectDebugbar.php(59): Illuminate/Pipeline/Pipeline->Illuminate/Pipeline/{closure}(Object(Illuminate/Http/Request))
#37 C:/Users/user/MyFiles/ProgmiX/PEX-Form-main/vendor/laravel/framework/src/Illuminate/Pipeline/Pipeline.php(219): Barryvdh/Debugbar/Middleware/InjectDebugbar->handle(Object(Illuminate/Http/Request), Object(Closure))
#38 C:/Users/user/MyFiles/ProgmiX/PEX-Form-main/modules/CMS/Http/Middleware/XFrameHeadersMiddleware.php(41): Illuminate/Pipeline/Pipeline->Illuminate/Pipeline/{closure}(Object(Illuminate/Http/Request))
#39 C:/Users/user/MyFiles/ProgmiX/PEX-Form-main/vendor/laravel/framework/src/Illuminate/Pipeline/Pipeline.php(219): Juzaweb/CMS/Http/Middleware/XFrameHeadersMiddleware->handle(Object(Illuminate/Http/Request), Object(Closure))
#40 C:/Users/user/MyFiles/ProgmiX/PEX-Form-main/vendor/laravel/framework/src/Illuminate/Routing/Middleware/SubstituteBindings.php(50): Illuminate/Pipeline/Pipeline->Illuminate/Pipeline/{closure}(Object(Illuminate/Http/Request))
#41 C:/Users/user/MyFiles/ProgmiX/PEX-Form-main/vendor/laravel/framework/src/Illuminate/Pipeline/Pipeline.php(219): Illuminate/Routing/Middleware/SubstituteBindings->handle(Object(Illuminate/Http/Request), Object(Closure))
#42 C:/Users/user/MyFiles/ProgmiX/PEX-Form-main/vendor/laravel/framework/src/Illuminate/Cookie/Middleware/AddQueuedCookiesToResponse.php(36): Illuminate/Pipeline/Pipeline->Illuminate/Pipeline/{closure}(Object(Illuminate/Http/Request))
#43 C:/Users/user/MyFiles/ProgmiX/PEX-Form-main/vendor/laravel/framework/src/Illuminate/Pipeline/Pipeline.php(219): Illuminate/Cookie/Middleware/AddQueuedCookiesToResponse->handle(Object(Illuminate/Http/Request), Object(Closure))
#44 C:/Users/user/MyFiles/ProgmiX/PEX-Form-main/vendor/laravel/framework/src/Illuminate/View/Middleware/ShareErrorsFromSession.php(48): Illuminate/Pipeline/Pipeline->Illuminate/Pipeline/{closure}(Object(Illuminate/Http/Request))
#45 C:/Users/user/MyFiles/ProgmiX/PEX-Form-main/modules/Backend/Http/Middleware/ShareErrorsUnlessBot.php(24): Illuminate/View/Middleware/ShareErrorsFromSession->handle(Object(Illuminate/Http/Request), Object(Closure))
#46 C:/Users/user/MyFiles/ProgmiX/PEX-Form-main/vendor/laravel/framework/src/Illuminate/Pipeline/Pipeline.php(219): Juzaweb/Backend/Http/Middleware/ShareErrorsUnlessBot->handle(Object(Illuminate/Http/Request), Object(Closure))
#47 C:/Users/user/MyFiles/ProgmiX/PEX-Form-main/vendor/laravel/framework/src/Illuminate/Session/Middleware/StartSession.php(120): Illuminate/Pipeline/Pipeline->Illuminate/Pipeline/{closure}(Object(Illuminate/Http/Request))
#48 C:/Users/user/MyFiles/ProgmiX/PEX-Form-main/vendor/laravel/framework/src/Illuminate/Session/Middleware/StartSession.php(63): Illuminate/Session/Middleware/StartSession->handleStatefulRequest(Object(Illuminate/Http/Request), Object(Illuminate/Session/Store), Object(Closure))
#49 C:/Users/user/MyFiles/ProgmiX/PEX-Form-main/modules/Backend/Http/Middleware/SkipSessionForBots.php(24): Illuminate/Session/Middleware/StartSession->handle(Object(Illuminate/Http/Request), Object(Closure))
#50 C:/Users/user/MyFiles/ProgmiX/PEX-Form-main/vendor/laravel/framework/src/Illuminate/Pipeline/Pipeline.php(219): Juzaweb/Backend/Http/Middleware/SkipSessionForBots->handle(Object(Illuminate/Http/Request), Object(Closure))
#51 C:/Users/user/MyFiles/ProgmiX/PEX-Form-main/vendor/laravel/framework/src/Illuminate/Cookie/Middleware/EncryptCookies.php(74): Illuminate/Pipeline/Pipeline->Illuminate/Pipeline/{closure}(Object(Illuminate/Http/Request))
#52 C:/Users/user/MyFiles/ProgmiX/PEX-Form-main/vendor/laravel/framework/src/Illuminate/Pipeline/Pipeline.php(219): Illuminate/Cookie/Middleware/EncryptCookies->handle(Object(Illuminate/Http/Request), Object(Closure))
#53 C:/Users/user/MyFiles/ProgmiX/PEX-Form-main/modules/CMS/Http/Middleware/GlobalMiddleware.php(11): Illuminate/Pipeline/Pipeline->Illuminate/Pipeline/{closure}(Object(Illuminate/Http/Request))
#54 C:/Users/user/MyFiles/ProgmiX/PEX-Form-main/vendor/laravel/framework/src/Illuminate/Pipeline/Pipeline.php(219): Juzaweb/CMS/Http/Middleware/GlobalMiddleware->handle(Object(Illuminate/Http/Request), Object(Closure))
#55 C:/Users/user/MyFiles/ProgmiX/PEX-Form-main/modules/Backend/Http/Middleware/DisableSessionForBots.php(30): Illuminate/Pipeline/Pipeline->Illuminate/Pipeline/{closure}(Object(Illuminate/Http/Request))
#56 C:/Users/user/MyFiles/ProgmiX/PEX-Form-main/vendor/laravel/framework/src/Illuminate/Pipeline/Pipeline.php(219): Juzaweb/Backend/Http/Middleware/DisableSessionForBots->handle(Object(Illuminate/Http/Request), Object(Closure))
#57 C:/Users/user/MyFiles/ProgmiX/PEX-Form-main/vendor/laravel/framework/src/Illuminate/Pipeline/Pipeline.php(137): Illuminate/Pipeline/Pipeline->Illuminate/Pipeline/{closure}(Object(Illuminate/Http/Request))
#58 C:/Users/user/MyFiles/ProgmiX/PEX-Form-main/vendor/laravel/framework/src/Illuminate/Routing/Router.php(821): Illuminate/Pipeline/Pipeline->then(Object(Closure))
#59 C:/Users/user/MyFiles/ProgmiX/PEX-Form-main/vendor/laravel/framework/src/Illuminate/Routing/Router.php(800): Illuminate/Routing/Router->runRouteWithinStack(Object(Illuminate/Routing/Route), Object(Illuminate/Http/Request))
#60 C:/Users/user/MyFiles/ProgmiX/PEX-Form-main/vendor/laravel/framework/src/Illuminate/Routing/Router.php(764): Illuminate/Routing/Router->runRoute(Object(Illuminate/Http/Request), Object(Illuminate/Routing/Route))
#61 C:/Users/user/MyFiles/ProgmiX/PEX-Form-main/vendor/laravel/framework/src/Illuminate/Routing/Router.php(753): Illuminate/Routing/Router->dispatchToRoute(Object(Illuminate/Http/Request))
#62 C:/Users/user/MyFiles/ProgmiX/PEX-Form-main/vendor/laravel/framework/src/Illuminate/Foundation/Http/Kernel.php(200): Illuminate/Routing/Router->dispatch(Object(Illuminate/Http/Request))
#63 C:/Users/user/MyFiles/ProgmiX/PEX-Form-main/vendor/laravel/framework/src/Illuminate/Pipeline/Pipeline.php(180): Illuminate/Foundation/Http/Kernel->Illuminate/Foundation/Http/{closure}(Object(Illuminate/Http/Request))
#64 C:/Users/user/MyFiles/ProgmiX/PEX-Form-main/vendor/barryvdh/laravel-debugbar/src/Middleware/InjectDebugbar.php(59): Illuminate/Pipeline/Pipeline->Illuminate/Pipeline/{closure}(Object(Illuminate/Http/Request))
#65 C:/Users/user/MyFiles/ProgmiX/PEX-Form-main/vendor/laravel/framework/src/Illuminate/Pipeline/Pipeline.php(219): Barryvdh/Debugbar/Middleware/InjectDebugbar->handle(Object(Illuminate/Http/Request), Object(Closure))
#66 C:/Users/user/MyFiles/ProgmiX/PEX-Form-main/modules/Backend/Http/Middleware/BlockIpMiddleware.php(31): Illuminate/Pipeline/Pipeline->Illuminate/Pipeline/{closure}(Object(Illuminate/Http/Request))
#67 C:/Users/user/MyFiles/ProgmiX/PEX-Form-main/vendor/laravel/framework/src/Illuminate/Pipeline/Pipeline.php(219): Juzaweb/Backend/Http/Middleware/BlockIpMiddleware->handle(Object(Illuminate/Http/Request), Object(Closure))
#68 C:/Users/user/MyFiles/ProgmiX/PEX-Form-main/modules/Backend/Http/Middleware/SecurityHeaders.php(25): Illuminate/Pipeline/Pipeline->Illuminate/Pipeline/{closure}(Object(Illuminate/Http/Request))
#69 C:/Users/user/MyFiles/ProgmiX/PEX-Form-main/vendor/laravel/framework/src/Illuminate/Pipeline/Pipeline.php(219): Juzaweb/Backend/Http/Middleware/SecurityHeaders->handle(Object(Illuminate/Http/Request), Object(Closure))
#70 C:/Users/user/MyFiles/ProgmiX/PEX-Form-main/vendor/laravel/framework/src/Illuminate/Foundation/Http/Middleware/TransformsRequest.php(21): Illuminate/Pipeline/Pipeline->Illuminate/Pipeline/{closure}(Object(Illuminate/Http/Request))
#71 C:/Users/user/MyFiles/ProgmiX/PEX-Form-main/vendor/laravel/framework/src/Illuminate/Foundation/Http/Middleware/ConvertEmptyStringsToNull.php(31): Illuminate/Foundation/Http/Middleware/TransformsRequest->handle(Object(Illuminate/Http/Request), Object(Closure))
#72 C:/Users/user/MyFiles/ProgmiX/PEX-Form-main/vendor/laravel/framework/src/Illuminate/Pipeline/Pipeline.php(219): Illuminate/Foundation/Http/Middleware/ConvertEmptyStringsToNull->handle(Object(Illuminate/Http/Request), Object(Closure))
#73 C:/Users/user/MyFiles/ProgmiX/PEX-Form-main/vendor/laravel/framework/src/Illuminate/Foundation/Http/Middleware/TransformsRequest.php(21): Illuminate/Pipeline/Pipeline->Illuminate/Pipeline/{closure}(Object(Illuminate/Http/Request))
#74 C:/Users/user/MyFiles/ProgmiX/PEX-Form-main/vendor/laravel/framework/src/Illuminate/Foundation/Http/Middleware/TrimStrings.php(51): Illuminate/Foundation/Http/Middleware/TransformsRequest->handle(Object(Illuminate/Http/Request), Object(Closure))
#75 C:/Users/user/MyFiles/ProgmiX/PEX-Form-main/vendor/laravel/framework/src/Illuminate/Pipeline/Pipeline.php(219): Illuminate/Foundation/Http/Middleware/TrimStrings->handle(Object(Illuminate/Http/Request), Object(Closure))
#76 C:/Users/user/MyFiles/ProgmiX/PEX-Form-main/vendor/laravel/framework/src/Illuminate/Http/Middleware/ValidatePostSize.php(27): Illuminate/Pipeline/Pipeline->Illuminate/Pipeline/{closure}(Object(Illuminate/Http/Request))
#77 C:/Users/user/MyFiles/ProgmiX/PEX-Form-main/vendor/laravel/framework/src/Illuminate/Pipeline/Pipeline.php(219): Illuminate/Http/Middleware/ValidatePostSize->handle(Object(Illuminate/Http/Request), Object(Closure))
#78 C:/Users/user/MyFiles/ProgmiX/PEX-Form-main/vendor/laravel/framework/src/Illuminate/Foundation/Http/Middleware/PreventRequestsDuringMaintenance.php(109): Illuminate/Pipeline/Pipeline->Illuminate/Pipeline/{closure}(Object(Illuminate/Http/Request))
#79 C:/Users/user/MyFiles/ProgmiX/PEX-Form-main/vendor/laravel/framework/src/Illuminate/Pipeline/Pipeline.php(219): Illuminate/Foundation/Http/Middleware/PreventRequestsDuringMaintenance->handle(Object(Illuminate/Http/Request), Object(Closure))
#80 C:/Users/user/MyFiles/ProgmiX/PEX-Form-main/vendor/laravel/framework/src/Illuminate/Http/Middleware/HandleCors.php(61): Illuminate/Pipeline/Pipeline->Illuminate/Pipeline/{closure}(Object(Illuminate/Http/Request))
#81 C:/Users/user/MyFiles/ProgmiX/PEX-Form-main/vendor/laravel/framework/src/Illuminate/Pipeline/Pipeline.php(219): Illuminate/Http/Middleware/HandleCors->handle(Object(Illuminate/Http/Request), Object(Closure))
#82 C:/Users/user/MyFiles/ProgmiX/PEX-Form-main/vendor/laravel/framework/src/Illuminate/Http/Middleware/TrustProxies.php(58): Illuminate/Pipeline/Pipeline->Illuminate/Pipeline/{closure}(Object(Illuminate/Http/Request))
#83 C:/Users/user/MyFiles/ProgmiX/PEX-Form-main/vendor/laravel/framework/src/Illuminate/Pipeline/Pipeline.php(219): Illuminate/Http/Middleware/TrustProxies->handle(Object(Illuminate/Http/Request), Object(Closure))
#84 C:/Users/user/MyFiles/ProgmiX/PEX-Form-main/vendor/laravel/framework/src/Illuminate/Pipeline/Pipeline.php(137): Illuminate/Pipeline/Pipeline->Illuminate/Pipeline/{closure}(Object(Illuminate/Http/Request))
#85 C:/Users/user/MyFiles/ProgmiX/PEX-Form-main/vendor/laravel/framework/src/Illuminate/Foundation/Http/Kernel.php(175): Illuminate/Pipeline/Pipeline->then(Object(Closure))
#86 C:/Users/user/MyFiles/ProgmiX/PEX-Form-main/vendor/laravel/framework/src/Illuminate/Foundation/Http/Kernel.php(144): Illuminate/Foundation/Http/Kernel->sendRequestThroughRouter(Object(Illuminate/Http/Request))
#87 C:/Users/user/MyFiles/ProgmiX/PEX-Form-main/public/index.php(51): Illuminate/Foundation/Http/Kernel->handle(Object(Illuminate/Http/Request))
#88 C:/Users/user/MyFiles/ProgmiX/PEX-Form-main/vendor/laravel/framework/src/Illuminate/Foundation/resources/server.php(23): require_once('C://Users//user//M...')
#89 {main}
"} 
[2026-09-30 08:40:51] local.ERROR: Undefined variable $contactData {"userId":1,"exception":"[object] (Spatie\\LaravelIgnition\\Exceptions\\ViewException(code: 0): Undefined variable $contactData at C:/Users/user/MyFiles/ProgmiX/PEX-Form-main/modules/Frontend/resources/views/templates/homepage/pex/contact.blade.php:1)
[stacktrace]
#0 C:/Users/user/MyFiles/ProgmiX/PEX-Form-main/vendor/laravel/framework/src/Illuminate/Filesystem/Filesystem.php(123): require('C://Users//user//M...')
#1 C:/Users/user/MyFiles/ProgmiX/PEX-Form-main/vendor/laravel/framework/src/Illuminate/Filesystem/Filesystem.php(124): Illuminate/Filesystem/Filesystem::Illuminate/Filesystem/{closure}()
#2 C:/Users/user/MyFiles/ProgmiX/PEX-Form-main/vendor/laravel/framework/src/Illuminate/View/Engines/PhpEngine.php(57): Illuminate/Filesystem/Filesystem->getRequire('C://Users//user//M...', Array)
#3 C:/Users/user/MyFiles/ProgmiX/PEX-Form-main/vendor/laravel/framework/src/Illuminate/View/Engines/CompilerEngine.php(76): Illuminate/View/Engines/PhpEngine->evaluatePath('C://Users//user//M...', Array)
#4 C:/Users/user/MyFiles/ProgmiX/PEX-Form-main/vendor/laravel/framework/src/Illuminate/View/View.php(208): Illuminate/View/Engines/CompilerEngine->get('C://Users//user//M...', Array)
#5 C:/Users/user/MyFiles/ProgmiX/PEX-Form-main/vendor/laravel/framework/src/Illuminate/View/View.php(191): Illuminate/View/View->getContents()
#6 C:/Users/user/MyFiles/ProgmiX/PEX-Form-main/vendor/laravel/framework/src/Illuminate/View/View.php(160): Illuminate/View/View->renderContents()
#7 C:/Users/user/MyFiles/ProgmiX/PEX-Form-main/modules/Frontend/resources/views/home.blade.php(1): Illuminate/View/View->render()
#8 C:/Users/user/MyFiles/ProgmiX/PEX-Form-main/vendor/laravel/framework/src/Illuminate/Filesystem/Filesystem.php(123): require('C://Users//user//M...')
#9 C:/Users/user/MyFiles/ProgmiX/PEX-Form-main/vendor/laravel/framework/src/Illuminate/Filesystem/Filesystem.php(124): Illuminate/Filesystem/Filesystem::Illuminate/Filesystem/{closure}()
#10 C:/Users/user/MyFiles/ProgmiX/PEX-Form-main/vendor/laravel/framework/src/Illuminate/View/Engines/PhpEngine.php(57): Illuminate/Filesystem/Filesystem->getRequire('C://Users//user//M...', Array)
#11 C:/Users/user/MyFiles/ProgmiX/PEX-Form-main/vendor/laravel/framework/src/Illuminate/View/Engines/CompilerEngine.php(76): Illuminate/View/Engines/PhpEngine->evaluatePath('C://Users//user//M...', Array)
#12 C:/Users/user/MyFiles/ProgmiX/PEX-Form-main/vendor/laravel/framework/src/Illuminate/View/View.php(208): Illuminate/View/Engines/CompilerEngine->get('C://Users//user//M...', Array)
#13 C:/Users/user/MyFiles/ProgmiX/PEX-Form-main/vendor/laravel/framework/src/Illuminate/View/View.php(191): Illuminate/View/View->getContents()
#14 C:/Users/user/MyFiles/ProgmiX/PEX-Form-main/vendor/laravel/framework/src/Illuminate/View/View.php(160): Illuminate/View/View->renderContents()
#15 C:/Users/user/MyFiles/ProgmiX/PEX-Form-main/vendor/laravel/framework/src/Illuminate/Http/Response.php(78): Illuminate/View/View->render()
#16 C:/Users/user/MyFiles/ProgmiX/PEX-Form-main/vendor/laravel/framework/src/Illuminate/Http/Response.php(34): Illuminate/Http/Response->setContent(Object(Illuminate/View/View))
#17 C:/Users/user/MyFiles/ProgmiX/PEX-Form-main/vendor/laravel/framework/src/Illuminate/Routing/Router.php(939): Illuminate/Http/Response->__construct(Object(Illuminate/View/View), 200, Array)
#18 C:/Users/user/MyFiles/ProgmiX/PEX-Form-main/vendor/laravel/framework/src/Illuminate/Routing/Router.php(906): Illuminate/Routing/Router::toResponse(Object(Illuminate/Http/Request), Object(Illuminate/View/View))
#19 C:/Users/user/MyFiles/ProgmiX/PEX-Form-main/vendor/laravel/framework/src/Illuminate/Routing/Router.php(821): Illuminate/Routing/Router->prepareResponse(Object(Illuminate/Http/Request), Object(Illuminate/View/View))
#20 C:/Users/user/MyFiles/ProgmiX/PEX-Form-main/vendor/laravel/framework/src/Illuminate/Pipeline/Pipeline.php(180): Illuminate/Routing/Router->Illuminate/Routing/{closure}(Object(Illuminate/Http/Request))
#21 C:/Users/user/MyFiles/ProgmiX/PEX-Form-main/modules/Frontend/Http/Middleware/Locale.php(49): Illuminate/Pipeline/Pipeline->Illuminate/Pipeline/{closure}(Object(Illuminate/Http/Request))
#22 C:/Users/user/MyFiles/ProgmiX/PEX-Form-main/vendor/laravel/framework/src/Illuminate/Pipeline/Pipeline.php(219): Juzaweb/Frontend/Http/Middleware/Locale->handle(Object(Illuminate/Http/Request), Object(Closure))
#23 C:/Users/user/MyFiles/ProgmiX/PEX-Form-main/modules/Backend/Http/Middleware/SecurityHeaders.php(25): Illuminate/Pipeline/Pipeline->Illuminate/Pipeline/{closure}(Object(Illuminate/Http/Request))
#24 C:/Users/user/MyFiles/ProgmiX/PEX-Form-main/vendor/laravel/framework/src/Illuminate/Pipeline/Pipeline.php(219): Juzaweb/Backend/Http/Middleware/SecurityHeaders->handle(Object(Illuminate/Http/Request), Object(Closure))
#25 C:/Users/user/MyFiles/ProgmiX/PEX-Form-main/vendor/laravel/framework/src/Illuminate/Routing/Middleware/ThrottleRequests.php(166): Illuminate/Pipeline/Pipeline->Illuminate/Pipeline/{closure}(Object(Illuminate/Http/Request))
#26 C:/Users/user/MyFiles/ProgmiX/PEX-Form-main/vendor/laravel/framework/src/Illuminate/Routing/Middleware/ThrottleRequests.php(93): Illuminate/Routing/Middleware/ThrottleRequests->handleRequest(Object(Illuminate/Http/Request), Object(Closure), Array)
#27 C:/Users/user/MyFiles/ProgmiX/PEX-Form-main/vendor/laravel/framework/src/Illuminate/Pipeline/Pipeline.php(219): Illuminate/Routing/Middleware/ThrottleRequests->handle(Object(Illuminate/Http/Request), Object(Closure))
#28 C:/Users/user/MyFiles/ProgmiX/PEX-Form-main/modules/Backend/Http/Middleware/PathTraversal.php(57): Illuminate/Pipeline/Pipeline->Illuminate/Pipeline/{closure}(Object(Illuminate/Http/Request))
#29 C:/Users/user/MyFiles/ProgmiX/PEX-Form-main/vendor/laravel/framework/src/Illuminate/Pipeline/Pipeline.php(219): Juzaweb/Backend/Http/Middleware/PathTraversal->handle(Object(Illuminate/Http/Request), Object(Closure))
#30 C:/Users/user/MyFiles/ProgmiX/PEX-Form-main/modules/Backend/Http/Middleware/XssSanitization.php(44): Illuminate/Pipeline/Pipeline->Illuminate/Pipeline/{closure}(Object(Illuminate/Http/Request))
#31 C:/Users/user/MyFiles/ProgmiX/PEX-Form-main/vendor/laravel/framework/src/Illuminate/Pipeline/Pipeline.php(219): Juzaweb/Backend/Http/Middleware/XssSanitization->handle(Object(Illuminate/Http/Request), Object(Closure))
#32 C:/Users/user/MyFiles/ProgmiX/PEX-Form-main/vendor/spatie/laravel-csp/src/AddCspHeaders.php(13): Illuminate/Pipeline/Pipeline->Illuminate/Pipeline/{closure}(Object(Illuminate/Http/Request))
#33 C:/Users/user/MyFiles/ProgmiX/PEX-Form-main/vendor/laravel/framework/src/Illuminate/Pipeline/Pipeline.php(219): Spatie/Csp/AddCspHeaders->handle(Object(Illuminate/Http/Request), Object(Closure))
#34 C:/Users/user/MyFiles/ProgmiX/PEX-Form-main/vendor/barryvdh/laravel-debugbar/src/Middleware/InjectDebugbar.php(59): Illuminate/Pipeline/Pipeline->Illuminate/Pipeline/{closure}(Object(Illuminate/Http/Request))
#35 C:/Users/user/MyFiles/ProgmiX/PEX-Form-main/vendor/laravel/framework/src/Illuminate/Pipeline/Pipeline.php(219): Barryvdh/Debugbar/Middleware/InjectDebugbar->handle(Object(Illuminate/Http/Request), Object(Closure))
#36 C:/Users/user/MyFiles/ProgmiX/PEX-Form-main/modules/CMS/Http/Middleware/XFrameHeadersMiddleware.php(41): Illuminate/Pipeline/Pipeline->Illuminate/Pipeline/{closure}(Object(Illuminate/Http/Request))
#37 C:/Users/user/MyFiles/ProgmiX/PEX-Form-main/vendor/laravel/framework/src/Illuminate/Pipeline/Pipeline.php(219): Juzaweb/CMS/Http/Middleware/XFrameHeadersMiddleware->handle(Object(Illuminate/Http/Request), Object(Closure))
#38 C:/Users/user/MyFiles/ProgmiX/PEX-Form-main/vendor/laravel/framework/src/Illuminate/Routing/Middleware/SubstituteBindings.php(50): Illuminate/Pipeline/Pipeline->Illuminate/Pipeline/{closure}(Object(Illuminate/Http/Request))
#39 C:/Users/user/MyFiles/ProgmiX/PEX-Form-main/vendor/laravel/framework/src/Illuminate/Pipeline/Pipeline.php(219): Illuminate/Routing/Middleware/SubstituteBindings->handle(Object(Illuminate/Http/Request), Object(Closure))
#40 C:/Users/user/MyFiles/ProgmiX/PEX-Form-main/vendor/laravel/framework/src/Illuminate/Cookie/Middleware/AddQueuedCookiesToResponse.php(36): Illuminate/Pipeline/Pipeline->Illuminate/Pipeline/{closure}(Object(Illuminate/Http/Request))
#41 C:/Users/user/MyFiles/ProgmiX/PEX-Form-main/vendor/laravel/framework/src/Illuminate/Pipeline/Pipeline.php(219): Illuminate/Cookie/Middleware/AddQueuedCookiesToResponse->handle(Object(Illuminate/Http/Request), Object(Closure))
#42 C:/Users/user/MyFiles/ProgmiX/PEX-Form-main/vendor/laravel/framework/src/Illuminate/View/Middleware/ShareErrorsFromSession.php(48): Illuminate/Pipeline/Pipeline->Illuminate/Pipeline/{closure}(Object(Illuminate/Http/Request))
#43 C:/Users/user/MyFiles/ProgmiX/PEX-Form-main/modules/Backend/Http/Middleware/ShareErrorsUnlessBot.php(24): Illuminate/View/Middleware/ShareErrorsFromSession->handle(Object(Illuminate/Http/Request), Object(Closure))
#44 C:/Users/user/MyFiles/ProgmiX/PEX-Form-main/vendor/laravel/framework/src/Illuminate/Pipeline/Pipeline.php(219): Juzaweb/Backend/Http/Middleware/ShareErrorsUnlessBot->handle(Object(Illuminate/Http/Request), Object(Closure))
#45 C:/Users/user/MyFiles/ProgmiX/PEX-Form-main/vendor/laravel/framework/src/Illuminate/Session/Middleware/StartSession.php(120): Illuminate/Pipeline/Pipeline->Illuminate/Pipeline/{closure}(Object(Illuminate/Http/Request))
#46 C:/Users/user/MyFiles/ProgmiX/PEX-Form-main/vendor/laravel/framework/src/Illuminate/Session/Middleware/StartSession.php(63): Illuminate/Session/Middleware/StartSession->handleStatefulRequest(Object(Illuminate/Http/Request), Object(Illuminate/Session/Store), Object(Closure))
#47 C:/Users/user/MyFiles/ProgmiX/PEX-Form-main/modules/Backend/Http/Middleware/SkipSessionForBots.php(24): Illuminate/Session/Middleware/StartSession->handle(Object(Illuminate/Http/Request), Object(Closure))
#48 C:/Users/user/MyFiles/ProgmiX/PEX-Form-main/vendor/laravel/framework/src/Illuminate/Pipeline/Pipeline.php(219): Juzaweb/Backend/Http/Middleware/SkipSessionForBots->handle(Object(Illuminate/Http/Request), Object(Closure))
#49 C:/Users/user/MyFiles/ProgmiX/PEX-Form-main/vendor/laravel/framework/src/Illuminate/Cookie/Middleware/EncryptCookies.php(74): Illuminate/Pipeline/Pipeline->Illuminate/Pipeline/{closure}(Object(Illuminate/Http/Request))
#50 C:/Users/user/MyFiles/ProgmiX/PEX-Form-main/vendor/laravel/framework/src/Illuminate/Pipeline/Pipeline.php(219): Illuminate/Cookie/Middleware/EncryptCookies->handle(Object(Illuminate/Http/Request), Object(Closure))
#51 C:/Users/user/MyFiles/ProgmiX/PEX-Form-main/modules/CMS/Http/Middleware/GlobalMiddleware.php(11): Illuminate/Pipeline/Pipeline->Illuminate/Pipeline/{closure}(Object(Illuminate/Http/Request))
#52 C:/Users/user/MyFiles/ProgmiX/PEX-Form-main/vendor/laravel/framework/src/Illuminate/Pipeline/Pipeline.php(219): Juzaweb/CMS/Http/Middleware/GlobalMiddleware->handle(Object(Illuminate/Http/Request), Object(Closure))
#53 C:/Users/user/MyFiles/ProgmiX/PEX-Form-main/modules/Backend/Http/Middleware/DisableSessionForBots.php(30): Illuminate/Pipeline/Pipeline->Illuminate/Pipeline/{closure}(Object(Illuminate/Http/Request))
#54 C:/Users/user/MyFiles/ProgmiX/PEX-Form-main/vendor/laravel/framework/src/Illuminate/Pipeline/Pipeline.php(219): Juzaweb/Backend/Http/Middleware/DisableSessionForBots->handle(Object(Illuminate/Http/Request), Object(Closure))
#55 C:/Users/user/MyFiles/ProgmiX/PEX-Form-main/vendor/laravel/framework/src/Illuminate/Pipeline/Pipeline.php(137): Illuminate/Pipeline/Pipeline->Illuminate/Pipeline/{closure}(Object(Illuminate/Http/Request))
#56 C:/Users/user/MyFiles/ProgmiX/PEX-Form-main/vendor/laravel/framework/src/Illuminate/Routing/Router.php(821): Illuminate/Pipeline/Pipeline->then(Object(Closure))
#57 C:/Users/user/MyFiles/ProgmiX/PEX-Form-main/vendor/laravel/framework/src/Illuminate/Routing/Router.php(800): Illuminate/Routing/Router->runRouteWithinStack(Object(Illuminate/Routing/Route), Object(Illuminate/Http/Request))
#58 C:/Users/user/MyFiles/ProgmiX/PEX-Form-main/vendor/laravel/framework/src/Illuminate/Routing/Router.php(764): Illuminate/Routing/Router->runRoute(Object(Illuminate/Http/Request), Object(Illuminate/Routing/Route))
#59 C:/Users/user/MyFiles/ProgmiX/PEX-Form-main/vendor/laravel/framework/src/Illuminate/Routing/Router.php(753): Illuminate/Routing/Router->dispatchToRoute(Object(Illuminate/Http/Request))
#60 C:/Users/user/MyFiles/ProgmiX/PEX-Form-main/vendor/laravel/framework/src/Illuminate/Foundation/Http/Kernel.php(200): Illuminate/Routing/Router->dispatch(Object(Illuminate/Http/Request))
#61 C:/Users/user/MyFiles/ProgmiX/PEX-Form-main/vendor/laravel/framework/src/Illuminate/Pipeline/Pipeline.php(180): Illuminate/Foundation/Http/Kernel->Illuminate/Foundation/Http/{closure}(Object(Illuminate/Http/Request))
#62 C:/Users/user/MyFiles/ProgmiX/PEX-Form-main/vendor/barryvdh/laravel-debugbar/src/Middleware/InjectDebugbar.php(59): Illuminate/Pipeline/Pipeline->Illuminate/Pipeline/{closure}(Object(Illuminate/Http/Request))
#63 C:/Users/user/MyFiles/ProgmiX/PEX-Form-main/vendor/laravel/framework/src/Illuminate/Pipeline/Pipeline.php(219): Barryvdh/Debugbar/Middleware/InjectDebugbar->handle(Object(Illuminate/Http/Request), Object(Closure))
#64 C:/Users/user/MyFiles/ProgmiX/PEX-Form-main/modules/Backend/Http/Middleware/BlockIpMiddleware.php(31): Illuminate/Pipeline/Pipeline->Illuminate/Pipeline/{closure}(Object(Illuminate/Http/Request))
#65 C:/Users/user/MyFiles/ProgmiX/PEX-Form-main/vendor/laravel/framework/src/Illuminate/Pipeline/Pipeline.php(219): Juzaweb/Backend/Http/Middleware/BlockIpMiddleware->handle(Object(Illuminate/Http/Request), Object(Closure))
#66 C:/Users/user/MyFiles/ProgmiX/PEX-Form-main/modules/Backend/Http/Middleware/SecurityHeaders.php(25): Illuminate/Pipeline/Pipeline->Illuminate/Pipeline/{closure}(Object(Illuminate/Http/Request))
#67 C:/Users/user/MyFiles/ProgmiX/PEX-Form-main/vendor/laravel/framework/src/Illuminate/Pipeline/Pipeline.php(219): Juzaweb/Backend/Http/Middleware/SecurityHeaders->handle(Object(Illuminate/Http/Request), Object(Closure))
#68 C:/Users/user/MyFiles/ProgmiX/PEX-Form-main/vendor/laravel/framework/src/Illuminate/Foundation/Http/Middleware/TransformsRequest.php(21): Illuminate/Pipeline/Pipeline->Illuminate/Pipeline/{closure}(Object(Illuminate/Http/Request))
#69 C:/Users/user/MyFiles/ProgmiX/PEX-Form-main/vendor/laravel/framework/src/Illuminate/Foundation/Http/Middleware/ConvertEmptyStringsToNull.php(31): Illuminate/Foundation/Http/Middleware/TransformsRequest->handle(Object(Illuminate/Http/Request), Object(Closure))
#70 C:/Users/user/MyFiles/ProgmiX/PEX-Form-main/vendor/laravel/framework/src/Illuminate/Pipeline/Pipeline.php(219): Illuminate/Foundation/Http/Middleware/ConvertEmptyStringsToNull->handle(Object(Illuminate/Http/Request), Object(Closure))
#71 C:/Users/user/MyFiles/ProgmiX/PEX-Form-main/vendor/laravel/framework/src/Illuminate/Foundation/Http/Middleware/TransformsRequest.php(21): Illuminate/Pipeline/Pipeline->Illuminate/Pipeline/{closure}(Object(Illuminate/Http/Request))
#72 C:/Users/user/MyFiles/ProgmiX/PEX-Form-main/vendor/laravel/framework/src/Illuminate/Foundation/Http/Middleware/TrimStrings.php(51): Illuminate/Foundation/Http/Middleware/TransformsRequest->handle(Object(Illuminate/Http/Request), Object(Closure))
#73 C:/Users/user/MyFiles/ProgmiX/PEX-Form-main/vendor/laravel/framework/src/Illuminate/Pipeline/Pipeline.php(219): Illuminate/Foundation/Http/Middleware/TrimStrings->handle(Object(Illuminate/Http/Request), Object(Closure))
#74 C:/Users/user/MyFiles/ProgmiX/PEX-Form-main/vendor/laravel/framework/src/Illuminate/Http/Middleware/ValidatePostSize.php(27): Illuminate/Pipeline/Pipeline->Illuminate/Pipeline/{closure}(Object(Illuminate/Http/Request))
#75 C:/Users/user/MyFiles/ProgmiX/PEX-Form-main/vendor/laravel/framework/src/Illuminate/Pipeline/Pipeline.php(219): Illuminate/Http/Middleware/ValidatePostSize->handle(Object(Illuminate/Http/Request), Object(Closure))
#76 C:/Users/user/MyFiles/ProgmiX/PEX-Form-main/vendor/laravel/framework/src/Illuminate/Foundation/Http/Middleware/PreventRequestsDuringMaintenance.php(109): Illuminate/Pipeline/Pipeline->Illuminate/Pipeline/{closure}(Object(Illuminate/Http/Request))
#77 C:/Users/user/MyFiles/ProgmiX/PEX-Form-main/vendor/laravel/framework/src/Illuminate/Pipeline/Pipeline.php(219): Illuminate/Foundation/Http/Middleware/PreventRequestsDuringMaintenance->handle(Object(Illuminate/Http/Request), Object(Closure))
#78 C:/Users/user/MyFiles/ProgmiX/PEX-Form-main/vendor/laravel/framework/src/Illuminate/Http/Middleware/HandleCors.php(61): Illuminate/Pipeline/Pipeline->Illuminate/Pipeline/{closure}(Object(Illuminate/Http/Request))
#79 C:/Users/user/MyFiles/ProgmiX/PEX-Form-main/vendor/laravel/framework/src/Illuminate/Pipeline/Pipeline.php(219): Illuminate/Http/Middleware/HandleCors->handle(Object(Illuminate/Http/Request), Object(Closure))
#80 C:/Users/user/MyFiles/ProgmiX/PEX-Form-main/vendor/laravel/framework/src/Illuminate/Http/Middleware/TrustProxies.php(58): Illuminate/Pipeline/Pipeline->Illuminate/Pipeline/{closure}(Object(Illuminate/Http/Request))
#81 C:/Users/user/MyFiles/ProgmiX/PEX-Form-main/vendor/laravel/framework/src/Illuminate/Pipeline/Pipeline.php(219): Illuminate/Http/Middleware/TrustProxies->handle(Object(Illuminate/Http/Request), Object(Closure))
#82 C:/Users/user/MyFiles/ProgmiX/PEX-Form-main/vendor/laravel/framework/src/Illuminate/Pipeline/Pipeline.php(137): Illuminate/Pipeline/Pipeline->Illuminate/Pipeline/{closure}(Object(Illuminate/Http/Request))
#83 C:/Users/user/MyFiles/ProgmiX/PEX-Form-main/vendor/laravel/framework/src/Illuminate/Foundation/Http/Kernel.php(175): Illuminate/Pipeline/Pipeline->then(Object(Closure))
#84 C:/Users/user/MyFiles/ProgmiX/PEX-Form-main/vendor/laravel/framework/src/Illuminate/Foundation/Http/Kernel.php(144): Illuminate/Foundation/Http/Kernel->sendRequestThroughRouter(Object(Illuminate/Http/Request))
#85 C:/Users/user/MyFiles/ProgmiX/PEX-Form-main/public/index.php(51): Illuminate/Foundation/Http/Kernel->handle(Object(Illuminate/Http/Request))
#86 C:/Users/user/MyFiles/ProgmiX/PEX-Form-main/vendor/laravel/framework/src/Illuminate/Foundation/resources/server.php(23): require_once('C://Users//user//M...')
#87 {main}

[previous exception] [object] (ErrorException(code: 0): Undefined variable $contactData at C:/Users/user/MyFiles/ProgmiX/PEX-Form-main/storage/framework/views/a84ddf431c771032d0234d77e02450d7.php:4)
[stacktrace]
#0 C:/Users/user/MyFiles/ProgmiX/PEX-Form-main/vendor/laravel/framework/src/Illuminate/Foundation/Bootstrap/HandleExceptions.php(262): Illuminate/Foundation/Bootstrap/HandleExceptions->handleError(2, 'Undefined varia...', 'C://Users//user//M...', 4)
#1 C:/Users/user/MyFiles/ProgmiX/PEX-Form-main/storage/framework/views/a84ddf431c771032d0234d77e02450d7.php(4): Illuminate/Foundation/Bootstrap/HandleExceptions->Illuminate/Foundation/Bootstrap/{closure}(2, 'Undefined varia...', 'C://Users//user//M...', 4)
#2 C:/Users/user/MyFiles/ProgmiX/PEX-Form-main/vendor/laravel/framework/src/Illuminate/Filesystem/Filesystem.php(123): require('C://Users//user//M...')
#3 C:/Users/user/MyFiles/ProgmiX/PEX-Form-main/vendor/laravel/framework/src/Illuminate/Filesystem/Filesystem.php(124): Illuminate/Filesystem/Filesystem::Illuminate/Filesystem/{closure}()
#4 C:/Users/user/MyFiles/ProgmiX/PEX-Form-main/vendor/laravel/framework/src/Illuminate/View/Engines/PhpEngine.php(57): Illuminate/Filesystem/Filesystem->getRequire('C://Users//user//M...', Array)
#5 C:/Users/user/MyFiles/ProgmiX/PEX-Form-main/vendor/laravel/framework/src/Illuminate/View/Engines/CompilerEngine.php(76): Illuminate/View/Engines/PhpEngine->evaluatePath('C://Users//user//M...', Array)
#6 C:/Users/user/MyFiles/ProgmiX/PEX-Form-main/vendor/laravel/framework/src/Illuminate/View/View.php(208): Illuminate/View/Engines/CompilerEngine->get('C://Users//user//M...', Array)
#7 C:/Users/user/MyFiles/ProgmiX/PEX-Form-main/vendor/laravel/framework/src/Illuminate/View/View.php(191): Illuminate/View/View->getContents()
#8 C:/Users/user/MyFiles/ProgmiX/PEX-Form-main/vendor/laravel/framework/src/Illuminate/View/View.php(160): Illuminate/View/View->renderContents()
#9 C:/Users/user/MyFiles/ProgmiX/PEX-Form-main/storage/framework/views/078e945ecbf82d678121cbf4f8650dce.php(1): Illuminate/View/View->render()
#10 C:/Users/user/MyFiles/ProgmiX/PEX-Form-main/vendor/laravel/framework/src/Illuminate/Filesystem/Filesystem.php(123): require('C://Users//user//M...')
#11 C:/Users/user/MyFiles/ProgmiX/PEX-Form-main/vendor/laravel/framework/src/Illuminate/Filesystem/Filesystem.php(124): Illuminate/Filesystem/Filesystem::Illuminate/Filesystem/{closure}()
#12 C:/Users/user/MyFiles/ProgmiX/PEX-Form-main/vendor/laravel/framework/src/Illuminate/View/Engines/PhpEngine.php(57): Illuminate/Filesystem/Filesystem->getRequire('C://Users//user//M...', Array)
#13 C:/Users/user/MyFiles/ProgmiX/PEX-Form-main/vendor/laravel/framework/src/Illuminate/View/Engines/CompilerEngine.php(76): Illuminate/View/Engines/PhpEngine->evaluatePath('C://Users//user//M...', Array)
#14 C:/Users/user/MyFiles/ProgmiX/PEX-Form-main/vendor/laravel/framework/src/Illuminate/View/View.php(208): Illuminate/View/Engines/CompilerEngine->get('C://Users//user//M...', Array)
#15 C:/Users/user/MyFiles/ProgmiX/PEX-Form-main/vendor/laravel/framework/src/Illuminate/View/View.php(191): Illuminate/View/View->getContents()
#16 C:/Users/user/MyFiles/ProgmiX/PEX-Form-main/vendor/laravel/framework/src/Illuminate/View/View.php(160): Illuminate/View/View->renderContents()
#17 C:/Users/user/MyFiles/ProgmiX/PEX-Form-main/vendor/laravel/framework/src/Illuminate/Http/Response.php(78): Illuminate/View/View->render()
#18 C:/Users/user/MyFiles/ProgmiX/PEX-Form-main/vendor/laravel/framework/src/Illuminate/Http/Response.php(34): Illuminate/Http/Response->setContent(Object(Illuminate/View/View))
#19 C:/Users/user/MyFiles/ProgmiX/PEX-Form-main/vendor/laravel/framework/src/Illuminate/Routing/Router.php(939): Illuminate/Http/Response->__construct(Object(Illuminate/View/View), 200, Array)
#20 C:/Users/user/MyFiles/ProgmiX/PEX-Form-main/vendor/laravel/framework/src/Illuminate/Routing/Router.php(906): Illuminate/Routing/Router::toResponse(Object(Illuminate/Http/Request), Object(Illuminate/View/View))
#21 C:/Users/user/MyFiles/ProgmiX/PEX-Form-main/vendor/laravel/framework/src/Illuminate/Routing/Router.php(821): Illuminate/Routing/Router->prepareResponse(Object(Illuminate/Http/Request), Object(Illuminate/View/View))
#22 C:/Users/user/MyFiles/ProgmiX/PEX-Form-main/vendor/laravel/framework/src/Illuminate/Pipeline/Pipeline.php(180): Illuminate/Routing/Router->Illuminate/Routing/{closure}(Object(Illuminate/Http/Request))
#23 C:/Users/user/MyFiles/ProgmiX/PEX-Form-main/modules/Frontend/Http/Middleware/Locale.php(49): Illuminate/Pipeline/Pipeline->Illuminate/Pipeline/{closure}(Object(Illuminate/Http/Request))
#24 C:/Users/user/MyFiles/ProgmiX/PEX-Form-main/vendor/laravel/framework/src/Illuminate/Pipeline/Pipeline.php(219): Juzaweb/Frontend/Http/Middleware/Locale->handle(Object(Illuminate/Http/Request), Object(Closure))
#25 C:/Users/user/MyFiles/ProgmiX/PEX-Form-main/modules/Backend/Http/Middleware/SecurityHeaders.php(25): Illuminate/Pipeline/Pipeline->Illuminate/Pipeline/{closure}(Object(Illuminate/Http/Request))
#26 C:/Users/user/MyFiles/ProgmiX/PEX-Form-main/vendor/laravel/framework/src/Illuminate/Pipeline/Pipeline.php(219): Juzaweb/Backend/Http/Middleware/SecurityHeaders->handle(Object(Illuminate/Http/Request), Object(Closure))
#27 C:/Users/user/MyFiles/ProgmiX/PEX-Form-main/vendor/laravel/framework/src/Illuminate/Routing/Middleware/ThrottleRequests.php(166): Illuminate/Pipeline/Pipeline->Illuminate/Pipeline/{closure}(Object(Illuminate/Http/Request))
#28 C:/Users/user/MyFiles/ProgmiX/PEX-Form-main/vendor/laravel/framework/src/Illuminate/Routing/Middleware/ThrottleRequests.php(93): Illuminate/Routing/Middleware/ThrottleRequests->handleRequest(Object(Illuminate/Http/Request), Object(Closure), Array)
#29 C:/Users/user/MyFiles/ProgmiX/PEX-Form-main/vendor/laravel/framework/src/Illuminate/Pipeline/Pipeline.php(219): Illuminate/Routing/Middleware/ThrottleRequests->handle(Object(Illuminate/Http/Request), Object(Closure))
#30 C:/Users/user/MyFiles/ProgmiX/PEX-Form-main/modules/Backend/Http/Middleware/PathTraversal.php(57): Illuminate/Pipeline/Pipeline->Illuminate/Pipeline/{closure}(Object(Illuminate/Http/Request))
#31 C:/Users/user/MyFiles/ProgmiX/PEX-Form-main/vendor/laravel/framework/src/Illuminate/Pipeline/Pipeline.php(219): Juzaweb/Backend/Http/Middleware/PathTraversal->handle(Object(Illuminate/Http/Request), Object(Closure))
#32 C:/Users/user/MyFiles/ProgmiX/PEX-Form-main/modules/Backend/Http/Middleware/XssSanitization.php(44): Illuminate/Pipeline/Pipeline->Illuminate/Pipeline/{closure}(Object(Illuminate/Http/Request))
#33 C:/Users/user/MyFiles/ProgmiX/PEX-Form-main/vendor/laravel/framework/src/Illuminate/Pipeline/Pipeline.php(219): Juzaweb/Backend/Http/Middleware/XssSanitization->handle(Object(Illuminate/Http/Request), Object(Closure))
#34 C:/Users/user/MyFiles/ProgmiX/PEX-Form-main/vendor/spatie/laravel-csp/src/AddCspHeaders.php(13): Illuminate/Pipeline/Pipeline->Illuminate/Pipeline/{closure}(Object(Illuminate/Http/Request))
#35 C:/Users/user/MyFiles/ProgmiX/PEX-Form-main/vendor/laravel/framework/src/Illuminate/Pipeline/Pipeline.php(219): Spatie/Csp/AddCspHeaders->handle(Object(Illuminate/Http/Request), Object(Closure))
#36 C:/Users/user/MyFiles/ProgmiX/PEX-Form-main/vendor/barryvdh/laravel-debugbar/src/Middleware/InjectDebugbar.php(59): Illuminate/Pipeline/Pipeline->Illuminate/Pipeline/{closure}(Object(Illuminate/Http/Request))
#37 C:/Users/user/MyFiles/ProgmiX/PEX-Form-main/vendor/laravel/framework/src/Illuminate/Pipeline/Pipeline.php(219): Barryvdh/Debugbar/Middleware/InjectDebugbar->handle(Object(Illuminate/Http/Request), Object(Closure))
#38 C:/Users/user/MyFiles/ProgmiX/PEX-Form-main/modules/CMS/Http/Middleware/XFrameHeadersMiddleware.php(41): Illuminate/Pipeline/Pipeline->Illuminate/Pipeline/{closure}(Object(Illuminate/Http/Request))
#39 C:/Users/user/MyFiles/ProgmiX/PEX-Form-main/vendor/laravel/framework/src/Illuminate/Pipeline/Pipeline.php(219): Juzaweb/CMS/Http/Middleware/XFrameHeadersMiddleware->handle(Object(Illuminate/Http/Request), Object(Closure))
#40 C:/Users/user/MyFiles/ProgmiX/PEX-Form-main/vendor/laravel/framework/src/Illuminate/Routing/Middleware/SubstituteBindings.php(50): Illuminate/Pipeline/Pipeline->Illuminate/Pipeline/{closure}(Object(Illuminate/Http/Request))
#41 C:/Users/user/MyFiles/ProgmiX/PEX-Form-main/vendor/laravel/framework/src/Illuminate/Pipeline/Pipeline.php(219): Illuminate/Routing/Middleware/SubstituteBindings->handle(Object(Illuminate/Http/Request), Object(Closure))
#42 C:/Users/user/MyFiles/ProgmiX/PEX-Form-main/vendor/laravel/framework/src/Illuminate/Cookie/Middleware/AddQueuedCookiesToResponse.php(36): Illuminate/Pipeline/Pipeline->Illuminate/Pipeline/{closure}(Object(Illuminate/Http/Request))
#43 C:/Users/user/MyFiles/ProgmiX/PEX-Form-main/vendor/laravel/framework/src/Illuminate/Pipeline/Pipeline.php(219): Illuminate/Cookie/Middleware/AddQueuedCookiesToResponse->handle(Object(Illuminate/Http/Request), Object(Closure))
#44 C:/Users/user/MyFiles/ProgmiX/PEX-Form-main/vendor/laravel/framework/src/Illuminate/View/Middleware/ShareErrorsFromSession.php(48): Illuminate/Pipeline/Pipeline->Illuminate/Pipeline/{closure}(Object(Illuminate/Http/Request))
#45 C:/Users/user/MyFiles/ProgmiX/PEX-Form-main/modules/Backend/Http/Middleware/ShareErrorsUnlessBot.php(24): Illuminate/View/Middleware/ShareErrorsFromSession->handle(Object(Illuminate/Http/Request), Object(Closure))
#46 C:/Users/user/MyFiles/ProgmiX/PEX-Form-main/vendor/laravel/framework/src/Illuminate/Pipeline/Pipeline.php(219): Juzaweb/Backend/Http/Middleware/ShareErrorsUnlessBot->handle(Object(Illuminate/Http/Request), Object(Closure))
#47 C:/Users/user/MyFiles/ProgmiX/PEX-Form-main/vendor/laravel/framework/src/Illuminate/Session/Middleware/StartSession.php(120): Illuminate/Pipeline/Pipeline->Illuminate/Pipeline/{closure}(Object(Illuminate/Http/Request))
#48 C:/Users/user/MyFiles/ProgmiX/PEX-Form-main/vendor/laravel/framework/src/Illuminate/Session/Middleware/StartSession.php(63): Illuminate/Session/Middleware/StartSession->handleStatefulRequest(Object(Illuminate/Http/Request), Object(Illuminate/Session/Store), Object(Closure))
#49 C:/Users/user/MyFiles/ProgmiX/PEX-Form-main/modules/Backend/Http/Middleware/SkipSessionForBots.php(24): Illuminate/Session/Middleware/StartSession->handle(Object(Illuminate/Http/Request), Object(Closure))
#50 C:/Users/user/MyFiles/ProgmiX/PEX-Form-main/vendor/laravel/framework/src/Illuminate/Pipeline/Pipeline.php(219): Juzaweb/Backend/Http/Middleware/SkipSessionForBots->handle(Object(Illuminate/Http/Request), Object(Closure))
#51 C:/Users/user/MyFiles/ProgmiX/PEX-Form-main/vendor/laravel/framework/src/Illuminate/Cookie/Middleware/EncryptCookies.php(74): Illuminate/Pipeline/Pipeline->Illuminate/Pipeline/{closure}(Object(Illuminate/Http/Request))
#52 C:/Users/user/MyFiles/ProgmiX/PEX-Form-main/vendor/laravel/framework/src/Illuminate/Pipeline/Pipeline.php(219): Illuminate/Cookie/Middleware/EncryptCookies->handle(Object(Illuminate/Http/Request), Object(Closure))
#53 C:/Users/user/MyFiles/ProgmiX/PEX-Form-main/modules/CMS/Http/Middleware/GlobalMiddleware.php(11): Illuminate/Pipeline/Pipeline->Illuminate/Pipeline/{closure}(Object(Illuminate/Http/Request))
#54 C:/Users/user/MyFiles/ProgmiX/PEX-Form-main/vendor/laravel/framework/src/Illuminate/Pipeline/Pipeline.php(219): Juzaweb/CMS/Http/Middleware/GlobalMiddleware->handle(Object(Illuminate/Http/Request), Object(Closure))
#55 C:/Users/user/MyFiles/ProgmiX/PEX-Form-main/modules/Backend/Http/Middleware/DisableSessionForBots.php(30): Illuminate/Pipeline/Pipeline->Illuminate/Pipeline/{closure}(Object(Illuminate/Http/Request))
#56 C:/Users/user/MyFiles/ProgmiX/PEX-Form-main/vendor/laravel/framework/src/Illuminate/Pipeline/Pipeline.php(219): Juzaweb/Backend/Http/Middleware/DisableSessionForBots->handle(Object(Illuminate/Http/Request), Object(Closure))
#57 C:/Users/user/MyFiles/ProgmiX/PEX-Form-main/vendor/laravel/framework/src/Illuminate/Pipeline/Pipeline.php(137): Illuminate/Pipeline/Pipeline->Illuminate/Pipeline/{closure}(Object(Illuminate/Http/Request))
#58 C:/Users/user/MyFiles/ProgmiX/PEX-Form-main/vendor/laravel/framework/src/Illuminate/Routing/Router.php(821): Illuminate/Pipeline/Pipeline->then(Object(Closure))
#59 C:/Users/user/MyFiles/ProgmiX/PEX-Form-main/vendor/laravel/framework/src/Illuminate/Routing/Router.php(800): Illuminate/Routing/Router->runRouteWithinStack(Object(Illuminate/Routing/Route), Object(Illuminate/Http/Request))
#60 C:/Users/user/MyFiles/ProgmiX/PEX-Form-main/vendor/laravel/framework/src/Illuminate/Routing/Router.php(764): Illuminate/Routing/Router->runRoute(Object(Illuminate/Http/Request), Object(Illuminate/Routing/Route))
#61 C:/Users/user/MyFiles/ProgmiX/PEX-Form-main/vendor/laravel/framework/src/Illuminate/Routing/Router.php(753): Illuminate/Routing/Router->dispatchToRoute(Object(Illuminate/Http/Request))
#62 C:/Users/user/MyFiles/ProgmiX/PEX-Form-main/vendor/laravel/framework/src/Illuminate/Foundation/Http/Kernel.php(200): Illuminate/Routing/Router->dispatch(Object(Illuminate/Http/Request))
#63 C:/Users/user/MyFiles/ProgmiX/PEX-Form-main/vendor/laravel/framework/src/Illuminate/Pipeline/Pipeline.php(180): Illuminate/Foundation/Http/Kernel->Illuminate/Foundation/Http/{closure}(Object(Illuminate/Http/Request))
#64 C:/Users/user/MyFiles/ProgmiX/PEX-Form-main/vendor/barryvdh/laravel-debugbar/src/Middleware/InjectDebugbar.php(59): Illuminate/Pipeline/Pipeline->Illuminate/Pipeline/{closure}(Object(Illuminate/Http/Request))
#65 C:/Users/user/MyFiles/ProgmiX/PEX-Form-main/vendor/laravel/framework/src/Illuminate/Pipeline/Pipeline.php(219): Barryvdh/Debugbar/Middleware/InjectDebugbar->handle(Object(Illuminate/Http/Request), Object(Closure))
#66 C:/Users/user/MyFiles/ProgmiX/PEX-Form-main/modules/Backend/Http/Middleware/BlockIpMiddleware.php(31): Illuminate/Pipeline/Pipeline->Illuminate/Pipeline/{closure}(Object(Illuminate/Http/Request))
#67 C:/Users/user/MyFiles/ProgmiX/PEX-Form-main/vendor/laravel/framework/src/Illuminate/Pipeline/Pipeline.php(219): Juzaweb/Backend/Http/Middleware/BlockIpMiddleware->handle(Object(Illuminate/Http/Request), Object(Closure))
#68 C:/Users/user/MyFiles/ProgmiX/PEX-Form-main/modules/Backend/Http/Middleware/SecurityHeaders.php(25): Illuminate/Pipeline/Pipeline->Illuminate/Pipeline/{closure}(Object(Illuminate/Http/Request))
#69 C:/Users/user/MyFiles/ProgmiX/PEX-Form-main/vendor/laravel/framework/src/Illuminate/Pipeline/Pipeline.php(219): Juzaweb/Backend/Http/Middleware/SecurityHeaders->handle(Object(Illuminate/Http/Request), Object(Closure))
#70 C:/Users/user/MyFiles/ProgmiX/PEX-Form-main/vendor/laravel/framework/src/Illuminate/Foundation/Http/Middleware/TransformsRequest.php(21): Illuminate/Pipeline/Pipeline->Illuminate/Pipeline/{closure}(Object(Illuminate/Http/Request))
#71 C:/Users/user/MyFiles/ProgmiX/PEX-Form-main/vendor/laravel/framework/src/Illuminate/Foundation/Http/Middleware/ConvertEmptyStringsToNull.php(31): Illuminate/Foundation/Http/Middleware/TransformsRequest->handle(Object(Illuminate/Http/Request), Object(Closure))
#72 C:/Users/user/MyFiles/ProgmiX/PEX-Form-main/vendor/laravel/framework/src/Illuminate/Pipeline/Pipeline.php(219): Illuminate/Foundation/Http/Middleware/ConvertEmptyStringsToNull->handle(Object(Illuminate/Http/Request), Object(Closure))
#73 C:/Users/user/MyFiles/ProgmiX/PEX-Form-main/vendor/laravel/framework/src/Illuminate/Foundation/Http/Middleware/TransformsRequest.php(21): Illuminate/Pipeline/Pipeline->Illuminate/Pipeline/{closure}(Object(Illuminate/Http/Request))
#74 C:/Users/user/MyFiles/ProgmiX/PEX-Form-main/vendor/laravel/framework/src/Illuminate/Foundation/Http/Middleware/TrimStrings.php(51): Illuminate/Foundation/Http/Middleware/TransformsRequest->handle(Object(Illuminate/Http/Request), Object(Closure))
#75 C:/Users/user/MyFiles/ProgmiX/PEX-Form-main/vendor/laravel/framework/src/Illuminate/Pipeline/Pipeline.php(219): Illuminate/Foundation/Http/Middleware/TrimStrings->handle(Object(Illuminate/Http/Request), Object(Closure))
#76 C:/Users/user/MyFiles/ProgmiX/PEX-Form-main/vendor/laravel/framework/src/Illuminate/Http/Middleware/ValidatePostSize.php(27): Illuminate/Pipeline/Pipeline->Illuminate/Pipeline/{closure}(Object(Illuminate/Http/Request))
#77 C:/Users/user/MyFiles/ProgmiX/PEX-Form-main/vendor/laravel/framework/src/Illuminate/Pipeline/Pipeline.php(219): Illuminate/Http/Middleware/ValidatePostSize->handle(Object(Illuminate/Http/Request), Object(Closure))
#78 C:/Users/user/MyFiles/ProgmiX/PEX-Form-main/vendor/laravel/framework/src/Illuminate/Foundation/Http/Middleware/PreventRequestsDuringMaintenance.php(109): Illuminate/Pipeline/Pipeline->Illuminate/Pipeline/{closure}(Object(Illuminate/Http/Request))
#79 C:/Users/user/MyFiles/ProgmiX/PEX-Form-main/vendor/laravel/framework/src/Illuminate/Pipeline/Pipeline.php(219): Illuminate/Foundation/Http/Middleware/PreventRequestsDuringMaintenance->handle(Object(Illuminate/Http/Request), Object(Closure))
#80 C:/Users/user/MyFiles/ProgmiX/PEX-Form-main/vendor/laravel/framework/src/Illuminate/Http/Middleware/HandleCors.php(61): Illuminate/Pipeline/Pipeline->Illuminate/Pipeline/{closure}(Object(Illuminate/Http/Request))
#81 C:/Users/user/MyFiles/ProgmiX/PEX-Form-main/vendor/laravel/framework/src/Illuminate/Pipeline/Pipeline.php(219): Illuminate/Http/Middleware/HandleCors->handle(Object(Illuminate/Http/Request), Object(Closure))
#82 C:/Users/user/MyFiles/ProgmiX/PEX-Form-main/vendor/laravel/framework/src/Illuminate/Http/Middleware/TrustProxies.php(58): Illuminate/Pipeline/Pipeline->Illuminate/Pipeline/{closure}(Object(Illuminate/Http/Request))
#83 C:/Users/user/MyFiles/ProgmiX/PEX-Form-main/vendor/laravel/framework/src/Illuminate/Pipeline/Pipeline.php(219): Illuminate/Http/Middleware/TrustProxies->handle(Object(Illuminate/Http/Request), Object(Closure))
#84 C:/Users/user/MyFiles/ProgmiX/PEX-Form-main/vendor/laravel/framework/src/Illuminate/Pipeline/Pipeline.php(137): Illuminate/Pipeline/Pipeline->Illuminate/Pipeline/{closure}(Object(Illuminate/Http/Request))
#85 C:/Users/user/MyFiles/ProgmiX/PEX-Form-main/vendor/laravel/framework/src/Illuminate/Foundation/Http/Kernel.php(175): Illuminate/Pipeline/Pipeline->then(Object(Closure))
#86 C:/Users/user/MyFiles/ProgmiX/PEX-Form-main/vendor/laravel/framework/src/Illuminate/Foundation/Http/Kernel.php(144): Illuminate/Foundation/Http/Kernel->sendRequestThroughRouter(Object(Illuminate/Http/Request))
#87 C:/Users/user/MyFiles/ProgmiX/PEX-Form-main/public/index.php(51): Illuminate/Foundation/Http/Kernel->handle(Object(Illuminate/Http/Request))
#88 C:/Users/user/MyFiles/ProgmiX/PEX-Form-main/vendor/laravel/framework/src/Illuminate/Foundation/resources/server.php(23): require_once('C://Users//user//M...')
#89 {main}
"} 
[2026-09-30 08:40:56] local.ERROR: Undefined variable $contactData {"userId":1,"exception":"[object] (Spatie\\LaravelIgnition\\Exceptions\\ViewException(code: 0): Undefined variable $contactData at C:/Users/user/MyFiles/ProgmiX/PEX-Form-main/modules/Frontend/resources/views/templates/homepage/pex/contact.blade.php:1)
[stacktrace]
#0 C:/Users/user/MyFiles/ProgmiX/PEX-Form-main/vendor/laravel/framework/src/Illuminate/Filesystem/Filesystem.php(123): require('C://Users//user//M...')
#1 C:/Users/user/MyFiles/ProgmiX/PEX-Form-main/vendor/laravel/framework/src/Illuminate/Filesystem/Filesystem.php(124): Illuminate/Filesystem/Filesystem::Illuminate/Filesystem/{closure}()
#2 C:/Users/user/MyFiles/ProgmiX/PEX-Form-main/vendor/laravel/framework/src/Illuminate/View/Engines/PhpEngine.php(57): Illuminate/Filesystem/Filesystem->getRequire('C://Users//user//M...', Array)
#3 C:/Users/user/MyFiles/ProgmiX/PEX-Form-main/vendor/laravel/framework/src/Illuminate/View/Engines/CompilerEngine.php(76): Illuminate/View/Engines/PhpEngine->evaluatePath('C://Users//user//M...', Array)
#4 C:/Users/user/MyFiles/ProgmiX/PEX-Form-main/vendor/laravel/framework/src/Illuminate/View/View.php(208): Illuminate/View/Engines/CompilerEngine->get('C://Users//user//M...', Array)
#5 C:/Users/user/MyFiles/ProgmiX/PEX-Form-main/vendor/laravel/framework/src/Illuminate/View/View.php(191): Illuminate/View/View->getContents()
#6 C:/Users/user/MyFiles/ProgmiX/PEX-Form-main/vendor/laravel/framework/src/Illuminate/View/View.php(160): Illuminate/View/View->renderContents()
#7 C:/Users/user/MyFiles/ProgmiX/PEX-Form-main/modules/Frontend/resources/views/home.blade.php(1): Illuminate/View/View->render()
#8 C:/Users/user/MyFiles/ProgmiX/PEX-Form-main/vendor/laravel/framework/src/Illuminate/Filesystem/Filesystem.php(123): require('C://Users//user//M...')
#9 C:/Users/user/MyFiles/ProgmiX/PEX-Form-main/vendor/laravel/framework/src/Illuminate/Filesystem/Filesystem.php(124): Illuminate/Filesystem/Filesystem::Illuminate/Filesystem/{closure}()
#10 C:/Users/user/MyFiles/ProgmiX/PEX-Form-main/vendor/laravel/framework/src/Illuminate/View/Engines/PhpEngine.php(57): Illuminate/Filesystem/Filesystem->getRequire('C://Users//user//M...', Array)
#11 C:/Users/user/MyFiles/ProgmiX/PEX-Form-main/vendor/laravel/framework/src/Illuminate/View/Engines/CompilerEngine.php(76): Illuminate/View/Engines/PhpEngine->evaluatePath('C://Users//user//M...', Array)
#12 C:/Users/user/MyFiles/ProgmiX/PEX-Form-main/vendor/laravel/framework/src/Illuminate/View/View.php(208): Illuminate/View/Engines/CompilerEngine->get('C://Users//user//M...', Array)
#13 C:/Users/user/MyFiles/ProgmiX/PEX-Form-main/vendor/laravel/framework/src/Illuminate/View/View.php(191): Illuminate/View/View->getContents()
#14 C:/Users/user/MyFiles/ProgmiX/PEX-Form-main/vendor/laravel/framework/src/Illuminate/View/View.php(160): Illuminate/View/View->renderContents()
#15 C:/Users/user/MyFiles/ProgmiX/PEX-Form-main/vendor/laravel/framework/src/Illuminate/Http/Response.php(78): Illuminate/View/View->render()
#16 C:/Users/user/MyFiles/ProgmiX/PEX-Form-main/vendor/laravel/framework/src/Illuminate/Http/Response.php(34): Illuminate/Http/Response->setContent(Object(Illuminate/View/View))
#17 C:/Users/user/MyFiles/ProgmiX/PEX-Form-main/vendor/laravel/framework/src/Illuminate/Routing/Router.php(939): Illuminate/Http/Response->__construct(Object(Illuminate/View/View), 200, Array)
#18 C:/Users/user/MyFiles/ProgmiX/PEX-Form-main/vendor/laravel/framework/src/Illuminate/Routing/Router.php(906): Illuminate/Routing/Router::toResponse(Object(Illuminate/Http/Request), Object(Illuminate/View/View))
#19 C:/Users/user/MyFiles/ProgmiX/PEX-Form-main/vendor/laravel/framework/src/Illuminate/Routing/Router.php(821): Illuminate/Routing/Router->prepareResponse(Object(Illuminate/Http/Request), Object(Illuminate/View/View))
#20 C:/Users/user/MyFiles/ProgmiX/PEX-Form-main/vendor/laravel/framework/src/Illuminate/Pipeline/Pipeline.php(180): Illuminate/Routing/Router->Illuminate/Routing/{closure}(Object(Illuminate/Http/Request))
#21 C:/Users/user/MyFiles/ProgmiX/PEX-Form-main/modules/Frontend/Http/Middleware/Locale.php(49): Illuminate/Pipeline/Pipeline->Illuminate/Pipeline/{closure}(Object(Illuminate/Http/Request))
#22 C:/Users/user/MyFiles/ProgmiX/PEX-Form-main/vendor/laravel/framework/src/Illuminate/Pipeline/Pipeline.php(219): Juzaweb/Frontend/Http/Middleware/Locale->handle(Object(Illuminate/Http/Request), Object(Closure))
#23 C:/Users/user/MyFiles/ProgmiX/PEX-Form-main/modules/Backend/Http/Middleware/SecurityHeaders.php(25): Illuminate/Pipeline/Pipeline->Illuminate/Pipeline/{closure}(Object(Illuminate/Http/Request))
#24 C:/Users/user/MyFiles/ProgmiX/PEX-Form-main/vendor/laravel/framework/src/Illuminate/Pipeline/Pipeline.php(219): Juzaweb/Backend/Http/Middleware/SecurityHeaders->handle(Object(Illuminate/Http/Request), Object(Closure))
#25 C:/Users/user/MyFiles/ProgmiX/PEX-Form-main/vendor/laravel/framework/src/Illuminate/Routing/Middleware/ThrottleRequests.php(166): Illuminate/Pipeline/Pipeline->Illuminate/Pipeline/{closure}(Object(Illuminate/Http/Request))
#26 C:/Users/user/MyFiles/ProgmiX/PEX-Form-main/vendor/laravel/framework/src/Illuminate/Routing/Middleware/ThrottleRequests.php(93): Illuminate/Routing/Middleware/ThrottleRequests->handleRequest(Object(Illuminate/Http/Request), Object(Closure), Array)
#27 C:/Users/user/MyFiles/ProgmiX/PEX-Form-main/vendor/laravel/framework/src/Illuminate/Pipeline/Pipeline.php(219): Illuminate/Routing/Middleware/ThrottleRequests->handle(Object(Illuminate/Http/Request), Object(Closure))
#28 C:/Users/user/MyFiles/ProgmiX/PEX-Form-main/modules/Backend/Http/Middleware/PathTraversal.php(57): Illuminate/Pipeline/Pipeline->Illuminate/Pipeline/{closure}(Object(Illuminate/Http/Request))
#29 C:/Users/user/MyFiles/ProgmiX/PEX-Form-main/vendor/laravel/framework/src/Illuminate/Pipeline/Pipeline.php(219): Juzaweb/Backend/Http/Middleware/PathTraversal->handle(Object(Illuminate/Http/Request), Object(Closure))
#30 C:/Users/user/MyFiles/ProgmiX/PEX-Form-main/modules/Backend/Http/Middleware/XssSanitization.php(44): Illuminate/Pipeline/Pipeline->Illuminate/Pipeline/{closure}(Object(Illuminate/Http/Request))
#31 C:/Users/user/MyFiles/ProgmiX/PEX-Form-main/vendor/laravel/framework/src/Illuminate/Pipeline/Pipeline.php(219): Juzaweb/Backend/Http/Middleware/XssSanitization->handle(Object(Illuminate/Http/Request), Object(Closure))
#32 C:/Users/user/MyFiles/ProgmiX/PEX-Form-main/vendor/spatie/laravel-csp/src/AddCspHeaders.php(13): Illuminate/Pipeline/Pipeline->Illuminate/Pipeline/{closure}(Object(Illuminate/Http/Request))
#33 C:/Users/user/MyFiles/ProgmiX/PEX-Form-main/vendor/laravel/framework/src/Illuminate/Pipeline/Pipeline.php(219): Spatie/Csp/AddCspHeaders->handle(Object(Illuminate/Http/Request), Object(Closure))
#34 C:/Users/user/MyFiles/ProgmiX/PEX-Form-main/vendor/barryvdh/laravel-debugbar/src/Middleware/InjectDebugbar.php(59): Illuminate/Pipeline/Pipeline->Illuminate/Pipeline/{closure}(Object(Illuminate/Http/Request))
#35 C:/Users/user/MyFiles/ProgmiX/PEX-Form-main/vendor/laravel/framework/src/Illuminate/Pipeline/Pipeline.php(219): Barryvdh/Debugbar/Middleware/InjectDebugbar->handle(Object(Illuminate/Http/Request), Object(Closure))
#36 C:/Users/user/MyFiles/ProgmiX/PEX-Form-main/modules/CMS/Http/Middleware/XFrameHeadersMiddleware.php(41): Illuminate/Pipeline/Pipeline->Illuminate/Pipeline/{closure}(Object(Illuminate/Http/Request))
#37 C:/Users/user/MyFiles/ProgmiX/PEX-Form-main/vendor/laravel/framework/src/Illuminate/Pipeline/Pipeline.php(219): Juzaweb/CMS/Http/Middleware/XFrameHeadersMiddleware->handle(Object(Illuminate/Http/Request), Object(Closure))
#38 C:/Users/user/MyFiles/ProgmiX/PEX-Form-main/vendor/laravel/framework/src/Illuminate/Routing/Middleware/SubstituteBindings.php(50): Illuminate/Pipeline/Pipeline->Illuminate/Pipeline/{closure}(Object(Illuminate/Http/Request))
#39 C:/Users/user/MyFiles/ProgmiX/PEX-Form-main/vendor/laravel/framework/src/Illuminate/Pipeline/Pipeline.php(219): Illuminate/Routing/Middleware/SubstituteBindings->handle(Object(Illuminate/Http/Request), Object(Closure))
#40 C:/Users/user/MyFiles/ProgmiX/PEX-Form-main/vendor/laravel/framework/src/Illuminate/Cookie/Middleware/AddQueuedCookiesToResponse.php(36): Illuminate/Pipeline/Pipeline->Illuminate/Pipeline/{closure}(Object(Illuminate/Http/Request))
#41 C:/Users/user/MyFiles/ProgmiX/PEX-Form-main/vendor/laravel/framework/src/Illuminate/Pipeline/Pipeline.php(219): Illuminate/Cookie/Middleware/AddQueuedCookiesToResponse->handle(Object(Illuminate/Http/Request), Object(Closure))
#42 C:/Users/user/MyFiles/ProgmiX/PEX-Form-main/vendor/laravel/framework/src/Illuminate/View/Middleware/ShareErrorsFromSession.php(48): Illuminate/Pipeline/Pipeline->Illuminate/Pipeline/{closure}(Object(Illuminate/Http/Request))
#43 C:/Users/user/MyFiles/ProgmiX/PEX-Form-main/modules/Backend/Http/Middleware/ShareErrorsUnlessBot.php(24): Illuminate/View/Middleware/ShareErrorsFromSession->handle(Object(Illuminate/Http/Request), Object(Closure))
#44 C:/Users/user/MyFiles/ProgmiX/PEX-Form-main/vendor/laravel/framework/src/Illuminate/Pipeline/Pipeline.php(219): Juzaweb/Backend/Http/Middleware/ShareErrorsUnlessBot->handle(Object(Illuminate/Http/Request), Object(Closure))
#45 C:/Users/user/MyFiles/ProgmiX/PEX-Form-main/vendor/laravel/framework/src/Illuminate/Session/Middleware/StartSession.php(120): Illuminate/Pipeline/Pipeline->Illuminate/Pipeline/{closure}(Object(Illuminate/Http/Request))
#46 C:/Users/user/MyFiles/ProgmiX/PEX-Form-main/vendor/laravel/framework/src/Illuminate/Session/Middleware/StartSession.php(63): Illuminate/Session/Middleware/StartSession->handleStatefulRequest(Object(Illuminate/Http/Request), Object(Illuminate/Session/Store), Object(Closure))
#47 C:/Users/user/MyFiles/ProgmiX/PEX-Form-main/modules/Backend/Http/Middleware/SkipSessionForBots.php(24): Illuminate/Session/Middleware/StartSession->handle(Object(Illuminate/Http/Request), Object(Closure))
#48 C:/Users/user/MyFiles/ProgmiX/PEX-Form-main/vendor/laravel/framework/src/Illuminate/Pipeline/Pipeline.php(219): Juzaweb/Backend/Http/Middleware/SkipSessionForBots->handle(Object(Illuminate/Http/Request), Object(Closure))
#49 C:/Users/user/MyFiles/ProgmiX/PEX-Form-main/vendor/laravel/framework/src/Illuminate/Cookie/Middleware/EncryptCookies.php(74): Illuminate/Pipeline/Pipeline->Illuminate/Pipeline/{closure}(Object(Illuminate/Http/Request))
#50 C:/Users/user/MyFiles/ProgmiX/PEX-Form-main/vendor/laravel/framework/src/Illuminate/Pipeline/Pipeline.php(219): Illuminate/Cookie/Middleware/EncryptCookies->handle(Object(Illuminate/Http/Request), Object(Closure))
#51 C:/Users/user/MyFiles/ProgmiX/PEX-Form-main/modules/CMS/Http/Middleware/GlobalMiddleware.php(11): Illuminate/Pipeline/Pipeline->Illuminate/Pipeline/{closure}(Object(Illuminate/Http/Request))
#52 C:/Users/user/MyFiles/ProgmiX/PEX-Form-main/vendor/laravel/framework/src/Illuminate/Pipeline/Pipeline.php(219): Juzaweb/CMS/Http/Middleware/GlobalMiddleware->handle(Object(Illuminate/Http/Request), Object(Closure))
#53 C:/Users/user/MyFiles/ProgmiX/PEX-Form-main/modules/Backend/Http/Middleware/DisableSessionForBots.php(30): Illuminate/Pipeline/Pipeline->Illuminate/Pipeline/{closure}(Object(Illuminate/Http/Request))
#54 C:/Users/user/MyFiles/ProgmiX/PEX-Form-main/vendor/laravel/framework/src/Illuminate/Pipeline/Pipeline.php(219): Juzaweb/Backend/Http/Middleware/DisableSessionForBots->handle(Object(Illuminate/Http/Request), Object(Closure))
#55 C:/Users/user/MyFiles/ProgmiX/PEX-Form-main/vendor/laravel/framework/src/Illuminate/Pipeline/Pipeline.php(137): Illuminate/Pipeline/Pipeline->Illuminate/Pipeline/{closure}(Object(Illuminate/Http/Request))
#56 C:/Users/user/MyFiles/ProgmiX/PEX-Form-main/vendor/laravel/framework/src/Illuminate/Routing/Router.php(821): Illuminate/Pipeline/Pipeline->then(Object(Closure))
#57 C:/Users/user/MyFiles/ProgmiX/PEX-Form-main/vendor/laravel/framework/src/Illuminate/Routing/Router.php(800): Illuminate/Routing/Router->runRouteWithinStack(Object(Illuminate/Routing/Route), Object(Illuminate/Http/Request))
#58 C:/Users/user/MyFiles/ProgmiX/PEX-Form-main/vendor/laravel/framework/src/Illuminate/Routing/Router.php(764): Illuminate/Routing/Router->runRoute(Object(Illuminate/Http/Request), Object(Illuminate/Routing/Route))
#59 C:/Users/user/MyFiles/ProgmiX/PEX-Form-main/vendor/laravel/framework/src/Illuminate/Routing/Router.php(753): Illuminate/Routing/Router->dispatchToRoute(Object(Illuminate/Http/Request))
#60 C:/Users/user/MyFiles/ProgmiX/PEX-Form-main/vendor/laravel/framework/src/Illuminate/Foundation/Http/Kernel.php(200): Illuminate/Routing/Router->dispatch(Object(Illuminate/Http/Request))
#61 C:/Users/user/MyFiles/ProgmiX/PEX-Form-main/vendor/laravel/framework/src/Illuminate/Pipeline/Pipeline.php(180): Illuminate/Foundation/Http/Kernel->Illuminate/Foundation/Http/{closure}(Object(Illuminate/Http/Request))
#62 C:/Users/user/MyFiles/ProgmiX/PEX-Form-main/vendor/barryvdh/laravel-debugbar/src/Middleware/InjectDebugbar.php(59): Illuminate/Pipeline/Pipeline->Illuminate/Pipeline/{closure}(Object(Illuminate/Http/Request))
#63 C:/Users/user/MyFiles/ProgmiX/PEX-Form-main/vendor/laravel/framework/src/Illuminate/Pipeline/Pipeline.php(219): Barryvdh/Debugbar/Middleware/InjectDebugbar->handle(Object(Illuminate/Http/Request), Object(Closure))
#64 C:/Users/user/MyFiles/ProgmiX/PEX-Form-main/modules/Backend/Http/Middleware/BlockIpMiddleware.php(31): Illuminate/Pipeline/Pipeline->Illuminate/Pipeline/{closure}(Object(Illuminate/Http/Request))
#65 C:/Users/user/MyFiles/ProgmiX/PEX-Form-main/vendor/laravel/framework/src/Illuminate/Pipeline/Pipeline.php(219): Juzaweb/Backend/Http/Middleware/BlockIpMiddleware->handle(Object(Illuminate/Http/Request), Object(Closure))
#66 C:/Users/user/MyFiles/ProgmiX/PEX-Form-main/modules/Backend/Http/Middleware/SecurityHeaders.php(25): Illuminate/Pipeline/Pipeline->Illuminate/Pipeline/{closure}(Object(Illuminate/Http/Request))
#67 C:/Users/user/MyFiles/ProgmiX/PEX-Form-main/vendor/laravel/framework/src/Illuminate/Pipeline/Pipeline.php(219): Juzaweb/Backend/Http/Middleware/SecurityHeaders->handle(Object(Illuminate/Http/Request), Object(Closure))
#68 C:/Users/user/MyFiles/ProgmiX/PEX-Form-main/vendor/laravel/framework/src/Illuminate/Foundation/Http/Middleware/TransformsRequest.php(21): Illuminate/Pipeline/Pipeline->Illuminate/Pipeline/{closure}(Object(Illuminate/Http/Request))
#69 C:/Users/user/MyFiles/ProgmiX/PEX-Form-main/vendor/laravel/framework/src/Illuminate/Foundation/Http/Middleware/ConvertEmptyStringsToNull.php(31): Illuminate/Foundation/Http/Middleware/TransformsRequest->handle(Object(Illuminate/Http/Request), Object(Closure))
#70 C:/Users/user/MyFiles/ProgmiX/PEX-Form-main/vendor/laravel/framework/src/Illuminate/Pipeline/Pipeline.php(219): Illuminate/Foundation/Http/Middleware/ConvertEmptyStringsToNull->handle(Object(Illuminate/Http/Request), Object(Closure))
#71 C:/Users/user/MyFiles/ProgmiX/PEX-Form-main/vendor/laravel/framework/src/Illuminate/Foundation/Http/Middleware/TransformsRequest.php(21): Illuminate/Pipeline/Pipeline->Illuminate/Pipeline/{closure}(Object(Illuminate/Http/Request))
#72 C:/Users/user/MyFiles/ProgmiX/PEX-Form-main/vendor/laravel/framework/src/Illuminate/Foundation/Http/Middleware/TrimStrings.php(51): Illuminate/Foundation/Http/Middleware/TransformsRequest->handle(Object(Illuminate/Http/Request), Object(Closure))
#73 C:/Users/user/MyFiles/ProgmiX/PEX-Form-main/vendor/laravel/framework/src/Illuminate/Pipeline/Pipeline.php(219): Illuminate/Foundation/Http/Middleware/TrimStrings->handle(Object(Illuminate/Http/Request), Object(Closure))
#74 C:/Users/user/MyFiles/ProgmiX/PEX-Form-main/vendor/laravel/framework/src/Illuminate/Http/Middleware/ValidatePostSize.php(27): Illuminate/Pipeline/Pipeline->Illuminate/Pipeline/{closure}(Object(Illuminate/Http/Request))
#75 C:/Users/user/MyFiles/ProgmiX/PEX-Form-main/vendor/laravel/framework/src/Illuminate/Pipeline/Pipeline.php(219): Illuminate/Http/Middleware/ValidatePostSize->handle(Object(Illuminate/Http/Request), Object(Closure))
#76 C:/Users/user/MyFiles/ProgmiX/PEX-Form-main/vendor/laravel/framework/src/Illuminate/Foundation/Http/Middleware/PreventRequestsDuringMaintenance.php(109): Illuminate/Pipeline/Pipeline->Illuminate/Pipeline/{closure}(Object(Illuminate/Http/Request))
#77 C:/Users/user/MyFiles/ProgmiX/PEX-Form-main/vendor/laravel/framework/src/Illuminate/Pipeline/Pipeline.php(219): Illuminate/Foundation/Http/Middleware/PreventRequestsDuringMaintenance->handle(Object(Illuminate/Http/Request), Object(Closure))
#78 C:/Users/user/MyFiles/ProgmiX/PEX-Form-main/vendor/laravel/framework/src/Illuminate/Http/Middleware/HandleCors.php(61): Illuminate/Pipeline/Pipeline->Illuminate/Pipeline/{closure}(Object(Illuminate/Http/Request))
#79 C:/Users/user/MyFiles/ProgmiX/PEX-Form-main/vendor/laravel/framework/src/Illuminate/Pipeline/Pipeline.php(219): Illuminate/Http/Middleware/HandleCors->handle(Object(Illuminate/Http/Request), Object(Closure))
#80 C:/Users/user/MyFiles/ProgmiX/PEX-Form-main/vendor/laravel/framework/src/Illuminate/Http/Middleware/TrustProxies.php(58): Illuminate/Pipeline/Pipeline->Illuminate/Pipeline/{closure}(Object(Illuminate/Http/Request))
#81 C:/Users/user/MyFiles/ProgmiX/PEX-Form-main/vendor/laravel/framework/src/Illuminate/Pipeline/Pipeline.php(219): Illuminate/Http/Middleware/TrustProxies->handle(Object(Illuminate/Http/Request), Object(Closure))
#82 C:/Users/user/MyFiles/ProgmiX/PEX-Form-main/vendor/laravel/framework/src/Illuminate/Pipeline/Pipeline.php(137): Illuminate/Pipeline/Pipeline->Illuminate/Pipeline/{closure}(Object(Illuminate/Http/Request))
#83 C:/Users/user/MyFiles/ProgmiX/PEX-Form-main/vendor/laravel/framework/src/Illuminate/Foundation/Http/Kernel.php(175): Illuminate/Pipeline/Pipeline->then(Object(Closure))
#84 C:/Users/user/MyFiles/ProgmiX/PEX-Form-main/vendor/laravel/framework/src/Illuminate/Foundation/Http/Kernel.php(144): Illuminate/Foundation/Http/Kernel->sendRequestThroughRouter(Object(Illuminate/Http/Request))
#85 C:/Users/user/MyFiles/ProgmiX/PEX-Form-main/public/index.php(51): Illuminate/Foundation/Http/Kernel->handle(Object(Illuminate/Http/Request))
#86 C:/Users/user/MyFiles/ProgmiX/PEX-Form-main/vendor/laravel/framework/src/Illuminate/Foundation/resources/server.php(23): require_once('C://Users//user//M...')
#87 {main}

[previous exception] [object] (ErrorException(code: 0): Undefined variable $contactData at C:/Users/user/MyFiles/ProgmiX/PEX-Form-main/storage/framework/views/a84ddf431c771032d0234d77e02450d7.php:4)
[stacktrace]
#0 C:/Users/user/MyFiles/ProgmiX/PEX-Form-main/vendor/laravel/framework/src/Illuminate/Foundation/Bootstrap/HandleExceptions.php(262): Illuminate/Foundation/Bootstrap/HandleExceptions->handleError(2, 'Undefined varia...', 'C://Users//user//M...', 4)
#1 C:/Users/user/MyFiles/ProgmiX/PEX-Form-main/storage/framework/views/a84ddf431c771032d0234d77e02450d7.php(4): Illuminate/Foundation/Bootstrap/HandleExceptions->Illuminate/Foundation/Bootstrap/{closure}(2, 'Undefined varia...', 'C://Users//user//M...', 4)
#2 C:/Users/user/MyFiles/ProgmiX/PEX-Form-main/vendor/laravel/framework/src/Illuminate/Filesystem/Filesystem.php(123): require('C://Users//user//M...')
#3 C:/Users/user/MyFiles/ProgmiX/PEX-Form-main/vendor/laravel/framework/src/Illuminate/Filesystem/Filesystem.php(124): Illuminate/Filesystem/Filesystem::Illuminate/Filesystem/{closure}()
#4 C:/Users/user/MyFiles/ProgmiX/PEX-Form-main/vendor/laravel/framework/src/Illuminate/View/Engines/PhpEngine.php(57): Illuminate/Filesystem/Filesystem->getRequire('C://Users//user//M...', Array)
#5 C:/Users/user/MyFiles/ProgmiX/PEX-Form-main/vendor/laravel/framework/src/Illuminate/View/Engines/CompilerEngine.php(76): Illuminate/View/Engines/PhpEngine->evaluatePath('C://Users//user//M...', Array)
#6 C:/Users/user/MyFiles/ProgmiX/PEX-Form-main/vendor/laravel/framework/src/Illuminate/View/View.php(208): Illuminate/View/Engines/CompilerEngine->get('C://Users//user//M...', Array)
#7 C:/Users/user/MyFiles/ProgmiX/PEX-Form-main/vendor/laravel/framework/src/Illuminate/View/View.php(191): Illuminate/View/View->getContents()
#8 C:/Users/user/MyFiles/ProgmiX/PEX-Form-main/vendor/laravel/framework/src/Illuminate/View/View.php(160): Illuminate/View/View->renderContents()
#9 C:/Users/user/MyFiles/ProgmiX/PEX-Form-main/storage/framework/views/078e945ecbf82d678121cbf4f8650dce.php(1): Illuminate/View/View->render()
#10 C:/Users/user/MyFiles/ProgmiX/PEX-Form-main/vendor/laravel/framework/src/Illuminate/Filesystem/Filesystem.php(123): require('C://Users//user//M...')
#11 C:/Users/user/MyFiles/ProgmiX/PEX-Form-main/vendor/laravel/framework/src/Illuminate/Filesystem/Filesystem.php(124): Illuminate/Filesystem/Filesystem::Illuminate/Filesystem/{closure}()
#12 C:/Users/user/MyFiles/ProgmiX/PEX-Form-main/vendor/laravel/framework/src/Illuminate/View/Engines/PhpEngine.php(57): Illuminate/Filesystem/Filesystem->getRequire('C://Users//user//M...', Array)
#13 C:/Users/user/MyFiles/ProgmiX/PEX-Form-main/vendor/laravel/framework/src/Illuminate/View/Engines/CompilerEngine.php(76): Illuminate/View/Engines/PhpEngine->evaluatePath('C://Users//user//M...', Array)
#14 C:/Users/user/MyFiles/ProgmiX/PEX-Form-main/vendor/laravel/framework/src/Illuminate/View/View.php(208): Illuminate/View/Engines/CompilerEngine->get('C://Users//user//M...', Array)
#15 C:/Users/user/MyFiles/ProgmiX/PEX-Form-main/vendor/laravel/framework/src/Illuminate/View/View.php(191): Illuminate/View/View->getContents()
#16 C:/Users/user/MyFiles/ProgmiX/PEX-Form-main/vendor/laravel/framework/src/Illuminate/View/View.php(160): Illuminate/View/View->renderContents()
#17 C:/Users/user/MyFiles/ProgmiX/PEX-Form-main/vendor/laravel/framework/src/Illuminate/Http/Response.php(78): Illuminate/View/View->render()
#18 C:/Users/user/MyFiles/ProgmiX/PEX-Form-main/vendor/laravel/framework/src/Illuminate/Http/Response.php(34): Illuminate/Http/Response->setContent(Object(Illuminate/View/View))
#19 C:/Users/user/MyFiles/ProgmiX/PEX-Form-main/vendor/laravel/framework/src/Illuminate/Routing/Router.php(939): Illuminate/Http/Response->__construct(Object(Illuminate/View/View), 200, Array)
#20 C:/Users/user/MyFiles/ProgmiX/PEX-Form-main/vendor/laravel/framework/src/Illuminate/Routing/Router.php(906): Illuminate/Routing/Router::toResponse(Object(Illuminate/Http/Request), Object(Illuminate/View/View))
#21 C:/Users/user/MyFiles/ProgmiX/PEX-Form-main/vendor/laravel/framework/src/Illuminate/Routing/Router.php(821): Illuminate/Routing/Router->prepareResponse(Object(Illuminate/Http/Request), Object(Illuminate/View/View))
#22 C:/Users/user/MyFiles/ProgmiX/PEX-Form-main/vendor/laravel/framework/src/Illuminate/Pipeline/Pipeline.php(180): Illuminate/Routing/Router->Illuminate/Routing/{closure}(Object(Illuminate/Http/Request))
#23 C:/Users/user/MyFiles/ProgmiX/PEX-Form-main/modules/Frontend/Http/Middleware/Locale.php(49): Illuminate/Pipeline/Pipeline->Illuminate/Pipeline/{closure}(Object(Illuminate/Http/Request))
#24 C:/Users/user/MyFiles/ProgmiX/PEX-Form-main/vendor/laravel/framework/src/Illuminate/Pipeline/Pipeline.php(219): Juzaweb/Frontend/Http/Middleware/Locale->handle(Object(Illuminate/Http/Request), Object(Closure))
#25 C:/Users/user/MyFiles/ProgmiX/PEX-Form-main/modules/Backend/Http/Middleware/SecurityHeaders.php(25): Illuminate/Pipeline/Pipeline->Illuminate/Pipeline/{closure}(Object(Illuminate/Http/Request))
#26 C:/Users/user/MyFiles/ProgmiX/PEX-Form-main/vendor/laravel/framework/src/Illuminate/Pipeline/Pipeline.php(219): Juzaweb/Backend/Http/Middleware/SecurityHeaders->handle(Object(Illuminate/Http/Request), Object(Closure))
#27 C:/Users/user/MyFiles/ProgmiX/PEX-Form-main/vendor/laravel/framework/src/Illuminate/Routing/Middleware/ThrottleRequests.php(166): Illuminate/Pipeline/Pipeline->Illuminate/Pipeline/{closure}(Object(Illuminate/Http/Request))
#28 C:/Users/user/MyFiles/ProgmiX/PEX-Form-main/vendor/laravel/framework/src/Illuminate/Routing/Middleware/ThrottleRequests.php(93): Illuminate/Routing/Middleware/ThrottleRequests->handleRequest(Object(Illuminate/Http/Request), Object(Closure), Array)
#29 C:/Users/user/MyFiles/ProgmiX/PEX-Form-main/vendor/laravel/framework/src/Illuminate/Pipeline/Pipeline.php(219): Illuminate/Routing/Middleware/ThrottleRequests->handle(Object(Illuminate/Http/Request), Object(Closure))
#30 C:/Users/user/MyFiles/ProgmiX/PEX-Form-main/modules/Backend/Http/Middleware/PathTraversal.php(57): Illuminate/Pipeline/Pipeline->Illuminate/Pipeline/{closure}(Object(Illuminate/Http/Request))
#31 C:/Users/user/MyFiles/ProgmiX/PEX-Form-main/vendor/laravel/framework/src/Illuminate/Pipeline/Pipeline.php(219): Juzaweb/Backend/Http/Middleware/PathTraversal->handle(Object(Illuminate/Http/Request), Object(Closure))
#32 C:/Users/user/MyFiles/ProgmiX/PEX-Form-main/modules/Backend/Http/Middleware/XssSanitization.php(44): Illuminate/Pipeline/Pipeline->Illuminate/Pipeline/{closure}(Object(Illuminate/Http/Request))
#33 C:/Users/user/MyFiles/ProgmiX/PEX-Form-main/vendor/laravel/framework/src/Illuminate/Pipeline/Pipeline.php(219): Juzaweb/Backend/Http/Middleware/XssSanitization->handle(Object(Illuminate/Http/Request), Object(Closure))
#34 C:/Users/user/MyFiles/ProgmiX/PEX-Form-main/vendor/spatie/laravel-csp/src/AddCspHeaders.php(13): Illuminate/Pipeline/Pipeline->Illuminate/Pipeline/{closure}(Object(Illuminate/Http/Request))
#35 C:/Users/user/MyFiles/ProgmiX/PEX-Form-main/vendor/laravel/framework/src/Illuminate/Pipeline/Pipeline.php(219): Spatie/Csp/AddCspHeaders->handle(Object(Illuminate/Http/Request), Object(Closure))
#36 C:/Users/user/MyFiles/ProgmiX/PEX-Form-main/vendor/barryvdh/laravel-debugbar/src/Middleware/InjectDebugbar.php(59): Illuminate/Pipeline/Pipeline->Illuminate/Pipeline/{closure}(Object(Illuminate/Http/Request))
#37 C:/Users/user/MyFiles/ProgmiX/PEX-Form-main/vendor/laravel/framework/src/Illuminate/Pipeline/Pipeline.php(219): Barryvdh/Debugbar/Middleware/InjectDebugbar->handle(Object(Illuminate/Http/Request), Object(Closure))
#38 C:/Users/user/MyFiles/ProgmiX/PEX-Form-main/modules/CMS/Http/Middleware/XFrameHeadersMiddleware.php(41): Illuminate/Pipeline/Pipeline->Illuminate/Pipeline/{closure}(Object(Illuminate/Http/Request))
#39 C:/Users/user/MyFiles/ProgmiX/PEX-Form-main/vendor/laravel/framework/src/Illuminate/Pipeline/Pipeline.php(219): Juzaweb/CMS/Http/Middleware/XFrameHeadersMiddleware->handle(Object(Illuminate/Http/Request), Object(Closure))
#40 C:/Users/user/MyFiles/ProgmiX/PEX-Form-main/vendor/laravel/framework/src/Illuminate/Routing/Middleware/SubstituteBindings.php(50): Illuminate/Pipeline/Pipeline->Illuminate/Pipeline/{closure}(Object(Illuminate/Http/Request))
#41 C:/Users/user/MyFiles/ProgmiX/PEX-Form-main/vendor/laravel/framework/src/Illuminate/Pipeline/Pipeline.php(219): Illuminate/Routing/Middleware/SubstituteBindings->handle(Object(Illuminate/Http/Request), Object(Closure))
#42 C:/Users/user/MyFiles/ProgmiX/PEX-Form-main/vendor/laravel/framework/src/Illuminate/Cookie/Middleware/AddQueuedCookiesToResponse.php(36): Illuminate/Pipeline/Pipeline->Illuminate/Pipeline/{closure}(Object(Illuminate/Http/Request))
#43 C:/Users/user/MyFiles/ProgmiX/PEX-Form-main/vendor/laravel/framework/src/Illuminate/Pipeline/Pipeline.php(219): Illuminate/Cookie/Middleware/AddQueuedCookiesToResponse->handle(Object(Illuminate/Http/Request), Object(Closure))
#44 C:/Users/user/MyFiles/ProgmiX/PEX-Form-main/vendor/laravel/framework/src/Illuminate/View/Middleware/ShareErrorsFromSession.php(48): Illuminate/Pipeline/Pipeline->Illuminate/Pipeline/{closure}(Object(Illuminate/Http/Request))
#45 C:/Users/user/MyFiles/ProgmiX/PEX-Form-main/modules/Backend/Http/Middleware/ShareErrorsUnlessBot.php(24): Illuminate/View/Middleware/ShareErrorsFromSession->handle(Object(Illuminate/Http/Request), Object(Closure))
#46 C:/Users/user/MyFiles/ProgmiX/PEX-Form-main/vendor/laravel/framework/src/Illuminate/Pipeline/Pipeline.php(219): Juzaweb/Backend/Http/Middleware/ShareErrorsUnlessBot->handle(Object(Illuminate/Http/Request), Object(Closure))
#47 C:/Users/user/MyFiles/ProgmiX/PEX-Form-main/vendor/laravel/framework/src/Illuminate/Session/Middleware/StartSession.php(120): Illuminate/Pipeline/Pipeline->Illuminate/Pipeline/{closure}(Object(Illuminate/Http/Request))
#48 C:/Users/user/MyFiles/ProgmiX/PEX-Form-main/vendor/laravel/framework/src/Illuminate/Session/Middleware/StartSession.php(63): Illuminate/Session/Middleware/StartSession->handleStatefulRequest(Object(Illuminate/Http/Request), Object(Illuminate/Session/Store), Object(Closure))
#49 C:/Users/user/MyFiles/ProgmiX/PEX-Form-main/modules/Backend/Http/Middleware/SkipSessionForBots.php(24): Illuminate/Session/Middleware/StartSession->handle(Object(Illuminate/Http/Request), Object(Closure))
#50 C:/Users/user/MyFiles/ProgmiX/PEX-Form-main/vendor/laravel/framework/src/Illuminate/Pipeline/Pipeline.php(219): Juzaweb/Backend/Http/Middleware/SkipSessionForBots->handle(Object(Illuminate/Http/Request), Object(Closure))
#51 C:/Users/user/MyFiles/ProgmiX/PEX-Form-main/vendor/laravel/framework/src/Illuminate/Cookie/Middleware/EncryptCookies.php(74): Illuminate/Pipeline/Pipeline->Illuminate/Pipeline/{closure}(Object(Illuminate/Http/Request))
#52 C:/Users/user/MyFiles/ProgmiX/PEX-Form-main/vendor/laravel/framework/src/Illuminate/Pipeline/Pipeline.php(219): Illuminate/Cookie/Middleware/EncryptCookies->handle(Object(Illuminate/Http/Request), Object(Closure))
#53 C:/Users/user/MyFiles/ProgmiX/PEX-Form-main/modules/CMS/Http/Middleware/GlobalMiddleware.php(11): Illuminate/Pipeline/Pipeline->Illuminate/Pipeline/{closure}(Object(Illuminate/Http/Request))
#54 C:/Users/user/MyFiles/ProgmiX/PEX-Form-main/vendor/laravel/framework/src/Illuminate/Pipeline/Pipeline.php(219): Juzaweb/CMS/Http/Middleware/GlobalMiddleware->handle(Object(Illuminate/Http/Request), Object(Closure))
#55 C:/Users/user/MyFiles/ProgmiX/PEX-Form-main/modules/Backend/Http/Middleware/DisableSessionForBots.php(30): Illuminate/Pipeline/Pipeline->Illuminate/Pipeline/{closure}(Object(Illuminate/Http/Request))
#56 C:/Users/user/MyFiles/ProgmiX/PEX-Form-main/vendor/laravel/framework/src/Illuminate/Pipeline/Pipeline.php(219): Juzaweb/Backend/Http/Middleware/DisableSessionForBots->handle(Object(Illuminate/Http/Request), Object(Closure))
#57 C:/Users/user/MyFiles/ProgmiX/PEX-Form-main/vendor/laravel/framework/src/Illuminate/Pipeline/Pipeline.php(137): Illuminate/Pipeline/Pipeline->Illuminate/Pipeline/{closure}(Object(Illuminate/Http/Request))
#58 C:/Users/user/MyFiles/ProgmiX/PEX-Form-main/vendor/laravel/framework/src/Illuminate/Routing/Router.php(821): Illuminate/Pipeline/Pipeline->then(Object(Closure))
#59 C:/Users/user/MyFiles/ProgmiX/PEX-Form-main/vendor/laravel/framework/src/Illuminate/Routing/Router.php(800): Illuminate/Routing/Router->runRouteWithinStack(Object(Illuminate/Routing/Route), Object(Illuminate/Http/Request))
#60 C:/Users/user/MyFiles/ProgmiX/PEX-Form-main/vendor/laravel/framework/src/Illuminate/Routing/Router.php(764): Illuminate/Routing/Router->runRoute(Object(Illuminate/Http/Request), Object(Illuminate/Routing/Route))
#61 C:/Users/user/MyFiles/ProgmiX/PEX-Form-main/vendor/laravel/framework/src/Illuminate/Routing/Router.php(753): Illuminate/Routing/Router->dispatchToRoute(Object(Illuminate/Http/Request))
#62 C:/Users/user/MyFiles/ProgmiX/PEX-Form-main/vendor/laravel/framework/src/Illuminate/Foundation/Http/Kernel.php(200): Illuminate/Routing/Router->dispatch(Object(Illuminate/Http/Request))
#63 C:/Users/user/MyFiles/ProgmiX/PEX-Form-main/vendor/laravel/framework/src/Illuminate/Pipeline/Pipeline.php(180): Illuminate/Foundation/Http/Kernel->Illuminate/Foundation/Http/{closure}(Object(Illuminate/Http/Request))
#64 C:/Users/user/MyFiles/ProgmiX/PEX-Form-main/vendor/barryvdh/laravel-debugbar/src/Middleware/InjectDebugbar.php(59): Illuminate/Pipeline/Pipeline->Illuminate/Pipeline/{closure}(Object(Illuminate/Http/Request))
#65 C:/Users/user/MyFiles/ProgmiX/PEX-Form-main/vendor/laravel/framework/src/Illuminate/Pipeline/Pipeline.php(219): Barryvdh/Debugbar/Middleware/InjectDebugbar->handle(Object(Illuminate/Http/Request), Object(Closure))
#66 C:/Users/user/MyFiles/ProgmiX/PEX-Form-main/modules/Backend/Http/Middleware/BlockIpMiddleware.php(31): Illuminate/Pipeline/Pipeline->Illuminate/Pipeline/{closure}(Object(Illuminate/Http/Request))
#67 C:/Users/user/MyFiles/ProgmiX/PEX-Form-main/vendor/laravel/framework/src/Illuminate/Pipeline/Pipeline.php(219): Juzaweb/Backend/Http/Middleware/BlockIpMiddleware->handle(Object(Illuminate/Http/Request), Object(Closure))
#68 C:/Users/user/MyFiles/ProgmiX/PEX-Form-main/modules/Backend/Http/Middleware/SecurityHeaders.php(25): Illuminate/Pipeline/Pipeline->Illuminate/Pipeline/{closure}(Object(Illuminate/Http/Request))
#69 C:/Users/user/MyFiles/ProgmiX/PEX-Form-main/vendor/laravel/framework/src/Illuminate/Pipeline/Pipeline.php(219): Juzaweb/Backend/Http/Middleware/SecurityHeaders->handle(Object(Illuminate/Http/Request), Object(Closure))
#70 C:/Users/user/MyFiles/ProgmiX/PEX-Form-main/vendor/laravel/framework/src/Illuminate/Foundation/Http/Middleware/TransformsRequest.php(21): Illuminate/Pipeline/Pipeline->Illuminate/Pipeline/{closure}(Object(Illuminate/Http/Request))
#71 C:/Users/user/MyFiles/ProgmiX/PEX-Form-main/vendor/laravel/framework/src/Illuminate/Foundation/Http/Middleware/ConvertEmptyStringsToNull.php(31): Illuminate/Foundation/Http/Middleware/TransformsRequest->handle(Object(Illuminate/Http/Request), Object(Closure))
#72 C:/Users/user/MyFiles/ProgmiX/PEX-Form-main/vendor/laravel/framework/src/Illuminate/Pipeline/Pipeline.php(219): Illuminate/Foundation/Http/Middleware/ConvertEmptyStringsToNull->handle(Object(Illuminate/Http/Request), Object(Closure))
#73 C:/Users/user/MyFiles/ProgmiX/PEX-Form-main/vendor/laravel/framework/src/Illuminate/Foundation/Http/Middleware/TransformsRequest.php(21): Illuminate/Pipeline/Pipeline->Illuminate/Pipeline/{closure}(Object(Illuminate/Http/Request))
#74 C:/Users/user/MyFiles/ProgmiX/PEX-Form-main/vendor/laravel/framework/src/Illuminate/Foundation/Http/Middleware/TrimStrings.php(51): Illuminate/Foundation/Http/Middleware/TransformsRequest->handle(Object(Illuminate/Http/Request), Object(Closure))
#75 C:/Users/user/MyFiles/ProgmiX/PEX-Form-main/vendor/laravel/framework/src/Illuminate/Pipeline/Pipeline.php(219): Illuminate/Foundation/Http/Middleware/TrimStrings->handle(Object(Illuminate/Http/Request), Object(Closure))
#76 C:/Users/user/MyFiles/ProgmiX/PEX-Form-main/vendor/laravel/framework/src/Illuminate/Http/Middleware/ValidatePostSize.php(27): Illuminate/Pipeline/Pipeline->Illuminate/Pipeline/{closure}(Object(Illuminate/Http/Request))
#77 C:/Users/user/MyFiles/ProgmiX/PEX-Form-main/vendor/laravel/framework/src/Illuminate/Pipeline/Pipeline.php(219): Illuminate/Http/Middleware/ValidatePostSize->handle(Object(Illuminate/Http/Request), Object(Closure))
#78 C:/Users/user/MyFiles/ProgmiX/PEX-Form-main/vendor/laravel/framework/src/Illuminate/Foundation/Http/Middleware/PreventRequestsDuringMaintenance.php(109): Illuminate/Pipeline/Pipeline->Illuminate/Pipeline/{closure}(Object(Illuminate/Http/Request))
#79 C:/Users/user/MyFiles/ProgmiX/PEX-Form-main/vendor/laravel/framework/src/Illuminate/Pipeline/Pipeline.php(219): Illuminate/Foundation/Http/Middleware/PreventRequestsDuringMaintenance->handle(Object(Illuminate/Http/Request), Object(Closure))
#80 C:/Users/user/MyFiles/ProgmiX/PEX-Form-main/vendor/laravel/framework/src/Illuminate/Http/Middleware/HandleCors.php(61): Illuminate/Pipeline/Pipeline->Illuminate/Pipeline/{closure}(Object(Illuminate/Http/Request))
#81 C:/Users/user/MyFiles/ProgmiX/PEX-Form-main/vendor/laravel/framework/src/Illuminate/Pipeline/Pipeline.php(219): Illuminate/Http/Middleware/HandleCors->handle(Object(Illuminate/Http/Request), Object(Closure))
#82 C:/Users/user/MyFiles/ProgmiX/PEX-Form-main/vendor/laravel/framework/src/Illuminate/Http/Middleware/TrustProxies.php(58): Illuminate/Pipeline/Pipeline->Illuminate/Pipeline/{closure}(Object(Illuminate/Http/Request))
#83 C:/Users/user/MyFiles/ProgmiX/PEX-Form-main/vendor/laravel/framework/src/Illuminate/Pipeline/Pipeline.php(219): Illuminate/Http/Middleware/TrustProxies->handle(Object(Illuminate/Http/Request), Object(Closure))
#84 C:/Users/user/MyFiles/ProgmiX/PEX-Form-main/vendor/laravel/framework/src/Illuminate/Pipeline/Pipeline.php(137): Illuminate/Pipeline/Pipeline->Illuminate/Pipeline/{closure}(Object(Illuminate/Http/Request))
#85 C:/Users/user/MyFiles/ProgmiX/PEX-Form-main/vendor/laravel/framework/src/Illuminate/Foundation/Http/Kernel.php(175): Illuminate/Pipeline/Pipeline->then(Object(Closure))
#86 C:/Users/user/MyFiles/ProgmiX/PEX-Form-main/vendor/laravel/framework/src/Illuminate/Foundation/Http/Kernel.php(144): Illuminate/Foundation/Http/Kernel->sendRequestThroughRouter(Object(Illuminate/Http/Request))
#87 C:/Users/user/MyFiles/ProgmiX/PEX-Form-main/public/index.php(51): Illuminate/Foundation/Http/Kernel->handle(Object(Illuminate/Http/Request))
#88 C:/Users/user/MyFiles/ProgmiX/PEX-Form-main/vendor/laravel/framework/src/Illuminate/Foundation/resources/server.php(23): require_once('C://Users//user//M...')
#89 {main}
"} 
[2026-09-30 08:58:33] local.ERROR: Undefined array key "mapUrl" {"userId":1,"exception":"[object] (Spatie\\LaravelIgnition\\Exceptions\\ViewException(code: 0): Undefined array key \"mapUrl\" at C:/Users/user/MyFiles/ProgmiX/PEX-Form-main/modules/Frontend/resources/views/templates/homepage/pex/contact.blade.php:9)
[stacktrace]
#0 C:/Users/user/MyFiles/ProgmiX/PEX-Form-main/vendor/laravel/framework/src/Illuminate/Filesystem/Filesystem.php(123): require('C://Users//user//M...')
#1 C:/Users/user/MyFiles/ProgmiX/PEX-Form-main/vendor/laravel/framework/src/Illuminate/Filesystem/Filesystem.php(124): Illuminate/Filesystem/Filesystem::Illuminate/Filesystem/{closure}()
#2 C:/Users/user/MyFiles/ProgmiX/PEX-Form-main/vendor/laravel/framework/src/Illuminate/View/Engines/PhpEngine.php(57): Illuminate/Filesystem/Filesystem->getRequire('C://Users//user//M...', Array)
#3 C:/Users/user/MyFiles/ProgmiX/PEX-Form-main/vendor/laravel/framework/src/Illuminate/View/Engines/CompilerEngine.php(76): Illuminate/View/Engines/PhpEngine->evaluatePath('C://Users//user//M...', Array)
#4 C:/Users/user/MyFiles/ProgmiX/PEX-Form-main/vendor/laravel/framework/src/Illuminate/View/View.php(208): Illuminate/View/Engines/CompilerEngine->get('C://Users//user//M...', Array)
#5 C:/Users/user/MyFiles/ProgmiX/PEX-Form-main/vendor/laravel/framework/src/Illuminate/View/View.php(191): Illuminate/View/View->getContents()
#6 C:/Users/user/MyFiles/ProgmiX/PEX-Form-main/vendor/laravel/framework/src/Illuminate/View/View.php(160): Illuminate/View/View->renderContents()
#7 C:/Users/user/MyFiles/ProgmiX/PEX-Form-main/modules/Frontend/resources/views/home.blade.php(1): Illuminate/View/View->render()
#8 C:/Users/user/MyFiles/ProgmiX/PEX-Form-main/vendor/laravel/framework/src/Illuminate/Filesystem/Filesystem.php(123): require('C://Users//user//M...')
#9 C:/Users/user/MyFiles/ProgmiX/PEX-Form-main/vendor/laravel/framework/src/Illuminate/Filesystem/Filesystem.php(124): Illuminate/Filesystem/Filesystem::Illuminate/Filesystem/{closure}()
#10 C:/Users/user/MyFiles/ProgmiX/PEX-Form-main/vendor/laravel/framework/src/Illuminate/View/Engines/PhpEngine.php(57): Illuminate/Filesystem/Filesystem->getRequire('C://Users//user//M...', Array)
#11 C:/Users/user/MyFiles/ProgmiX/PEX-Form-main/vendor/laravel/framework/src/Illuminate/View/Engines/CompilerEngine.php(76): Illuminate/View/Engines/PhpEngine->evaluatePath('C://Users//user//M...', Array)
#12 C:/Users/user/MyFiles/ProgmiX/PEX-Form-main/vendor/laravel/framework/src/Illuminate/View/View.php(208): Illuminate/View/Engines/CompilerEngine->get('C://Users//user//M...', Array)
#13 C:/Users/user/MyFiles/ProgmiX/PEX-Form-main/vendor/laravel/framework/src/Illuminate/View/View.php(191): Illuminate/View/View->getContents()
#14 C:/Users/user/MyFiles/ProgmiX/PEX-Form-main/vendor/laravel/framework/src/Illuminate/View/View.php(160): Illuminate/View/View->renderContents()
#15 C:/Users/user/MyFiles/ProgmiX/PEX-Form-main/vendor/laravel/framework/src/Illuminate/Http/Response.php(78): Illuminate/View/View->render()
#16 C:/Users/user/MyFiles/ProgmiX/PEX-Form-main/vendor/laravel/framework/src/Illuminate/Http/Response.php(34): Illuminate/Http/Response->setContent(Object(Illuminate/View/View))
#17 C:/Users/user/MyFiles/ProgmiX/PEX-Form-main/vendor/laravel/framework/src/Illuminate/Routing/Router.php(939): Illuminate/Http/Response->__construct(Object(Illuminate/View/View), 200, Array)
#18 C:/Users/user/MyFiles/ProgmiX/PEX-Form-main/vendor/laravel/framework/src/Illuminate/Routing/Router.php(906): Illuminate/Routing/Router::toResponse(Object(Illuminate/Http/Request), Object(Illuminate/View/View))
#19 C:/Users/user/MyFiles/ProgmiX/PEX-Form-main/vendor/laravel/framework/src/Illuminate/Routing/Router.php(821): Illuminate/Routing/Router->prepareResponse(Object(Illuminate/Http/Request), Object(Illuminate/View/View))
#20 C:/Users/user/MyFiles/ProgmiX/PEX-Form-main/vendor/laravel/framework/src/Illuminate/Pipeline/Pipeline.php(180): Illuminate/Routing/Router->Illuminate/Routing/{closure}(Object(Illuminate/Http/Request))
#21 C:/Users/user/MyFiles/ProgmiX/PEX-Form-main/modules/Frontend/Http/Middleware/Locale.php(49): Illuminate/Pipeline/Pipeline->Illuminate/Pipeline/{closure}(Object(Illuminate/Http/Request))
#22 C:/Users/user/MyFiles/ProgmiX/PEX-Form-main/vendor/laravel/framework/src/Illuminate/Pipeline/Pipeline.php(219): Juzaweb/Frontend/Http/Middleware/Locale->handle(Object(Illuminate/Http/Request), Object(Closure))
#23 C:/Users/user/MyFiles/ProgmiX/PEX-Form-main/modules/Backend/Http/Middleware/SecurityHeaders.php(25): Illuminate/Pipeline/Pipeline->Illuminate/Pipeline/{closure}(Object(Illuminate/Http/Request))
#24 C:/Users/user/MyFiles/ProgmiX/PEX-Form-main/vendor/laravel/framework/src/Illuminate/Pipeline/Pipeline.php(219): Juzaweb/Backend/Http/Middleware/SecurityHeaders->handle(Object(Illuminate/Http/Request), Object(Closure))
#25 C:/Users/user/MyFiles/ProgmiX/PEX-Form-main/vendor/laravel/framework/src/Illuminate/Routing/Middleware/ThrottleRequests.php(166): Illuminate/Pipeline/Pipeline->Illuminate/Pipeline/{closure}(Object(Illuminate/Http/Request))
#26 C:/Users/user/MyFiles/ProgmiX/PEX-Form-main/vendor/laravel/framework/src/Illuminate/Routing/Middleware/ThrottleRequests.php(93): Illuminate/Routing/Middleware/ThrottleRequests->handleRequest(Object(Illuminate/Http/Request), Object(Closure), Array)
#27 C:/Users/user/MyFiles/ProgmiX/PEX-Form-main/vendor/laravel/framework/src/Illuminate/Pipeline/Pipeline.php(219): Illuminate/Routing/Middleware/ThrottleRequests->handle(Object(Illuminate/Http/Request), Object(Closure))
#28 C:/Users/user/MyFiles/ProgmiX/PEX-Form-main/modules/Backend/Http/Middleware/PathTraversal.php(57): Illuminate/Pipeline/Pipeline->Illuminate/Pipeline/{closure}(Object(Illuminate/Http/Request))
#29 C:/Users/user/MyFiles/ProgmiX/PEX-Form-main/vendor/laravel/framework/src/Illuminate/Pipeline/Pipeline.php(219): Juzaweb/Backend/Http/Middleware/PathTraversal->handle(Object(Illuminate/Http/Request), Object(Closure))
#30 C:/Users/user/MyFiles/ProgmiX/PEX-Form-main/modules/Backend/Http/Middleware/XssSanitization.php(44): Illuminate/Pipeline/Pipeline->Illuminate/Pipeline/{closure}(Object(Illuminate/Http/Request))
#31 C:/Users/user/MyFiles/ProgmiX/PEX-Form-main/vendor/laravel/framework/src/Illuminate/Pipeline/Pipeline.php(219): Juzaweb/Backend/Http/Middleware/XssSanitization->handle(Object(Illuminate/Http/Request), Object(Closure))
#32 C:/Users/user/MyFiles/ProgmiX/PEX-Form-main/vendor/spatie/laravel-csp/src/AddCspHeaders.php(13): Illuminate/Pipeline/Pipeline->Illuminate/Pipeline/{closure}(Object(Illuminate/Http/Request))
#33 C:/Users/user/MyFiles/ProgmiX/PEX-Form-main/vendor/laravel/framework/src/Illuminate/Pipeline/Pipeline.php(219): Spatie/Csp/AddCspHeaders->handle(Object(Illuminate/Http/Request), Object(Closure))
#34 C:/Users/user/MyFiles/ProgmiX/PEX-Form-main/vendor/barryvdh/laravel-debugbar/src/Middleware/InjectDebugbar.php(59): Illuminate/Pipeline/Pipeline->Illuminate/Pipeline/{closure}(Object(Illuminate/Http/Request))
#35 C:/Users/user/MyFiles/ProgmiX/PEX-Form-main/vendor/laravel/framework/src/Illuminate/Pipeline/Pipeline.php(219): Barryvdh/Debugbar/Middleware/InjectDebugbar->handle(Object(Illuminate/Http/Request), Object(Closure))
#36 C:/Users/user/MyFiles/ProgmiX/PEX-Form-main/modules/CMS/Http/Middleware/XFrameHeadersMiddleware.php(41): Illuminate/Pipeline/Pipeline->Illuminate/Pipeline/{closure}(Object(Illuminate/Http/Request))
#37 C:/Users/user/MyFiles/ProgmiX/PEX-Form-main/vendor/laravel/framework/src/Illuminate/Pipeline/Pipeline.php(219): Juzaweb/CMS/Http/Middleware/XFrameHeadersMiddleware->handle(Object(Illuminate/Http/Request), Object(Closure))
#38 C:/Users/user/MyFiles/ProgmiX/PEX-Form-main/vendor/laravel/framework/src/Illuminate/Routing/Middleware/SubstituteBindings.php(50): Illuminate/Pipeline/Pipeline->Illuminate/Pipeline/{closure}(Object(Illuminate/Http/Request))
#39 C:/Users/user/MyFiles/ProgmiX/PEX-Form-main/vendor/laravel/framework/src/Illuminate/Pipeline/Pipeline.php(219): Illuminate/Routing/Middleware/SubstituteBindings->handle(Object(Illuminate/Http/Request), Object(Closure))
#40 C:/Users/user/MyFiles/ProgmiX/PEX-Form-main/vendor/laravel/framework/src/Illuminate/Cookie/Middleware/AddQueuedCookiesToResponse.php(36): Illuminate/Pipeline/Pipeline->Illuminate/Pipeline/{closure}(Object(Illuminate/Http/Request))
#41 C:/Users/user/MyFiles/ProgmiX/PEX-Form-main/vendor/laravel/framework/src/Illuminate/Pipeline/Pipeline.php(219): Illuminate/Cookie/Middleware/AddQueuedCookiesToResponse->handle(Object(Illuminate/Http/Request), Object(Closure))
#42 C:/Users/user/MyFiles/ProgmiX/PEX-Form-main/vendor/laravel/framework/src/Illuminate/View/Middleware/ShareErrorsFromSession.php(48): Illuminate/Pipeline/Pipeline->Illuminate/Pipeline/{closure}(Object(Illuminate/Http/Request))
#43 C:/Users/user/MyFiles/ProgmiX/PEX-Form-main/modules/Backend/Http/Middleware/ShareErrorsUnlessBot.php(24): Illuminate/View/Middleware/ShareErrorsFromSession->handle(Object(Illuminate/Http/Request), Object(Closure))
#44 C:/Users/user/MyFiles/ProgmiX/PEX-Form-main/vendor/laravel/framework/src/Illuminate/Pipeline/Pipeline.php(219): Juzaweb/Backend/Http/Middleware/ShareErrorsUnlessBot->handle(Object(Illuminate/Http/Request), Object(Closure))
#45 C:/Users/user/MyFiles/ProgmiX/PEX-Form-main/vendor/laravel/framework/src/Illuminate/Session/Middleware/StartSession.php(120): Illuminate/Pipeline/Pipeline->Illuminate/Pipeline/{closure}(Object(Illuminate/Http/Request))
#46 C:/Users/user/MyFiles/ProgmiX/PEX-Form-main/vendor/laravel/framework/src/Illuminate/Session/Middleware/StartSession.php(63): Illuminate/Session/Middleware/StartSession->handleStatefulRequest(Object(Illuminate/Http/Request), Object(Illuminate/Session/Store), Object(Closure))
#47 C:/Users/user/MyFiles/ProgmiX/PEX-Form-main/modules/Backend/Http/Middleware/SkipSessionForBots.php(24): Illuminate/Session/Middleware/StartSession->handle(Object(Illuminate/Http/Request), Object(Closure))
#48 C:/Users/user/MyFiles/ProgmiX/PEX-Form-main/vendor/laravel/framework/src/Illuminate/Pipeline/Pipeline.php(219): Juzaweb/Backend/Http/Middleware/SkipSessionForBots->handle(Object(Illuminate/Http/Request), Object(Closure))
#49 C:/Users/user/MyFiles/ProgmiX/PEX-Form-main/vendor/laravel/framework/src/Illuminate/Cookie/Middleware/EncryptCookies.php(74): Illuminate/Pipeline/Pipeline->Illuminate/Pipeline/{closure}(Object(Illuminate/Http/Request))
#50 C:/Users/user/MyFiles/ProgmiX/PEX-Form-main/vendor/laravel/framework/src/Illuminate/Pipeline/Pipeline.php(219): Illuminate/Cookie/Middleware/EncryptCookies->handle(Object(Illuminate/Http/Request), Object(Closure))
#51 C:/Users/user/MyFiles/ProgmiX/PEX-Form-main/modules/CMS/Http/Middleware/GlobalMiddleware.php(11): Illuminate/Pipeline/Pipeline->Illuminate/Pipeline/{closure}(Object(Illuminate/Http/Request))
#52 C:/Users/user/MyFiles/ProgmiX/PEX-Form-main/vendor/laravel/framework/src/Illuminate/Pipeline/Pipeline.php(219): Juzaweb/CMS/Http/Middleware/GlobalMiddleware->handle(Object(Illuminate/Http/Request), Object(Closure))
#53 C:/Users/user/MyFiles/ProgmiX/PEX-Form-main/modules/Backend/Http/Middleware/DisableSessionForBots.php(30): Illuminate/Pipeline/Pipeline->Illuminate/Pipeline/{closure}(Object(Illuminate/Http/Request))
#54 C:/Users/user/MyFiles/ProgmiX/PEX-Form-main/vendor/laravel/framework/src/Illuminate/Pipeline/Pipeline.php(219): Juzaweb/Backend/Http/Middleware/DisableSessionForBots->handle(Object(Illuminate/Http/Request), Object(Closure))
#55 C:/Users/user/MyFiles/ProgmiX/PEX-Form-main/vendor/laravel/framework/src/Illuminate/Pipeline/Pipeline.php(137): Illuminate/Pipeline/Pipeline->Illuminate/Pipeline/{closure}(Object(Illuminate/Http/Request))
#56 C:/Users/user/MyFiles/ProgmiX/PEX-Form-main/vendor/laravel/framework/src/Illuminate/Routing/Router.php(821): Illuminate/Pipeline/Pipeline->then(Object(Closure))
#57 C:/Users/user/MyFiles/ProgmiX/PEX-Form-main/vendor/laravel/framework/src/Illuminate/Routing/Router.php(800): Illuminate/Routing/Router->runRouteWithinStack(Object(Illuminate/Routing/Route), Object(Illuminate/Http/Request))
#58 C:/Users/user/MyFiles/ProgmiX/PEX-Form-main/vendor/laravel/framework/src/Illuminate/Routing/Router.php(764): Illuminate/Routing/Router->runRoute(Object(Illuminate/Http/Request), Object(Illuminate/Routing/Route))
#59 C:/Users/user/MyFiles/ProgmiX/PEX-Form-main/vendor/laravel/framework/src/Illuminate/Routing/Router.php(753): Illuminate/Routing/Router->dispatchToRoute(Object(Illuminate/Http/Request))
#60 C:/Users/user/MyFiles/ProgmiX/PEX-Form-main/vendor/laravel/framework/src/Illuminate/Foundation/Http/Kernel.php(200): Illuminate/Routing/Router->dispatch(Object(Illuminate/Http/Request))
#61 C:/Users/user/MyFiles/ProgmiX/PEX-Form-main/vendor/laravel/framework/src/Illuminate/Pipeline/Pipeline.php(180): Illuminate/Foundation/Http/Kernel->Illuminate/Foundation/Http/{closure}(Object(Illuminate/Http/Request))
#62 C:/Users/user/MyFiles/ProgmiX/PEX-Form-main/vendor/barryvdh/laravel-debugbar/src/Middleware/InjectDebugbar.php(59): Illuminate/Pipeline/Pipeline->Illuminate/Pipeline/{closure}(Object(Illuminate/Http/Request))
#63 C:/Users/user/MyFiles/ProgmiX/PEX-Form-main/vendor/laravel/framework/src/Illuminate/Pipeline/Pipeline.php(219): Barryvdh/Debugbar/Middleware/InjectDebugbar->handle(Object(Illuminate/Http/Request), Object(Closure))
#64 C:/Users/user/MyFiles/ProgmiX/PEX-Form-main/modules/Backend/Http/Middleware/BlockIpMiddleware.php(31): Illuminate/Pipeline/Pipeline->Illuminate/Pipeline/{closure}(Object(Illuminate/Http/Request))
#65 C:/Users/user/MyFiles/ProgmiX/PEX-Form-main/vendor/laravel/framework/src/Illuminate/Pipeline/Pipeline.php(219): Juzaweb/Backend/Http/Middleware/BlockIpMiddleware->handle(Object(Illuminate/Http/Request), Object(Closure))
#66 C:/Users/user/MyFiles/ProgmiX/PEX-Form-main/modules/Backend/Http/Middleware/SecurityHeaders.php(25): Illuminate/Pipeline/Pipeline->Illuminate/Pipeline/{closure}(Object(Illuminate/Http/Request))
#67 C:/Users/user/MyFiles/ProgmiX/PEX-Form-main/vendor/laravel/framework/src/Illuminate/Pipeline/Pipeline.php(219): Juzaweb/Backend/Http/Middleware/SecurityHeaders->handle(Object(Illuminate/Http/Request), Object(Closure))
#68 C:/Users/user/MyFiles/ProgmiX/PEX-Form-main/vendor/laravel/framework/src/Illuminate/Foundation/Http/Middleware/TransformsRequest.php(21): Illuminate/Pipeline/Pipeline->Illuminate/Pipeline/{closure}(Object(Illuminate/Http/Request))
#69 C:/Users/user/MyFiles/ProgmiX/PEX-Form-main/vendor/laravel/framework/src/Illuminate/Foundation/Http/Middleware/ConvertEmptyStringsToNull.php(31): Illuminate/Foundation/Http/Middleware/TransformsRequest->handle(Object(Illuminate/Http/Request), Object(Closure))
#70 C:/Users/user/MyFiles/ProgmiX/PEX-Form-main/vendor/laravel/framework/src/Illuminate/Pipeline/Pipeline.php(219): Illuminate/Foundation/Http/Middleware/ConvertEmptyStringsToNull->handle(Object(Illuminate/Http/Request), Object(Closure))
#71 C:/Users/user/MyFiles/ProgmiX/PEX-Form-main/vendor/laravel/framework/src/Illuminate/Foundation/Http/Middleware/TransformsRequest.php(21): Illuminate/Pipeline/Pipeline->Illuminate/Pipeline/{closure}(Object(Illuminate/Http/Request))
#72 C:/Users/user/MyFiles/ProgmiX/PEX-Form-main/vendor/laravel/framework/src/Illuminate/Foundation/Http/Middleware/TrimStrings.php(51): Illuminate/Foundation/Http/Middleware/TransformsRequest->handle(Object(Illuminate/Http/Request), Object(Closure))
#73 C:/Users/user/MyFiles/ProgmiX/PEX-Form-main/vendor/laravel/framework/src/Illuminate/Pipeline/Pipeline.php(219): Illuminate/Foundation/Http/Middleware/TrimStrings->handle(Object(Illuminate/Http/Request), Object(Closure))
#74 C:/Users/user/MyFiles/ProgmiX/PEX-Form-main/vendor/laravel/framework/src/Illuminate/Http/Middleware/ValidatePostSize.php(27): Illuminate/Pipeline/Pipeline->Illuminate/Pipeline/{closure}(Object(Illuminate/Http/Request))
#75 C:/Users/user/MyFiles/ProgmiX/PEX-Form-main/vendor/laravel/framework/src/Illuminate/Pipeline/Pipeline.php(219): Illuminate/Http/Middleware/ValidatePostSize->handle(Object(Illuminate/Http/Request), Object(Closure))
#76 C:/Users/user/MyFiles/ProgmiX/PEX-Form-main/vendor/laravel/framework/src/Illuminate/Foundation/Http/Middleware/PreventRequestsDuringMaintenance.php(109): Illuminate/Pipeline/Pipeline->Illuminate/Pipeline/{closure}(Object(Illuminate/Http/Request))
#77 C:/Users/user/MyFiles/ProgmiX/PEX-Form-main/vendor/laravel/framework/src/Illuminate/Pipeline/Pipeline.php(219): Illuminate/Foundation/Http/Middleware/PreventRequestsDuringMaintenance->handle(Object(Illuminate/Http/Request), Object(Closure))
#78 C:/Users/user/MyFiles/ProgmiX/PEX-Form-main/vendor/laravel/framework/src/Illuminate/Http/Middleware/HandleCors.php(61): Illuminate/Pipeline/Pipeline->Illuminate/Pipeline/{closure}(Object(Illuminate/Http/Request))
#79 C:/Users/user/MyFiles/ProgmiX/PEX-Form-main/vendor/laravel/framework/src/Illuminate/Pipeline/Pipeline.php(219): Illuminate/Http/Middleware/HandleCors->handle(Object(Illuminate/Http/Request), Object(Closure))
#80 C:/Users/user/MyFiles/ProgmiX/PEX-Form-main/vendor/laravel/framework/src/Illuminate/Http/Middleware/TrustProxies.php(58): Illuminate/Pipeline/Pipeline->Illuminate/Pipeline/{closure}(Object(Illuminate/Http/Request))
#81 C:/Users/user/MyFiles/ProgmiX/PEX-Form-main/vendor/laravel/framework/src/Illuminate/Pipeline/Pipeline.php(219): Illuminate/Http/Middleware/TrustProxies->handle(Object(Illuminate/Http/Request), Object(Closure))
#82 C:/Users/user/MyFiles/ProgmiX/PEX-Form-main/vendor/laravel/framework/src/Illuminate/Pipeline/Pipeline.php(137): Illuminate/Pipeline/Pipeline->Illuminate/Pipeline/{closure}(Object(Illuminate/Http/Request))
#83 C:/Users/user/MyFiles/ProgmiX/PEX-Form-main/vendor/laravel/framework/src/Illuminate/Foundation/Http/Kernel.php(175): Illuminate/Pipeline/Pipeline->then(Object(Closure))
#84 C:/Users/user/MyFiles/ProgmiX/PEX-Form-main/vendor/laravel/framework/src/Illuminate/Foundation/Http/Kernel.php(144): Illuminate/Foundation/Http/Kernel->sendRequestThroughRouter(Object(Illuminate/Http/Request))
#85 C:/Users/user/MyFiles/ProgmiX/PEX-Form-main/public/index.php(51): Illuminate/Foundation/Http/Kernel->handle(Object(Illuminate/Http/Request))
#86 C:/Users/user/MyFiles/ProgmiX/PEX-Form-main/vendor/laravel/framework/src/Illuminate/Foundation/resources/server.php(23): require_once('C://Users//user//M...')
#87 {main}

[previous exception] [object] (ErrorException(code: 0): Undefined array key \"mapUrl\" at C:/Users/user/MyFiles/ProgmiX/PEX-Form-main/storage/framework/views/a84ddf431c771032d0234d77e02450d7.php:9)
[stacktrace]
#0 C:/Users/user/MyFiles/ProgmiX/PEX-Form-main/vendor/laravel/framework/src/Illuminate/Foundation/Bootstrap/HandleExceptions.php(262): Illuminate/Foundation/Bootstrap/HandleExceptions->handleError(2, 'Undefined array...', 'C://Users//user//M...', 9)
#1 C:/Users/user/MyFiles/ProgmiX/PEX-Form-main/storage/framework/views/a84ddf431c771032d0234d77e02450d7.php(9): Illuminate/Foundation/Bootstrap/HandleExceptions->Illuminate/Foundation/Bootstrap/{closure}(2, 'Undefined array...', 'C://Users//user//M...', 9)
#2 C:/Users/user/MyFiles/ProgmiX/PEX-Form-main/vendor/laravel/framework/src/Illuminate/Filesystem/Filesystem.php(123): require('C://Users//user//M...')
#3 C:/Users/user/MyFiles/ProgmiX/PEX-Form-main/vendor/laravel/framework/src/Illuminate/Filesystem/Filesystem.php(124): Illuminate/Filesystem/Filesystem::Illuminate/Filesystem/{closure}()
#4 C:/Users/user/MyFiles/ProgmiX/PEX-Form-main/vendor/laravel/framework/src/Illuminate/View/Engines/PhpEngine.php(57): Illuminate/Filesystem/Filesystem->getRequire('C://Users//user//M...', Array)
#5 C:/Users/user/MyFiles/ProgmiX/PEX-Form-main/vendor/laravel/framework/src/Illuminate/View/Engines/CompilerEngine.php(76): Illuminate/View/Engines/PhpEngine->evaluatePath('C://Users//user//M...', Array)
#6 C:/Users/user/MyFiles/ProgmiX/PEX-Form-main/vendor/laravel/framework/src/Illuminate/View/View.php(208): Illuminate/View/Engines/CompilerEngine->get('C://Users//user//M...', Array)
#7 C:/Users/user/MyFiles/ProgmiX/PEX-Form-main/vendor/laravel/framework/src/Illuminate/View/View.php(191): Illuminate/View/View->getContents()
#8 C:/Users/user/MyFiles/ProgmiX/PEX-Form-main/vendor/laravel/framework/src/Illuminate/View/View.php(160): Illuminate/View/View->renderContents()
#9 C:/Users/user/MyFiles/ProgmiX/PEX-Form-main/storage/framework/views/078e945ecbf82d678121cbf4f8650dce.php(1): Illuminate/View/View->render()
#10 C:/Users/user/MyFiles/ProgmiX/PEX-Form-main/vendor/laravel/framework/src/Illuminate/Filesystem/Filesystem.php(123): require('C://Users//user//M...')
#11 C:/Users/user/MyFiles/ProgmiX/PEX-Form-main/vendor/laravel/framework/src/Illuminate/Filesystem/Filesystem.php(124): Illuminate/Filesystem/Filesystem::Illuminate/Filesystem/{closure}()
#12 C:/Users/user/MyFiles/ProgmiX/PEX-Form-main/vendor/laravel/framework/src/Illuminate/View/Engines/PhpEngine.php(57): Illuminate/Filesystem/Filesystem->getRequire('C://Users//user//M...', Array)
#13 C:/Users/user/MyFiles/ProgmiX/PEX-Form-main/vendor/laravel/framework/src/Illuminate/View/Engines/CompilerEngine.php(76): Illuminate/View/Engines/PhpEngine->evaluatePath('C://Users//user//M...', Array)
#14 C:/Users/user/MyFiles/ProgmiX/PEX-Form-main/vendor/laravel/framework/src/Illuminate/View/View.php(208): Illuminate/View/Engines/CompilerEngine->get('C://Users//user//M...', Array)
#15 C:/Users/user/MyFiles/ProgmiX/PEX-Form-main/vendor/laravel/framework/src/Illuminate/View/View.php(191): Illuminate/View/View->getContents()
#16 C:/Users/user/MyFiles/ProgmiX/PEX-Form-main/vendor/laravel/framework/src/Illuminate/View/View.php(160): Illuminate/View/View->renderContents()
#17 C:/Users/user/MyFiles/ProgmiX/PEX-Form-main/vendor/laravel/framework/src/Illuminate/Http/Response.php(78): Illuminate/View/View->render()
#18 C:/Users/user/MyFiles/ProgmiX/PEX-Form-main/vendor/laravel/framework/src/Illuminate/Http/Response.php(34): Illuminate/Http/Response->setContent(Object(Illuminate/View/View))
#19 C:/Users/user/MyFiles/ProgmiX/PEX-Form-main/vendor/laravel/framework/src/Illuminate/Routing/Router.php(939): Illuminate/Http/Response->__construct(Object(Illuminate/View/View), 200, Array)
#20 C:/Users/user/MyFiles/ProgmiX/PEX-Form-main/vendor/laravel/framework/src/Illuminate/Routing/Router.php(906): Illuminate/Routing/Router::toResponse(Object(Illuminate/Http/Request), Object(Illuminate/View/View))
#21 C:/Users/user/MyFiles/ProgmiX/PEX-Form-main/vendor/laravel/framework/src/Illuminate/Routing/Router.php(821): Illuminate/Routing/Router->prepareResponse(Object(Illuminate/Http/Request), Object(Illuminate/View/View))
#22 C:/Users/user/MyFiles/ProgmiX/PEX-Form-main/vendor/laravel/framework/src/Illuminate/Pipeline/Pipeline.php(180): Illuminate/Routing/Router->Illuminate/Routing/{closure}(Object(Illuminate/Http/Request))
#23 C:/Users/user/MyFiles/ProgmiX/PEX-Form-main/modules/Frontend/Http/Middleware/Locale.php(49): Illuminate/Pipeline/Pipeline->Illuminate/Pipeline/{closure}(Object(Illuminate/Http/Request))
#24 C:/Users/user/MyFiles/ProgmiX/PEX-Form-main/vendor/laravel/framework/src/Illuminate/Pipeline/Pipeline.php(219): Juzaweb/Frontend/Http/Middleware/Locale->handle(Object(Illuminate/Http/Request), Object(Closure))
#25 C:/Users/user/MyFiles/ProgmiX/PEX-Form-main/modules/Backend/Http/Middleware/SecurityHeaders.php(25): Illuminate/Pipeline/Pipeline->Illuminate/Pipeline/{closure}(Object(Illuminate/Http/Request))
#26 C:/Users/user/MyFiles/ProgmiX/PEX-Form-main/vendor/laravel/framework/src/Illuminate/Pipeline/Pipeline.php(219): Juzaweb/Backend/Http/Middleware/SecurityHeaders->handle(Object(Illuminate/Http/Request), Object(Closure))
#27 C:/Users/user/MyFiles/ProgmiX/PEX-Form-main/vendor/laravel/framework/src/Illuminate/Routing/Middleware/ThrottleRequests.php(166): Illuminate/Pipeline/Pipeline->Illuminate/Pipeline/{closure}(Object(Illuminate/Http/Request))
#28 C:/Users/user/MyFiles/ProgmiX/PEX-Form-main/vendor/laravel/framework/src/Illuminate/Routing/Middleware/ThrottleRequests.php(93): Illuminate/Routing/Middleware/ThrottleRequests->handleRequest(Object(Illuminate/Http/Request), Object(Closure), Array)
#29 C:/Users/user/MyFiles/ProgmiX/PEX-Form-main/vendor/laravel/framework/src/Illuminate/Pipeline/Pipeline.php(219): Illuminate/Routing/Middleware/ThrottleRequests->handle(Object(Illuminate/Http/Request), Object(Closure))
#30 C:/Users/user/MyFiles/ProgmiX/PEX-Form-main/modules/Backend/Http/Middleware/PathTraversal.php(57): Illuminate/Pipeline/Pipeline->Illuminate/Pipeline/{closure}(Object(Illuminate/Http/Request))
#31 C:/Users/user/MyFiles/ProgmiX/PEX-Form-main/vendor/laravel/framework/src/Illuminate/Pipeline/Pipeline.php(219): Juzaweb/Backend/Http/Middleware/PathTraversal->handle(Object(Illuminate/Http/Request), Object(Closure))
#32 C:/Users/user/MyFiles/ProgmiX/PEX-Form-main/modules/Backend/Http/Middleware/XssSanitization.php(44): Illuminate/Pipeline/Pipeline->Illuminate/Pipeline/{closure}(Object(Illuminate/Http/Request))
#33 C:/Users/user/MyFiles/ProgmiX/PEX-Form-main/vendor/laravel/framework/src/Illuminate/Pipeline/Pipeline.php(219): Juzaweb/Backend/Http/Middleware/XssSanitization->handle(Object(Illuminate/Http/Request), Object(Closure))
#34 C:/Users/user/MyFiles/ProgmiX/PEX-Form-main/vendor/spatie/laravel-csp/src/AddCspHeaders.php(13): Illuminate/Pipeline/Pipeline->Illuminate/Pipeline/{closure}(Object(Illuminate/Http/Request))
#35 C:/Users/user/MyFiles/ProgmiX/PEX-Form-main/vendor/laravel/framework/src/Illuminate/Pipeline/Pipeline.php(219): Spatie/Csp/AddCspHeaders->handle(Object(Illuminate/Http/Request), Object(Closure))
#36 C:/Users/user/MyFiles/ProgmiX/PEX-Form-main/vendor/barryvdh/laravel-debugbar/src/Middleware/InjectDebugbar.php(59): Illuminate/Pipeline/Pipeline->Illuminate/Pipeline/{closure}(Object(Illuminate/Http/Request))
#37 C:/Users/user/MyFiles/ProgmiX/PEX-Form-main/vendor/laravel/framework/src/Illuminate/Pipeline/Pipeline.php(219): Barryvdh/Debugbar/Middleware/InjectDebugbar->handle(Object(Illuminate/Http/Request), Object(Closure))
#38 C:/Users/user/MyFiles/ProgmiX/PEX-Form-main/modules/CMS/Http/Middleware/XFrameHeadersMiddleware.php(41): Illuminate/Pipeline/Pipeline->Illuminate/Pipeline/{closure}(Object(Illuminate/Http/Request))
#39 C:/Users/user/MyFiles/ProgmiX/PEX-Form-main/vendor/laravel/framework/src/Illuminate/Pipeline/Pipeline.php(219): Juzaweb/CMS/Http/Middleware/XFrameHeadersMiddleware->handle(Object(Illuminate/Http/Request), Object(Closure))
#40 C:/Users/user/MyFiles/ProgmiX/PEX-Form-main/vendor/laravel/framework/src/Illuminate/Routing/Middleware/SubstituteBindings.php(50): Illuminate/Pipeline/Pipeline->Illuminate/Pipeline/{closure}(Object(Illuminate/Http/Request))
#41 C:/Users/user/MyFiles/ProgmiX/PEX-Form-main/vendor/laravel/framework/src/Illuminate/Pipeline/Pipeline.php(219): Illuminate/Routing/Middleware/SubstituteBindings->handle(Object(Illuminate/Http/Request), Object(Closure))
#42 C:/Users/user/MyFiles/ProgmiX/PEX-Form-main/vendor/laravel/framework/src/Illuminate/Cookie/Middleware/AddQueuedCookiesToResponse.php(36): Illuminate/Pipeline/Pipeline->Illuminate/Pipeline/{closure}(Object(Illuminate/Http/Request))
#43 C:/Users/user/MyFiles/ProgmiX/PEX-Form-main/vendor/laravel/framework/src/Illuminate/Pipeline/Pipeline.php(219): Illuminate/Cookie/Middleware/AddQueuedCookiesToResponse->handle(Object(Illuminate/Http/Request), Object(Closure))
#44 C:/Users/user/MyFiles/ProgmiX/PEX-Form-main/vendor/laravel/framework/src/Illuminate/View/Middleware/ShareErrorsFromSession.php(48): Illuminate/Pipeline/Pipeline->Illuminate/Pipeline/{closure}(Object(Illuminate/Http/Request))
#45 C:/Users/user/MyFiles/ProgmiX/PEX-Form-main/modules/Backend/Http/Middleware/ShareErrorsUnlessBot.php(24): Illuminate/View/Middleware/ShareErrorsFromSession->handle(Object(Illuminate/Http/Request), Object(Closure))
#46 C:/Users/user/MyFiles/ProgmiX/PEX-Form-main/vendor/laravel/framework/src/Illuminate/Pipeline/Pipeline.php(219): Juzaweb/Backend/Http/Middleware/ShareErrorsUnlessBot->handle(Object(Illuminate/Http/Request), Object(Closure))
#47 C:/Users/user/MyFiles/ProgmiX/PEX-Form-main/vendor/laravel/framework/src/Illuminate/Session/Middleware/StartSession.php(120): Illuminate/Pipeline/Pipeline->Illuminate/Pipeline/{closure}(Object(Illuminate/Http/Request))
#48 C:/Users/user/MyFiles/ProgmiX/PEX-Form-main/vendor/laravel/framework/src/Illuminate/Session/Middleware/StartSession.php(63): Illuminate/Session/Middleware/StartSession->handleStatefulRequest(Object(Illuminate/Http/Request), Object(Illuminate/Session/Store), Object(Closure))
#49 C:/Users/user/MyFiles/ProgmiX/PEX-Form-main/modules/Backend/Http/Middleware/SkipSessionForBots.php(24): Illuminate/Session/Middleware/StartSession->handle(Object(Illuminate/Http/Request), Object(Closure))
#50 C:/Users/user/MyFiles/ProgmiX/PEX-Form-main/vendor/laravel/framework/src/Illuminate/Pipeline/Pipeline.php(219): Juzaweb/Backend/Http/Middleware/SkipSessionForBots->handle(Object(Illuminate/Http/Request), Object(Closure))
#51 C:/Users/user/MyFiles/ProgmiX/PEX-Form-main/vendor/laravel/framework/src/Illuminate/Cookie/Middleware/EncryptCookies.php(74): Illuminate/Pipeline/Pipeline->Illuminate/Pipeline/{closure}(Object(Illuminate/Http/Request))
#52 C:/Users/user/MyFiles/ProgmiX/PEX-Form-main/vendor/laravel/framework/src/Illuminate/Pipeline/Pipeline.php(219): Illuminate/Cookie/Middleware/EncryptCookies->handle(Object(Illuminate/Http/Request), Object(Closure))
#53 C:/Users/user/MyFiles/ProgmiX/PEX-Form-main/modules/CMS/Http/Middleware/GlobalMiddleware.php(11): Illuminate/Pipeline/Pipeline->Illuminate/Pipeline/{closure}(Object(Illuminate/Http/Request))
#54 C:/Users/user/MyFiles/ProgmiX/PEX-Form-main/vendor/laravel/framework/src/Illuminate/Pipeline/Pipeline.php(219): Juzaweb/CMS/Http/Middleware/GlobalMiddleware->handle(Object(Illuminate/Http/Request), Object(Closure))
#55 C:/Users/user/MyFiles/ProgmiX/PEX-Form-main/modules/Backend/Http/Middleware/DisableSessionForBots.php(30): Illuminate/Pipeline/Pipeline->Illuminate/Pipeline/{closure}(Object(Illuminate/Http/Request))
#56 C:/Users/user/MyFiles/ProgmiX/PEX-Form-main/vendor/laravel/framework/src/Illuminate/Pipeline/Pipeline.php(219): Juzaweb/Backend/Http/Middleware/DisableSessionForBots->handle(Object(Illuminate/Http/Request), Object(Closure))
#57 C:/Users/user/MyFiles/ProgmiX/PEX-Form-main/vendor/laravel/framework/src/Illuminate/Pipeline/Pipeline.php(137): Illuminate/Pipeline/Pipeline->Illuminate/Pipeline/{closure}(Object(Illuminate/Http/Request))
#58 C:/Users/user/MyFiles/ProgmiX/PEX-Form-main/vendor/laravel/framework/src/Illuminate/Routing/Router.php(821): Illuminate/Pipeline/Pipeline->then(Object(Closure))
#59 C:/Users/user/MyFiles/ProgmiX/PEX-Form-main/vendor/laravel/framework/src/Illuminate/Routing/Router.php(800): Illuminate/Routing/Router->runRouteWithinStack(Object(Illuminate/Routing/Route), Object(Illuminate/Http/Request))
#60 C:/Users/user/MyFiles/ProgmiX/PEX-Form-main/vendor/laravel/framework/src/Illuminate/Routing/Router.php(764): Illuminate/Routing/Router->runRoute(Object(Illuminate/Http/Request), Object(Illuminate/Routing/Route))
#61 C:/Users/user/MyFiles/ProgmiX/PEX-Form-main/vendor/laravel/framework/src/Illuminate/Routing/Router.php(753): Illuminate/Routing/Router->dispatchToRoute(Object(Illuminate/Http/Request))
#62 C:/Users/user/MyFiles/ProgmiX/PEX-Form-main/vendor/laravel/framework/src/Illuminate/Foundation/Http/Kernel.php(200): Illuminate/Routing/Router->dispatch(Object(Illuminate/Http/Request))
#63 C:/Users/user/MyFiles/ProgmiX/PEX-Form-main/vendor/laravel/framework/src/Illuminate/Pipeline/Pipeline.php(180): Illuminate/Foundation/Http/Kernel->Illuminate/Foundation/Http/{closure}(Object(Illuminate/Http/Request))
#64 C:/Users/user/MyFiles/ProgmiX/PEX-Form-main/vendor/barryvdh/laravel-debugbar/src/Middleware/InjectDebugbar.php(59): Illuminate/Pipeline/Pipeline->Illuminate/Pipeline/{closure}(Object(Illuminate/Http/Request))
#65 C:/Users/user/MyFiles/ProgmiX/PEX-Form-main/vendor/laravel/framework/src/Illuminate/Pipeline/Pipeline.php(219): Barryvdh/Debugbar/Middleware/InjectDebugbar->handle(Object(Illuminate/Http/Request), Object(Closure))
#66 C:/Users/user/MyFiles/ProgmiX/PEX-Form-main/modules/Backend/Http/Middleware/BlockIpMiddleware.php(31): Illuminate/Pipeline/Pipeline->Illuminate/Pipeline/{closure}(Object(Illuminate/Http/Request))
#67 C:/Users/user/MyFiles/ProgmiX/PEX-Form-main/vendor/laravel/framework/src/Illuminate/Pipeline/Pipeline.php(219): Juzaweb/Backend/Http/Middleware/BlockIpMiddleware->handle(Object(Illuminate/Http/Request), Object(Closure))
#68 C:/Users/user/MyFiles/ProgmiX/PEX-Form-main/modules/Backend/Http/Middleware/SecurityHeaders.php(25): Illuminate/Pipeline/Pipeline->Illuminate/Pipeline/{closure}(Object(Illuminate/Http/Request))
#69 C:/Users/user/MyFiles/ProgmiX/PEX-Form-main/vendor/laravel/framework/src/Illuminate/Pipeline/Pipeline.php(219): Juzaweb/Backend/Http/Middleware/SecurityHeaders->handle(Object(Illuminate/Http/Request), Object(Closure))
#70 C:/Users/user/MyFiles/ProgmiX/PEX-Form-main/vendor/laravel/framework/src/Illuminate/Foundation/Http/Middleware/TransformsRequest.php(21): Illuminate/Pipeline/Pipeline->Illuminate/Pipeline/{closure}(Object(Illuminate/Http/Request))
#71 C:/Users/user/MyFiles/ProgmiX/PEX-Form-main/vendor/laravel/framework/src/Illuminate/Foundation/Http/Middleware/ConvertEmptyStringsToNull.php(31): Illuminate/Foundation/Http/Middleware/TransformsRequest->handle(Object(Illuminate/Http/Request), Object(Closure))
#72 C:/Users/user/MyFiles/ProgmiX/PEX-Form-main/vendor/laravel/framework/src/Illuminate/Pipeline/Pipeline.php(219): Illuminate/Foundation/Http/Middleware/ConvertEmptyStringsToNull->handle(Object(Illuminate/Http/Request), Object(Closure))
#73 C:/Users/user/MyFiles/ProgmiX/PEX-Form-main/vendor/laravel/framework/src/Illuminate/Foundation/Http/Middleware/TransformsRequest.php(21): Illuminate/Pipeline/Pipeline->Illuminate/Pipeline/{closure}(Object(Illuminate/Http/Request))
#74 C:/Users/user/MyFiles/ProgmiX/PEX-Form-main/vendor/laravel/framework/src/Illuminate/Foundation/Http/Middleware/TrimStrings.php(51): Illuminate/Foundation/Http/Middleware/TransformsRequest->handle(Object(Illuminate/Http/Request), Object(Closure))
#75 C:/Users/user/MyFiles/ProgmiX/PEX-Form-main/vendor/laravel/framework/src/Illuminate/Pipeline/Pipeline.php(219): Illuminate/Foundation/Http/Middleware/TrimStrings->handle(Object(Illuminate/Http/Request), Object(Closure))
#76 C:/Users/user/MyFiles/ProgmiX/PEX-Form-main/vendor/laravel/framework/src/Illuminate/Http/Middleware/ValidatePostSize.php(27): Illuminate/Pipeline/Pipeline->Illuminate/Pipeline/{closure}(Object(Illuminate/Http/Request))
#77 C:/Users/user/MyFiles/ProgmiX/PEX-Form-main/vendor/laravel/framework/src/Illuminate/Pipeline/Pipeline.php(219): Illuminate/Http/Middleware/ValidatePostSize->handle(Object(Illuminate/Http/Request), Object(Closure))
#78 C:/Users/user/MyFiles/ProgmiX/PEX-Form-main/vendor/laravel/framework/src/Illuminate/Foundation/Http/Middleware/PreventRequestsDuringMaintenance.php(109): Illuminate/Pipeline/Pipeline->Illuminate/Pipeline/{closure}(Object(Illuminate/Http/Request))
#79 C:/Users/user/MyFiles/ProgmiX/PEX-Form-main/vendor/laravel/framework/src/Illuminate/Pipeline/Pipeline.php(219): Illuminate/Foundation/Http/Middleware/PreventRequestsDuringMaintenance->handle(Object(Illuminate/Http/Request), Object(Closure))
#80 C:/Users/user/MyFiles/ProgmiX/PEX-Form-main/vendor/laravel/framework/src/Illuminate/Http/Middleware/HandleCors.php(61): Illuminate/Pipeline/Pipeline->Illuminate/Pipeline/{closure}(Object(Illuminate/Http/Request))
#81 C:/Users/user/MyFiles/ProgmiX/PEX-Form-main/vendor/laravel/framework/src/Illuminate/Pipeline/Pipeline.php(219): Illuminate/Http/Middleware/HandleCors->handle(Object(Illuminate/Http/Request), Object(Closure))
#82 C:/Users/user/MyFiles/ProgmiX/PEX-Form-main/vendor/laravel/framework/src/Illuminate/Http/Middleware/TrustProxies.php(58): Illuminate/Pipeline/Pipeline->Illuminate/Pipeline/{closure}(Object(Illuminate/Http/Request))
#83 C:/Users/user/MyFiles/ProgmiX/PEX-Form-main/vendor/laravel/framework/src/Illuminate/Pipeline/Pipeline.php(219): Illuminate/Http/Middleware/TrustProxies->handle(Object(Illuminate/Http/Request), Object(Closure))
#84 C:/Users/user/MyFiles/ProgmiX/PEX-Form-main/vendor/laravel/framework/src/Illuminate/Pipeline/Pipeline.php(137): Illuminate/Pipeline/Pipeline->Illuminate/Pipeline/{closure}(Object(Illuminate/Http/Request))
#85 C:/Users/user/MyFiles/ProgmiX/PEX-Form-main/vendor/laravel/framework/src/Illuminate/Foundation/Http/Kernel.php(175): Illuminate/Pipeline/Pipeline->then(Object(Closure))
#86 C:/Users/user/MyFiles/ProgmiX/PEX-Form-main/vendor/laravel/framework/src/Illuminate/Foundation/Http/Kernel.php(144): Illuminate/Foundation/Http/Kernel->sendRequestThroughRouter(Object(Illuminate/Http/Request))
#87 C:/Users/user/MyFiles/ProgmiX/PEX-Form-main/public/index.php(51): Illuminate/Foundation/Http/Kernel->handle(Object(Illuminate/Http/Request))
#88 C:/Users/user/MyFiles/ProgmiX/PEX-Form-main/vendor/laravel/framework/src/Illuminate/Foundation/resources/server.php(23): require_once('C://Users//user//M...')
#89 {main}
"} 
[2026-09-30 09:14:48] local.ERROR: Undefined variable $websiteUrl {"userId":1,"exception":"[object] (Spatie\\LaravelIgnition\\Exceptions\\ViewException(code: 0): Undefined variable $websiteUrl at C:/Users/user/MyFiles/ProgmiX/PEX-Form-main/modules/Frontend/resources/views/templates/homepage/pex/contact.blade.php:1)
[stacktrace]
#0 C:/Users/user/MyFiles/ProgmiX/PEX-Form-main/vendor/laravel/framework/src/Illuminate/Filesystem/Filesystem.php(123): require('C://Users//user//M...')
#1 C:/Users/user/MyFiles/ProgmiX/PEX-Form-main/vendor/laravel/framework/src/Illuminate/Filesystem/Filesystem.php(124): Illuminate/Filesystem/Filesystem::Illuminate/Filesystem/{closure}()
#2 C:/Users/user/MyFiles/ProgmiX/PEX-Form-main/vendor/laravel/framework/src/Illuminate/View/Engines/PhpEngine.php(57): Illuminate/Filesystem/Filesystem->getRequire('C://Users//user//M...', Array)
#3 C:/Users/user/MyFiles/ProgmiX/PEX-Form-main/vendor/laravel/framework/src/Illuminate/View/Engines/CompilerEngine.php(76): Illuminate/View/Engines/PhpEngine->evaluatePath('C://Users//user//M...', Array)
#4 C:/Users/user/MyFiles/ProgmiX/PEX-Form-main/vendor/laravel/framework/src/Illuminate/View/View.php(208): Illuminate/View/Engines/CompilerEngine->get('C://Users//user//M...', Array)
#5 C:/Users/user/MyFiles/ProgmiX/PEX-Form-main/vendor/laravel/framework/src/Illuminate/View/View.php(191): Illuminate/View/View->getContents()
#6 C:/Users/user/MyFiles/ProgmiX/PEX-Form-main/vendor/laravel/framework/src/Illuminate/View/View.php(160): Illuminate/View/View->renderContents()
#7 C:/Users/user/MyFiles/ProgmiX/PEX-Form-main/modules/Frontend/resources/views/home.blade.php(1): Illuminate/View/View->render()
#8 C:/Users/user/MyFiles/ProgmiX/PEX-Form-main/vendor/laravel/framework/src/Illuminate/Filesystem/Filesystem.php(123): require('C://Users//user//M...')
#9 C:/Users/user/MyFiles/ProgmiX/PEX-Form-main/vendor/laravel/framework/src/Illuminate/Filesystem/Filesystem.php(124): Illuminate/Filesystem/Filesystem::Illuminate/Filesystem/{closure}()
#10 C:/Users/user/MyFiles/ProgmiX/PEX-Form-main/vendor/laravel/framework/src/Illuminate/View/Engines/PhpEngine.php(57): Illuminate/Filesystem/Filesystem->getRequire('C://Users//user//M...', Array)
#11 C:/Users/user/MyFiles/ProgmiX/PEX-Form-main/vendor/laravel/framework/src/Illuminate/View/Engines/CompilerEngine.php(76): Illuminate/View/Engines/PhpEngine->evaluatePath('C://Users//user//M...', Array)
#12 C:/Users/user/MyFiles/ProgmiX/PEX-Form-main/vendor/laravel/framework/src/Illuminate/View/View.php(208): Illuminate/View/Engines/CompilerEngine->get('C://Users//user//M...', Array)
#13 C:/Users/user/MyFiles/ProgmiX/PEX-Form-main/vendor/laravel/framework/src/Illuminate/View/View.php(191): Illuminate/View/View->getContents()
#14 C:/Users/user/MyFiles/ProgmiX/PEX-Form-main/vendor/laravel/framework/src/Illuminate/View/View.php(160): Illuminate/View/View->renderContents()
#15 C:/Users/user/MyFiles/ProgmiX/PEX-Form-main/vendor/laravel/framework/src/Illuminate/Http/Response.php(78): Illuminate/View/View->render()
#16 C:/Users/user/MyFiles/ProgmiX/PEX-Form-main/vendor/laravel/framework/src/Illuminate/Http/Response.php(34): Illuminate/Http/Response->setContent(Object(Illuminate/View/View))
#17 C:/Users/user/MyFiles/ProgmiX/PEX-Form-main/vendor/laravel/framework/src/Illuminate/Routing/Router.php(939): Illuminate/Http/Response->__construct(Object(Illuminate/View/View), 200, Array)
#18 C:/Users/user/MyFiles/ProgmiX/PEX-Form-main/vendor/laravel/framework/src/Illuminate/Routing/Router.php(906): Illuminate/Routing/Router::toResponse(Object(Illuminate/Http/Request), Object(Illuminate/View/View))
#19 C:/Users/user/MyFiles/ProgmiX/PEX-Form-main/vendor/laravel/framework/src/Illuminate/Routing/Router.php(821): Illuminate/Routing/Router->prepareResponse(Object(Illuminate/Http/Request), Object(Illuminate/View/View))
#20 C:/Users/user/MyFiles/ProgmiX/PEX-Form-main/vendor/laravel/framework/src/Illuminate/Pipeline/Pipeline.php(180): Illuminate/Routing/Router->Illuminate/Routing/{closure}(Object(Illuminate/Http/Request))
#21 C:/Users/user/MyFiles/ProgmiX/PEX-Form-main/modules/Frontend/Http/Middleware/Locale.php(49): Illuminate/Pipeline/Pipeline->Illuminate/Pipeline/{closure}(Object(Illuminate/Http/Request))
#22 C:/Users/user/MyFiles/ProgmiX/PEX-Form-main/vendor/laravel/framework/src/Illuminate/Pipeline/Pipeline.php(219): Juzaweb/Frontend/Http/Middleware/Locale->handle(Object(Illuminate/Http/Request), Object(Closure))
#23 C:/Users/user/MyFiles/ProgmiX/PEX-Form-main/modules/Backend/Http/Middleware/SecurityHeaders.php(25): Illuminate/Pipeline/Pipeline->Illuminate/Pipeline/{closure}(Object(Illuminate/Http/Request))
#24 C:/Users/user/MyFiles/ProgmiX/PEX-Form-main/vendor/laravel/framework/src/Illuminate/Pipeline/Pipeline.php(219): Juzaweb/Backend/Http/Middleware/SecurityHeaders->handle(Object(Illuminate/Http/Request), Object(Closure))
#25 C:/Users/user/MyFiles/ProgmiX/PEX-Form-main/vendor/laravel/framework/src/Illuminate/Routing/Middleware/ThrottleRequests.php(166): Illuminate/Pipeline/Pipeline->Illuminate/Pipeline/{closure}(Object(Illuminate/Http/Request))
#26 C:/Users/user/MyFiles/ProgmiX/PEX-Form-main/vendor/laravel/framework/src/Illuminate/Routing/Middleware/ThrottleRequests.php(93): Illuminate/Routing/Middleware/ThrottleRequests->handleRequest(Object(Illuminate/Http/Request), Object(Closure), Array)
#27 C:/Users/user/MyFiles/ProgmiX/PEX-Form-main/vendor/laravel/framework/src/Illuminate/Pipeline/Pipeline.php(219): Illuminate/Routing/Middleware/ThrottleRequests->handle(Object(Illuminate/Http/Request), Object(Closure))
#28 C:/Users/user/MyFiles/ProgmiX/PEX-Form-main/modules/Backend/Http/Middleware/PathTraversal.php(57): Illuminate/Pipeline/Pipeline->Illuminate/Pipeline/{closure}(Object(Illuminate/Http/Request))
#29 C:/Users/user/MyFiles/ProgmiX/PEX-Form-main/vendor/laravel/framework/src/Illuminate/Pipeline/Pipeline.php(219): Juzaweb/Backend/Http/Middleware/PathTraversal->handle(Object(Illuminate/Http/Request), Object(Closure))
#30 C:/Users/user/MyFiles/ProgmiX/PEX-Form-main/modules/Backend/Http/Middleware/XssSanitization.php(44): Illuminate/Pipeline/Pipeline->Illuminate/Pipeline/{closure}(Object(Illuminate/Http/Request))
#31 C:/Users/user/MyFiles/ProgmiX/PEX-Form-main/vendor/laravel/framework/src/Illuminate/Pipeline/Pipeline.php(219): Juzaweb/Backend/Http/Middleware/XssSanitization->handle(Object(Illuminate/Http/Request), Object(Closure))
#32 C:/Users/user/MyFiles/ProgmiX/PEX-Form-main/vendor/spatie/laravel-csp/src/AddCspHeaders.php(13): Illuminate/Pipeline/Pipeline->Illuminate/Pipeline/{closure}(Object(Illuminate/Http/Request))
#33 C:/Users/user/MyFiles/ProgmiX/PEX-Form-main/vendor/laravel/framework/src/Illuminate/Pipeline/Pipeline.php(219): Spatie/Csp/AddCspHeaders->handle(Object(Illuminate/Http/Request), Object(Closure))
#34 C:/Users/user/MyFiles/ProgmiX/PEX-Form-main/vendor/barryvdh/laravel-debugbar/src/Middleware/InjectDebugbar.php(59): Illuminate/Pipeline/Pipeline->Illuminate/Pipeline/{closure}(Object(Illuminate/Http/Request))
#35 C:/Users/user/MyFiles/ProgmiX/PEX-Form-main/vendor/laravel/framework/src/Illuminate/Pipeline/Pipeline.php(219): Barryvdh/Debugbar/Middleware/InjectDebugbar->handle(Object(Illuminate/Http/Request), Object(Closure))
#36 C:/Users/user/MyFiles/ProgmiX/PEX-Form-main/modules/CMS/Http/Middleware/XFrameHeadersMiddleware.php(41): Illuminate/Pipeline/Pipeline->Illuminate/Pipeline/{closure}(Object(Illuminate/Http/Request))
#37 C:/Users/user/MyFiles/ProgmiX/PEX-Form-main/vendor/laravel/framework/src/Illuminate/Pipeline/Pipeline.php(219): Juzaweb/CMS/Http/Middleware/XFrameHeadersMiddleware->handle(Object(Illuminate/Http/Request), Object(Closure))
#38 C:/Users/user/MyFiles/ProgmiX/PEX-Form-main/vendor/laravel/framework/src/Illuminate/Routing/Middleware/SubstituteBindings.php(50): Illuminate/Pipeline/Pipeline->Illuminate/Pipeline/{closure}(Object(Illuminate/Http/Request))
#39 C:/Users/user/MyFiles/ProgmiX/PEX-Form-main/vendor/laravel/framework/src/Illuminate/Pipeline/Pipeline.php(219): Illuminate/Routing/Middleware/SubstituteBindings->handle(Object(Illuminate/Http/Request), Object(Closure))
#40 C:/Users/user/MyFiles/ProgmiX/PEX-Form-main/vendor/laravel/framework/src/Illuminate/Cookie/Middleware/AddQueuedCookiesToResponse.php(36): Illuminate/Pipeline/Pipeline->Illuminate/Pipeline/{closure}(Object(Illuminate/Http/Request))
#41 C:/Users/user/MyFiles/ProgmiX/PEX-Form-main/vendor/laravel/framework/src/Illuminate/Pipeline/Pipeline.php(219): Illuminate/Cookie/Middleware/AddQueuedCookiesToResponse->handle(Object(Illuminate/Http/Request), Object(Closure))
#42 C:/Users/user/MyFiles/ProgmiX/PEX-Form-main/vendor/laravel/framework/src/Illuminate/View/Middleware/ShareErrorsFromSession.php(48): Illuminate/Pipeline/Pipeline->Illuminate/Pipeline/{closure}(Object(Illuminate/Http/Request))
#43 C:/Users/user/MyFiles/ProgmiX/PEX-Form-main/modules/Backend/Http/Middleware/ShareErrorsUnlessBot.php(24): Illuminate/View/Middleware/ShareErrorsFromSession->handle(Object(Illuminate/Http/Request), Object(Closure))
#44 C:/Users/user/MyFiles/ProgmiX/PEX-Form-main/vendor/laravel/framework/src/Illuminate/Pipeline/Pipeline.php(219): Juzaweb/Backend/Http/Middleware/ShareErrorsUnlessBot->handle(Object(Illuminate/Http/Request), Object(Closure))
#45 C:/Users/user/MyFiles/ProgmiX/PEX-Form-main/vendor/laravel/framework/src/Illuminate/Session/Middleware/StartSession.php(120): Illuminate/Pipeline/Pipeline->Illuminate/Pipeline/{closure}(Object(Illuminate/Http/Request))
#46 C:/Users/user/MyFiles/ProgmiX/PEX-Form-main/vendor/laravel/framework/src/Illuminate/Session/Middleware/StartSession.php(63): Illuminate/Session/Middleware/StartSession->handleStatefulRequest(Object(Illuminate/Http/Request), Object(Illuminate/Session/Store), Object(Closure))
#47 C:/Users/user/MyFiles/ProgmiX/PEX-Form-main/modules/Backend/Http/Middleware/SkipSessionForBots.php(24): Illuminate/Session/Middleware/StartSession->handle(Object(Illuminate/Http/Request), Object(Closure))
#48 C:/Users/user/MyFiles/ProgmiX/PEX-Form-main/vendor/laravel/framework/src/Illuminate/Pipeline/Pipeline.php(219): Juzaweb/Backend/Http/Middleware/SkipSessionForBots->handle(Object(Illuminate/Http/Request), Object(Closure))
#49 C:/Users/user/MyFiles/ProgmiX/PEX-Form-main/vendor/laravel/framework/src/Illuminate/Cookie/Middleware/EncryptCookies.php(74): Illuminate/Pipeline/Pipeline->Illuminate/Pipeline/{closure}(Object(Illuminate/Http/Request))
#50 C:/Users/user/MyFiles/ProgmiX/PEX-Form-main/vendor/laravel/framework/src/Illuminate/Pipeline/Pipeline.php(219): Illuminate/Cookie/Middleware/EncryptCookies->handle(Object(Illuminate/Http/Request), Object(Closure))
#51 C:/Users/user/MyFiles/ProgmiX/PEX-Form-main/modules/CMS/Http/Middleware/GlobalMiddleware.php(11): Illuminate/Pipeline/Pipeline->Illuminate/Pipeline/{closure}(Object(Illuminate/Http/Request))
#52 C:/Users/user/MyFiles/ProgmiX/PEX-Form-main/vendor/laravel/framework/src/Illuminate/Pipeline/Pipeline.php(219): Juzaweb/CMS/Http/Middleware/GlobalMiddleware->handle(Object(Illuminate/Http/Request), Object(Closure))
#53 C:/Users/user/MyFiles/ProgmiX/PEX-Form-main/modules/Backend/Http/Middleware/DisableSessionForBots.php(30): Illuminate/Pipeline/Pipeline->Illuminate/Pipeline/{closure}(Object(Illuminate/Http/Request))
#54 C:/Users/user/MyFiles/ProgmiX/PEX-Form-main/vendor/laravel/framework/src/Illuminate/Pipeline/Pipeline.php(219): Juzaweb/Backend/Http/Middleware/DisableSessionForBots->handle(Object(Illuminate/Http/Request), Object(Closure))
#55 C:/Users/user/MyFiles/ProgmiX/PEX-Form-main/vendor/laravel/framework/src/Illuminate/Pipeline/Pipeline.php(137): Illuminate/Pipeline/Pipeline->Illuminate/Pipeline/{closure}(Object(Illuminate/Http/Request))
#56 C:/Users/user/MyFiles/ProgmiX/PEX-Form-main/vendor/laravel/framework/src/Illuminate/Routing/Router.php(821): Illuminate/Pipeline/Pipeline->then(Object(Closure))
#57 C:/Users/user/MyFiles/ProgmiX/PEX-Form-main/vendor/laravel/framework/src/Illuminate/Routing/Router.php(800): Illuminate/Routing/Router->runRouteWithinStack(Object(Illuminate/Routing/Route), Object(Illuminate/Http/Request))
#58 C:/Users/user/MyFiles/ProgmiX/PEX-Form-main/vendor/laravel/framework/src/Illuminate/Routing/Router.php(764): Illuminate/Routing/Router->runRoute(Object(Illuminate/Http/Request), Object(Illuminate/Routing/Route))
#59 C:/Users/user/MyFiles/ProgmiX/PEX-Form-main/vendor/laravel/framework/src/Illuminate/Routing/Router.php(753): Illuminate/Routing/Router->dispatchToRoute(Object(Illuminate/Http/Request))
#60 C:/Users/user/MyFiles/ProgmiX/PEX-Form-main/vendor/laravel/framework/src/Illuminate/Foundation/Http/Kernel.php(200): Illuminate/Routing/Router->dispatch(Object(Illuminate/Http/Request))
#61 C:/Users/user/MyFiles/ProgmiX/PEX-Form-main/vendor/laravel/framework/src/Illuminate/Pipeline/Pipeline.php(180): Illuminate/Foundation/Http/Kernel->Illuminate/Foundation/Http/{closure}(Object(Illuminate/Http/Request))
#62 C:/Users/user/MyFiles/ProgmiX/PEX-Form-main/vendor/barryvdh/laravel-debugbar/src/Middleware/InjectDebugbar.php(59): Illuminate/Pipeline/Pipeline->Illuminate/Pipeline/{closure}(Object(Illuminate/Http/Request))
#63 C:/Users/user/MyFiles/ProgmiX/PEX-Form-main/vendor/laravel/framework/src/Illuminate/Pipeline/Pipeline.php(219): Barryvdh/Debugbar/Middleware/InjectDebugbar->handle(Object(Illuminate/Http/Request), Object(Closure))
#64 C:/Users/user/MyFiles/ProgmiX/PEX-Form-main/modules/Backend/Http/Middleware/BlockIpMiddleware.php(31): Illuminate/Pipeline/Pipeline->Illuminate/Pipeline/{closure}(Object(Illuminate/Http/Request))
#65 C:/Users/user/MyFiles/ProgmiX/PEX-Form-main/vendor/laravel/framework/src/Illuminate/Pipeline/Pipeline.php(219): Juzaweb/Backend/Http/Middleware/BlockIpMiddleware->handle(Object(Illuminate/Http/Request), Object(Closure))
#66 C:/Users/user/MyFiles/ProgmiX/PEX-Form-main/modules/Backend/Http/Middleware/SecurityHeaders.php(25): Illuminate/Pipeline/Pipeline->Illuminate/Pipeline/{closure}(Object(Illuminate/Http/Request))
#67 C:/Users/user/MyFiles/ProgmiX/PEX-Form-main/vendor/laravel/framework/src/Illuminate/Pipeline/Pipeline.php(219): Juzaweb/Backend/Http/Middleware/SecurityHeaders->handle(Object(Illuminate/Http/Request), Object(Closure))
#68 C:/Users/user/MyFiles/ProgmiX/PEX-Form-main/vendor/laravel/framework/src/Illuminate/Foundation/Http/Middleware/TransformsRequest.php(21): Illuminate/Pipeline/Pipeline->Illuminate/Pipeline/{closure}(Object(Illuminate/Http/Request))
#69 C:/Users/user/MyFiles/ProgmiX/PEX-Form-main/vendor/laravel/framework/src/Illuminate/Foundation/Http/Middleware/ConvertEmptyStringsToNull.php(31): Illuminate/Foundation/Http/Middleware/TransformsRequest->handle(Object(Illuminate/Http/Request), Object(Closure))
#70 C:/Users/user/MyFiles/ProgmiX/PEX-Form-main/vendor/laravel/framework/src/Illuminate/Pipeline/Pipeline.php(219): Illuminate/Foundation/Http/Middleware/ConvertEmptyStringsToNull->handle(Object(Illuminate/Http/Request), Object(Closure))
#71 C:/Users/user/MyFiles/ProgmiX/PEX-Form-main/vendor/laravel/framework/src/Illuminate/Foundation/Http/Middleware/TransformsRequest.php(21): Illuminate/Pipeline/Pipeline->Illuminate/Pipeline/{closure}(Object(Illuminate/Http/Request))
#72 C:/Users/user/MyFiles/ProgmiX/PEX-Form-main/vendor/laravel/framework/src/Illuminate/Foundation/Http/Middleware/TrimStrings.php(51): Illuminate/Foundation/Http/Middleware/TransformsRequest->handle(Object(Illuminate/Http/Request), Object(Closure))
#73 C:/Users/user/MyFiles/ProgmiX/PEX-Form-main/vendor/laravel/framework/src/Illuminate/Pipeline/Pipeline.php(219): Illuminate/Foundation/Http/Middleware/TrimStrings->handle(Object(Illuminate/Http/Request), Object(Closure))
#74 C:/Users/user/MyFiles/ProgmiX/PEX-Form-main/vendor/laravel/framework/src/Illuminate/Http/Middleware/ValidatePostSize.php(27): Illuminate/Pipeline/Pipeline->Illuminate/Pipeline/{closure}(Object(Illuminate/Http/Request))
#75 C:/Users/user/MyFiles/ProgmiX/PEX-Form-main/vendor/laravel/framework/src/Illuminate/Pipeline/Pipeline.php(219): Illuminate/Http/Middleware/ValidatePostSize->handle(Object(Illuminate/Http/Request), Object(Closure))
#76 C:/Users/user/MyFiles/ProgmiX/PEX-Form-main/vendor/laravel/framework/src/Illuminate/Foundation/Http/Middleware/PreventRequestsDuringMaintenance.php(109): Illuminate/Pipeline/Pipeline->Illuminate/Pipeline/{closure}(Object(Illuminate/Http/Request))
#77 C:/Users/user/MyFiles/ProgmiX/PEX-Form-main/vendor/laravel/framework/src/Illuminate/Pipeline/Pipeline.php(219): Illuminate/Foundation/Http/Middleware/PreventRequestsDuringMaintenance->handle(Object(Illuminate/Http/Request), Object(Closure))
#78 C:/Users/user/MyFiles/ProgmiX/PEX-Form-main/vendor/laravel/framework/src/Illuminate/Http/Middleware/HandleCors.php(61): Illuminate/Pipeline/Pipeline->Illuminate/Pipeline/{closure}(Object(Illuminate/Http/Request))
#79 C:/Users/user/MyFiles/ProgmiX/PEX-Form-main/vendor/laravel/framework/src/Illuminate/Pipeline/Pipeline.php(219): Illuminate/Http/Middleware/HandleCors->handle(Object(Illuminate/Http/Request), Object(Closure))
#80 C:/Users/user/MyFiles/ProgmiX/PEX-Form-main/vendor/laravel/framework/src/Illuminate/Http/Middleware/TrustProxies.php(58): Illuminate/Pipeline/Pipeline->Illuminate/Pipeline/{closure}(Object(Illuminate/Http/Request))
#81 C:/Users/user/MyFiles/ProgmiX/PEX-Form-main/vendor/laravel/framework/src/Illuminate/Pipeline/Pipeline.php(219): Illuminate/Http/Middleware/TrustProxies->handle(Object(Illuminate/Http/Request), Object(Closure))
#82 C:/Users/user/MyFiles/ProgmiX/PEX-Form-main/vendor/laravel/framework/src/Illuminate/Pipeline/Pipeline.php(137): Illuminate/Pipeline/Pipeline->Illuminate/Pipeline/{closure}(Object(Illuminate/Http/Request))
#83 C:/Users/user/MyFiles/ProgmiX/PEX-Form-main/vendor/laravel/framework/src/Illuminate/Foundation/Http/Kernel.php(175): Illuminate/Pipeline/Pipeline->then(Object(Closure))
#84 C:/Users/user/MyFiles/ProgmiX/PEX-Form-main/vendor/laravel/framework/src/Illuminate/Foundation/Http/Kernel.php(144): Illuminate/Foundation/Http/Kernel->sendRequestThroughRouter(Object(Illuminate/Http/Request))
#85 C:/Users/user/MyFiles/ProgmiX/PEX-Form-main/public/index.php(51): Illuminate/Foundation/Http/Kernel->handle(Object(Illuminate/Http/Request))
#86 C:/Users/user/MyFiles/ProgmiX/PEX-Form-main/vendor/laravel/framework/src/Illuminate/Foundation/resources/server.php(23): require_once('C://Users//user//M...')
#87 {main}

[previous exception] [object] (ErrorException(code: 0): Undefined variable $websiteUrl at C:/Users/user/MyFiles/ProgmiX/PEX-Form-main/storage/framework/views/a84ddf431c771032d0234d77e02450d7.php:7)
[stacktrace]
#0 C:/Users/user/MyFiles/ProgmiX/PEX-Form-main/vendor/laravel/framework/src/Illuminate/Foundation/Bootstrap/HandleExceptions.php(262): Illuminate/Foundation/Bootstrap/HandleExceptions->handleError(2, 'Undefined varia...', 'C://Users//user//M...', 7)
#1 C:/Users/user/MyFiles/ProgmiX/PEX-Form-main/storage/framework/views/a84ddf431c771032d0234d77e02450d7.php(7): Illuminate/Foundation/Bootstrap/HandleExceptions->Illuminate/Foundation/Bootstrap/{closure}(2, 'Undefined varia...', 'C://Users//user//M...', 7)
#2 C:/Users/user/MyFiles/ProgmiX/PEX-Form-main/vendor/laravel/framework/src/Illuminate/Filesystem/Filesystem.php(123): require('C://Users//user//M...')
#3 C:/Users/user/MyFiles/ProgmiX/PEX-Form-main/vendor/laravel/framework/src/Illuminate/Filesystem/Filesystem.php(124): Illuminate/Filesystem/Filesystem::Illuminate/Filesystem/{closure}()
#4 C:/Users/user/MyFiles/ProgmiX/PEX-Form-main/vendor/laravel/framework/src/Illuminate/View/Engines/PhpEngine.php(57): Illuminate/Filesystem/Filesystem->getRequire('C://Users//user//M...', Array)
#5 C:/Users/user/MyFiles/ProgmiX/PEX-Form-main/vendor/laravel/framework/src/Illuminate/View/Engines/CompilerEngine.php(76): Illuminate/View/Engines/PhpEngine->evaluatePath('C://Users//user//M...', Array)
#6 C:/Users/user/MyFiles/ProgmiX/PEX-Form-main/vendor/laravel/framework/src/Illuminate/View/View.php(208): Illuminate/View/Engines/CompilerEngine->get('C://Users//user//M...', Array)
#7 C:/Users/user/MyFiles/ProgmiX/PEX-Form-main/vendor/laravel/framework/src/Illuminate/View/View.php(191): Illuminate/View/View->getContents()
#8 C:/Users/user/MyFiles/ProgmiX/PEX-Form-main/vendor/laravel/framework/src/Illuminate/View/View.php(160): Illuminate/View/View->renderContents()
#9 C:/Users/user/MyFiles/ProgmiX/PEX-Form-main/storage/framework/views/078e945ecbf82d678121cbf4f8650dce.php(1): Illuminate/View/View->render()
#10 C:/Users/user/MyFiles/ProgmiX/PEX-Form-main/vendor/laravel/framework/src/Illuminate/Filesystem/Filesystem.php(123): require('C://Users//user//M...')
#11 C:/Users/user/MyFiles/ProgmiX/PEX-Form-main/vendor/laravel/framework/src/Illuminate/Filesystem/Filesystem.php(124): Illuminate/Filesystem/Filesystem::Illuminate/Filesystem/{closure}()
#12 C:/Users/user/MyFiles/ProgmiX/PEX-Form-main/vendor/laravel/framework/src/Illuminate/View/Engines/PhpEngine.php(57): Illuminate/Filesystem/Filesystem->getRequire('C://Users//user//M...', Array)
#13 C:/Users/user/MyFiles/ProgmiX/PEX-Form-main/vendor/laravel/framework/src/Illuminate/View/Engines/CompilerEngine.php(76): Illuminate/View/Engines/PhpEngine->evaluatePath('C://Users//user//M...', Array)
#14 C:/Users/user/MyFiles/ProgmiX/PEX-Form-main/vendor/laravel/framework/src/Illuminate/View/View.php(208): Illuminate/View/Engines/CompilerEngine->get('C://Users//user//M...', Array)
#15 C:/Users/user/MyFiles/ProgmiX/PEX-Form-main/vendor/laravel/framework/src/Illuminate/View/View.php(191): Illuminate/View/View->getContents()
#16 C:/Users/user/MyFiles/ProgmiX/PEX-Form-main/vendor/laravel/framework/src/Illuminate/View/View.php(160): Illuminate/View/View->renderContents()
#17 C:/Users/user/MyFiles/ProgmiX/PEX-Form-main/vendor/laravel/framework/src/Illuminate/Http/Response.php(78): Illuminate/View/View->render()
#18 C:/Users/user/MyFiles/ProgmiX/PEX-Form-main/vendor/laravel/framework/src/Illuminate/Http/Response.php(34): Illuminate/Http/Response->setContent(Object(Illuminate/View/View))
#19 C:/Users/user/MyFiles/ProgmiX/PEX-Form-main/vendor/laravel/framework/src/Illuminate/Routing/Router.php(939): Illuminate/Http/Response->__construct(Object(Illuminate/View/View), 200, Array)
#20 C:/Users/user/MyFiles/ProgmiX/PEX-Form-main/vendor/laravel/framework/src/Illuminate/Routing/Router.php(906): Illuminate/Routing/Router::toResponse(Object(Illuminate/Http/Request), Object(Illuminate/View/View))
#21 C:/Users/user/MyFiles/ProgmiX/PEX-Form-main/vendor/laravel/framework/src/Illuminate/Routing/Router.php(821): Illuminate/Routing/Router->prepareResponse(Object(Illuminate/Http/Request), Object(Illuminate/View/View))
#22 C:/Users/user/MyFiles/ProgmiX/PEX-Form-main/vendor/laravel/framework/src/Illuminate/Pipeline/Pipeline.php(180): Illuminate/Routing/Router->Illuminate/Routing/{closure}(Object(Illuminate/Http/Request))
#23 C:/Users/user/MyFiles/ProgmiX/PEX-Form-main/modules/Frontend/Http/Middleware/Locale.php(49): Illuminate/Pipeline/Pipeline->Illuminate/Pipeline/{closure}(Object(Illuminate/Http/Request))
#24 C:/Users/user/MyFiles/ProgmiX/PEX-Form-main/vendor/laravel/framework/src/Illuminate/Pipeline/Pipeline.php(219): Juzaweb/Frontend/Http/Middleware/Locale->handle(Object(Illuminate/Http/Request), Object(Closure))
#25 C:/Users/user/MyFiles/ProgmiX/PEX-Form-main/modules/Backend/Http/Middleware/SecurityHeaders.php(25): Illuminate/Pipeline/Pipeline->Illuminate/Pipeline/{closure}(Object(Illuminate/Http/Request))
#26 C:/Users/user/MyFiles/ProgmiX/PEX-Form-main/vendor/laravel/framework/src/Illuminate/Pipeline/Pipeline.php(219): Juzaweb/Backend/Http/Middleware/SecurityHeaders->handle(Object(Illuminate/Http/Request), Object(Closure))
#27 C:/Users/user/MyFiles/ProgmiX/PEX-Form-main/vendor/laravel/framework/src/Illuminate/Routing/Middleware/ThrottleRequests.php(166): Illuminate/Pipeline/Pipeline->Illuminate/Pipeline/{closure}(Object(Illuminate/Http/Request))
#28 C:/Users/user/MyFiles/ProgmiX/PEX-Form-main/vendor/laravel/framework/src/Illuminate/Routing/Middleware/ThrottleRequests.php(93): Illuminate/Routing/Middleware/ThrottleRequests->handleRequest(Object(Illuminate/Http/Request), Object(Closure), Array)
#29 C:/Users/user/MyFiles/ProgmiX/PEX-Form-main/vendor/laravel/framework/src/Illuminate/Pipeline/Pipeline.php(219): Illuminate/Routing/Middleware/ThrottleRequests->handle(Object(Illuminate/Http/Request), Object(Closure))
#30 C:/Users/user/MyFiles/ProgmiX/PEX-Form-main/modules/Backend/Http/Middleware/PathTraversal.php(57): Illuminate/Pipeline/Pipeline->Illuminate/Pipeline/{closure}(Object(Illuminate/Http/Request))
#31 C:/Users/user/MyFiles/ProgmiX/PEX-Form-main/vendor/laravel/framework/src/Illuminate/Pipeline/Pipeline.php(219): Juzaweb/Backend/Http/Middleware/PathTraversal->handle(Object(Illuminate/Http/Request), Object(Closure))
#32 C:/Users/user/MyFiles/ProgmiX/PEX-Form-main/modules/Backend/Http/Middleware/XssSanitization.php(44): Illuminate/Pipeline/Pipeline->Illuminate/Pipeline/{closure}(Object(Illuminate/Http/Request))
#33 C:/Users/user/MyFiles/ProgmiX/PEX-Form-main/vendor/laravel/framework/src/Illuminate/Pipeline/Pipeline.php(219): Juzaweb/Backend/Http/Middleware/XssSanitization->handle(Object(Illuminate/Http/Request), Object(Closure))
#34 C:/Users/user/MyFiles/ProgmiX/PEX-Form-main/vendor/spatie/laravel-csp/src/AddCspHeaders.php(13): Illuminate/Pipeline/Pipeline->Illuminate/Pipeline/{closure}(Object(Illuminate/Http/Request))
#35 C:/Users/user/MyFiles/ProgmiX/PEX-Form-main/vendor/laravel/framework/src/Illuminate/Pipeline/Pipeline.php(219): Spatie/Csp/AddCspHeaders->handle(Object(Illuminate/Http/Request), Object(Closure))
#36 C:/Users/user/MyFiles/ProgmiX/PEX-Form-main/vendor/barryvdh/laravel-debugbar/src/Middleware/InjectDebugbar.php(59): Illuminate/Pipeline/Pipeline->Illuminate/Pipeline/{closure}(Object(Illuminate/Http/Request))
#37 C:/Users/user/MyFiles/ProgmiX/PEX-Form-main/vendor/laravel/framework/src/Illuminate/Pipeline/Pipeline.php(219): Barryvdh/Debugbar/Middleware/InjectDebugbar->handle(Object(Illuminate/Http/Request), Object(Closure))
#38 C:/Users/user/MyFiles/ProgmiX/PEX-Form-main/modules/CMS/Http/Middleware/XFrameHeadersMiddleware.php(41): Illuminate/Pipeline/Pipeline->Illuminate/Pipeline/{closure}(Object(Illuminate/Http/Request))
#39 C:/Users/user/MyFiles/ProgmiX/PEX-Form-main/vendor/laravel/framework/src/Illuminate/Pipeline/Pipeline.php(219): Juzaweb/CMS/Http/Middleware/XFrameHeadersMiddleware->handle(Object(Illuminate/Http/Request), Object(Closure))
#40 C:/Users/user/MyFiles/ProgmiX/PEX-Form-main/vendor/laravel/framework/src/Illuminate/Routing/Middleware/SubstituteBindings.php(50): Illuminate/Pipeline/Pipeline->Illuminate/Pipeline/{closure}(Object(Illuminate/Http/Request))
#41 C:/Users/user/MyFiles/ProgmiX/PEX-Form-main/vendor/laravel/framework/src/Illuminate/Pipeline/Pipeline.php(219): Illuminate/Routing/Middleware/SubstituteBindings->handle(Object(Illuminate/Http/Request), Object(Closure))
#42 C:/Users/user/MyFiles/ProgmiX/PEX-Form-main/vendor/laravel/framework/src/Illuminate/Cookie/Middleware/AddQueuedCookiesToResponse.php(36): Illuminate/Pipeline/Pipeline->Illuminate/Pipeline/{closure}(Object(Illuminate/Http/Request))
#43 C:/Users/user/MyFiles/ProgmiX/PEX-Form-main/vendor/laravel/framework/src/Illuminate/Pipeline/Pipeline.php(219): Illuminate/Cookie/Middleware/AddQueuedCookiesToResponse->handle(Object(Illuminate/Http/Request), Object(Closure))
#44 C:/Users/user/MyFiles/ProgmiX/PEX-Form-main/vendor/laravel/framework/src/Illuminate/View/Middleware/ShareErrorsFromSession.php(48): Illuminate/Pipeline/Pipeline->Illuminate/Pipeline/{closure}(Object(Illuminate/Http/Request))
#45 C:/Users/user/MyFiles/ProgmiX/PEX-Form-main/modules/Backend/Http/Middleware/ShareErrorsUnlessBot.php(24): Illuminate/View/Middleware/ShareErrorsFromSession->handle(Object(Illuminate/Http/Request), Object(Closure))
#46 C:/Users/user/MyFiles/ProgmiX/PEX-Form-main/vendor/laravel/framework/src/Illuminate/Pipeline/Pipeline.php(219): Juzaweb/Backend/Http/Middleware/ShareErrorsUnlessBot->handle(Object(Illuminate/Http/Request), Object(Closure))
#47 C:/Users/user/MyFiles/ProgmiX/PEX-Form-main/vendor/laravel/framework/src/Illuminate/Session/Middleware/StartSession.php(120): Illuminate/Pipeline/Pipeline->Illuminate/Pipeline/{closure}(Object(Illuminate/Http/Request))
#48 C:/Users/user/MyFiles/ProgmiX/PEX-Form-main/vendor/laravel/framework/src/Illuminate/Session/Middleware/StartSession.php(63): Illuminate/Session/Middleware/StartSession->handleStatefulRequest(Object(Illuminate/Http/Request), Object(Illuminate/Session/Store), Object(Closure))
#49 C:/Users/user/MyFiles/ProgmiX/PEX-Form-main/modules/Backend/Http/Middleware/SkipSessionForBots.php(24): Illuminate/Session/Middleware/StartSession->handle(Object(Illuminate/Http/Request), Object(Closure))
#50 C:/Users/user/MyFiles/ProgmiX/PEX-Form-main/vendor/laravel/framework/src/Illuminate/Pipeline/Pipeline.php(219): Juzaweb/Backend/Http/Middleware/SkipSessionForBots->handle(Object(Illuminate/Http/Request), Object(Closure))
#51 C:/Users/user/MyFiles/ProgmiX/PEX-Form-main/vendor/laravel/framework/src/Illuminate/Cookie/Middleware/EncryptCookies.php(74): Illuminate/Pipeline/Pipeline->Illuminate/Pipeline/{closure}(Object(Illuminate/Http/Request))
#52 C:/Users/user/MyFiles/ProgmiX/PEX-Form-main/vendor/laravel/framework/src/Illuminate/Pipeline/Pipeline.php(219): Illuminate/Cookie/Middleware/EncryptCookies->handle(Object(Illuminate/Http/Request), Object(Closure))
#53 C:/Users/user/MyFiles/ProgmiX/PEX-Form-main/modules/CMS/Http/Middleware/GlobalMiddleware.php(11): Illuminate/Pipeline/Pipeline->Illuminate/Pipeline/{closure}(Object(Illuminate/Http/Request))
#54 C:/Users/user/MyFiles/ProgmiX/PEX-Form-main/vendor/laravel/framework/src/Illuminate/Pipeline/Pipeline.php(219): Juzaweb/CMS/Http/Middleware/GlobalMiddleware->handle(Object(Illuminate/Http/Request), Object(Closure))
#55 C:/Users/user/MyFiles/ProgmiX/PEX-Form-main/modules/Backend/Http/Middleware/DisableSessionForBots.php(30): Illuminate/Pipeline/Pipeline->Illuminate/Pipeline/{closure}(Object(Illuminate/Http/Request))
#56 C:/Users/user/MyFiles/ProgmiX/PEX-Form-main/vendor/laravel/framework/src/Illuminate/Pipeline/Pipeline.php(219): Juzaweb/Backend/Http/Middleware/DisableSessionForBots->handle(Object(Illuminate/Http/Request), Object(Closure))
#57 C:/Users/user/MyFiles/ProgmiX/PEX-Form-main/vendor/laravel/framework/src/Illuminate/Pipeline/Pipeline.php(137): Illuminate/Pipeline/Pipeline->Illuminate/Pipeline/{closure}(Object(Illuminate/Http/Request))
#58 C:/Users/user/MyFiles/ProgmiX/PEX-Form-main/vendor/laravel/framework/src/Illuminate/Routing/Router.php(821): Illuminate/Pipeline/Pipeline->then(Object(Closure))
#59 C:/Users/user/MyFiles/ProgmiX/PEX-Form-main/vendor/laravel/framework/src/Illuminate/Routing/Router.php(800): Illuminate/Routing/Router->runRouteWithinStack(Object(Illuminate/Routing/Route), Object(Illuminate/Http/Request))
#60 C:/Users/user/MyFiles/ProgmiX/PEX-Form-main/vendor/laravel/framework/src/Illuminate/Routing/Router.php(764): Illuminate/Routing/Router->runRoute(Object(Illuminate/Http/Request), Object(Illuminate/Routing/Route))
#61 C:/Users/user/MyFiles/ProgmiX/PEX-Form-main/vendor/laravel/framework/src/Illuminate/Routing/Router.php(753): Illuminate/Routing/Router->dispatchToRoute(Object(Illuminate/Http/Request))
#62 C:/Users/user/MyFiles/ProgmiX/PEX-Form-main/vendor/laravel/framework/src/Illuminate/Foundation/Http/Kernel.php(200): Illuminate/Routing/Router->dispatch(Object(Illuminate/Http/Request))
#63 C:/Users/user/MyFiles/ProgmiX/PEX-Form-main/vendor/laravel/framework/src/Illuminate/Pipeline/Pipeline.php(180): Illuminate/Foundation/Http/Kernel->Illuminate/Foundation/Http/{closure}(Object(Illuminate/Http/Request))
#64 C:/Users/user/MyFiles/ProgmiX/PEX-Form-main/vendor/barryvdh/laravel-debugbar/src/Middleware/InjectDebugbar.php(59): Illuminate/Pipeline/Pipeline->Illuminate/Pipeline/{closure}(Object(Illuminate/Http/Request))
#65 C:/Users/user/MyFiles/ProgmiX/PEX-Form-main/vendor/laravel/framework/src/Illuminate/Pipeline/Pipeline.php(219): Barryvdh/Debugbar/Middleware/InjectDebugbar->handle(Object(Illuminate/Http/Request), Object(Closure))
#66 C:/Users/user/MyFiles/ProgmiX/PEX-Form-main/modules/Backend/Http/Middleware/BlockIpMiddleware.php(31): Illuminate/Pipeline/Pipeline->Illuminate/Pipeline/{closure}(Object(Illuminate/Http/Request))
#67 C:/Users/user/MyFiles/ProgmiX/PEX-Form-main/vendor/laravel/framework/src/Illuminate/Pipeline/Pipeline.php(219): Juzaweb/Backend/Http/Middleware/BlockIpMiddleware->handle(Object(Illuminate/Http/Request), Object(Closure))
#68 C:/Users/user/MyFiles/ProgmiX/PEX-Form-main/modules/Backend/Http/Middleware/SecurityHeaders.php(25): Illuminate/Pipeline/Pipeline->Illuminate/Pipeline/{closure}(Object(Illuminate/Http/Request))
#69 C:/Users/user/MyFiles/ProgmiX/PEX-Form-main/vendor/laravel/framework/src/Illuminate/Pipeline/Pipeline.php(219): Juzaweb/Backend/Http/Middleware/SecurityHeaders->handle(Object(Illuminate/Http/Request), Object(Closure))
#70 C:/Users/user/MyFiles/ProgmiX/PEX-Form-main/vendor/laravel/framework/src/Illuminate/Foundation/Http/Middleware/TransformsRequest.php(21): Illuminate/Pipeline/Pipeline->Illuminate/Pipeline/{closure}(Object(Illuminate/Http/Request))
#71 C:/Users/user/MyFiles/ProgmiX/PEX-Form-main/vendor/laravel/framework/src/Illuminate/Foundation/Http/Middleware/ConvertEmptyStringsToNull.php(31): Illuminate/Foundation/Http/Middleware/TransformsRequest->handle(Object(Illuminate/Http/Request), Object(Closure))
#72 C:/Users/user/MyFiles/ProgmiX/PEX-Form-main/vendor/laravel/framework/src/Illuminate/Pipeline/Pipeline.php(219): Illuminate/Foundation/Http/Middleware/ConvertEmptyStringsToNull->handle(Object(Illuminate/Http/Request), Object(Closure))
#73 C:/Users/user/MyFiles/ProgmiX/PEX-Form-main/vendor/laravel/framework/src/Illuminate/Foundation/Http/Middleware/TransformsRequest.php(21): Illuminate/Pipeline/Pipeline->Illuminate/Pipeline/{closure}(Object(Illuminate/Http/Request))
#74 C:/Users/user/MyFiles/ProgmiX/PEX-Form-main/vendor/laravel/framework/src/Illuminate/Foundation/Http/Middleware/TrimStrings.php(51): Illuminate/Foundation/Http/Middleware/TransformsRequest->handle(Object(Illuminate/Http/Request), Object(Closure))
#75 C:/Users/user/MyFiles/ProgmiX/PEX-Form-main/vendor/laravel/framework/src/Illuminate/Pipeline/Pipeline.php(219): Illuminate/Foundation/Http/Middleware/TrimStrings->handle(Object(Illuminate/Http/Request), Object(Closure))
#76 C:/Users/user/MyFiles/ProgmiX/PEX-Form-main/vendor/laravel/framework/src/Illuminate/Http/Middleware/ValidatePostSize.php(27): Illuminate/Pipeline/Pipeline->Illuminate/Pipeline/{closure}(Object(Illuminate/Http/Request))
#77 C:/Users/user/MyFiles/ProgmiX/PEX-Form-main/vendor/laravel/framework/src/Illuminate/Pipeline/Pipeline.php(219): Illuminate/Http/Middleware/ValidatePostSize->handle(Object(Illuminate/Http/Request), Object(Closure))
#78 C:/Users/user/MyFiles/ProgmiX/PEX-Form-main/vendor/laravel/framework/src/Illuminate/Foundation/Http/Middleware/PreventRequestsDuringMaintenance.php(109): Illuminate/Pipeline/Pipeline->Illuminate/Pipeline/{closure}(Object(Illuminate/Http/Request))
#79 C:/Users/user/MyFiles/ProgmiX/PEX-Form-main/vendor/laravel/framework/src/Illuminate/Pipeline/Pipeline.php(219): Illuminate/Foundation/Http/Middleware/PreventRequestsDuringMaintenance->handle(Object(Illuminate/Http/Request), Object(Closure))
#80 C:/Users/user/MyFiles/ProgmiX/PEX-Form-main/vendor/laravel/framework/src/Illuminate/Http/Middleware/HandleCors.php(61): Illuminate/Pipeline/Pipeline->Illuminate/Pipeline/{closure}(Object(Illuminate/Http/Request))
#81 C:/Users/user/MyFiles/ProgmiX/PEX-Form-main/vendor/laravel/framework/src/Illuminate/Pipeline/Pipeline.php(219): Illuminate/Http/Middleware/HandleCors->handle(Object(Illuminate/Http/Request), Object(Closure))
#82 C:/Users/user/MyFiles/ProgmiX/PEX-Form-main/vendor/laravel/framework/src/Illuminate/Http/Middleware/TrustProxies.php(58): Illuminate/Pipeline/Pipeline->Illuminate/Pipeline/{closure}(Object(Illuminate/Http/Request))
#83 C:/Users/user/MyFiles/ProgmiX/PEX-Form-main/vendor/laravel/framework/src/Illuminate/Pipeline/Pipeline.php(219): Illuminate/Http/Middleware/TrustProxies->handle(Object(Illuminate/Http/Request), Object(Closure))
#84 C:/Users/user/MyFiles/ProgmiX/PEX-Form-main/vendor/laravel/framework/src/Illuminate/Pipeline/Pipeline.php(137): Illuminate/Pipeline/Pipeline->Illuminate/Pipeline/{closure}(Object(Illuminate/Http/Request))
#85 C:/Users/user/MyFiles/ProgmiX/PEX-Form-main/vendor/laravel/framework/src/Illuminate/Foundation/Http/Kernel.php(175): Illuminate/Pipeline/Pipeline->then(Object(Closure))
#86 C:/Users/user/MyFiles/ProgmiX/PEX-Form-main/vendor/laravel/framework/src/Illuminate/Foundation/Http/Kernel.php(144): Illuminate/Foundation/Http/Kernel->sendRequestThroughRouter(Object(Illuminate/Http/Request))
#87 C:/Users/user/MyFiles/ProgmiX/PEX-Form-main/public/index.php(51): Illuminate/Foundation/Http/Kernel->handle(Object(Illuminate/Http/Request))
#88 C:/Users/user/MyFiles/ProgmiX/PEX-Form-main/vendor/laravel/framework/src/Illuminate/Foundation/resources/server.php(23): require_once('C://Users//user//M...')
#89 {main}
"} 
[2026-09-30 09:15:19] local.ERROR: Undefined variable $websiteUrl {"userId":1,"exception":"[object] (Spatie\\LaravelIgnition\\Exceptions\\ViewException(code: 0): Undefined variable $websiteUrl at C:/Users/user/MyFiles/ProgmiX/PEX-Form-main/modules/Frontend/resources/views/templates/homepage/pex/contact.blade.php:1)
[stacktrace]
#0 C:/Users/user/MyFiles/ProgmiX/PEX-Form-main/vendor/laravel/framework/src/Illuminate/Filesystem/Filesystem.php(123): require('C://Users//user//M...')
#1 C:/Users/user/MyFiles/ProgmiX/PEX-Form-main/vendor/laravel/framework/src/Illuminate/Filesystem/Filesystem.php(124): Illuminate/Filesystem/Filesystem::Illuminate/Filesystem/{closure}()
#2 C:/Users/user/MyFiles/ProgmiX/PEX-Form-main/vendor/laravel/framework/src/Illuminate/View/Engines/PhpEngine.php(57): Illuminate/Filesystem/Filesystem->getRequire('C://Users//user//M...', Array)
#3 C:/Users/user/MyFiles/ProgmiX/PEX-Form-main/vendor/laravel/framework/src/Illuminate/View/Engines/CompilerEngine.php(76): Illuminate/View/Engines/PhpEngine->evaluatePath('C://Users//user//M...', Array)
#4 C:/Users/user/MyFiles/ProgmiX/PEX-Form-main/vendor/laravel/framework/src/Illuminate/View/View.php(208): Illuminate/View/Engines/CompilerEngine->get('C://Users//user//M...', Array)
#5 C:/Users/user/MyFiles/ProgmiX/PEX-Form-main/vendor/laravel/framework/src/Illuminate/View/View.php(191): Illuminate/View/View->getContents()
#6 C:/Users/user/MyFiles/ProgmiX/PEX-Form-main/vendor/laravel/framework/src/Illuminate/View/View.php(160): Illuminate/View/View->renderContents()
#7 C:/Users/user/MyFiles/ProgmiX/PEX-Form-main/modules/Frontend/resources/views/home.blade.php(1): Illuminate/View/View->render()
#8 C:/Users/user/MyFiles/ProgmiX/PEX-Form-main/vendor/laravel/framework/src/Illuminate/Filesystem/Filesystem.php(123): require('C://Users//user//M...')
#9 C:/Users/user/MyFiles/ProgmiX/PEX-Form-main/vendor/laravel/framework/src/Illuminate/Filesystem/Filesystem.php(124): Illuminate/Filesystem/Filesystem::Illuminate/Filesystem/{closure}()
#10 C:/Users/user/MyFiles/ProgmiX/PEX-Form-main/vendor/laravel/framework/src/Illuminate/View/Engines/PhpEngine.php(57): Illuminate/Filesystem/Filesystem->getRequire('C://Users//user//M...', Array)
#11 C:/Users/user/MyFiles/ProgmiX/PEX-Form-main/vendor/laravel/framework/src/Illuminate/View/Engines/CompilerEngine.php(76): Illuminate/View/Engines/PhpEngine->evaluatePath('C://Users//user//M...', Array)
#12 C:/Users/user/MyFiles/ProgmiX/PEX-Form-main/vendor/laravel/framework/src/Illuminate/View/View.php(208): Illuminate/View/Engines/CompilerEngine->get('C://Users//user//M...', Array)
#13 C:/Users/user/MyFiles/ProgmiX/PEX-Form-main/vendor/laravel/framework/src/Illuminate/View/View.php(191): Illuminate/View/View->getContents()
#14 C:/Users/user/MyFiles/ProgmiX/PEX-Form-main/vendor/laravel/framework/src/Illuminate/View/View.php(160): Illuminate/View/View->renderContents()
#15 C:/Users/user/MyFiles/ProgmiX/PEX-Form-main/vendor/laravel/framework/src/Illuminate/Http/Response.php(78): Illuminate/View/View->render()
#16 C:/Users/user/MyFiles/ProgmiX/PEX-Form-main/vendor/laravel/framework/src/Illuminate/Http/Response.php(34): Illuminate/Http/Response->setContent(Object(Illuminate/View/View))
#17 C:/Users/user/MyFiles/ProgmiX/PEX-Form-main/vendor/laravel/framework/src/Illuminate/Routing/Router.php(939): Illuminate/Http/Response->__construct(Object(Illuminate/View/View), 200, Array)
#18 C:/Users/user/MyFiles/ProgmiX/PEX-Form-main/vendor/laravel/framework/src/Illuminate/Routing/Router.php(906): Illuminate/Routing/Router::toResponse(Object(Illuminate/Http/Request), Object(Illuminate/View/View))
#19 C:/Users/user/MyFiles/ProgmiX/PEX-Form-main/vendor/laravel/framework/src/Illuminate/Routing/Router.php(821): Illuminate/Routing/Router->prepareResponse(Object(Illuminate/Http/Request), Object(Illuminate/View/View))
#20 C:/Users/user/MyFiles/ProgmiX/PEX-Form-main/vendor/laravel/framework/src/Illuminate/Pipeline/Pipeline.php(180): Illuminate/Routing/Router->Illuminate/Routing/{closure}(Object(Illuminate/Http/Request))
#21 C:/Users/user/MyFiles/ProgmiX/PEX-Form-main/modules/Frontend/Http/Middleware/Locale.php(49): Illuminate/Pipeline/Pipeline->Illuminate/Pipeline/{closure}(Object(Illuminate/Http/Request))
#22 C:/Users/user/MyFiles/ProgmiX/PEX-Form-main/vendor/laravel/framework/src/Illuminate/Pipeline/Pipeline.php(219): Juzaweb/Frontend/Http/Middleware/Locale->handle(Object(Illuminate/Http/Request), Object(Closure))
#23 C:/Users/user/MyFiles/ProgmiX/PEX-Form-main/modules/Backend/Http/Middleware/SecurityHeaders.php(25): Illuminate/Pipeline/Pipeline->Illuminate/Pipeline/{closure}(Object(Illuminate/Http/Request))
#24 C:/Users/user/MyFiles/ProgmiX/PEX-Form-main/vendor/laravel/framework/src/Illuminate/Pipeline/Pipeline.php(219): Juzaweb/Backend/Http/Middleware/SecurityHeaders->handle(Object(Illuminate/Http/Request), Object(Closure))
#25 C:/Users/user/MyFiles/ProgmiX/PEX-Form-main/vendor/laravel/framework/src/Illuminate/Routing/Middleware/ThrottleRequests.php(166): Illuminate/Pipeline/Pipeline->Illuminate/Pipeline/{closure}(Object(Illuminate/Http/Request))
#26 C:/Users/user/MyFiles/ProgmiX/PEX-Form-main/vendor/laravel/framework/src/Illuminate/Routing/Middleware/ThrottleRequests.php(93): Illuminate/Routing/Middleware/ThrottleRequests->handleRequest(Object(Illuminate/Http/Request), Object(Closure), Array)
#27 C:/Users/user/MyFiles/ProgmiX/PEX-Form-main/vendor/laravel/framework/src/Illuminate/Pipeline/Pipeline.php(219): Illuminate/Routing/Middleware/ThrottleRequests->handle(Object(Illuminate/Http/Request), Object(Closure))
#28 C:/Users/user/MyFiles/ProgmiX/PEX-Form-main/modules/Backend/Http/Middleware/PathTraversal.php(57): Illuminate/Pipeline/Pipeline->Illuminate/Pipeline/{closure}(Object(Illuminate/Http/Request))
#29 C:/Users/user/MyFiles/ProgmiX/PEX-Form-main/vendor/laravel/framework/src/Illuminate/Pipeline/Pipeline.php(219): Juzaweb/Backend/Http/Middleware/PathTraversal->handle(Object(Illuminate/Http/Request), Object(Closure))
#30 C:/Users/user/MyFiles/ProgmiX/PEX-Form-main/modules/Backend/Http/Middleware/XssSanitization.php(44): Illuminate/Pipeline/Pipeline->Illuminate/Pipeline/{closure}(Object(Illuminate/Http/Request))
#31 C:/Users/user/MyFiles/ProgmiX/PEX-Form-main/vendor/laravel/framework/src/Illuminate/Pipeline/Pipeline.php(219): Juzaweb/Backend/Http/Middleware/XssSanitization->handle(Object(Illuminate/Http/Request), Object(Closure))
#32 C:/Users/user/MyFiles/ProgmiX/PEX-Form-main/vendor/spatie/laravel-csp/src/AddCspHeaders.php(13): Illuminate/Pipeline/Pipeline->Illuminate/Pipeline/{closure}(Object(Illuminate/Http/Request))
#33 C:/Users/user/MyFiles/ProgmiX/PEX-Form-main/vendor/laravel/framework/src/Illuminate/Pipeline/Pipeline.php(219): Spatie/Csp/AddCspHeaders->handle(Object(Illuminate/Http/Request), Object(Closure))
#34 C:/Users/user/MyFiles/ProgmiX/PEX-Form-main/vendor/barryvdh/laravel-debugbar/src/Middleware/InjectDebugbar.php(59): Illuminate/Pipeline/Pipeline->Illuminate/Pipeline/{closure}(Object(Illuminate/Http/Request))
#35 C:/Users/user/MyFiles/ProgmiX/PEX-Form-main/vendor/laravel/framework/src/Illuminate/Pipeline/Pipeline.php(219): Barryvdh/Debugbar/Middleware/InjectDebugbar->handle(Object(Illuminate/Http/Request), Object(Closure))
#36 C:/Users/user/MyFiles/ProgmiX/PEX-Form-main/modules/CMS/Http/Middleware/XFrameHeadersMiddleware.php(41): Illuminate/Pipeline/Pipeline->Illuminate/Pipeline/{closure}(Object(Illuminate/Http/Request))
#37 C:/Users/user/MyFiles/ProgmiX/PEX-Form-main/vendor/laravel/framework/src/Illuminate/Pipeline/Pipeline.php(219): Juzaweb/CMS/Http/Middleware/XFrameHeadersMiddleware->handle(Object(Illuminate/Http/Request), Object(Closure))
#38 C:/Users/user/MyFiles/ProgmiX/PEX-Form-main/vendor/laravel/framework/src/Illuminate/Routing/Middleware/SubstituteBindings.php(50): Illuminate/Pipeline/Pipeline->Illuminate/Pipeline/{closure}(Object(Illuminate/Http/Request))
#39 C:/Users/user/MyFiles/ProgmiX/PEX-Form-main/vendor/laravel/framework/src/Illuminate/Pipeline/Pipeline.php(219): Illuminate/Routing/Middleware/SubstituteBindings->handle(Object(Illuminate/Http/Request), Object(Closure))
#40 C:/Users/user/MyFiles/ProgmiX/PEX-Form-main/vendor/laravel/framework/src/Illuminate/Cookie/Middleware/AddQueuedCookiesToResponse.php(36): Illuminate/Pipeline/Pipeline->Illuminate/Pipeline/{closure}(Object(Illuminate/Http/Request))
#41 C:/Users/user/MyFiles/ProgmiX/PEX-Form-main/vendor/laravel/framework/src/Illuminate/Pipeline/Pipeline.php(219): Illuminate/Cookie/Middleware/AddQueuedCookiesToResponse->handle(Object(Illuminate/Http/Request), Object(Closure))
#42 C:/Users/user/MyFiles/ProgmiX/PEX-Form-main/vendor/laravel/framework/src/Illuminate/View/Middleware/ShareErrorsFromSession.php(48): Illuminate/Pipeline/Pipeline->Illuminate/Pipeline/{closure}(Object(Illuminate/Http/Request))
#43 C:/Users/user/MyFiles/ProgmiX/PEX-Form-main/modules/Backend/Http/Middleware/ShareErrorsUnlessBot.php(24): Illuminate/View/Middleware/ShareErrorsFromSession->handle(Object(Illuminate/Http/Request), Object(Closure))
#44 C:/Users/user/MyFiles/ProgmiX/PEX-Form-main/vendor/laravel/framework/src/Illuminate/Pipeline/Pipeline.php(219): Juzaweb/Backend/Http/Middleware/ShareErrorsUnlessBot->handle(Object(Illuminate/Http/Request), Object(Closure))
#45 C:/Users/user/MyFiles/ProgmiX/PEX-Form-main/vendor/laravel/framework/src/Illuminate/Session/Middleware/StartSession.php(120): Illuminate/Pipeline/Pipeline->Illuminate/Pipeline/{closure}(Object(Illuminate/Http/Request))
#46 C:/Users/user/MyFiles/ProgmiX/PEX-Form-main/vendor/laravel/framework/src/Illuminate/Session/Middleware/StartSession.php(63): Illuminate/Session/Middleware/StartSession->handleStatefulRequest(Object(Illuminate/Http/Request), Object(Illuminate/Session/Store), Object(Closure))
#47 C:/Users/user/MyFiles/ProgmiX/PEX-Form-main/modules/Backend/Http/Middleware/SkipSessionForBots.php(24): Illuminate/Session/Middleware/StartSession->handle(Object(Illuminate/Http/Request), Object(Closure))
#48 C:/Users/user/MyFiles/ProgmiX/PEX-Form-main/vendor/laravel/framework/src/Illuminate/Pipeline/Pipeline.php(219): Juzaweb/Backend/Http/Middleware/SkipSessionForBots->handle(Object(Illuminate/Http/Request), Object(Closure))
#49 C:/Users/user/MyFiles/ProgmiX/PEX-Form-main/vendor/laravel/framework/src/Illuminate/Cookie/Middleware/EncryptCookies.php(74): Illuminate/Pipeline/Pipeline->Illuminate/Pipeline/{closure}(Object(Illuminate/Http/Request))
#50 C:/Users/user/MyFiles/ProgmiX/PEX-Form-main/vendor/laravel/framework/src/Illuminate/Pipeline/Pipeline.php(219): Illuminate/Cookie/Middleware/EncryptCookies->handle(Object(Illuminate/Http/Request), Object(Closure))
#51 C:/Users/user/MyFiles/ProgmiX/PEX-Form-main/modules/CMS/Http/Middleware/GlobalMiddleware.php(11): Illuminate/Pipeline/Pipeline->Illuminate/Pipeline/{closure}(Object(Illuminate/Http/Request))
#52 C:/Users/user/MyFiles/ProgmiX/PEX-Form-main/vendor/laravel/framework/src/Illuminate/Pipeline/Pipeline.php(219): Juzaweb/CMS/Http/Middleware/GlobalMiddleware->handle(Object(Illuminate/Http/Request), Object(Closure))
#53 C:/Users/user/MyFiles/ProgmiX/PEX-Form-main/modules/Backend/Http/Middleware/DisableSessionForBots.php(30): Illuminate/Pipeline/Pipeline->Illuminate/Pipeline/{closure}(Object(Illuminate/Http/Request))
#54 C:/Users/user/MyFiles/ProgmiX/PEX-Form-main/vendor/laravel/framework/src/Illuminate/Pipeline/Pipeline.php(219): Juzaweb/Backend/Http/Middleware/DisableSessionForBots->handle(Object(Illuminate/Http/Request), Object(Closure))
#55 C:/Users/user/MyFiles/ProgmiX/PEX-Form-main/vendor/laravel/framework/src/Illuminate/Pipeline/Pipeline.php(137): Illuminate/Pipeline/Pipeline->Illuminate/Pipeline/{closure}(Object(Illuminate/Http/Request))
#56 C:/Users/user/MyFiles/ProgmiX/PEX-Form-main/vendor/laravel/framework/src/Illuminate/Routing/Router.php(821): Illuminate/Pipeline/Pipeline->then(Object(Closure))
#57 C:/Users/user/MyFiles/ProgmiX/PEX-Form-main/vendor/laravel/framework/src/Illuminate/Routing/Router.php(800): Illuminate/Routing/Router->runRouteWithinStack(Object(Illuminate/Routing/Route), Object(Illuminate/Http/Request))
#58 C:/Users/user/MyFiles/ProgmiX/PEX-Form-main/vendor/laravel/framework/src/Illuminate/Routing/Router.php(764): Illuminate/Routing/Router->runRoute(Object(Illuminate/Http/Request), Object(Illuminate/Routing/Route))
#59 C:/Users/user/MyFiles/ProgmiX/PEX-Form-main/vendor/laravel/framework/src/Illuminate/Routing/Router.php(753): Illuminate/Routing/Router->dispatchToRoute(Object(Illuminate/Http/Request))
#60 C:/Users/user/MyFiles/ProgmiX/PEX-Form-main/vendor/laravel/framework/src/Illuminate/Foundation/Http/Kernel.php(200): Illuminate/Routing/Router->dispatch(Object(Illuminate/Http/Request))
#61 C:/Users/user/MyFiles/ProgmiX/PEX-Form-main/vendor/laravel/framework/src/Illuminate/Pipeline/Pipeline.php(180): Illuminate/Foundation/Http/Kernel->Illuminate/Foundation/Http/{closure}(Object(Illuminate/Http/Request))
#62 C:/Users/user/MyFiles/ProgmiX/PEX-Form-main/vendor/barryvdh/laravel-debugbar/src/Middleware/InjectDebugbar.php(59): Illuminate/Pipeline/Pipeline->Illuminate/Pipeline/{closure}(Object(Illuminate/Http/Request))
#63 C:/Users/user/MyFiles/ProgmiX/PEX-Form-main/vendor/laravel/framework/src/Illuminate/Pipeline/Pipeline.php(219): Barryvdh/Debugbar/Middleware/InjectDebugbar->handle(Object(Illuminate/Http/Request), Object(Closure))
#64 C:/Users/user/MyFiles/ProgmiX/PEX-Form-main/modules/Backend/Http/Middleware/BlockIpMiddleware.php(31): Illuminate/Pipeline/Pipeline->Illuminate/Pipeline/{closure}(Object(Illuminate/Http/Request))
#65 C:/Users/user/MyFiles/ProgmiX/PEX-Form-main/vendor/laravel/framework/src/Illuminate/Pipeline/Pipeline.php(219): Juzaweb/Backend/Http/Middleware/BlockIpMiddleware->handle(Object(Illuminate/Http/Request), Object(Closure))
#66 C:/Users/user/MyFiles/ProgmiX/PEX-Form-main/modules/Backend/Http/Middleware/SecurityHeaders.php(25): Illuminate/Pipeline/Pipeline->Illuminate/Pipeline/{closure}(Object(Illuminate/Http/Request))
#67 C:/Users/user/MyFiles/ProgmiX/PEX-Form-main/vendor/laravel/framework/src/Illuminate/Pipeline/Pipeline.php(219): Juzaweb/Backend/Http/Middleware/SecurityHeaders->handle(Object(Illuminate/Http/Request), Object(Closure))
#68 C:/Users/user/MyFiles/ProgmiX/PEX-Form-main/vendor/laravel/framework/src/Illuminate/Foundation/Http/Middleware/TransformsRequest.php(21): Illuminate/Pipeline/Pipeline->Illuminate/Pipeline/{closure}(Object(Illuminate/Http/Request))
#69 C:/Users/user/MyFiles/ProgmiX/PEX-Form-main/vendor/laravel/framework/src/Illuminate/Foundation/Http/Middleware/ConvertEmptyStringsToNull.php(31): Illuminate/Foundation/Http/Middleware/TransformsRequest->handle(Object(Illuminate/Http/Request), Object(Closure))
#70 C:/Users/user/MyFiles/ProgmiX/PEX-Form-main/vendor/laravel/framework/src/Illuminate/Pipeline/Pipeline.php(219): Illuminate/Foundation/Http/Middleware/ConvertEmptyStringsToNull->handle(Object(Illuminate/Http/Request), Object(Closure))
#71 C:/Users/user/MyFiles/ProgmiX/PEX-Form-main/vendor/laravel/framework/src/Illuminate/Foundation/Http/Middleware/TransformsRequest.php(21): Illuminate/Pipeline/Pipeline->Illuminate/Pipeline/{closure}(Object(Illuminate/Http/Request))
#72 C:/Users/user/MyFiles/ProgmiX/PEX-Form-main/vendor/laravel/framework/src/Illuminate/Foundation/Http/Middleware/TrimStrings.php(51): Illuminate/Foundation/Http/Middleware/TransformsRequest->handle(Object(Illuminate/Http/Request), Object(Closure))
#73 C:/Users/user/MyFiles/ProgmiX/PEX-Form-main/vendor/laravel/framework/src/Illuminate/Pipeline/Pipeline.php(219): Illuminate/Foundation/Http/Middleware/TrimStrings->handle(Object(Illuminate/Http/Request), Object(Closure))
#74 C:/Users/user/MyFiles/ProgmiX/PEX-Form-main/vendor/laravel/framework/src/Illuminate/Http/Middleware/ValidatePostSize.php(27): Illuminate/Pipeline/Pipeline->Illuminate/Pipeline/{closure}(Object(Illuminate/Http/Request))
#75 C:/Users/user/MyFiles/ProgmiX/PEX-Form-main/vendor/laravel/framework/src/Illuminate/Pipeline/Pipeline.php(219): Illuminate/Http/Middleware/ValidatePostSize->handle(Object(Illuminate/Http/Request), Object(Closure))
#76 C:/Users/user/MyFiles/ProgmiX/PEX-Form-main/vendor/laravel/framework/src/Illuminate/Foundation/Http/Middleware/PreventRequestsDuringMaintenance.php(109): Illuminate/Pipeline/Pipeline->Illuminate/Pipeline/{closure}(Object(Illuminate/Http/Request))
#77 C:/Users/user/MyFiles/ProgmiX/PEX-Form-main/vendor/laravel/framework/src/Illuminate/Pipeline/Pipeline.php(219): Illuminate/Foundation/Http/Middleware/PreventRequestsDuringMaintenance->handle(Object(Illuminate/Http/Request), Object(Closure))
#78 C:/Users/user/MyFiles/ProgmiX/PEX-Form-main/vendor/laravel/framework/src/Illuminate/Http/Middleware/HandleCors.php(61): Illuminate/Pipeline/Pipeline->Illuminate/Pipeline/{closure}(Object(Illuminate/Http/Request))
#79 C:/Users/user/MyFiles/ProgmiX/PEX-Form-main/vendor/laravel/framework/src/Illuminate/Pipeline/Pipeline.php(219): Illuminate/Http/Middleware/HandleCors->handle(Object(Illuminate/Http/Request), Object(Closure))
#80 C:/Users/user/MyFiles/ProgmiX/PEX-Form-main/vendor/laravel/framework/src/Illuminate/Http/Middleware/TrustProxies.php(58): Illuminate/Pipeline/Pipeline->Illuminate/Pipeline/{closure}(Object(Illuminate/Http/Request))
#81 C:/Users/user/MyFiles/ProgmiX/PEX-Form-main/vendor/laravel/framework/src/Illuminate/Pipeline/Pipeline.php(219): Illuminate/Http/Middleware/TrustProxies->handle(Object(Illuminate/Http/Request), Object(Closure))
#82 C:/Users/user/MyFiles/ProgmiX/PEX-Form-main/vendor/laravel/framework/src/Illuminate/Pipeline/Pipeline.php(137): Illuminate/Pipeline/Pipeline->Illuminate/Pipeline/{closure}(Object(Illuminate/Http/Request))
#83 C:/Users/user/MyFiles/ProgmiX/PEX-Form-main/vendor/laravel/framework/src/Illuminate/Foundation/Http/Kernel.php(175): Illuminate/Pipeline/Pipeline->then(Object(Closure))
#84 C:/Users/user/MyFiles/ProgmiX/PEX-Form-main/vendor/laravel/framework/src/Illuminate/Foundation/Http/Kernel.php(144): Illuminate/Foundation/Http/Kernel->sendRequestThroughRouter(Object(Illuminate/Http/Request))
#85 C:/Users/user/MyFiles/ProgmiX/PEX-Form-main/public/index.php(51): Illuminate/Foundation/Http/Kernel->handle(Object(Illuminate/Http/Request))
#86 C:/Users/user/MyFiles/ProgmiX/PEX-Form-main/vendor/laravel/framework/src/Illuminate/Foundation/resources/server.php(23): require_once('C://Users//user//M...')
#87 {main}

[previous exception] [object] (ErrorException(code: 0): Undefined variable $websiteUrl at C:/Users/user/MyFiles/ProgmiX/PEX-Form-main/storage/framework/views/a84ddf431c771032d0234d77e02450d7.php:7)
[stacktrace]
#0 C:/Users/user/MyFiles/ProgmiX/PEX-Form-main/vendor/laravel/framework/src/Illuminate/Foundation/Bootstrap/HandleExceptions.php(262): Illuminate/Foundation/Bootstrap/HandleExceptions->handleError(2, 'Undefined varia...', 'C://Users//user//M...', 7)
#1 C:/Users/user/MyFiles/ProgmiX/PEX-Form-main/storage/framework/views/a84ddf431c771032d0234d77e02450d7.php(7): Illuminate/Foundation/Bootstrap/HandleExceptions->Illuminate/Foundation/Bootstrap/{closure}(2, 'Undefined varia...', 'C://Users//user//M...', 7)
#2 C:/Users/user/MyFiles/ProgmiX/PEX-Form-main/vendor/laravel/framework/src/Illuminate/Filesystem/Filesystem.php(123): require('C://Users//user//M...')
#3 C:/Users/user/MyFiles/ProgmiX/PEX-Form-main/vendor/laravel/framework/src/Illuminate/Filesystem/Filesystem.php(124): Illuminate/Filesystem/Filesystem::Illuminate/Filesystem/{closure}()
#4 C:/Users/user/MyFiles/ProgmiX/PEX-Form-main/vendor/laravel/framework/src/Illuminate/View/Engines/PhpEngine.php(57): Illuminate/Filesystem/Filesystem->getRequire('C://Users//user//M...', Array)
#5 C:/Users/user/MyFiles/ProgmiX/PEX-Form-main/vendor/laravel/framework/src/Illuminate/View/Engines/CompilerEngine.php(76): Illuminate/View/Engines/PhpEngine->evaluatePath('C://Users//user//M...', Array)
#6 C:/Users/user/MyFiles/ProgmiX/PEX-Form-main/vendor/laravel/framework/src/Illuminate/View/View.php(208): Illuminate/View/Engines/CompilerEngine->get('C://Users//user//M...', Array)
#7 C:/Users/user/MyFiles/ProgmiX/PEX-Form-main/vendor/laravel/framework/src/Illuminate/View/View.php(191): Illuminate/View/View->getContents()
#8 C:/Users/user/MyFiles/ProgmiX/PEX-Form-main/vendor/laravel/framework/src/Illuminate/View/View.php(160): Illuminate/View/View->renderContents()
#9 C:/Users/user/MyFiles/ProgmiX/PEX-Form-main/storage/framework/views/078e945ecbf82d678121cbf4f8650dce.php(1): Illuminate/View/View->render()
#10 C:/Users/user/MyFiles/ProgmiX/PEX-Form-main/vendor/laravel/framework/src/Illuminate/Filesystem/Filesystem.php(123): require('C://Users//user//M...')
#11 C:/Users/user/MyFiles/ProgmiX/PEX-Form-main/vendor/laravel/framework/src/Illuminate/Filesystem/Filesystem.php(124): Illuminate/Filesystem/Filesystem::Illuminate/Filesystem/{closure}()
#12 C:/Users/user/MyFiles/ProgmiX/PEX-Form-main/vendor/laravel/framework/src/Illuminate/View/Engines/PhpEngine.php(57): Illuminate/Filesystem/Filesystem->getRequire('C://Users//user//M...', Array)
#13 C:/Users/user/MyFiles/ProgmiX/PEX-Form-main/vendor/laravel/framework/src/Illuminate/View/Engines/CompilerEngine.php(76): Illuminate/View/Engines/PhpEngine->evaluatePath('C://Users//user//M...', Array)
#14 C:/Users/user/MyFiles/ProgmiX/PEX-Form-main/vendor/laravel/framework/src/Illuminate/View/View.php(208): Illuminate/View/Engines/CompilerEngine->get('C://Users//user//M...', Array)
#15 C:/Users/user/MyFiles/ProgmiX/PEX-Form-main/vendor/laravel/framework/src/Illuminate/View/View.php(191): Illuminate/View/View->getContents()
#16 C:/Users/user/MyFiles/ProgmiX/PEX-Form-main/vendor/laravel/framework/src/Illuminate/View/View.php(160): Illuminate/View/View->renderContents()
#17 C:/Users/user/MyFiles/ProgmiX/PEX-Form-main/vendor/laravel/framework/src/Illuminate/Http/Response.php(78): Illuminate/View/View->render()
#18 C:/Users/user/MyFiles/ProgmiX/PEX-Form-main/vendor/laravel/framework/src/Illuminate/Http/Response.php(34): Illuminate/Http/Response->setContent(Object(Illuminate/View/View))
#19 C:/Users/user/MyFiles/ProgmiX/PEX-Form-main/vendor/laravel/framework/src/Illuminate/Routing/Router.php(939): Illuminate/Http/Response->__construct(Object(Illuminate/View/View), 200, Array)
#20 C:/Users/user/MyFiles/ProgmiX/PEX-Form-main/vendor/laravel/framework/src/Illuminate/Routing/Router.php(906): Illuminate/Routing/Router::toResponse(Object(Illuminate/Http/Request), Object(Illuminate/View/View))
#21 C:/Users/user/MyFiles/ProgmiX/PEX-Form-main/vendor/laravel/framework/src/Illuminate/Routing/Router.php(821): Illuminate/Routing/Router->prepareResponse(Object(Illuminate/Http/Request), Object(Illuminate/View/View))
#22 C:/Users/user/MyFiles/ProgmiX/PEX-Form-main/vendor/laravel/framework/src/Illuminate/Pipeline/Pipeline.php(180): Illuminate/Routing/Router->Illuminate/Routing/{closure}(Object(Illuminate/Http/Request))
#23 C:/Users/user/MyFiles/ProgmiX/PEX-Form-main/modules/Frontend/Http/Middleware/Locale.php(49): Illuminate/Pipeline/Pipeline->Illuminate/Pipeline/{closure}(Object(Illuminate/Http/Request))
#24 C:/Users/user/MyFiles/ProgmiX/PEX-Form-main/vendor/laravel/framework/src/Illuminate/Pipeline/Pipeline.php(219): Juzaweb/Frontend/Http/Middleware/Locale->handle(Object(Illuminate/Http/Request), Object(Closure))
#25 C:/Users/user/MyFiles/ProgmiX/PEX-Form-main/modules/Backend/Http/Middleware/SecurityHeaders.php(25): Illuminate/Pipeline/Pipeline->Illuminate/Pipeline/{closure}(Object(Illuminate/Http/Request))
#26 C:/Users/user/MyFiles/ProgmiX/PEX-Form-main/vendor/laravel/framework/src/Illuminate/Pipeline/Pipeline.php(219): Juzaweb/Backend/Http/Middleware/SecurityHeaders->handle(Object(Illuminate/Http/Request), Object(Closure))
#27 C:/Users/user/MyFiles/ProgmiX/PEX-Form-main/vendor/laravel/framework/src/Illuminate/Routing/Middleware/ThrottleRequests.php(166): Illuminate/Pipeline/Pipeline->Illuminate/Pipeline/{closure}(Object(Illuminate/Http/Request))
#28 C:/Users/user/MyFiles/ProgmiX/PEX-Form-main/vendor/laravel/framework/src/Illuminate/Routing/Middleware/ThrottleRequests.php(93): Illuminate/Routing/Middleware/ThrottleRequests->handleRequest(Object(Illuminate/Http/Request), Object(Closure), Array)
#29 C:/Users/user/MyFiles/ProgmiX/PEX-Form-main/vendor/laravel/framework/src/Illuminate/Pipeline/Pipeline.php(219): Illuminate/Routing/Middleware/ThrottleRequests->handle(Object(Illuminate/Http/Request), Object(Closure))
#30 C:/Users/user/MyFiles/ProgmiX/PEX-Form-main/modules/Backend/Http/Middleware/PathTraversal.php(57): Illuminate/Pipeline/Pipeline->Illuminate/Pipeline/{closure}(Object(Illuminate/Http/Request))
#31 C:/Users/user/MyFiles/ProgmiX/PEX-Form-main/vendor/laravel/framework/src/Illuminate/Pipeline/Pipeline.php(219): Juzaweb/Backend/Http/Middleware/PathTraversal->handle(Object(Illuminate/Http/Request), Object(Closure))
#32 C:/Users/user/MyFiles/ProgmiX/PEX-Form-main/modules/Backend/Http/Middleware/XssSanitization.php(44): Illuminate/Pipeline/Pipeline->Illuminate/Pipeline/{closure}(Object(Illuminate/Http/Request))
#33 C:/Users/user/MyFiles/ProgmiX/PEX-Form-main/vendor/laravel/framework/src/Illuminate/Pipeline/Pipeline.php(219): Juzaweb/Backend/Http/Middleware/XssSanitization->handle(Object(Illuminate/Http/Request), Object(Closure))
#34 C:/Users/user/MyFiles/ProgmiX/PEX-Form-main/vendor/spatie/laravel-csp/src/AddCspHeaders.php(13): Illuminate/Pipeline/Pipeline->Illuminate/Pipeline/{closure}(Object(Illuminate/Http/Request))
#35 C:/Users/user/MyFiles/ProgmiX/PEX-Form-main/vendor/laravel/framework/src/Illuminate/Pipeline/Pipeline.php(219): Spatie/Csp/AddCspHeaders->handle(Object(Illuminate/Http/Request), Object(Closure))
#36 C:/Users/user/MyFiles/ProgmiX/PEX-Form-main/vendor/barryvdh/laravel-debugbar/src/Middleware/InjectDebugbar.php(59): Illuminate/Pipeline/Pipeline->Illuminate/Pipeline/{closure}(Object(Illuminate/Http/Request))
#37 C:/Users/user/MyFiles/ProgmiX/PEX-Form-main/vendor/laravel/framework/src/Illuminate/Pipeline/Pipeline.php(219): Barryvdh/Debugbar/Middleware/InjectDebugbar->handle(Object(Illuminate/Http/Request), Object(Closure))
#38 C:/Users/user/MyFiles/ProgmiX/PEX-Form-main/modules/CMS/Http/Middleware/XFrameHeadersMiddleware.php(41): Illuminate/Pipeline/Pipeline->Illuminate/Pipeline/{closure}(Object(Illuminate/Http/Request))
#39 C:/Users/user/MyFiles/ProgmiX/PEX-Form-main/vendor/laravel/framework/src/Illuminate/Pipeline/Pipeline.php(219): Juzaweb/CMS/Http/Middleware/XFrameHeadersMiddleware->handle(Object(Illuminate/Http/Request), Object(Closure))
#40 C:/Users/user/MyFiles/ProgmiX/PEX-Form-main/vendor/laravel/framework/src/Illuminate/Routing/Middleware/SubstituteBindings.php(50): Illuminate/Pipeline/Pipeline->Illuminate/Pipeline/{closure}(Object(Illuminate/Http/Request))
#41 C:/Users/user/MyFiles/ProgmiX/PEX-Form-main/vendor/laravel/framework/src/Illuminate/Pipeline/Pipeline.php(219): Illuminate/Routing/Middleware/SubstituteBindings->handle(Object(Illuminate/Http/Request), Object(Closure))
#42 C:/Users/user/MyFiles/ProgmiX/PEX-Form-main/vendor/laravel/framework/src/Illuminate/Cookie/Middleware/AddQueuedCookiesToResponse.php(36): Illuminate/Pipeline/Pipeline->Illuminate/Pipeline/{closure}(Object(Illuminate/Http/Request))
#43 C:/Users/user/MyFiles/ProgmiX/PEX-Form-main/vendor/laravel/framework/src/Illuminate/Pipeline/Pipeline.php(219): Illuminate/Cookie/Middleware/AddQueuedCookiesToResponse->handle(Object(Illuminate/Http/Request), Object(Closure))
#44 C:/Users/user/MyFiles/ProgmiX/PEX-Form-main/vendor/laravel/framework/src/Illuminate/View/Middleware/ShareErrorsFromSession.php(48): Illuminate/Pipeline/Pipeline->Illuminate/Pipeline/{closure}(Object(Illuminate/Http/Request))
#45 C:/Users/user/MyFiles/ProgmiX/PEX-Form-main/modules/Backend/Http/Middleware/ShareErrorsUnlessBot.php(24): Illuminate/View/Middleware/ShareErrorsFromSession->handle(Object(Illuminate/Http/Request), Object(Closure))
#46 C:/Users/user/MyFiles/ProgmiX/PEX-Form-main/vendor/laravel/framework/src/Illuminate/Pipeline/Pipeline.php(219): Juzaweb/Backend/Http/Middleware/ShareErrorsUnlessBot->handle(Object(Illuminate/Http/Request), Object(Closure))
#47 C:/Users/user/MyFiles/ProgmiX/PEX-Form-main/vendor/laravel/framework/src/Illuminate/Session/Middleware/StartSession.php(120): Illuminate/Pipeline/Pipeline->Illuminate/Pipeline/{closure}(Object(Illuminate/Http/Request))
#48 C:/Users/user/MyFiles/ProgmiX/PEX-Form-main/vendor/laravel/framework/src/Illuminate/Session/Middleware/StartSession.php(63): Illuminate/Session/Middleware/StartSession->handleStatefulRequest(Object(Illuminate/Http/Request), Object(Illuminate/Session/Store), Object(Closure))
#49 C:/Users/user/MyFiles/ProgmiX/PEX-Form-main/modules/Backend/Http/Middleware/SkipSessionForBots.php(24): Illuminate/Session/Middleware/StartSession->handle(Object(Illuminate/Http/Request), Object(Closure))
#50 C:/Users/user/MyFiles/ProgmiX/PEX-Form-main/vendor/laravel/framework/src/Illuminate/Pipeline/Pipeline.php(219): Juzaweb/Backend/Http/Middleware/SkipSessionForBots->handle(Object(Illuminate/Http/Request), Object(Closure))
#51 C:/Users/user/MyFiles/ProgmiX/PEX-Form-main/vendor/laravel/framework/src/Illuminate/Cookie/Middleware/EncryptCookies.php(74): Illuminate/Pipeline/Pipeline->Illuminate/Pipeline/{closure}(Object(Illuminate/Http/Request))
#52 C:/Users/user/MyFiles/ProgmiX/PEX-Form-main/vendor/laravel/framework/src/Illuminate/Pipeline/Pipeline.php(219): Illuminate/Cookie/Middleware/EncryptCookies->handle(Object(Illuminate/Http/Request), Object(Closure))
#53 C:/Users/user/MyFiles/ProgmiX/PEX-Form-main/modules/CMS/Http/Middleware/GlobalMiddleware.php(11): Illuminate/Pipeline/Pipeline->Illuminate/Pipeline/{closure}(Object(Illuminate/Http/Request))
#54 C:/Users/user/MyFiles/ProgmiX/PEX-Form-main/vendor/laravel/framework/src/Illuminate/Pipeline/Pipeline.php(219): Juzaweb/CMS/Http/Middleware/GlobalMiddleware->handle(Object(Illuminate/Http/Request), Object(Closure))
#55 C:/Users/user/MyFiles/ProgmiX/PEX-Form-main/modules/Backend/Http/Middleware/DisableSessionForBots.php(30): Illuminate/Pipeline/Pipeline->Illuminate/Pipeline/{closure}(Object(Illuminate/Http/Request))
#56 C:/Users/user/MyFiles/ProgmiX/PEX-Form-main/vendor/laravel/framework/src/Illuminate/Pipeline/Pipeline.php(219): Juzaweb/Backend/Http/Middleware/DisableSessionForBots->handle(Object(Illuminate/Http/Request), Object(Closure))
#57 C:/Users/user/MyFiles/ProgmiX/PEX-Form-main/vendor/laravel/framework/src/Illuminate/Pipeline/Pipeline.php(137): Illuminate/Pipeline/Pipeline->Illuminate/Pipeline/{closure}(Object(Illuminate/Http/Request))
#58 C:/Users/user/MyFiles/ProgmiX/PEX-Form-main/vendor/laravel/framework/src/Illuminate/Routing/Router.php(821): Illuminate/Pipeline/Pipeline->then(Object(Closure))
#59 C:/Users/user/MyFiles/ProgmiX/PEX-Form-main/vendor/laravel/framework/src/Illuminate/Routing/Router.php(800): Illuminate/Routing/Router->runRouteWithinStack(Object(Illuminate/Routing/Route), Object(Illuminate/Http/Request))
#60 C:/Users/user/MyFiles/ProgmiX/PEX-Form-main/vendor/laravel/framework/src/Illuminate/Routing/Router.php(764): Illuminate/Routing/Router->runRoute(Object(Illuminate/Http/Request), Object(Illuminate/Routing/Route))
#61 C:/Users/user/MyFiles/ProgmiX/PEX-Form-main/vendor/laravel/framework/src/Illuminate/Routing/Router.php(753): Illuminate/Routing/Router->dispatchToRoute(Object(Illuminate/Http/Request))
#62 C:/Users/user/MyFiles/ProgmiX/PEX-Form-main/vendor/laravel/framework/src/Illuminate/Foundation/Http/Kernel.php(200): Illuminate/Routing/Router->dispatch(Object(Illuminate/Http/Request))
#63 C:/Users/user/MyFiles/ProgmiX/PEX-Form-main/vendor/laravel/framework/src/Illuminate/Pipeline/Pipeline.php(180): Illuminate/Foundation/Http/Kernel->Illuminate/Foundation/Http/{closure}(Object(Illuminate/Http/Request))
#64 C:/Users/user/MyFiles/ProgmiX/PEX-Form-main/vendor/barryvdh/laravel-debugbar/src/Middleware/InjectDebugbar.php(59): Illuminate/Pipeline/Pipeline->Illuminate/Pipeline/{closure}(Object(Illuminate/Http/Request))
#65 C:/Users/user/MyFiles/ProgmiX/PEX-Form-main/vendor/laravel/framework/src/Illuminate/Pipeline/Pipeline.php(219): Barryvdh/Debugbar/Middleware/InjectDebugbar->handle(Object(Illuminate/Http/Request), Object(Closure))
#66 C:/Users/user/MyFiles/ProgmiX/PEX-Form-main/modules/Backend/Http/Middleware/BlockIpMiddleware.php(31): Illuminate/Pipeline/Pipeline->Illuminate/Pipeline/{closure}(Object(Illuminate/Http/Request))
#67 C:/Users/user/MyFiles/ProgmiX/PEX-Form-main/vendor/laravel/framework/src/Illuminate/Pipeline/Pipeline.php(219): Juzaweb/Backend/Http/Middleware/BlockIpMiddleware->handle(Object(Illuminate/Http/Request), Object(Closure))
#68 C:/Users/user/MyFiles/ProgmiX/PEX-Form-main/modules/Backend/Http/Middleware/SecurityHeaders.php(25): Illuminate/Pipeline/Pipeline->Illuminate/Pipeline/{closure}(Object(Illuminate/Http/Request))
#69 C:/Users/user/MyFiles/ProgmiX/PEX-Form-main/vendor/laravel/framework/src/Illuminate/Pipeline/Pipeline.php(219): Juzaweb/Backend/Http/Middleware/SecurityHeaders->handle(Object(Illuminate/Http/Request), Object(Closure))
#70 C:/Users/user/MyFiles/ProgmiX/PEX-Form-main/vendor/laravel/framework/src/Illuminate/Foundation/Http/Middleware/TransformsRequest.php(21): Illuminate/Pipeline/Pipeline->Illuminate/Pipeline/{closure}(Object(Illuminate/Http/Request))
#71 C:/Users/user/MyFiles/ProgmiX/PEX-Form-main/vendor/laravel/framework/src/Illuminate/Foundation/Http/Middleware/ConvertEmptyStringsToNull.php(31): Illuminate/Foundation/Http/Middleware/TransformsRequest->handle(Object(Illuminate/Http/Request), Object(Closure))
#72 C:/Users/user/MyFiles/ProgmiX/PEX-Form-main/vendor/laravel/framework/src/Illuminate/Pipeline/Pipeline.php(219): Illuminate/Foundation/Http/Middleware/ConvertEmptyStringsToNull->handle(Object(Illuminate/Http/Request), Object(Closure))
#73 C:/Users/user/MyFiles/ProgmiX/PEX-Form-main/vendor/laravel/framework/src/Illuminate/Foundation/Http/Middleware/TransformsRequest.php(21): Illuminate/Pipeline/Pipeline->Illuminate/Pipeline/{closure}(Object(Illuminate/Http/Request))
#74 C:/Users/user/MyFiles/ProgmiX/PEX-Form-main/vendor/laravel/framework/src/Illuminate/Foundation/Http/Middleware/TrimStrings.php(51): Illuminate/Foundation/Http/Middleware/TransformsRequest->handle(Object(Illuminate/Http/Request), Object(Closure))
#75 C:/Users/user/MyFiles/ProgmiX/PEX-Form-main/vendor/laravel/framework/src/Illuminate/Pipeline/Pipeline.php(219): Illuminate/Foundation/Http/Middleware/TrimStrings->handle(Object(Illuminate/Http/Request), Object(Closure))
#76 C:/Users/user/MyFiles/ProgmiX/PEX-Form-main/vendor/laravel/framework/src/Illuminate/Http/Middleware/ValidatePostSize.php(27): Illuminate/Pipeline/Pipeline->Illuminate/Pipeline/{closure}(Object(Illuminate/Http/Request))
#77 C:/Users/user/MyFiles/ProgmiX/PEX-Form-main/vendor/laravel/framework/src/Illuminate/Pipeline/Pipeline.php(219): Illuminate/Http/Middleware/ValidatePostSize->handle(Object(Illuminate/Http/Request), Object(Closure))
#78 C:/Users/user/MyFiles/ProgmiX/PEX-Form-main/vendor/laravel/framework/src/Illuminate/Foundation/Http/Middleware/PreventRequestsDuringMaintenance.php(109): Illuminate/Pipeline/Pipeline->Illuminate/Pipeline/{closure}(Object(Illuminate/Http/Request))
#79 C:/Users/user/MyFiles/ProgmiX/PEX-Form-main/vendor/laravel/framework/src/Illuminate/Pipeline/Pipeline.php(219): Illuminate/Foundation/Http/Middleware/PreventRequestsDuringMaintenance->handle(Object(Illuminate/Http/Request), Object(Closure))
#80 C:/Users/user/MyFiles/ProgmiX/PEX-Form-main/vendor/laravel/framework/src/Illuminate/Http/Middleware/HandleCors.php(61): Illuminate/Pipeline/Pipeline->Illuminate/Pipeline/{closure}(Object(Illuminate/Http/Request))
#81 C:/Users/user/MyFiles/ProgmiX/PEX-Form-main/vendor/laravel/framework/src/Illuminate/Pipeline/Pipeline.php(219): Illuminate/Http/Middleware/HandleCors->handle(Object(Illuminate/Http/Request), Object(Closure))
#82 C:/Users/user/MyFiles/ProgmiX/PEX-Form-main/vendor/laravel/framework/src/Illuminate/Http/Middleware/TrustProxies.php(58): Illuminate/Pipeline/Pipeline->Illuminate/Pipeline/{closure}(Object(Illuminate/Http/Request))
#83 C:/Users/user/MyFiles/ProgmiX/PEX-Form-main/vendor/laravel/framework/src/Illuminate/Pipeline/Pipeline.php(219): Illuminate/Http/Middleware/TrustProxies->handle(Object(Illuminate/Http/Request), Object(Closure))
#84 C:/Users/user/MyFiles/ProgmiX/PEX-Form-main/vendor/laravel/framework/src/Illuminate/Pipeline/Pipeline.php(137): Illuminate/Pipeline/Pipeline->Illuminate/Pipeline/{closure}(Object(Illuminate/Http/Request))
#85 C:/Users/user/MyFiles/ProgmiX/PEX-Form-main/vendor/laravel/framework/src/Illuminate/Foundation/Http/Kernel.php(175): Illuminate/Pipeline/Pipeline->then(Object(Closure))
#86 C:/Users/user/MyFiles/ProgmiX/PEX-Form-main/vendor/laravel/framework/src/Illuminate/Foundation/Http/Kernel.php(144): Illuminate/Foundation/Http/Kernel->sendRequestThroughRouter(Object(Illuminate/Http/Request))
#87 C:/Users/user/MyFiles/ProgmiX/PEX-Form-main/public/index.php(51): Illuminate/Foundation/Http/Kernel->handle(Object(Illuminate/Http/Request))
#88 C:/Users/user/MyFiles/ProgmiX/PEX-Form-main/vendor/laravel/framework/src/Illuminate/Foundation/resources/server.php(23): require_once('C://Users//user//M...')
#89 {main}
"} 
[2026-09-30 09:16:27] local.ERROR: Undefined variable $phone {"userId":1,"exception":"[object] (Spatie\\LaravelIgnition\\Exceptions\\ViewException(code: 0): Undefined variable $phone at C:/Users/user/MyFiles/ProgmiX/PEX-Form-main/modules/Frontend/resources/views/templates/homepage/pex/contact.blade.php:13)
[stacktrace]
#0 C:/Users/user/MyFiles/ProgmiX/PEX-Form-main/vendor/laravel/framework/src/Illuminate/Filesystem/Filesystem.php(123): require('C://Users//user//M...')
#1 C:/Users/user/MyFiles/ProgmiX/PEX-Form-main/vendor/laravel/framework/src/Illuminate/Filesystem/Filesystem.php(124): Illuminate/Filesystem/Filesystem::Illuminate/Filesystem/{closure}()
#2 C:/Users/user/MyFiles/ProgmiX/PEX-Form-main/vendor/laravel/framework/src/Illuminate/View/Engines/PhpEngine.php(57): Illuminate/Filesystem/Filesystem->getRequire('C://Users//user//M...', Array)
#3 C:/Users/user/MyFiles/ProgmiX/PEX-Form-main/vendor/laravel/framework/src/Illuminate/View/Engines/CompilerEngine.php(76): Illuminate/View/Engines/PhpEngine->evaluatePath('C://Users//user//M...', Array)
#4 C:/Users/user/MyFiles/ProgmiX/PEX-Form-main/vendor/laravel/framework/src/Illuminate/View/View.php(208): Illuminate/View/Engines/CompilerEngine->get('C://Users//user//M...', Array)
#5 C:/Users/user/MyFiles/ProgmiX/PEX-Form-main/vendor/laravel/framework/src/Illuminate/View/View.php(191): Illuminate/View/View->getContents()
#6 C:/Users/user/MyFiles/ProgmiX/PEX-Form-main/vendor/laravel/framework/src/Illuminate/View/View.php(160): Illuminate/View/View->renderContents()
#7 C:/Users/user/MyFiles/ProgmiX/PEX-Form-main/modules/Frontend/resources/views/home.blade.php(1): Illuminate/View/View->render()
#8 C:/Users/user/MyFiles/ProgmiX/PEX-Form-main/vendor/laravel/framework/src/Illuminate/Filesystem/Filesystem.php(123): require('C://Users//user//M...')
#9 C:/Users/user/MyFiles/ProgmiX/PEX-Form-main/vendor/laravel/framework/src/Illuminate/Filesystem/Filesystem.php(124): Illuminate/Filesystem/Filesystem::Illuminate/Filesystem/{closure}()
#10 C:/Users/user/MyFiles/ProgmiX/PEX-Form-main/vendor/laravel/framework/src/Illuminate/View/Engines/PhpEngine.php(57): Illuminate/Filesystem/Filesystem->getRequire('C://Users//user//M...', Array)
#11 C:/Users/user/MyFiles/ProgmiX/PEX-Form-main/vendor/laravel/framework/src/Illuminate/View/Engines/CompilerEngine.php(76): Illuminate/View/Engines/PhpEngine->evaluatePath('C://Users//user//M...', Array)
#12 C:/Users/user/MyFiles/ProgmiX/PEX-Form-main/vendor/laravel/framework/src/Illuminate/View/View.php(208): Illuminate/View/Engines/CompilerEngine->get('C://Users//user//M...', Array)
#13 C:/Users/user/MyFiles/ProgmiX/PEX-Form-main/vendor/laravel/framework/src/Illuminate/View/View.php(191): Illuminate/View/View->getContents()
#14 C:/Users/user/MyFiles/ProgmiX/PEX-Form-main/vendor/laravel/framework/src/Illuminate/View/View.php(160): Illuminate/View/View->renderContents()
#15 C:/Users/user/MyFiles/ProgmiX/PEX-Form-main/vendor/laravel/framework/src/Illuminate/Http/Response.php(78): Illuminate/View/View->render()
#16 C:/Users/user/MyFiles/ProgmiX/PEX-Form-main/vendor/laravel/framework/src/Illuminate/Http/Response.php(34): Illuminate/Http/Response->setContent(Object(Illuminate/View/View))
#17 C:/Users/user/MyFiles/ProgmiX/PEX-Form-main/vendor/laravel/framework/src/Illuminate/Routing/Router.php(939): Illuminate/Http/Response->__construct(Object(Illuminate/View/View), 200, Array)
#18 C:/Users/user/MyFiles/ProgmiX/PEX-Form-main/vendor/laravel/framework/src/Illuminate/Routing/Router.php(906): Illuminate/Routing/Router::toResponse(Object(Illuminate/Http/Request), Object(Illuminate/View/View))
#19 C:/Users/user/MyFiles/ProgmiX/PEX-Form-main/vendor/laravel/framework/src/Illuminate/Routing/Router.php(821): Illuminate/Routing/Router->prepareResponse(Object(Illuminate/Http/Request), Object(Illuminate/View/View))
#20 C:/Users/user/MyFiles/ProgmiX/PEX-Form-main/vendor/laravel/framework/src/Illuminate/Pipeline/Pipeline.php(180): Illuminate/Routing/Router->Illuminate/Routing/{closure}(Object(Illuminate/Http/Request))
#21 C:/Users/user/MyFiles/ProgmiX/PEX-Form-main/modules/Frontend/Http/Middleware/Locale.php(49): Illuminate/Pipeline/Pipeline->Illuminate/Pipeline/{closure}(Object(Illuminate/Http/Request))
#22 C:/Users/user/MyFiles/ProgmiX/PEX-Form-main/vendor/laravel/framework/src/Illuminate/Pipeline/Pipeline.php(219): Juzaweb/Frontend/Http/Middleware/Locale->handle(Object(Illuminate/Http/Request), Object(Closure))
#23 C:/Users/user/MyFiles/ProgmiX/PEX-Form-main/modules/Backend/Http/Middleware/SecurityHeaders.php(25): Illuminate/Pipeline/Pipeline->Illuminate/Pipeline/{closure}(Object(Illuminate/Http/Request))
#24 C:/Users/user/MyFiles/ProgmiX/PEX-Form-main/vendor/laravel/framework/src/Illuminate/Pipeline/Pipeline.php(219): Juzaweb/Backend/Http/Middleware/SecurityHeaders->handle(Object(Illuminate/Http/Request), Object(Closure))
#25 C:/Users/user/MyFiles/ProgmiX/PEX-Form-main/vendor/laravel/framework/src/Illuminate/Routing/Middleware/ThrottleRequests.php(166): Illuminate/Pipeline/Pipeline->Illuminate/Pipeline/{closure}(Object(Illuminate/Http/Request))
#26 C:/Users/user/MyFiles/ProgmiX/PEX-Form-main/vendor/laravel/framework/src/Illuminate/Routing/Middleware/ThrottleRequests.php(93): Illuminate/Routing/Middleware/ThrottleRequests->handleRequest(Object(Illuminate/Http/Request), Object(Closure), Array)
#27 C:/Users/user/MyFiles/ProgmiX/PEX-Form-main/vendor/laravel/framework/src/Illuminate/Pipeline/Pipeline.php(219): Illuminate/Routing/Middleware/ThrottleRequests->handle(Object(Illuminate/Http/Request), Object(Closure))
#28 C:/Users/user/MyFiles/ProgmiX/PEX-Form-main/modules/Backend/Http/Middleware/PathTraversal.php(57): Illuminate/Pipeline/Pipeline->Illuminate/Pipeline/{closure}(Object(Illuminate/Http/Request))
#29 C:/Users/user/MyFiles/ProgmiX/PEX-Form-main/vendor/laravel/framework/src/Illuminate/Pipeline/Pipeline.php(219): Juzaweb/Backend/Http/Middleware/PathTraversal->handle(Object(Illuminate/Http/Request), Object(Closure))
#30 C:/Users/user/MyFiles/ProgmiX/PEX-Form-main/modules/Backend/Http/Middleware/XssSanitization.php(44): Illuminate/Pipeline/Pipeline->Illuminate/Pipeline/{closure}(Object(Illuminate/Http/Request))
#31 C:/Users/user/MyFiles/ProgmiX/PEX-Form-main/vendor/laravel/framework/src/Illuminate/Pipeline/Pipeline.php(219): Juzaweb/Backend/Http/Middleware/XssSanitization->handle(Object(Illuminate/Http/Request), Object(Closure))
#32 C:/Users/user/MyFiles/ProgmiX/PEX-Form-main/vendor/spatie/laravel-csp/src/AddCspHeaders.php(13): Illuminate/Pipeline/Pipeline->Illuminate/Pipeline/{closure}(Object(Illuminate/Http/Request))
#33 C:/Users/user/MyFiles/ProgmiX/PEX-Form-main/vendor/laravel/framework/src/Illuminate/Pipeline/Pipeline.php(219): Spatie/Csp/AddCspHeaders->handle(Object(Illuminate/Http/Request), Object(Closure))
#34 C:/Users/user/MyFiles/ProgmiX/PEX-Form-main/vendor/barryvdh/laravel-debugbar/src/Middleware/InjectDebugbar.php(59): Illuminate/Pipeline/Pipeline->Illuminate/Pipeline/{closure}(Object(Illuminate/Http/Request))
#35 C:/Users/user/MyFiles/ProgmiX/PEX-Form-main/vendor/laravel/framework/src/Illuminate/Pipeline/Pipeline.php(219): Barryvdh/Debugbar/Middleware/InjectDebugbar->handle(Object(Illuminate/Http/Request), Object(Closure))
#36 C:/Users/user/MyFiles/ProgmiX/PEX-Form-main/modules/CMS/Http/Middleware/XFrameHeadersMiddleware.php(41): Illuminate/Pipeline/Pipeline->Illuminate/Pipeline/{closure}(Object(Illuminate/Http/Request))
#37 C:/Users/user/MyFiles/ProgmiX/PEX-Form-main/vendor/laravel/framework/src/Illuminate/Pipeline/Pipeline.php(219): Juzaweb/CMS/Http/Middleware/XFrameHeadersMiddleware->handle(Object(Illuminate/Http/Request), Object(Closure))
#38 C:/Users/user/MyFiles/ProgmiX/PEX-Form-main/vendor/laravel/framework/src/Illuminate/Routing/Middleware/SubstituteBindings.php(50): Illuminate/Pipeline/Pipeline->Illuminate/Pipeline/{closure}(Object(Illuminate/Http/Request))
#39 C:/Users/user/MyFiles/ProgmiX/PEX-Form-main/vendor/laravel/framework/src/Illuminate/Pipeline/Pipeline.php(219): Illuminate/Routing/Middleware/SubstituteBindings->handle(Object(Illuminate/Http/Request), Object(Closure))
#40 C:/Users/user/MyFiles/ProgmiX/PEX-Form-main/vendor/laravel/framework/src/Illuminate/Cookie/Middleware/AddQueuedCookiesToResponse.php(36): Illuminate/Pipeline/Pipeline->Illuminate/Pipeline/{closure}(Object(Illuminate/Http/Request))
#41 C:/Users/user/MyFiles/ProgmiX/PEX-Form-main/vendor/laravel/framework/src/Illuminate/Pipeline/Pipeline.php(219): Illuminate/Cookie/Middleware/AddQueuedCookiesToResponse->handle(Object(Illuminate/Http/Request), Object(Closure))
#42 C:/Users/user/MyFiles/ProgmiX/PEX-Form-main/vendor/laravel/framework/src/Illuminate/View/Middleware/ShareErrorsFromSession.php(48): Illuminate/Pipeline/Pipeline->Illuminate/Pipeline/{closure}(Object(Illuminate/Http/Request))
#43 C:/Users/user/MyFiles/ProgmiX/PEX-Form-main/modules/Backend/Http/Middleware/ShareErrorsUnlessBot.php(24): Illuminate/View/Middleware/ShareErrorsFromSession->handle(Object(Illuminate/Http/Request), Object(Closure))
#44 C:/Users/user/MyFiles/ProgmiX/PEX-Form-main/vendor/laravel/framework/src/Illuminate/Pipeline/Pipeline.php(219): Juzaweb/Backend/Http/Middleware/ShareErrorsUnlessBot->handle(Object(Illuminate/Http/Request), Object(Closure))
#45 C:/Users/user/MyFiles/ProgmiX/PEX-Form-main/vendor/laravel/framework/src/Illuminate/Session/Middleware/StartSession.php(120): Illuminate/Pipeline/Pipeline->Illuminate/Pipeline/{closure}(Object(Illuminate/Http/Request))
#46 C:/Users/user/MyFiles/ProgmiX/PEX-Form-main/vendor/laravel/framework/src/Illuminate/Session/Middleware/StartSession.php(63): Illuminate/Session/Middleware/StartSession->handleStatefulRequest(Object(Illuminate/Http/Request), Object(Illuminate/Session/Store), Object(Closure))
#47 C:/Users/user/MyFiles/ProgmiX/PEX-Form-main/modules/Backend/Http/Middleware/SkipSessionForBots.php(24): Illuminate/Session/Middleware/StartSession->handle(Object(Illuminate/Http/Request), Object(Closure))
#48 C:/Users/user/MyFiles/ProgmiX/PEX-Form-main/vendor/laravel/framework/src/Illuminate/Pipeline/Pipeline.php(219): Juzaweb/Backend/Http/Middleware/SkipSessionForBots->handle(Object(Illuminate/Http/Request), Object(Closure))
#49 C:/Users/user/MyFiles/ProgmiX/PEX-Form-main/vendor/laravel/framework/src/Illuminate/Cookie/Middleware/EncryptCookies.php(74): Illuminate/Pipeline/Pipeline->Illuminate/Pipeline/{closure}(Object(Illuminate/Http/Request))
#50 C:/Users/user/MyFiles/ProgmiX/PEX-Form-main/vendor/laravel/framework/src/Illuminate/Pipeline/Pipeline.php(219): Illuminate/Cookie/Middleware/EncryptCookies->handle(Object(Illuminate/Http/Request), Object(Closure))
#51 C:/Users/user/MyFiles/ProgmiX/PEX-Form-main/modules/CMS/Http/Middleware/GlobalMiddleware.php(11): Illuminate/Pipeline/Pipeline->Illuminate/Pipeline/{closure}(Object(Illuminate/Http/Request))
#52 C:/Users/user/MyFiles/ProgmiX/PEX-Form-main/vendor/laravel/framework/src/Illuminate/Pipeline/Pipeline.php(219): Juzaweb/CMS/Http/Middleware/GlobalMiddleware->handle(Object(Illuminate/Http/Request), Object(Closure))
#53 C:/Users/user/MyFiles/ProgmiX/PEX-Form-main/modules/Backend/Http/Middleware/DisableSessionForBots.php(30): Illuminate/Pipeline/Pipeline->Illuminate/Pipeline/{closure}(Object(Illuminate/Http/Request))
#54 C:/Users/user/MyFiles/ProgmiX/PEX-Form-main/vendor/laravel/framework/src/Illuminate/Pipeline/Pipeline.php(219): Juzaweb/Backend/Http/Middleware/DisableSessionForBots->handle(Object(Illuminate/Http/Request), Object(Closure))
#55 C:/Users/user/MyFiles/ProgmiX/PEX-Form-main/vendor/laravel/framework/src/Illuminate/Pipeline/Pipeline.php(137): Illuminate/Pipeline/Pipeline->Illuminate/Pipeline/{closure}(Object(Illuminate/Http/Request))
#56 C:/Users/user/MyFiles/ProgmiX/PEX-Form-main/vendor/laravel/framework/src/Illuminate/Routing/Router.php(821): Illuminate/Pipeline/Pipeline->then(Object(Closure))
#57 C:/Users/user/MyFiles/ProgmiX/PEX-Form-main/vendor/laravel/framework/src/Illuminate/Routing/Router.php(800): Illuminate/Routing/Router->runRouteWithinStack(Object(Illuminate/Routing/Route), Object(Illuminate/Http/Request))
#58 C:/Users/user/MyFiles/ProgmiX/PEX-Form-main/vendor/laravel/framework/src/Illuminate/Routing/Router.php(764): Illuminate/Routing/Router->runRoute(Object(Illuminate/Http/Request), Object(Illuminate/Routing/Route))
#59 C:/Users/user/MyFiles/ProgmiX/PEX-Form-main/vendor/laravel/framework/src/Illuminate/Routing/Router.php(753): Illuminate/Routing/Router->dispatchToRoute(Object(Illuminate/Http/Request))
#60 C:/Users/user/MyFiles/ProgmiX/PEX-Form-main/vendor/laravel/framework/src/Illuminate/Foundation/Http/Kernel.php(200): Illuminate/Routing/Router->dispatch(Object(Illuminate/Http/Request))
#61 C:/Users/user/MyFiles/ProgmiX/PEX-Form-main/vendor/laravel/framework/src/Illuminate/Pipeline/Pipeline.php(180): Illuminate/Foundation/Http/Kernel->Illuminate/Foundation/Http/{closure}(Object(Illuminate/Http/Request))
#62 C:/Users/user/MyFiles/ProgmiX/PEX-Form-main/vendor/barryvdh/laravel-debugbar/src/Middleware/InjectDebugbar.php(59): Illuminate/Pipeline/Pipeline->Illuminate/Pipeline/{closure}(Object(Illuminate/Http/Request))
#63 C:/Users/user/MyFiles/ProgmiX/PEX-Form-main/vendor/laravel/framework/src/Illuminate/Pipeline/Pipeline.php(219): Barryvdh/Debugbar/Middleware/InjectDebugbar->handle(Object(Illuminate/Http/Request), Object(Closure))
#64 C:/Users/user/MyFiles/ProgmiX/PEX-Form-main/modules/Backend/Http/Middleware/BlockIpMiddleware.php(31): Illuminate/Pipeline/Pipeline->Illuminate/Pipeline/{closure}(Object(Illuminate/Http/Request))
#65 C:/Users/user/MyFiles/ProgmiX/PEX-Form-main/vendor/laravel/framework/src/Illuminate/Pipeline/Pipeline.php(219): Juzaweb/Backend/Http/Middleware/BlockIpMiddleware->handle(Object(Illuminate/Http/Request), Object(Closure))
#66 C:/Users/user/MyFiles/ProgmiX/PEX-Form-main/modules/Backend/Http/Middleware/SecurityHeaders.php(25): Illuminate/Pipeline/Pipeline->Illuminate/Pipeline/{closure}(Object(Illuminate/Http/Request))
#67 C:/Users/user/MyFiles/ProgmiX/PEX-Form-main/vendor/laravel/framework/src/Illuminate/Pipeline/Pipeline.php(219): Juzaweb/Backend/Http/Middleware/SecurityHeaders->handle(Object(Illuminate/Http/Request), Object(Closure))
#68 C:/Users/user/MyFiles/ProgmiX/PEX-Form-main/vendor/laravel/framework/src/Illuminate/Foundation/Http/Middleware/TransformsRequest.php(21): Illuminate/Pipeline/Pipeline->Illuminate/Pipeline/{closure}(Object(Illuminate/Http/Request))
#69 C:/Users/user/MyFiles/ProgmiX/PEX-Form-main/vendor/laravel/framework/src/Illuminate/Foundation/Http/Middleware/ConvertEmptyStringsToNull.php(31): Illuminate/Foundation/Http/Middleware/TransformsRequest->handle(Object(Illuminate/Http/Request), Object(Closure))
#70 C:/Users/user/MyFiles/ProgmiX/PEX-Form-main/vendor/laravel/framework/src/Illuminate/Pipeline/Pipeline.php(219): Illuminate/Foundation/Http/Middleware/ConvertEmptyStringsToNull->handle(Object(Illuminate/Http/Request), Object(Closure))
#71 C:/Users/user/MyFiles/ProgmiX/PEX-Form-main/vendor/laravel/framework/src/Illuminate/Foundation/Http/Middleware/TransformsRequest.php(21): Illuminate/Pipeline/Pipeline->Illuminate/Pipeline/{closure}(Object(Illuminate/Http/Request))
#72 C:/Users/user/MyFiles/ProgmiX/PEX-Form-main/vendor/laravel/framework/src/Illuminate/Foundation/Http/Middleware/TrimStrings.php(51): Illuminate/Foundation/Http/Middleware/TransformsRequest->handle(Object(Illuminate/Http/Request), Object(Closure))
#73 C:/Users/user/MyFiles/ProgmiX/PEX-Form-main/vendor/laravel/framework/src/Illuminate/Pipeline/Pipeline.php(219): Illuminate/Foundation/Http/Middleware/TrimStrings->handle(Object(Illuminate/Http/Request), Object(Closure))
#74 C:/Users/user/MyFiles/ProgmiX/PEX-Form-main/vendor/laravel/framework/src/Illuminate/Http/Middleware/ValidatePostSize.php(27): Illuminate/Pipeline/Pipeline->Illuminate/Pipeline/{closure}(Object(Illuminate/Http/Request))
#75 C:/Users/user/MyFiles/ProgmiX/PEX-Form-main/vendor/laravel/framework/src/Illuminate/Pipeline/Pipeline.php(219): Illuminate/Http/Middleware/ValidatePostSize->handle(Object(Illuminate/Http/Request), Object(Closure))
#76 C:/Users/user/MyFiles/ProgmiX/PEX-Form-main/vendor/laravel/framework/src/Illuminate/Foundation/Http/Middleware/PreventRequestsDuringMaintenance.php(109): Illuminate/Pipeline/Pipeline->Illuminate/Pipeline/{closure}(Object(Illuminate/Http/Request))
#77 C:/Users/user/MyFiles/ProgmiX/PEX-Form-main/vendor/laravel/framework/src/Illuminate/Pipeline/Pipeline.php(219): Illuminate/Foundation/Http/Middleware/PreventRequestsDuringMaintenance->handle(Object(Illuminate/Http/Request), Object(Closure))
#78 C:/Users/user/MyFiles/ProgmiX/PEX-Form-main/vendor/laravel/framework/src/Illuminate/Http/Middleware/HandleCors.php(61): Illuminate/Pipeline/Pipeline->Illuminate/Pipeline/{closure}(Object(Illuminate/Http/Request))
#79 C:/Users/user/MyFiles/ProgmiX/PEX-Form-main/vendor/laravel/framework/src/Illuminate/Pipeline/Pipeline.php(219): Illuminate/Http/Middleware/HandleCors->handle(Object(Illuminate/Http/Request), Object(Closure))
#80 C:/Users/user/MyFiles/ProgmiX/PEX-Form-main/vendor/laravel/framework/src/Illuminate/Http/Middleware/TrustProxies.php(58): Illuminate/Pipeline/Pipeline->Illuminate/Pipeline/{closure}(Object(Illuminate/Http/Request))
#81 C:/Users/user/MyFiles/ProgmiX/PEX-Form-main/vendor/laravel/framework/src/Illuminate/Pipeline/Pipeline.php(219): Illuminate/Http/Middleware/TrustProxies->handle(Object(Illuminate/Http/Request), Object(Closure))
#82 C:/Users/user/MyFiles/ProgmiX/PEX-Form-main/vendor/laravel/framework/src/Illuminate/Pipeline/Pipeline.php(137): Illuminate/Pipeline/Pipeline->Illuminate/Pipeline/{closure}(Object(Illuminate/Http/Request))
#83 C:/Users/user/MyFiles/ProgmiX/PEX-Form-main/vendor/laravel/framework/src/Illuminate/Foundation/Http/Kernel.php(175): Illuminate/Pipeline/Pipeline->then(Object(Closure))
#84 C:/Users/user/MyFiles/ProgmiX/PEX-Form-main/vendor/laravel/framework/src/Illuminate/Foundation/Http/Kernel.php(144): Illuminate/Foundation/Http/Kernel->sendRequestThroughRouter(Object(Illuminate/Http/Request))
#85 C:/Users/user/MyFiles/ProgmiX/PEX-Form-main/public/index.php(51): Illuminate/Foundation/Http/Kernel->handle(Object(Illuminate/Http/Request))
#86 C:/Users/user/MyFiles/ProgmiX/PEX-Form-main/vendor/laravel/framework/src/Illuminate/Foundation/resources/server.php(23): require_once('C://Users//user//M...')
#87 {main}

[previous exception] [object] (ErrorException(code: 0): Undefined variable $phone at C:/Users/user/MyFiles/ProgmiX/PEX-Form-main/storage/framework/views/a84ddf431c771032d0234d77e02450d7.php:13)
[stacktrace]
#0 C:/Users/user/MyFiles/ProgmiX/PEX-Form-main/vendor/laravel/framework/src/Illuminate/Foundation/Bootstrap/HandleExceptions.php(262): Illuminate/Foundation/Bootstrap/HandleExceptions->handleError(2, 'Undefined varia...', 'C://Users//user//M...', 13)
#1 C:/Users/user/MyFiles/ProgmiX/PEX-Form-main/storage/framework/views/a84ddf431c771032d0234d77e02450d7.php(13): Illuminate/Foundation/Bootstrap/HandleExceptions->Illuminate/Foundation/Bootstrap/{closure}(2, 'Undefined varia...', 'C://Users//user//M...', 13)
#2 C:/Users/user/MyFiles/ProgmiX/PEX-Form-main/vendor/laravel/framework/src/Illuminate/Filesystem/Filesystem.php(123): require('C://Users//user//M...')
#3 C:/Users/user/MyFiles/ProgmiX/PEX-Form-main/vendor/laravel/framework/src/Illuminate/Filesystem/Filesystem.php(124): Illuminate/Filesystem/Filesystem::Illuminate/Filesystem/{closure}()
#4 C:/Users/user/MyFiles/ProgmiX/PEX-Form-main/vendor/laravel/framework/src/Illuminate/View/Engines/PhpEngine.php(57): Illuminate/Filesystem/Filesystem->getRequire('C://Users//user//M...', Array)
#5 C:/Users/user/MyFiles/ProgmiX/PEX-Form-main/vendor/laravel/framework/src/Illuminate/View/Engines/CompilerEngine.php(76): Illuminate/View/Engines/PhpEngine->evaluatePath('C://Users//user//M...', Array)
#6 C:/Users/user/MyFiles/ProgmiX/PEX-Form-main/vendor/laravel/framework/src/Illuminate/View/View.php(208): Illuminate/View/Engines/CompilerEngine->get('C://Users//user//M...', Array)
#7 C:/Users/user/MyFiles/ProgmiX/PEX-Form-main/vendor/laravel/framework/src/Illuminate/View/View.php(191): Illuminate/View/View->getContents()
#8 C:/Users/user/MyFiles/ProgmiX/PEX-Form-main/vendor/laravel/framework/src/Illuminate/View/View.php(160): Illuminate/View/View->renderContents()
#9 C:/Users/user/MyFiles/ProgmiX/PEX-Form-main/storage/framework/views/078e945ecbf82d678121cbf4f8650dce.php(1): Illuminate/View/View->render()
#10 C:/Users/user/MyFiles/ProgmiX/PEX-Form-main/vendor/laravel/framework/src/Illuminate/Filesystem/Filesystem.php(123): require('C://Users//user//M...')
#11 C:/Users/user/MyFiles/ProgmiX/PEX-Form-main/vendor/laravel/framework/src/Illuminate/Filesystem/Filesystem.php(124): Illuminate/Filesystem/Filesystem::Illuminate/Filesystem/{closure}()
#12 C:/Users/user/MyFiles/ProgmiX/PEX-Form-main/vendor/laravel/framework/src/Illuminate/View/Engines/PhpEngine.php(57): Illuminate/Filesystem/Filesystem->getRequire('C://Users//user//M...', Array)
#13 C:/Users/user/MyFiles/ProgmiX/PEX-Form-main/vendor/laravel/framework/src/Illuminate/View/Engines/CompilerEngine.php(76): Illuminate/View/Engines/PhpEngine->evaluatePath('C://Users//user//M...', Array)
#14 C:/Users/user/MyFiles/ProgmiX/PEX-Form-main/vendor/laravel/framework/src/Illuminate/View/View.php(208): Illuminate/View/Engines/CompilerEngine->get('C://Users//user//M...', Array)
#15 C:/Users/user/MyFiles/ProgmiX/PEX-Form-main/vendor/laravel/framework/src/Illuminate/View/View.php(191): Illuminate/View/View->getContents()
#16 C:/Users/user/MyFiles/ProgmiX/PEX-Form-main/vendor/laravel/framework/src/Illuminate/View/View.php(160): Illuminate/View/View->renderContents()
#17 C:/Users/user/MyFiles/ProgmiX/PEX-Form-main/vendor/laravel/framework/src/Illuminate/Http/Response.php(78): Illuminate/View/View->render()
#18 C:/Users/user/MyFiles/ProgmiX/PEX-Form-main/vendor/laravel/framework/src/Illuminate/Http/Response.php(34): Illuminate/Http/Response->setContent(Object(Illuminate/View/View))
#19 C:/Users/user/MyFiles/ProgmiX/PEX-Form-main/vendor/laravel/framework/src/Illuminate/Routing/Router.php(939): Illuminate/Http/Response->__construct(Object(Illuminate/View/View), 200, Array)
#20 C:/Users/user/MyFiles/ProgmiX/PEX-Form-main/vendor/laravel/framework/src/Illuminate/Routing/Router.php(906): Illuminate/Routing/Router::toResponse(Object(Illuminate/Http/Request), Object(Illuminate/View/View))
#21 C:/Users/user/MyFiles/ProgmiX/PEX-Form-main/vendor/laravel/framework/src/Illuminate/Routing/Router.php(821): Illuminate/Routing/Router->prepareResponse(Object(Illuminate/Http/Request), Object(Illuminate/View/View))
#22 C:/Users/user/MyFiles/ProgmiX/PEX-Form-main/vendor/laravel/framework/src/Illuminate/Pipeline/Pipeline.php(180): Illuminate/Routing/Router->Illuminate/Routing/{closure}(Object(Illuminate/Http/Request))
#23 C:/Users/user/MyFiles/ProgmiX/PEX-Form-main/modules/Frontend/Http/Middleware/Locale.php(49): Illuminate/Pipeline/Pipeline->Illuminate/Pipeline/{closure}(Object(Illuminate/Http/Request))
#24 C:/Users/user/MyFiles/ProgmiX/PEX-Form-main/vendor/laravel/framework/src/Illuminate/Pipeline/Pipeline.php(219): Juzaweb/Frontend/Http/Middleware/Locale->handle(Object(Illuminate/Http/Request), Object(Closure))
#25 C:/Users/user/MyFiles/ProgmiX/PEX-Form-main/modules/Backend/Http/Middleware/SecurityHeaders.php(25): Illuminate/Pipeline/Pipeline->Illuminate/Pipeline/{closure}(Object(Illuminate/Http/Request))
#26 C:/Users/user/MyFiles/ProgmiX/PEX-Form-main/vendor/laravel/framework/src/Illuminate/Pipeline/Pipeline.php(219): Juzaweb/Backend/Http/Middleware/SecurityHeaders->handle(Object(Illuminate/Http/Request), Object(Closure))
#27 C:/Users/user/MyFiles/ProgmiX/PEX-Form-main/vendor/laravel/framework/src/Illuminate/Routing/Middleware/ThrottleRequests.php(166): Illuminate/Pipeline/Pipeline->Illuminate/Pipeline/{closure}(Object(Illuminate/Http/Request))
#28 C:/Users/user/MyFiles/ProgmiX/PEX-Form-main/vendor/laravel/framework/src/Illuminate/Routing/Middleware/ThrottleRequests.php(93): Illuminate/Routing/Middleware/ThrottleRequests->handleRequest(Object(Illuminate/Http/Request), Object(Closure), Array)
#29 C:/Users/user/MyFiles/ProgmiX/PEX-Form-main/vendor/laravel/framework/src/Illuminate/Pipeline/Pipeline.php(219): Illuminate/Routing/Middleware/ThrottleRequests->handle(Object(Illuminate/Http/Request), Object(Closure))
#30 C:/Users/user/MyFiles/ProgmiX/PEX-Form-main/modules/Backend/Http/Middleware/PathTraversal.php(57): Illuminate/Pipeline/Pipeline->Illuminate/Pipeline/{closure}(Object(Illuminate/Http/Request))
#31 C:/Users/user/MyFiles/ProgmiX/PEX-Form-main/vendor/laravel/framework/src/Illuminate/Pipeline/Pipeline.php(219): Juzaweb/Backend/Http/Middleware/PathTraversal->handle(Object(Illuminate/Http/Request), Object(Closure))
#32 C:/Users/user/MyFiles/ProgmiX/PEX-Form-main/modules/Backend/Http/Middleware/XssSanitization.php(44): Illuminate/Pipeline/Pipeline->Illuminate/Pipeline/{closure}(Object(Illuminate/Http/Request))
#33 C:/Users/user/MyFiles/ProgmiX/PEX-Form-main/vendor/laravel/framework/src/Illuminate/Pipeline/Pipeline.php(219): Juzaweb/Backend/Http/Middleware/XssSanitization->handle(Object(Illuminate/Http/Request), Object(Closure))
#34 C:/Users/user/MyFiles/ProgmiX/PEX-Form-main/vendor/spatie/laravel-csp/src/AddCspHeaders.php(13): Illuminate/Pipeline/Pipeline->Illuminate/Pipeline/{closure}(Object(Illuminate/Http/Request))
#35 C:/Users/user/MyFiles/ProgmiX/PEX-Form-main/vendor/laravel/framework/src/Illuminate/Pipeline/Pipeline.php(219): Spatie/Csp/AddCspHeaders->handle(Object(Illuminate/Http/Request), Object(Closure))
#36 C:/Users/user/MyFiles/ProgmiX/PEX-Form-main/vendor/barryvdh/laravel-debugbar/src/Middleware/InjectDebugbar.php(59): Illuminate/Pipeline/Pipeline->Illuminate/Pipeline/{closure}(Object(Illuminate/Http/Request))
#37 C:/Users/user/MyFiles/ProgmiX/PEX-Form-main/vendor/laravel/framework/src/Illuminate/Pipeline/Pipeline.php(219): Barryvdh/Debugbar/Middleware/InjectDebugbar->handle(Object(Illuminate/Http/Request), Object(Closure))
#38 C:/Users/user/MyFiles/ProgmiX/PEX-Form-main/modules/CMS/Http/Middleware/XFrameHeadersMiddleware.php(41): Illuminate/Pipeline/Pipeline->Illuminate/Pipeline/{closure}(Object(Illuminate/Http/Request))
#39 C:/Users/user/MyFiles/ProgmiX/PEX-Form-main/vendor/laravel/framework/src/Illuminate/Pipeline/Pipeline.php(219): Juzaweb/CMS/Http/Middleware/XFrameHeadersMiddleware->handle(Object(Illuminate/Http/Request), Object(Closure))
#40 C:/Users/user/MyFiles/ProgmiX/PEX-Form-main/vendor/laravel/framework/src/Illuminate/Routing/Middleware/SubstituteBindings.php(50): Illuminate/Pipeline/Pipeline->Illuminate/Pipeline/{closure}(Object(Illuminate/Http/Request))
#41 C:/Users/user/MyFiles/ProgmiX/PEX-Form-main/vendor/laravel/framework/src/Illuminate/Pipeline/Pipeline.php(219): Illuminate/Routing/Middleware/SubstituteBindings->handle(Object(Illuminate/Http/Request), Object(Closure))
#42 C:/Users/user/MyFiles/ProgmiX/PEX-Form-main/vendor/laravel/framework/src/Illuminate/Cookie/Middleware/AddQueuedCookiesToResponse.php(36): Illuminate/Pipeline/Pipeline->Illuminate/Pipeline/{closure}(Object(Illuminate/Http/Request))
#43 C:/Users/user/MyFiles/ProgmiX/PEX-Form-main/vendor/laravel/framework/src/Illuminate/Pipeline/Pipeline.php(219): Illuminate/Cookie/Middleware/AddQueuedCookiesToResponse->handle(Object(Illuminate/Http/Request), Object(Closure))
#44 C:/Users/user/MyFiles/ProgmiX/PEX-Form-main/vendor/laravel/framework/src/Illuminate/View/Middleware/ShareErrorsFromSession.php(48): Illuminate/Pipeline/Pipeline->Illuminate/Pipeline/{closure}(Object(Illuminate/Http/Request))
#45 C:/Users/user/MyFiles/ProgmiX/PEX-Form-main/modules/Backend/Http/Middleware/ShareErrorsUnlessBot.php(24): Illuminate/View/Middleware/ShareErrorsFromSession->handle(Object(Illuminate/Http/Request), Object(Closure))
#46 C:/Users/user/MyFiles/ProgmiX/PEX-Form-main/vendor/laravel/framework/src/Illuminate/Pipeline/Pipeline.php(219): Juzaweb/Backend/Http/Middleware/ShareErrorsUnlessBot->handle(Object(Illuminate/Http/Request), Object(Closure))
#47 C:/Users/user/MyFiles/ProgmiX/PEX-Form-main/vendor/laravel/framework/src/Illuminate/Session/Middleware/StartSession.php(120): Illuminate/Pipeline/Pipeline->Illuminate/Pipeline/{closure}(Object(Illuminate/Http/Request))
#48 C:/Users/user/MyFiles/ProgmiX/PEX-Form-main/vendor/laravel/framework/src/Illuminate/Session/Middleware/StartSession.php(63): Illuminate/Session/Middleware/StartSession->handleStatefulRequest(Object(Illuminate/Http/Request), Object(Illuminate/Session/Store), Object(Closure))
#49 C:/Users/user/MyFiles/ProgmiX/PEX-Form-main/modules/Backend/Http/Middleware/SkipSessionForBots.php(24): Illuminate/Session/Middleware/StartSession->handle(Object(Illuminate/Http/Request), Object(Closure))
#50 C:/Users/user/MyFiles/ProgmiX/PEX-Form-main/vendor/laravel/framework/src/Illuminate/Pipeline/Pipeline.php(219): Juzaweb/Backend/Http/Middleware/SkipSessionForBots->handle(Object(Illuminate/Http/Request), Object(Closure))
#51 C:/Users/user/MyFiles/ProgmiX/PEX-Form-main/vendor/laravel/framework/src/Illuminate/Cookie/Middleware/EncryptCookies.php(74): Illuminate/Pipeline/Pipeline->Illuminate/Pipeline/{closure}(Object(Illuminate/Http/Request))
#52 C:/Users/user/MyFiles/ProgmiX/PEX-Form-main/vendor/laravel/framework/src/Illuminate/Pipeline/Pipeline.php(219): Illuminate/Cookie/Middleware/EncryptCookies->handle(Object(Illuminate/Http/Request), Object(Closure))
#53 C:/Users/user/MyFiles/ProgmiX/PEX-Form-main/modules/CMS/Http/Middleware/GlobalMiddleware.php(11): Illuminate/Pipeline/Pipeline->Illuminate/Pipeline/{closure}(Object(Illuminate/Http/Request))
#54 C:/Users/user/MyFiles/ProgmiX/PEX-Form-main/vendor/laravel/framework/src/Illuminate/Pipeline/Pipeline.php(219): Juzaweb/CMS/Http/Middleware/GlobalMiddleware->handle(Object(Illuminate/Http/Request), Object(Closure))
#55 C:/Users/user/MyFiles/ProgmiX/PEX-Form-main/modules/Backend/Http/Middleware/DisableSessionForBots.php(30): Illuminate/Pipeline/Pipeline->Illuminate/Pipeline/{closure}(Object(Illuminate/Http/Request))
#56 C:/Users/user/MyFiles/ProgmiX/PEX-Form-main/vendor/laravel/framework/src/Illuminate/Pipeline/Pipeline.php(219): Juzaweb/Backend/Http/Middleware/DisableSessionForBots->handle(Object(Illuminate/Http/Request), Object(Closure))
#57 C:/Users/user/MyFiles/ProgmiX/PEX-Form-main/vendor/laravel/framework/src/Illuminate/Pipeline/Pipeline.php(137): Illuminate/Pipeline/Pipeline->Illuminate/Pipeline/{closure}(Object(Illuminate/Http/Request))
#58 C:/Users/user/MyFiles/ProgmiX/PEX-Form-main/vendor/laravel/framework/src/Illuminate/Routing/Router.php(821): Illuminate/Pipeline/Pipeline->then(Object(Closure))
#59 C:/Users/user/MyFiles/ProgmiX/PEX-Form-main/vendor/laravel/framework/src/Illuminate/Routing/Router.php(800): Illuminate/Routing/Router->runRouteWithinStack(Object(Illuminate/Routing/Route), Object(Illuminate/Http/Request))
#60 C:/Users/user/MyFiles/ProgmiX/PEX-Form-main/vendor/laravel/framework/src/Illuminate/Routing/Router.php(764): Illuminate/Routing/Router->runRoute(Object(Illuminate/Http/Request), Object(Illuminate/Routing/Route))
#61 C:/Users/user/MyFiles/ProgmiX/PEX-Form-main/vendor/laravel/framework/src/Illuminate/Routing/Router.php(753): Illuminate/Routing/Router->dispatchToRoute(Object(Illuminate/Http/Request))
#62 C:/Users/user/MyFiles/ProgmiX/PEX-Form-main/vendor/laravel/framework/src/Illuminate/Foundation/Http/Kernel.php(200): Illuminate/Routing/Router->dispatch(Object(Illuminate/Http/Request))
#63 C:/Users/user/MyFiles/ProgmiX/PEX-Form-main/vendor/laravel/framework/src/Illuminate/Pipeline/Pipeline.php(180): Illuminate/Foundation/Http/Kernel->Illuminate/Foundation/Http/{closure}(Object(Illuminate/Http/Request))
#64 C:/Users/user/MyFiles/ProgmiX/PEX-Form-main/vendor/barryvdh/laravel-debugbar/src/Middleware/InjectDebugbar.php(59): Illuminate/Pipeline/Pipeline->Illuminate/Pipeline/{closure}(Object(Illuminate/Http/Request))
#65 C:/Users/user/MyFiles/ProgmiX/PEX-Form-main/vendor/laravel/framework/src/Illuminate/Pipeline/Pipeline.php(219): Barryvdh/Debugbar/Middleware/InjectDebugbar->handle(Object(Illuminate/Http/Request), Object(Closure))
#66 C:/Users/user/MyFiles/ProgmiX/PEX-Form-main/modules/Backend/Http/Middleware/BlockIpMiddleware.php(31): Illuminate/Pipeline/Pipeline->Illuminate/Pipeline/{closure}(Object(Illuminate/Http/Request))
#67 C:/Users/user/MyFiles/ProgmiX/PEX-Form-main/vendor/laravel/framework/src/Illuminate/Pipeline/Pipeline.php(219): Juzaweb/Backend/Http/Middleware/BlockIpMiddleware->handle(Object(Illuminate/Http/Request), Object(Closure))
#68 C:/Users/user/MyFiles/ProgmiX/PEX-Form-main/modules/Backend/Http/Middleware/SecurityHeaders.php(25): Illuminate/Pipeline/Pipeline->Illuminate/Pipeline/{closure}(Object(Illuminate/Http/Request))
#69 C:/Users/user/MyFiles/ProgmiX/PEX-Form-main/vendor/laravel/framework/src/Illuminate/Pipeline/Pipeline.php(219): Juzaweb/Backend/Http/Middleware/SecurityHeaders->handle(Object(Illuminate/Http/Request), Object(Closure))
#70 C:/Users/user/MyFiles/ProgmiX/PEX-Form-main/vendor/laravel/framework/src/Illuminate/Foundation/Http/Middleware/TransformsRequest.php(21): Illuminate/Pipeline/Pipeline->Illuminate/Pipeline/{closure}(Object(Illuminate/Http/Request))
#71 C:/Users/user/MyFiles/ProgmiX/PEX-Form-main/vendor/laravel/framework/src/Illuminate/Foundation/Http/Middleware/ConvertEmptyStringsToNull.php(31): Illuminate/Foundation/Http/Middleware/TransformsRequest->handle(Object(Illuminate/Http/Request), Object(Closure))
#72 C:/Users/user/MyFiles/ProgmiX/PEX-Form-main/vendor/laravel/framework/src/Illuminate/Pipeline/Pipeline.php(219): Illuminate/Foundation/Http/Middleware/ConvertEmptyStringsToNull->handle(Object(Illuminate/Http/Request), Object(Closure))
#73 C:/Users/user/MyFiles/ProgmiX/PEX-Form-main/vendor/laravel/framework/src/Illuminate/Foundation/Http/Middleware/TransformsRequest.php(21): Illuminate/Pipeline/Pipeline->Illuminate/Pipeline/{closure}(Object(Illuminate/Http/Request))
#74 C:/Users/user/MyFiles/ProgmiX/PEX-Form-main/vendor/laravel/framework/src/Illuminate/Foundation/Http/Middleware/TrimStrings.php(51): Illuminate/Foundation/Http/Middleware/TransformsRequest->handle(Object(Illuminate/Http/Request), Object(Closure))
#75 C:/Users/user/MyFiles/ProgmiX/PEX-Form-main/vendor/laravel/framework/src/Illuminate/Pipeline/Pipeline.php(219): Illuminate/Foundation/Http/Middleware/TrimStrings->handle(Object(Illuminate/Http/Request), Object(Closure))
#76 C:/Users/user/MyFiles/ProgmiX/PEX-Form-main/vendor/laravel/framework/src/Illuminate/Http/Middleware/ValidatePostSize.php(27): Illuminate/Pipeline/Pipeline->Illuminate/Pipeline/{closure}(Object(Illuminate/Http/Request))
#77 C:/Users/user/MyFiles/ProgmiX/PEX-Form-main/vendor/laravel/framework/src/Illuminate/Pipeline/Pipeline.php(219): Illuminate/Http/Middleware/ValidatePostSize->handle(Object(Illuminate/Http/Request), Object(Closure))
#78 C:/Users/user/MyFiles/ProgmiX/PEX-Form-main/vendor/laravel/framework/src/Illuminate/Foundation/Http/Middleware/PreventRequestsDuringMaintenance.php(109): Illuminate/Pipeline/Pipeline->Illuminate/Pipeline/{closure}(Object(Illuminate/Http/Request))
#79 C:/Users/user/MyFiles/ProgmiX/PEX-Form-main/vendor/laravel/framework/src/Illuminate/Pipeline/Pipeline.php(219): Illuminate/Foundation/Http/Middleware/PreventRequestsDuringMaintenance->handle(Object(Illuminate/Http/Request), Object(Closure))
#80 C:/Users/user/MyFiles/ProgmiX/PEX-Form-main/vendor/laravel/framework/src/Illuminate/Http/Middleware/HandleCors.php(61): Illuminate/Pipeline/Pipeline->Illuminate/Pipeline/{closure}(Object(Illuminate/Http/Request))
#81 C:/Users/user/MyFiles/ProgmiX/PEX-Form-main/vendor/laravel/framework/src/Illuminate/Pipeline/Pipeline.php(219): Illuminate/Http/Middleware/HandleCors->handle(Object(Illuminate/Http/Request), Object(Closure))
#82 C:/Users/user/MyFiles/ProgmiX/PEX-Form-main/vendor/laravel/framework/src/Illuminate/Http/Middleware/TrustProxies.php(58): Illuminate/Pipeline/Pipeline->Illuminate/Pipeline/{closure}(Object(Illuminate/Http/Request))
#83 C:/Users/user/MyFiles/ProgmiX/PEX-Form-main/vendor/laravel/framework/src/Illuminate/Pipeline/Pipeline.php(219): Illuminate/Http/Middleware/TrustProxies->handle(Object(Illuminate/Http/Request), Object(Closure))
#84 C:/Users/user/MyFiles/ProgmiX/PEX-Form-main/vendor/laravel/framework/src/Illuminate/Pipeline/Pipeline.php(137): Illuminate/Pipeline/Pipeline->Illuminate/Pipeline/{closure}(Object(Illuminate/Http/Request))
#85 C:/Users/user/MyFiles/ProgmiX/PEX-Form-main/vendor/laravel/framework/src/Illuminate/Foundation/Http/Kernel.php(175): Illuminate/Pipeline/Pipeline->then(Object(Closure))
#86 C:/Users/user/MyFiles/ProgmiX/PEX-Form-main/vendor/laravel/framework/src/Illuminate/Foundation/Http/Kernel.php(144): Illuminate/Foundation/Http/Kernel->sendRequestThroughRouter(Object(Illuminate/Http/Request))
#87 C:/Users/user/MyFiles/ProgmiX/PEX-Form-main/public/index.php(51): Illuminate/Foundation/Http/Kernel->handle(Object(Illuminate/Http/Request))
#88 C:/Users/user/MyFiles/ProgmiX/PEX-Form-main/vendor/laravel/framework/src/Illuminate/Foundation/resources/server.php(23): require_once('C://Users//user//M...')
#89 {main}
"} 
[2026-09-30 09:17:06] local.ERROR: Undefined array key "mapEmbedUrl" {"userId":1,"exception":"[object] (Spatie\\LaravelIgnition\\Exceptions\\ViewException(code: 0): Undefined array key \"mapEmbedUrl\" at C:/Users/user/MyFiles/ProgmiX/PEX-Form-main/modules/Frontend/resources/views/templates/homepage/pex/contact.blade.php:13)
[stacktrace]
#0 C:/Users/user/MyFiles/ProgmiX/PEX-Form-main/vendor/laravel/framework/src/Illuminate/Filesystem/Filesystem.php(123): require('C://Users//user//M...')
#1 C:/Users/user/MyFiles/ProgmiX/PEX-Form-main/vendor/laravel/framework/src/Illuminate/Filesystem/Filesystem.php(124): Illuminate/Filesystem/Filesystem::Illuminate/Filesystem/{closure}()
#2 C:/Users/user/MyFiles/ProgmiX/PEX-Form-main/vendor/laravel/framework/src/Illuminate/View/Engines/PhpEngine.php(57): Illuminate/Filesystem/Filesystem->getRequire('C://Users//user//M...', Array)
#3 C:/Users/user/MyFiles/ProgmiX/PEX-Form-main/vendor/laravel/framework/src/Illuminate/View/Engines/CompilerEngine.php(76): Illuminate/View/Engines/PhpEngine->evaluatePath('C://Users//user//M...', Array)
#4 C:/Users/user/MyFiles/ProgmiX/PEX-Form-main/vendor/laravel/framework/src/Illuminate/View/View.php(208): Illuminate/View/Engines/CompilerEngine->get('C://Users//user//M...', Array)
#5 C:/Users/user/MyFiles/ProgmiX/PEX-Form-main/vendor/laravel/framework/src/Illuminate/View/View.php(191): Illuminate/View/View->getContents()
#6 C:/Users/user/MyFiles/ProgmiX/PEX-Form-main/vendor/laravel/framework/src/Illuminate/View/View.php(160): Illuminate/View/View->renderContents()
#7 C:/Users/user/MyFiles/ProgmiX/PEX-Form-main/modules/Frontend/resources/views/home.blade.php(1): Illuminate/View/View->render()
#8 C:/Users/user/MyFiles/ProgmiX/PEX-Form-main/vendor/laravel/framework/src/Illuminate/Filesystem/Filesystem.php(123): require('C://Users//user//M...')
#9 C:/Users/user/MyFiles/ProgmiX/PEX-Form-main/vendor/laravel/framework/src/Illuminate/Filesystem/Filesystem.php(124): Illuminate/Filesystem/Filesystem::Illuminate/Filesystem/{closure}()
#10 C:/Users/user/MyFiles/ProgmiX/PEX-Form-main/vendor/laravel/framework/src/Illuminate/View/Engines/PhpEngine.php(57): Illuminate/Filesystem/Filesystem->getRequire('C://Users//user//M...', Array)
#11 C:/Users/user/MyFiles/ProgmiX/PEX-Form-main/vendor/laravel/framework/src/Illuminate/View/Engines/CompilerEngine.php(76): Illuminate/View/Engines/PhpEngine->evaluatePath('C://Users//user//M...', Array)
#12 C:/Users/user/MyFiles/ProgmiX/PEX-Form-main/vendor/laravel/framework/src/Illuminate/View/View.php(208): Illuminate/View/Engines/CompilerEngine->get('C://Users//user//M...', Array)
#13 C:/Users/user/MyFiles/ProgmiX/PEX-Form-main/vendor/laravel/framework/src/Illuminate/View/View.php(191): Illuminate/View/View->getContents()
#14 C:/Users/user/MyFiles/ProgmiX/PEX-Form-main/vendor/laravel/framework/src/Illuminate/View/View.php(160): Illuminate/View/View->renderContents()
#15 C:/Users/user/MyFiles/ProgmiX/PEX-Form-main/vendor/laravel/framework/src/Illuminate/Http/Response.php(78): Illuminate/View/View->render()
#16 C:/Users/user/MyFiles/ProgmiX/PEX-Form-main/vendor/laravel/framework/src/Illuminate/Http/Response.php(34): Illuminate/Http/Response->setContent(Object(Illuminate/View/View))
#17 C:/Users/user/MyFiles/ProgmiX/PEX-Form-main/vendor/laravel/framework/src/Illuminate/Routing/Router.php(939): Illuminate/Http/Response->__construct(Object(Illuminate/View/View), 200, Array)
#18 C:/Users/user/MyFiles/ProgmiX/PEX-Form-main/vendor/laravel/framework/src/Illuminate/Routing/Router.php(906): Illuminate/Routing/Router::toResponse(Object(Illuminate/Http/Request), Object(Illuminate/View/View))
#19 C:/Users/user/MyFiles/ProgmiX/PEX-Form-main/vendor/laravel/framework/src/Illuminate/Routing/Router.php(821): Illuminate/Routing/Router->prepareResponse(Object(Illuminate/Http/Request), Object(Illuminate/View/View))
#20 C:/Users/user/MyFiles/ProgmiX/PEX-Form-main/vendor/laravel/framework/src/Illuminate/Pipeline/Pipeline.php(180): Illuminate/Routing/Router->Illuminate/Routing/{closure}(Object(Illuminate/Http/Request))
#21 C:/Users/user/MyFiles/ProgmiX/PEX-Form-main/modules/Frontend/Http/Middleware/Locale.php(49): Illuminate/Pipeline/Pipeline->Illuminate/Pipeline/{closure}(Object(Illuminate/Http/Request))
#22 C:/Users/user/MyFiles/ProgmiX/PEX-Form-main/vendor/laravel/framework/src/Illuminate/Pipeline/Pipeline.php(219): Juzaweb/Frontend/Http/Middleware/Locale->handle(Object(Illuminate/Http/Request), Object(Closure))
#23 C:/Users/user/MyFiles/ProgmiX/PEX-Form-main/modules/Backend/Http/Middleware/SecurityHeaders.php(25): Illuminate/Pipeline/Pipeline->Illuminate/Pipeline/{closure}(Object(Illuminate/Http/Request))
#24 C:/Users/user/MyFiles/ProgmiX/PEX-Form-main/vendor/laravel/framework/src/Illuminate/Pipeline/Pipeline.php(219): Juzaweb/Backend/Http/Middleware/SecurityHeaders->handle(Object(Illuminate/Http/Request), Object(Closure))
#25 C:/Users/user/MyFiles/ProgmiX/PEX-Form-main/vendor/laravel/framework/src/Illuminate/Routing/Middleware/ThrottleRequests.php(166): Illuminate/Pipeline/Pipeline->Illuminate/Pipeline/{closure}(Object(Illuminate/Http/Request))
#26 C:/Users/user/MyFiles/ProgmiX/PEX-Form-main/vendor/laravel/framework/src/Illuminate/Routing/Middleware/ThrottleRequests.php(93): Illuminate/Routing/Middleware/ThrottleRequests->handleRequest(Object(Illuminate/Http/Request), Object(Closure), Array)
#27 C:/Users/user/MyFiles/ProgmiX/PEX-Form-main/vendor/laravel/framework/src/Illuminate/Pipeline/Pipeline.php(219): Illuminate/Routing/Middleware/ThrottleRequests->handle(Object(Illuminate/Http/Request), Object(Closure))
#28 C:/Users/user/MyFiles/ProgmiX/PEX-Form-main/modules/Backend/Http/Middleware/PathTraversal.php(57): Illuminate/Pipeline/Pipeline->Illuminate/Pipeline/{closure}(Object(Illuminate/Http/Request))
#29 C:/Users/user/MyFiles/ProgmiX/PEX-Form-main/vendor/laravel/framework/src/Illuminate/Pipeline/Pipeline.php(219): Juzaweb/Backend/Http/Middleware/PathTraversal->handle(Object(Illuminate/Http/Request), Object(Closure))
#30 C:/Users/user/MyFiles/ProgmiX/PEX-Form-main/modules/Backend/Http/Middleware/XssSanitization.php(44): Illuminate/Pipeline/Pipeline->Illuminate/Pipeline/{closure}(Object(Illuminate/Http/Request))
#31 C:/Users/user/MyFiles/ProgmiX/PEX-Form-main/vendor/laravel/framework/src/Illuminate/Pipeline/Pipeline.php(219): Juzaweb/Backend/Http/Middleware/XssSanitization->handle(Object(Illuminate/Http/Request), Object(Closure))
#32 C:/Users/user/MyFiles/ProgmiX/PEX-Form-main/vendor/spatie/laravel-csp/src/AddCspHeaders.php(13): Illuminate/Pipeline/Pipeline->Illuminate/Pipeline/{closure}(Object(Illuminate/Http/Request))
#33 C:/Users/user/MyFiles/ProgmiX/PEX-Form-main/vendor/laravel/framework/src/Illuminate/Pipeline/Pipeline.php(219): Spatie/Csp/AddCspHeaders->handle(Object(Illuminate/Http/Request), Object(Closure))
#34 C:/Users/user/MyFiles/ProgmiX/PEX-Form-main/vendor/barryvdh/laravel-debugbar/src/Middleware/InjectDebugbar.php(59): Illuminate/Pipeline/Pipeline->Illuminate/Pipeline/{closure}(Object(Illuminate/Http/Request))
#35 C:/Users/user/MyFiles/ProgmiX/PEX-Form-main/vendor/laravel/framework/src/Illuminate/Pipeline/Pipeline.php(219): Barryvdh/Debugbar/Middleware/InjectDebugbar->handle(Object(Illuminate/Http/Request), Object(Closure))
#36 C:/Users/user/MyFiles/ProgmiX/PEX-Form-main/modules/CMS/Http/Middleware/XFrameHeadersMiddleware.php(41): Illuminate/Pipeline/Pipeline->Illuminate/Pipeline/{closure}(Object(Illuminate/Http/Request))
#37 C:/Users/user/MyFiles/ProgmiX/PEX-Form-main/vendor/laravel/framework/src/Illuminate/Pipeline/Pipeline.php(219): Juzaweb/CMS/Http/Middleware/XFrameHeadersMiddleware->handle(Object(Illuminate/Http/Request), Object(Closure))
#38 C:/Users/user/MyFiles/ProgmiX/PEX-Form-main/vendor/laravel/framework/src/Illuminate/Routing/Middleware/SubstituteBindings.php(50): Illuminate/Pipeline/Pipeline->Illuminate/Pipeline/{closure}(Object(Illuminate/Http/Request))
#39 C:/Users/user/MyFiles/ProgmiX/PEX-Form-main/vendor/laravel/framework/src/Illuminate/Pipeline/Pipeline.php(219): Illuminate/Routing/Middleware/SubstituteBindings->handle(Object(Illuminate/Http/Request), Object(Closure))
#40 C:/Users/user/MyFiles/ProgmiX/PEX-Form-main/vendor/laravel/framework/src/Illuminate/Cookie/Middleware/AddQueuedCookiesToResponse.php(36): Illuminate/Pipeline/Pipeline->Illuminate/Pipeline/{closure}(Object(Illuminate/Http/Request))
#41 C:/Users/user/MyFiles/ProgmiX/PEX-Form-main/vendor/laravel/framework/src/Illuminate/Pipeline/Pipeline.php(219): Illuminate/Cookie/Middleware/AddQueuedCookiesToResponse->handle(Object(Illuminate/Http/Request), Object(Closure))
#42 C:/Users/user/MyFiles/ProgmiX/PEX-Form-main/vendor/laravel/framework/src/Illuminate/View/Middleware/ShareErrorsFromSession.php(48): Illuminate/Pipeline/Pipeline->Illuminate/Pipeline/{closure}(Object(Illuminate/Http/Request))
#43 C:/Users/user/MyFiles/ProgmiX/PEX-Form-main/modules/Backend/Http/Middleware/ShareErrorsUnlessBot.php(24): Illuminate/View/Middleware/ShareErrorsFromSession->handle(Object(Illuminate/Http/Request), Object(Closure))
#44 C:/Users/user/MyFiles/ProgmiX/PEX-Form-main/vendor/laravel/framework/src/Illuminate/Pipeline/Pipeline.php(219): Juzaweb/Backend/Http/Middleware/ShareErrorsUnlessBot->handle(Object(Illuminate/Http/Request), Object(Closure))
#45 C:/Users/user/MyFiles/ProgmiX/PEX-Form-main/vendor/laravel/framework/src/Illuminate/Session/Middleware/StartSession.php(120): Illuminate/Pipeline/Pipeline->Illuminate/Pipeline/{closure}(Object(Illuminate/Http/Request))
#46 C:/Users/user/MyFiles/ProgmiX/PEX-Form-main/vendor/laravel/framework/src/Illuminate/Session/Middleware/StartSession.php(63): Illuminate/Session/Middleware/StartSession->handleStatefulRequest(Object(Illuminate/Http/Request), Object(Illuminate/Session/Store), Object(Closure))
#47 C:/Users/user/MyFiles/ProgmiX/PEX-Form-main/modules/Backend/Http/Middleware/SkipSessionForBots.php(24): Illuminate/Session/Middleware/StartSession->handle(Object(Illuminate/Http/Request), Object(Closure))
#48 C:/Users/user/MyFiles/ProgmiX/PEX-Form-main/vendor/laravel/framework/src/Illuminate/Pipeline/Pipeline.php(219): Juzaweb/Backend/Http/Middleware/SkipSessionForBots->handle(Object(Illuminate/Http/Request), Object(Closure))
#49 C:/Users/user/MyFiles/ProgmiX/PEX-Form-main/vendor/laravel/framework/src/Illuminate/Cookie/Middleware/EncryptCookies.php(74): Illuminate/Pipeline/Pipeline->Illuminate/Pipeline/{closure}(Object(Illuminate/Http/Request))
#50 C:/Users/user/MyFiles/ProgmiX/PEX-Form-main/vendor/laravel/framework/src/Illuminate/Pipeline/Pipeline.php(219): Illuminate/Cookie/Middleware/EncryptCookies->handle(Object(Illuminate/Http/Request), Object(Closure))
#51 C:/Users/user/MyFiles/ProgmiX/PEX-Form-main/modules/CMS/Http/Middleware/GlobalMiddleware.php(11): Illuminate/Pipeline/Pipeline->Illuminate/Pipeline/{closure}(Object(Illuminate/Http/Request))
#52 C:/Users/user/MyFiles/ProgmiX/PEX-Form-main/vendor/laravel/framework/src/Illuminate/Pipeline/Pipeline.php(219): Juzaweb/CMS/Http/Middleware/GlobalMiddleware->handle(Object(Illuminate/Http/Request), Object(Closure))
#53 C:/Users/user/MyFiles/ProgmiX/PEX-Form-main/modules/Backend/Http/Middleware/DisableSessionForBots.php(30): Illuminate/Pipeline/Pipeline->Illuminate/Pipeline/{closure}(Object(Illuminate/Http/Request))
#54 C:/Users/user/MyFiles/ProgmiX/PEX-Form-main/vendor/laravel/framework/src/Illuminate/Pipeline/Pipeline.php(219): Juzaweb/Backend/Http/Middleware/DisableSessionForBots->handle(Object(Illuminate/Http/Request), Object(Closure))
#55 C:/Users/user/MyFiles/ProgmiX/PEX-Form-main/vendor/laravel/framework/src/Illuminate/Pipeline/Pipeline.php(137): Illuminate/Pipeline/Pipeline->Illuminate/Pipeline/{closure}(Object(Illuminate/Http/Request))
#56 C:/Users/user/MyFiles/ProgmiX/PEX-Form-main/vendor/laravel/framework/src/Illuminate/Routing/Router.php(821): Illuminate/Pipeline/Pipeline->then(Object(Closure))
#57 C:/Users/user/MyFiles/ProgmiX/PEX-Form-main/vendor/laravel/framework/src/Illuminate/Routing/Router.php(800): Illuminate/Routing/Router->runRouteWithinStack(Object(Illuminate/Routing/Route), Object(Illuminate/Http/Request))
#58 C:/Users/user/MyFiles/ProgmiX/PEX-Form-main/vendor/laravel/framework/src/Illuminate/Routing/Router.php(764): Illuminate/Routing/Router->runRoute(Object(Illuminate/Http/Request), Object(Illuminate/Routing/Route))
#59 C:/Users/user/MyFiles/ProgmiX/PEX-Form-main/vendor/laravel/framework/src/Illuminate/Routing/Router.php(753): Illuminate/Routing/Router->dispatchToRoute(Object(Illuminate/Http/Request))
#60 C:/Users/user/MyFiles/ProgmiX/PEX-Form-main/vendor/laravel/framework/src/Illuminate/Foundation/Http/Kernel.php(200): Illuminate/Routing/Router->dispatch(Object(Illuminate/Http/Request))
#61 C:/Users/user/MyFiles/ProgmiX/PEX-Form-main/vendor/laravel/framework/src/Illuminate/Pipeline/Pipeline.php(180): Illuminate/Foundation/Http/Kernel->Illuminate/Foundation/Http/{closure}(Object(Illuminate/Http/Request))
#62 C:/Users/user/MyFiles/ProgmiX/PEX-Form-main/vendor/barryvdh/laravel-debugbar/src/Middleware/InjectDebugbar.php(59): Illuminate/Pipeline/Pipeline->Illuminate/Pipeline/{closure}(Object(Illuminate/Http/Request))
#63 C:/Users/user/MyFiles/ProgmiX/PEX-Form-main/vendor/laravel/framework/src/Illuminate/Pipeline/Pipeline.php(219): Barryvdh/Debugbar/Middleware/InjectDebugbar->handle(Object(Illuminate/Http/Request), Object(Closure))
#64 C:/Users/user/MyFiles/ProgmiX/PEX-Form-main/modules/Backend/Http/Middleware/BlockIpMiddleware.php(31): Illuminate/Pipeline/Pipeline->Illuminate/Pipeline/{closure}(Object(Illuminate/Http/Request))
#65 C:/Users/user/MyFiles/ProgmiX/PEX-Form-main/vendor/laravel/framework/src/Illuminate/Pipeline/Pipeline.php(219): Juzaweb/Backend/Http/Middleware/BlockIpMiddleware->handle(Object(Illuminate/Http/Request), Object(Closure))
#66 C:/Users/user/MyFiles/ProgmiX/PEX-Form-main/modules/Backend/Http/Middleware/SecurityHeaders.php(25): Illuminate/Pipeline/Pipeline->Illuminate/Pipeline/{closure}(Object(Illuminate/Http/Request))
#67 C:/Users/user/MyFiles/ProgmiX/PEX-Form-main/vendor/laravel/framework/src/Illuminate/Pipeline/Pipeline.php(219): Juzaweb/Backend/Http/Middleware/SecurityHeaders->handle(Object(Illuminate/Http/Request), Object(Closure))
#68 C:/Users/user/MyFiles/ProgmiX/PEX-Form-main/vendor/laravel/framework/src/Illuminate/Foundation/Http/Middleware/TransformsRequest.php(21): Illuminate/Pipeline/Pipeline->Illuminate/Pipeline/{closure}(Object(Illuminate/Http/Request))
#69 C:/Users/user/MyFiles/ProgmiX/PEX-Form-main/vendor/laravel/framework/src/Illuminate/Foundation/Http/Middleware/ConvertEmptyStringsToNull.php(31): Illuminate/Foundation/Http/Middleware/TransformsRequest->handle(Object(Illuminate/Http/Request), Object(Closure))
#70 C:/Users/user/MyFiles/ProgmiX/PEX-Form-main/vendor/laravel/framework/src/Illuminate/Pipeline/Pipeline.php(219): Illuminate/Foundation/Http/Middleware/ConvertEmptyStringsToNull->handle(Object(Illuminate/Http/Request), Object(Closure))
#71 C:/Users/user/MyFiles/ProgmiX/PEX-Form-main/vendor/laravel/framework/src/Illuminate/Foundation/Http/Middleware/TransformsRequest.php(21): Illuminate/Pipeline/Pipeline->Illuminate/Pipeline/{closure}(Object(Illuminate/Http/Request))
#72 C:/Users/user/MyFiles/ProgmiX/PEX-Form-main/vendor/laravel/framework/src/Illuminate/Foundation/Http/Middleware/TrimStrings.php(51): Illuminate/Foundation/Http/Middleware/TransformsRequest->handle(Object(Illuminate/Http/Request), Object(Closure))
#73 C:/Users/user/MyFiles/ProgmiX/PEX-Form-main/vendor/laravel/framework/src/Illuminate/Pipeline/Pipeline.php(219): Illuminate/Foundation/Http/Middleware/TrimStrings->handle(Object(Illuminate/Http/Request), Object(Closure))
#74 C:/Users/user/MyFiles/ProgmiX/PEX-Form-main/vendor/laravel/framework/src/Illuminate/Http/Middleware/ValidatePostSize.php(27): Illuminate/Pipeline/Pipeline->Illuminate/Pipeline/{closure}(Object(Illuminate/Http/Request))
#75 C:/Users/user/MyFiles/ProgmiX/PEX-Form-main/vendor/laravel/framework/src/Illuminate/Pipeline/Pipeline.php(219): Illuminate/Http/Middleware/ValidatePostSize->handle(Object(Illuminate/Http/Request), Object(Closure))
#76 C:/Users/user/MyFiles/ProgmiX/PEX-Form-main/vendor/laravel/framework/src/Illuminate/Foundation/Http/Middleware/PreventRequestsDuringMaintenance.php(109): Illuminate/Pipeline/Pipeline->Illuminate/Pipeline/{closure}(Object(Illuminate/Http/Request))
#77 C:/Users/user/MyFiles/ProgmiX/PEX-Form-main/vendor/laravel/framework/src/Illuminate/Pipeline/Pipeline.php(219): Illuminate/Foundation/Http/Middleware/PreventRequestsDuringMaintenance->handle(Object(Illuminate/Http/Request), Object(Closure))
#78 C:/Users/user/MyFiles/ProgmiX/PEX-Form-main/vendor/laravel/framework/src/Illuminate/Http/Middleware/HandleCors.php(61): Illuminate/Pipeline/Pipeline->Illuminate/Pipeline/{closure}(Object(Illuminate/Http/Request))
#79 C:/Users/user/MyFiles/ProgmiX/PEX-Form-main/vendor/laravel/framework/src/Illuminate/Pipeline/Pipeline.php(219): Illuminate/Http/Middleware/HandleCors->handle(Object(Illuminate/Http/Request), Object(Closure))
#80 C:/Users/user/MyFiles/ProgmiX/PEX-Form-main/vendor/laravel/framework/src/Illuminate/Http/Middleware/TrustProxies.php(58): Illuminate/Pipeline/Pipeline->Illuminate/Pipeline/{closure}(Object(Illuminate/Http/Request))
#81 C:/Users/user/MyFiles/ProgmiX/PEX-Form-main/vendor/laravel/framework/src/Illuminate/Pipeline/Pipeline.php(219): Illuminate/Http/Middleware/TrustProxies->handle(Object(Illuminate/Http/Request), Object(Closure))
#82 C:/Users/user/MyFiles/ProgmiX/PEX-Form-main/vendor/laravel/framework/src/Illuminate/Pipeline/Pipeline.php(137): Illuminate/Pipeline/Pipeline->Illuminate/Pipeline/{closure}(Object(Illuminate/Http/Request))
#83 C:/Users/user/MyFiles/ProgmiX/PEX-Form-main/vendor/laravel/framework/src/Illuminate/Foundation/Http/Kernel.php(175): Illuminate/Pipeline/Pipeline->then(Object(Closure))
#84 C:/Users/user/MyFiles/ProgmiX/PEX-Form-main/vendor/laravel/framework/src/Illuminate/Foundation/Http/Kernel.php(144): Illuminate/Foundation/Http/Kernel->sendRequestThroughRouter(Object(Illuminate/Http/Request))
#85 C:/Users/user/MyFiles/ProgmiX/PEX-Form-main/public/index.php(51): Illuminate/Foundation/Http/Kernel->handle(Object(Illuminate/Http/Request))
#86 C:/Users/user/MyFiles/ProgmiX/PEX-Form-main/vendor/laravel/framework/src/Illuminate/Foundation/resources/server.php(23): require_once('C://Users//user//M...')
#87 {main}

[previous exception] [object] (ErrorException(code: 0): Undefined array key \"mapEmbedUrl\" at C:/Users/user/MyFiles/ProgmiX/PEX-Form-main/storage/framework/views/a84ddf431c771032d0234d77e02450d7.php:13)
[stacktrace]
#0 C:/Users/user/MyFiles/ProgmiX/PEX-Form-main/vendor/laravel/framework/src/Illuminate/Foundation/Bootstrap/HandleExceptions.php(262): Illuminate/Foundation/Bootstrap/HandleExceptions->handleError(2, 'Undefined array...', 'C://Users//user//M...', 13)
#1 C:/Users/user/MyFiles/ProgmiX/PEX-Form-main/storage/framework/views/a84ddf431c771032d0234d77e02450d7.php(13): Illuminate/Foundation/Bootstrap/HandleExceptions->Illuminate/Foundation/Bootstrap/{closure}(2, 'Undefined array...', 'C://Users//user//M...', 13)
#2 C:/Users/user/MyFiles/ProgmiX/PEX-Form-main/vendor/laravel/framework/src/Illuminate/Filesystem/Filesystem.php(123): require('C://Users//user//M...')
#3 C:/Users/user/MyFiles/ProgmiX/PEX-Form-main/vendor/laravel/framework/src/Illuminate/Filesystem/Filesystem.php(124): Illuminate/Filesystem/Filesystem::Illuminate/Filesystem/{closure}()
#4 C:/Users/user/MyFiles/ProgmiX/PEX-Form-main/vendor/laravel/framework/src/Illuminate/View/Engines/PhpEngine.php(57): Illuminate/Filesystem/Filesystem->getRequire('C://Users//user//M...', Array)
#5 C:/Users/user/MyFiles/ProgmiX/PEX-Form-main/vendor/laravel/framework/src/Illuminate/View/Engines/CompilerEngine.php(76): Illuminate/View/Engines/PhpEngine->evaluatePath('C://Users//user//M...', Array)
#6 C:/Users/user/MyFiles/ProgmiX/PEX-Form-main/vendor/laravel/framework/src/Illuminate/View/View.php(208): Illuminate/View/Engines/CompilerEngine->get('C://Users//user//M...', Array)
#7 C:/Users/user/MyFiles/ProgmiX/PEX-Form-main/vendor/laravel/framework/src/Illuminate/View/View.php(191): Illuminate/View/View->getContents()
#8 C:/Users/user/MyFiles/ProgmiX/PEX-Form-main/vendor/laravel/framework/src/Illuminate/View/View.php(160): Illuminate/View/View->renderContents()
#9 C:/Users/user/MyFiles/ProgmiX/PEX-Form-main/storage/framework/views/078e945ecbf82d678121cbf4f8650dce.php(1): Illuminate/View/View->render()
#10 C:/Users/user/MyFiles/ProgmiX/PEX-Form-main/vendor/laravel/framework/src/Illuminate/Filesystem/Filesystem.php(123): require('C://Users//user//M...')
#11 C:/Users/user/MyFiles/ProgmiX/PEX-Form-main/vendor/laravel/framework/src/Illuminate/Filesystem/Filesystem.php(124): Illuminate/Filesystem/Filesystem::Illuminate/Filesystem/{closure}()
#12 C:/Users/user/MyFiles/ProgmiX/PEX-Form-main/vendor/laravel/framework/src/Illuminate/View/Engines/PhpEngine.php(57): Illuminate/Filesystem/Filesystem->getRequire('C://Users//user//M...', Array)
#13 C:/Users/user/MyFiles/ProgmiX/PEX-Form-main/vendor/laravel/framework/src/Illuminate/View/Engines/CompilerEngine.php(76): Illuminate/View/Engines/PhpEngine->evaluatePath('C://Users//user//M...', Array)
#14 C:/Users/user/MyFiles/ProgmiX/PEX-Form-main/vendor/laravel/framework/src/Illuminate/View/View.php(208): Illuminate/View/Engines/CompilerEngine->get('C://Users//user//M...', Array)
#15 C:/Users/user/MyFiles/ProgmiX/PEX-Form-main/vendor/laravel/framework/src/Illuminate/View/View.php(191): Illuminate/View/View->getContents()
#16 C:/Users/user/MyFiles/ProgmiX/PEX-Form-main/vendor/laravel/framework/src/Illuminate/View/View.php(160): Illuminate/View/View->renderContents()
#17 C:/Users/user/MyFiles/ProgmiX/PEX-Form-main/vendor/laravel/framework/src/Illuminate/Http/Response.php(78): Illuminate/View/View->render()
#18 C:/Users/user/MyFiles/ProgmiX/PEX-Form-main/vendor/laravel/framework/src/Illuminate/Http/Response.php(34): Illuminate/Http/Response->setContent(Object(Illuminate/View/View))
#19 C:/Users/user/MyFiles/ProgmiX/PEX-Form-main/vendor/laravel/framework/src/Illuminate/Routing/Router.php(939): Illuminate/Http/Response->__construct(Object(Illuminate/View/View), 200, Array)
#20 C:/Users/user/MyFiles/ProgmiX/PEX-Form-main/vendor/laravel/framework/src/Illuminate/Routing/Router.php(906): Illuminate/Routing/Router::toResponse(Object(Illuminate/Http/Request), Object(Illuminate/View/View))
#21 C:/Users/user/MyFiles/ProgmiX/PEX-Form-main/vendor/laravel/framework/src/Illuminate/Routing/Router.php(821): Illuminate/Routing/Router->prepareResponse(Object(Illuminate/Http/Request), Object(Illuminate/View/View))
#22 C:/Users/user/MyFiles/ProgmiX/PEX-Form-main/vendor/laravel/framework/src/Illuminate/Pipeline/Pipeline.php(180): Illuminate/Routing/Router->Illuminate/Routing/{closure}(Object(Illuminate/Http/Request))
#23 C:/Users/user/MyFiles/ProgmiX/PEX-Form-main/modules/Frontend/Http/Middleware/Locale.php(49): Illuminate/Pipeline/Pipeline->Illuminate/Pipeline/{closure}(Object(Illuminate/Http/Request))
#24 C:/Users/user/MyFiles/ProgmiX/PEX-Form-main/vendor/laravel/framework/src/Illuminate/Pipeline/Pipeline.php(219): Juzaweb/Frontend/Http/Middleware/Locale->handle(Object(Illuminate/Http/Request), Object(Closure))
#25 C:/Users/user/MyFiles/ProgmiX/PEX-Form-main/modules/Backend/Http/Middleware/SecurityHeaders.php(25): Illuminate/Pipeline/Pipeline->Illuminate/Pipeline/{closure}(Object(Illuminate/Http/Request))
#26 C:/Users/user/MyFiles/ProgmiX/PEX-Form-main/vendor/laravel/framework/src/Illuminate/Pipeline/Pipeline.php(219): Juzaweb/Backend/Http/Middleware/SecurityHeaders->handle(Object(Illuminate/Http/Request), Object(Closure))
#27 C:/Users/user/MyFiles/ProgmiX/PEX-Form-main/vendor/laravel/framework/src/Illuminate/Routing/Middleware/ThrottleRequests.php(166): Illuminate/Pipeline/Pipeline->Illuminate/Pipeline/{closure}(Object(Illuminate/Http/Request))
#28 C:/Users/user/MyFiles/ProgmiX/PEX-Form-main/vendor/laravel/framework/src/Illuminate/Routing/Middleware/ThrottleRequests.php(93): Illuminate/Routing/Middleware/ThrottleRequests->handleRequest(Object(Illuminate/Http/Request), Object(Closure), Array)
#29 C:/Users/user/MyFiles/ProgmiX/PEX-Form-main/vendor/laravel/framework/src/Illuminate/Pipeline/Pipeline.php(219): Illuminate/Routing/Middleware/ThrottleRequests->handle(Object(Illuminate/Http/Request), Object(Closure))
#30 C:/Users/user/MyFiles/ProgmiX/PEX-Form-main/modules/Backend/Http/Middleware/PathTraversal.php(57): Illuminate/Pipeline/Pipeline->Illuminate/Pipeline/{closure}(Object(Illuminate/Http/Request))
#31 C:/Users/user/MyFiles/ProgmiX/PEX-Form-main/vendor/laravel/framework/src/Illuminate/Pipeline/Pipeline.php(219): Juzaweb/Backend/Http/Middleware/PathTraversal->handle(Object(Illuminate/Http/Request), Object(Closure))
#32 C:/Users/user/MyFiles/ProgmiX/PEX-Form-main/modules/Backend/Http/Middleware/XssSanitization.php(44): Illuminate/Pipeline/Pipeline->Illuminate/Pipeline/{closure}(Object(Illuminate/Http/Request))
#33 C:/Users/user/MyFiles/ProgmiX/PEX-Form-main/vendor/laravel/framework/src/Illuminate/Pipeline/Pipeline.php(219): Juzaweb/Backend/Http/Middleware/XssSanitization->handle(Object(Illuminate/Http/Request), Object(Closure))
#34 C:/Users/user/MyFiles/ProgmiX/PEX-Form-main/vendor/spatie/laravel-csp/src/AddCspHeaders.php(13): Illuminate/Pipeline/Pipeline->Illuminate/Pipeline/{closure}(Object(Illuminate/Http/Request))
#35 C:/Users/user/MyFiles/ProgmiX/PEX-Form-main/vendor/laravel/framework/src/Illuminate/Pipeline/Pipeline.php(219): Spatie/Csp/AddCspHeaders->handle(Object(Illuminate/Http/Request), Object(Closure))
#36 C:/Users/user/MyFiles/ProgmiX/PEX-Form-main/vendor/barryvdh/laravel-debugbar/src/Middleware/InjectDebugbar.php(59): Illuminate/Pipeline/Pipeline->Illuminate/Pipeline/{closure}(Object(Illuminate/Http/Request))
#37 C:/Users/user/MyFiles/ProgmiX/PEX-Form-main/vendor/laravel/framework/src/Illuminate/Pipeline/Pipeline.php(219): Barryvdh/Debugbar/Middleware/InjectDebugbar->handle(Object(Illuminate/Http/Request), Object(Closure))
#38 C:/Users/user/MyFiles/ProgmiX/PEX-Form-main/modules/CMS/Http/Middleware/XFrameHeadersMiddleware.php(41): Illuminate/Pipeline/Pipeline->Illuminate/Pipeline/{closure}(Object(Illuminate/Http/Request))
#39 C:/Users/user/MyFiles/ProgmiX/PEX-Form-main/vendor/laravel/framework/src/Illuminate/Pipeline/Pipeline.php(219): Juzaweb/CMS/Http/Middleware/XFrameHeadersMiddleware->handle(Object(Illuminate/Http/Request), Object(Closure))
#40 C:/Users/user/MyFiles/ProgmiX/PEX-Form-main/vendor/laravel/framework/src/Illuminate/Routing/Middleware/SubstituteBindings.php(50): Illuminate/Pipeline/Pipeline->Illuminate/Pipeline/{closure}(Object(Illuminate/Http/Request))
#41 C:/Users/user/MyFiles/ProgmiX/PEX-Form-main/vendor/laravel/framework/src/Illuminate/Pipeline/Pipeline.php(219): Illuminate/Routing/Middleware/SubstituteBindings->handle(Object(Illuminate/Http/Request), Object(Closure))
#42 C:/Users/user/MyFiles/ProgmiX/PEX-Form-main/vendor/laravel/framework/src/Illuminate/Cookie/Middleware/AddQueuedCookiesToResponse.php(36): Illuminate/Pipeline/Pipeline->Illuminate/Pipeline/{closure}(Object(Illuminate/Http/Request))
#43 C:/Users/user/MyFiles/ProgmiX/PEX-Form-main/vendor/laravel/framework/src/Illuminate/Pipeline/Pipeline.php(219): Illuminate/Cookie/Middleware/AddQueuedCookiesToResponse->handle(Object(Illuminate/Http/Request), Object(Closure))
#44 C:/Users/user/MyFiles/ProgmiX/PEX-Form-main/vendor/laravel/framework/src/Illuminate/View/Middleware/ShareErrorsFromSession.php(48): Illuminate/Pipeline/Pipeline->Illuminate/Pipeline/{closure}(Object(Illuminate/Http/Request))
#45 C:/Users/user/MyFiles/ProgmiX/PEX-Form-main/modules/Backend/Http/Middleware/ShareErrorsUnlessBot.php(24): Illuminate/View/Middleware/ShareErrorsFromSession->handle(Object(Illuminate/Http/Request), Object(Closure))
#46 C:/Users/user/MyFiles/ProgmiX/PEX-Form-main/vendor/laravel/framework/src/Illuminate/Pipeline/Pipeline.php(219): Juzaweb/Backend/Http/Middleware/ShareErrorsUnlessBot->handle(Object(Illuminate/Http/Request), Object(Closure))
#47 C:/Users/user/MyFiles/ProgmiX/PEX-Form-main/vendor/laravel/framework/src/Illuminate/Session/Middleware/StartSession.php(120): Illuminate/Pipeline/Pipeline->Illuminate/Pipeline/{closure}(Object(Illuminate/Http/Request))
#48 C:/Users/user/MyFiles/ProgmiX/PEX-Form-main/vendor/laravel/framework/src/Illuminate/Session/Middleware/StartSession.php(63): Illuminate/Session/Middleware/StartSession->handleStatefulRequest(Object(Illuminate/Http/Request), Object(Illuminate/Session/Store), Object(Closure))
#49 C:/Users/user/MyFiles/ProgmiX/PEX-Form-main/modules/Backend/Http/Middleware/SkipSessionForBots.php(24): Illuminate/Session/Middleware/StartSession->handle(Object(Illuminate/Http/Request), Object(Closure))
#50 C:/Users/user/MyFiles/ProgmiX/PEX-Form-main/vendor/laravel/framework/src/Illuminate/Pipeline/Pipeline.php(219): Juzaweb/Backend/Http/Middleware/SkipSessionForBots->handle(Object(Illuminate/Http/Request), Object(Closure))
#51 C:/Users/user/MyFiles/ProgmiX/PEX-Form-main/vendor/laravel/framework/src/Illuminate/Cookie/Middleware/EncryptCookies.php(74): Illuminate/Pipeline/Pipeline->Illuminate/Pipeline/{closure}(Object(Illuminate/Http/Request))
#52 C:/Users/user/MyFiles/ProgmiX/PEX-Form-main/vendor/laravel/framework/src/Illuminate/Pipeline/Pipeline.php(219): Illuminate/Cookie/Middleware/EncryptCookies->handle(Object(Illuminate/Http/Request), Object(Closure))
#53 C:/Users/user/MyFiles/ProgmiX/PEX-Form-main/modules/CMS/Http/Middleware/GlobalMiddleware.php(11): Illuminate/Pipeline/Pipeline->Illuminate/Pipeline/{closure}(Object(Illuminate/Http/Request))
#54 C:/Users/user/MyFiles/ProgmiX/PEX-Form-main/vendor/laravel/framework/src/Illuminate/Pipeline/Pipeline.php(219): Juzaweb/CMS/Http/Middleware/GlobalMiddleware->handle(Object(Illuminate/Http/Request), Object(Closure))
#55 C:/Users/user/MyFiles/ProgmiX/PEX-Form-main/modules/Backend/Http/Middleware/DisableSessionForBots.php(30): Illuminate/Pipeline/Pipeline->Illuminate/Pipeline/{closure}(Object(Illuminate/Http/Request))
#56 C:/Users/user/MyFiles/ProgmiX/PEX-Form-main/vendor/laravel/framework/src/Illuminate/Pipeline/Pipeline.php(219): Juzaweb/Backend/Http/Middleware/DisableSessionForBots->handle(Object(Illuminate/Http/Request), Object(Closure))
#57 C:/Users/user/MyFiles/ProgmiX/PEX-Form-main/vendor/laravel/framework/src/Illuminate/Pipeline/Pipeline.php(137): Illuminate/Pipeline/Pipeline->Illuminate/Pipeline/{closure}(Object(Illuminate/Http/Request))
#58 C:/Users/user/MyFiles/ProgmiX/PEX-Form-main/vendor/laravel/framework/src/Illuminate/Routing/Router.php(821): Illuminate/Pipeline/Pipeline->then(Object(Closure))
#59 C:/Users/user/MyFiles/ProgmiX/PEX-Form-main/vendor/laravel/framework/src/Illuminate/Routing/Router.php(800): Illuminate/Routing/Router->runRouteWithinStack(Object(Illuminate/Routing/Route), Object(Illuminate/Http/Request))
#60 C:/Users/user/MyFiles/ProgmiX/PEX-Form-main/vendor/laravel/framework/src/Illuminate/Routing/Router.php(764): Illuminate/Routing/Router->runRoute(Object(Illuminate/Http/Request), Object(Illuminate/Routing/Route))
#61 C:/Users/user/MyFiles/ProgmiX/PEX-Form-main/vendor/laravel/framework/src/Illuminate/Routing/Router.php(753): Illuminate/Routing/Router->dispatchToRoute(Object(Illuminate/Http/Request))
#62 C:/Users/user/MyFiles/ProgmiX/PEX-Form-main/vendor/laravel/framework/src/Illuminate/Foundation/Http/Kernel.php(200): Illuminate/Routing/Router->dispatch(Object(Illuminate/Http/Request))
#63 C:/Users/user/MyFiles/ProgmiX/PEX-Form-main/vendor/laravel/framework/src/Illuminate/Pipeline/Pipeline.php(180): Illuminate/Foundation/Http/Kernel->Illuminate/Foundation/Http/{closure}(Object(Illuminate/Http/Request))
#64 C:/Users/user/MyFiles/ProgmiX/PEX-Form-main/vendor/barryvdh/laravel-debugbar/src/Middleware/InjectDebugbar.php(59): Illuminate/Pipeline/Pipeline->Illuminate/Pipeline/{closure}(Object(Illuminate/Http/Request))
#65 C:/Users/user/MyFiles/ProgmiX/PEX-Form-main/vendor/laravel/framework/src/Illuminate/Pipeline/Pipeline.php(219): Barryvdh/Debugbar/Middleware/InjectDebugbar->handle(Object(Illuminate/Http/Request), Object(Closure))
#66 C:/Users/user/MyFiles/ProgmiX/PEX-Form-main/modules/Backend/Http/Middleware/BlockIpMiddleware.php(31): Illuminate/Pipeline/Pipeline->Illuminate/Pipeline/{closure}(Object(Illuminate/Http/Request))
#67 C:/Users/user/MyFiles/ProgmiX/PEX-Form-main/vendor/laravel/framework/src/Illuminate/Pipeline/Pipeline.php(219): Juzaweb/Backend/Http/Middleware/BlockIpMiddleware->handle(Object(Illuminate/Http/Request), Object(Closure))
#68 C:/Users/user/MyFiles/ProgmiX/PEX-Form-main/modules/Backend/Http/Middleware/SecurityHeaders.php(25): Illuminate/Pipeline/Pipeline->Illuminate/Pipeline/{closure}(Object(Illuminate/Http/Request))
#69 C:/Users/user/MyFiles/ProgmiX/PEX-Form-main/vendor/laravel/framework/src/Illuminate/Pipeline/Pipeline.php(219): Juzaweb/Backend/Http/Middleware/SecurityHeaders->handle(Object(Illuminate/Http/Request), Object(Closure))
#70 C:/Users/user/MyFiles/ProgmiX/PEX-Form-main/vendor/laravel/framework/src/Illuminate/Foundation/Http/Middleware/TransformsRequest.php(21): Illuminate/Pipeline/Pipeline->Illuminate/Pipeline/{closure}(Object(Illuminate/Http/Request))
#71 C:/Users/user/MyFiles/ProgmiX/PEX-Form-main/vendor/laravel/framework/src/Illuminate/Foundation/Http/Middleware/ConvertEmptyStringsToNull.php(31): Illuminate/Foundation/Http/Middleware/TransformsRequest->handle(Object(Illuminate/Http/Request), Object(Closure))
#72 C:/Users/user/MyFiles/ProgmiX/PEX-Form-main/vendor/laravel/framework/src/Illuminate/Pipeline/Pipeline.php(219): Illuminate/Foundation/Http/Middleware/ConvertEmptyStringsToNull->handle(Object(Illuminate/Http/Request), Object(Closure))
#73 C:/Users/user/MyFiles/ProgmiX/PEX-Form-main/vendor/laravel/framework/src/Illuminate/Foundation/Http/Middleware/TransformsRequest.php(21): Illuminate/Pipeline/Pipeline->Illuminate/Pipeline/{closure}(Object(Illuminate/Http/Request))
#74 C:/Users/user/MyFiles/ProgmiX/PEX-Form-main/vendor/laravel/framework/src/Illuminate/Foundation/Http/Middleware/TrimStrings.php(51): Illuminate/Foundation/Http/Middleware/TransformsRequest->handle(Object(Illuminate/Http/Request), Object(Closure))
#75 C:/Users/user/MyFiles/ProgmiX/PEX-Form-main/vendor/laravel/framework/src/Illuminate/Pipeline/Pipeline.php(219): Illuminate/Foundation/Http/Middleware/TrimStrings->handle(Object(Illuminate/Http/Request), Object(Closure))
#76 C:/Users/user/MyFiles/ProgmiX/PEX-Form-main/vendor/laravel/framework/src/Illuminate/Http/Middleware/ValidatePostSize.php(27): Illuminate/Pipeline/Pipeline->Illuminate/Pipeline/{closure}(Object(Illuminate/Http/Request))
#77 C:/Users/user/MyFiles/ProgmiX/PEX-Form-main/vendor/laravel/framework/src/Illuminate/Pipeline/Pipeline.php(219): Illuminate/Http/Middleware/ValidatePostSize->handle(Object(Illuminate/Http/Request), Object(Closure))
#78 C:/Users/user/MyFiles/ProgmiX/PEX-Form-main/vendor/laravel/framework/src/Illuminate/Foundation/Http/Middleware/PreventRequestsDuringMaintenance.php(109): Illuminate/Pipeline/Pipeline->Illuminate/Pipeline/{closure}(Object(Illuminate/Http/Request))
#79 C:/Users/user/MyFiles/ProgmiX/PEX-Form-main/vendor/laravel/framework/src/Illuminate/Pipeline/Pipeline.php(219): Illuminate/Foundation/Http/Middleware/PreventRequestsDuringMaintenance->handle(Object(Illuminate/Http/Request), Object(Closure))
#80 C:/Users/user/MyFiles/ProgmiX/PEX-Form-main/vendor/laravel/framework/src/Illuminate/Http/Middleware/HandleCors.php(61): Illuminate/Pipeline/Pipeline->Illuminate/Pipeline/{closure}(Object(Illuminate/Http/Request))
#81 C:/Users/user/MyFiles/ProgmiX/PEX-Form-main/vendor/laravel/framework/src/Illuminate/Pipeline/Pipeline.php(219): Illuminate/Http/Middleware/HandleCors->handle(Object(Illuminate/Http/Request), Object(Closure))
#82 C:/Users/user/MyFiles/ProgmiX/PEX-Form-main/vendor/laravel/framework/src/Illuminate/Http/Middleware/TrustProxies.php(58): Illuminate/Pipeline/Pipeline->Illuminate/Pipeline/{closure}(Object(Illuminate/Http/Request))
#83 C:/Users/user/MyFiles/ProgmiX/PEX-Form-main/vendor/laravel/framework/src/Illuminate/Pipeline/Pipeline.php(219): Illuminate/Http/Middleware/TrustProxies->handle(Object(Illuminate/Http/Request), Object(Closure))
#84 C:/Users/user/MyFiles/ProgmiX/PEX-Form-main/vendor/laravel/framework/src/Illuminate/Pipeline/Pipeline.php(137): Illuminate/Pipeline/Pipeline->Illuminate/Pipeline/{closure}(Object(Illuminate/Http/Request))
#85 C:/Users/user/MyFiles/ProgmiX/PEX-Form-main/vendor/laravel/framework/src/Illuminate/Foundation/Http/Kernel.php(175): Illuminate/Pipeline/Pipeline->then(Object(Closure))
#86 C:/Users/user/MyFiles/ProgmiX/PEX-Form-main/vendor/laravel/framework/src/Illuminate/Foundation/Http/Kernel.php(144): Illuminate/Foundation/Http/Kernel->sendRequestThroughRouter(Object(Illuminate/Http/Request))
#87 C:/Users/user/MyFiles/ProgmiX/PEX-Form-main/public/index.php(51): Illuminate/Foundation/Http/Kernel->handle(Object(Illuminate/Http/Request))
#88 C:/Users/user/MyFiles/ProgmiX/PEX-Form-main/vendor/laravel/framework/src/Illuminate/Foundation/resources/server.php(23): require_once('C://Users//user//M...')
#89 {main}
"} 
[2026-09-30 09:17:10] local.ERROR: Undefined array key "mapEmbedUrl" {"userId":1,"exception":"[object] (Spatie\\LaravelIgnition\\Exceptions\\ViewException(code: 0): Undefined array key \"mapEmbedUrl\" at C:/Users/user/MyFiles/ProgmiX/PEX-Form-main/modules/Frontend/resources/views/templates/homepage/pex/contact.blade.php:13)
[stacktrace]
#0 C:/Users/user/MyFiles/ProgmiX/PEX-Form-main/vendor/laravel/framework/src/Illuminate/Filesystem/Filesystem.php(123): require('C://Users//user//M...')
#1 C:/Users/user/MyFiles/ProgmiX/PEX-Form-main/vendor/laravel/framework/src/Illuminate/Filesystem/Filesystem.php(124): Illuminate/Filesystem/Filesystem::Illuminate/Filesystem/{closure}()
#2 C:/Users/user/MyFiles/ProgmiX/PEX-Form-main/vendor/laravel/framework/src/Illuminate/View/Engines/PhpEngine.php(57): Illuminate/Filesystem/Filesystem->getRequire('C://Users//user//M...', Array)
#3 C:/Users/user/MyFiles/ProgmiX/PEX-Form-main/vendor/laravel/framework/src/Illuminate/View/Engines/CompilerEngine.php(76): Illuminate/View/Engines/PhpEngine->evaluatePath('C://Users//user//M...', Array)
#4 C:/Users/user/MyFiles/ProgmiX/PEX-Form-main/vendor/laravel/framework/src/Illuminate/View/View.php(208): Illuminate/View/Engines/CompilerEngine->get('C://Users//user//M...', Array)
#5 C:/Users/user/MyFiles/ProgmiX/PEX-Form-main/vendor/laravel/framework/src/Illuminate/View/View.php(191): Illuminate/View/View->getContents()
#6 C:/Users/user/MyFiles/ProgmiX/PEX-Form-main/vendor/laravel/framework/src/Illuminate/View/View.php(160): Illuminate/View/View->renderContents()
#7 C:/Users/user/MyFiles/ProgmiX/PEX-Form-main/modules/Frontend/resources/views/home.blade.php(1): Illuminate/View/View->render()
#8 C:/Users/user/MyFiles/ProgmiX/PEX-Form-main/vendor/laravel/framework/src/Illuminate/Filesystem/Filesystem.php(123): require('C://Users//user//M...')
#9 C:/Users/user/MyFiles/ProgmiX/PEX-Form-main/vendor/laravel/framework/src/Illuminate/Filesystem/Filesystem.php(124): Illuminate/Filesystem/Filesystem::Illuminate/Filesystem/{closure}()
#10 C:/Users/user/MyFiles/ProgmiX/PEX-Form-main/vendor/laravel/framework/src/Illuminate/View/Engines/PhpEngine.php(57): Illuminate/Filesystem/Filesystem->getRequire('C://Users//user//M...', Array)
#11 C:/Users/user/MyFiles/ProgmiX/PEX-Form-main/vendor/laravel/framework/src/Illuminate/View/Engines/CompilerEngine.php(76): Illuminate/View/Engines/PhpEngine->evaluatePath('C://Users//user//M...', Array)
#12 C:/Users/user/MyFiles/ProgmiX/PEX-Form-main/vendor/laravel/framework/src/Illuminate/View/View.php(208): Illuminate/View/Engines/CompilerEngine->get('C://Users//user//M...', Array)
#13 C:/Users/user/MyFiles/ProgmiX/PEX-Form-main/vendor/laravel/framework/src/Illuminate/View/View.php(191): Illuminate/View/View->getContents()
#14 C:/Users/user/MyFiles/ProgmiX/PEX-Form-main/vendor/laravel/framework/src/Illuminate/View/View.php(160): Illuminate/View/View->renderContents()
#15 C:/Users/user/MyFiles/ProgmiX/PEX-Form-main/vendor/laravel/framework/src/Illuminate/Http/Response.php(78): Illuminate/View/View->render()
#16 C:/Users/user/MyFiles/ProgmiX/PEX-Form-main/vendor/laravel/framework/src/Illuminate/Http/Response.php(34): Illuminate/Http/Response->setContent(Object(Illuminate/View/View))
#17 C:/Users/user/MyFiles/ProgmiX/PEX-Form-main/vendor/laravel/framework/src/Illuminate/Routing/Router.php(939): Illuminate/Http/Response->__construct(Object(Illuminate/View/View), 200, Array)
#18 C:/Users/user/MyFiles/ProgmiX/PEX-Form-main/vendor/laravel/framework/src/Illuminate/Routing/Router.php(906): Illuminate/Routing/Router::toResponse(Object(Illuminate/Http/Request), Object(Illuminate/View/View))
#19 C:/Users/user/MyFiles/ProgmiX/PEX-Form-main/vendor/laravel/framework/src/Illuminate/Routing/Router.php(821): Illuminate/Routing/Router->prepareResponse(Object(Illuminate/Http/Request), Object(Illuminate/View/View))
#20 C:/Users/user/MyFiles/ProgmiX/PEX-Form-main/vendor/laravel/framework/src/Illuminate/Pipeline/Pipeline.php(180): Illuminate/Routing/Router->Illuminate/Routing/{closure}(Object(Illuminate/Http/Request))
#21 C:/Users/user/MyFiles/ProgmiX/PEX-Form-main/modules/Frontend/Http/Middleware/Locale.php(49): Illuminate/Pipeline/Pipeline->Illuminate/Pipeline/{closure}(Object(Illuminate/Http/Request))
#22 C:/Users/user/MyFiles/ProgmiX/PEX-Form-main/vendor/laravel/framework/src/Illuminate/Pipeline/Pipeline.php(219): Juzaweb/Frontend/Http/Middleware/Locale->handle(Object(Illuminate/Http/Request), Object(Closure))
#23 C:/Users/user/MyFiles/ProgmiX/PEX-Form-main/modules/Backend/Http/Middleware/SecurityHeaders.php(25): Illuminate/Pipeline/Pipeline->Illuminate/Pipeline/{closure}(Object(Illuminate/Http/Request))
#24 C:/Users/user/MyFiles/ProgmiX/PEX-Form-main/vendor/laravel/framework/src/Illuminate/Pipeline/Pipeline.php(219): Juzaweb/Backend/Http/Middleware/SecurityHeaders->handle(Object(Illuminate/Http/Request), Object(Closure))
#25 C:/Users/user/MyFiles/ProgmiX/PEX-Form-main/vendor/laravel/framework/src/Illuminate/Routing/Middleware/ThrottleRequests.php(166): Illuminate/Pipeline/Pipeline->Illuminate/Pipeline/{closure}(Object(Illuminate/Http/Request))
#26 C:/Users/user/MyFiles/ProgmiX/PEX-Form-main/vendor/laravel/framework/src/Illuminate/Routing/Middleware/ThrottleRequests.php(93): Illuminate/Routing/Middleware/ThrottleRequests->handleRequest(Object(Illuminate/Http/Request), Object(Closure), Array)
#27 C:/Users/user/MyFiles/ProgmiX/PEX-Form-main/vendor/laravel/framework/src/Illuminate/Pipeline/Pipeline.php(219): Illuminate/Routing/Middleware/ThrottleRequests->handle(Object(Illuminate/Http/Request), Object(Closure))
#28 C:/Users/user/MyFiles/ProgmiX/PEX-Form-main/modules/Backend/Http/Middleware/PathTraversal.php(57): Illuminate/Pipeline/Pipeline->Illuminate/Pipeline/{closure}(Object(Illuminate/Http/Request))
#29 C:/Users/user/MyFiles/ProgmiX/PEX-Form-main/vendor/laravel/framework/src/Illuminate/Pipeline/Pipeline.php(219): Juzaweb/Backend/Http/Middleware/PathTraversal->handle(Object(Illuminate/Http/Request), Object(Closure))
#30 C:/Users/user/MyFiles/ProgmiX/PEX-Form-main/modules/Backend/Http/Middleware/XssSanitization.php(44): Illuminate/Pipeline/Pipeline->Illuminate/Pipeline/{closure}(Object(Illuminate/Http/Request))
#31 C:/Users/user/MyFiles/ProgmiX/PEX-Form-main/vendor/laravel/framework/src/Illuminate/Pipeline/Pipeline.php(219): Juzaweb/Backend/Http/Middleware/XssSanitization->handle(Object(Illuminate/Http/Request), Object(Closure))
#32 C:/Users/user/MyFiles/ProgmiX/PEX-Form-main/vendor/spatie/laravel-csp/src/AddCspHeaders.php(13): Illuminate/Pipeline/Pipeline->Illuminate/Pipeline/{closure}(Object(Illuminate/Http/Request))
#33 C:/Users/user/MyFiles/ProgmiX/PEX-Form-main/vendor/laravel/framework/src/Illuminate/Pipeline/Pipeline.php(219): Spatie/Csp/AddCspHeaders->handle(Object(Illuminate/Http/Request), Object(Closure))
#34 C:/Users/user/MyFiles/ProgmiX/PEX-Form-main/vendor/barryvdh/laravel-debugbar/src/Middleware/InjectDebugbar.php(59): Illuminate/Pipeline/Pipeline->Illuminate/Pipeline/{closure}(Object(Illuminate/Http/Request))
#35 C:/Users/user/MyFiles/ProgmiX/PEX-Form-main/vendor/laravel/framework/src/Illuminate/Pipeline/Pipeline.php(219): Barryvdh/Debugbar/Middleware/InjectDebugbar->handle(Object(Illuminate/Http/Request), Object(Closure))
#36 C:/Users/user/MyFiles/ProgmiX/PEX-Form-main/modules/CMS/Http/Middleware/XFrameHeadersMiddleware.php(41): Illuminate/Pipeline/Pipeline->Illuminate/Pipeline/{closure}(Object(Illuminate/Http/Request))
#37 C:/Users/user/MyFiles/ProgmiX/PEX-Form-main/vendor/laravel/framework/src/Illuminate/Pipeline/Pipeline.php(219): Juzaweb/CMS/Http/Middleware/XFrameHeadersMiddleware->handle(Object(Illuminate/Http/Request), Object(Closure))
#38 C:/Users/user/MyFiles/ProgmiX/PEX-Form-main/vendor/laravel/framework/src/Illuminate/Routing/Middleware/SubstituteBindings.php(50): Illuminate/Pipeline/Pipeline->Illuminate/Pipeline/{closure}(Object(Illuminate/Http/Request))
#39 C:/Users/user/MyFiles/ProgmiX/PEX-Form-main/vendor/laravel/framework/src/Illuminate/Pipeline/Pipeline.php(219): Illuminate/Routing/Middleware/SubstituteBindings->handle(Object(Illuminate/Http/Request), Object(Closure))
#40 C:/Users/user/MyFiles/ProgmiX/PEX-Form-main/vendor/laravel/framework/src/Illuminate/Cookie/Middleware/AddQueuedCookiesToResponse.php(36): Illuminate/Pipeline/Pipeline->Illuminate/Pipeline/{closure}(Object(Illuminate/Http/Request))
#41 C:/Users/user/MyFiles/ProgmiX/PEX-Form-main/vendor/laravel/framework/src/Illuminate/Pipeline/Pipeline.php(219): Illuminate/Cookie/Middleware/AddQueuedCookiesToResponse->handle(Object(Illuminate/Http/Request), Object(Closure))
#42 C:/Users/user/MyFiles/ProgmiX/PEX-Form-main/vendor/laravel/framework/src/Illuminate/View/Middleware/ShareErrorsFromSession.php(48): Illuminate/Pipeline/Pipeline->Illuminate/Pipeline/{closure}(Object(Illuminate/Http/Request))
#43 C:/Users/user/MyFiles/ProgmiX/PEX-Form-main/modules/Backend/Http/Middleware/ShareErrorsUnlessBot.php(24): Illuminate/View/Middleware/ShareErrorsFromSession->handle(Object(Illuminate/Http/Request), Object(Closure))
#44 C:/Users/user/MyFiles/ProgmiX/PEX-Form-main/vendor/laravel/framework/src/Illuminate/Pipeline/Pipeline.php(219): Juzaweb/Backend/Http/Middleware/ShareErrorsUnlessBot->handle(Object(Illuminate/Http/Request), Object(Closure))
#45 C:/Users/user/MyFiles/ProgmiX/PEX-Form-main/vendor/laravel/framework/src/Illuminate/Session/Middleware/StartSession.php(120): Illuminate/Pipeline/Pipeline->Illuminate/Pipeline/{closure}(Object(Illuminate/Http/Request))
#46 C:/Users/user/MyFiles/ProgmiX/PEX-Form-main/vendor/laravel/framework/src/Illuminate/Session/Middleware/StartSession.php(63): Illuminate/Session/Middleware/StartSession->handleStatefulRequest(Object(Illuminate/Http/Request), Object(Illuminate/Session/Store), Object(Closure))
#47 C:/Users/user/MyFiles/ProgmiX/PEX-Form-main/modules/Backend/Http/Middleware/SkipSessionForBots.php(24): Illuminate/Session/Middleware/StartSession->handle(Object(Illuminate/Http/Request), Object(Closure))
#48 C:/Users/user/MyFiles/ProgmiX/PEX-Form-main/vendor/laravel/framework/src/Illuminate/Pipeline/Pipeline.php(219): Juzaweb/Backend/Http/Middleware/SkipSessionForBots->handle(Object(Illuminate/Http/Request), Object(Closure))
#49 C:/Users/user/MyFiles/ProgmiX/PEX-Form-main/vendor/laravel/framework/src/Illuminate/Cookie/Middleware/EncryptCookies.php(74): Illuminate/Pipeline/Pipeline->Illuminate/Pipeline/{closure}(Object(Illuminate/Http/Request))
#50 C:/Users/user/MyFiles/ProgmiX/PEX-Form-main/vendor/laravel/framework/src/Illuminate/Pipeline/Pipeline.php(219): Illuminate/Cookie/Middleware/EncryptCookies->handle(Object(Illuminate/Http/Request), Object(Closure))
#51 C:/Users/user/MyFiles/ProgmiX/PEX-Form-main/modules/CMS/Http/Middleware/GlobalMiddleware.php(11): Illuminate/Pipeline/Pipeline->Illuminate/Pipeline/{closure}(Object(Illuminate/Http/Request))
#52 C:/Users/user/MyFiles/ProgmiX/PEX-Form-main/vendor/laravel/framework/src/Illuminate/Pipeline/Pipeline.php(219): Juzaweb/CMS/Http/Middleware/GlobalMiddleware->handle(Object(Illuminate/Http/Request), Object(Closure))
#53 C:/Users/user/MyFiles/ProgmiX/PEX-Form-main/modules/Backend/Http/Middleware/DisableSessionForBots.php(30): Illuminate/Pipeline/Pipeline->Illuminate/Pipeline/{closure}(Object(Illuminate/Http/Request))
#54 C:/Users/user/MyFiles/ProgmiX/PEX-Form-main/vendor/laravel/framework/src/Illuminate/Pipeline/Pipeline.php(219): Juzaweb/Backend/Http/Middleware/DisableSessionForBots->handle(Object(Illuminate/Http/Request), Object(Closure))
#55 C:/Users/user/MyFiles/ProgmiX/PEX-Form-main/vendor/laravel/framework/src/Illuminate/Pipeline/Pipeline.php(137): Illuminate/Pipeline/Pipeline->Illuminate/Pipeline/{closure}(Object(Illuminate/Http/Request))
#56 C:/Users/user/MyFiles/ProgmiX/PEX-Form-main/vendor/laravel/framework/src/Illuminate/Routing/Router.php(821): Illuminate/Pipeline/Pipeline->then(Object(Closure))
#57 C:/Users/user/MyFiles/ProgmiX/PEX-Form-main/vendor/laravel/framework/src/Illuminate/Routing/Router.php(800): Illuminate/Routing/Router->runRouteWithinStack(Object(Illuminate/Routing/Route), Object(Illuminate/Http/Request))
#58 C:/Users/user/MyFiles/ProgmiX/PEX-Form-main/vendor/laravel/framework/src/Illuminate/Routing/Router.php(764): Illuminate/Routing/Router->runRoute(Object(Illuminate/Http/Request), Object(Illuminate/Routing/Route))
#59 C:/Users/user/MyFiles/ProgmiX/PEX-Form-main/vendor/laravel/framework/src/Illuminate/Routing/Router.php(753): Illuminate/Routing/Router->dispatchToRoute(Object(Illuminate/Http/Request))
#60 C:/Users/user/MyFiles/ProgmiX/PEX-Form-main/vendor/laravel/framework/src/Illuminate/Foundation/Http/Kernel.php(200): Illuminate/Routing/Router->dispatch(Object(Illuminate/Http/Request))
#61 C:/Users/user/MyFiles/ProgmiX/PEX-Form-main/vendor/laravel/framework/src/Illuminate/Pipeline/Pipeline.php(180): Illuminate/Foundation/Http/Kernel->Illuminate/Foundation/Http/{closure}(Object(Illuminate/Http/Request))
#62 C:/Users/user/MyFiles/ProgmiX/PEX-Form-main/vendor/barryvdh/laravel-debugbar/src/Middleware/InjectDebugbar.php(59): Illuminate/Pipeline/Pipeline->Illuminate/Pipeline/{closure}(Object(Illuminate/Http/Request))
#63 C:/Users/user/MyFiles/ProgmiX/PEX-Form-main/vendor/laravel/framework/src/Illuminate/Pipeline/Pipeline.php(219): Barryvdh/Debugbar/Middleware/InjectDebugbar->handle(Object(Illuminate/Http/Request), Object(Closure))
#64 C:/Users/user/MyFiles/ProgmiX/PEX-Form-main/modules/Backend/Http/Middleware/BlockIpMiddleware.php(31): Illuminate/Pipeline/Pipeline->Illuminate/Pipeline/{closure}(Object(Illuminate/Http/Request))
#65 C:/Users/user/MyFiles/ProgmiX/PEX-Form-main/vendor/laravel/framework/src/Illuminate/Pipeline/Pipeline.php(219): Juzaweb/Backend/Http/Middleware/BlockIpMiddleware->handle(Object(Illuminate/Http/Request), Object(Closure))
#66 C:/Users/user/MyFiles/ProgmiX/PEX-Form-main/modules/Backend/Http/Middleware/SecurityHeaders.php(25): Illuminate/Pipeline/Pipeline->Illuminate/Pipeline/{closure}(Object(Illuminate/Http/Request))
#67 C:/Users/user/MyFiles/ProgmiX/PEX-Form-main/vendor/laravel/framework/src/Illuminate/Pipeline/Pipeline.php(219): Juzaweb/Backend/Http/Middleware/SecurityHeaders->handle(Object(Illuminate/Http/Request), Object(Closure))
#68 C:/Users/user/MyFiles/ProgmiX/PEX-Form-main/vendor/laravel/framework/src/Illuminate/Foundation/Http/Middleware/TransformsRequest.php(21): Illuminate/Pipeline/Pipeline->Illuminate/Pipeline/{closure}(Object(Illuminate/Http/Request))
#69 C:/Users/user/MyFiles/ProgmiX/PEX-Form-main/vendor/laravel/framework/src/Illuminate/Foundation/Http/Middleware/ConvertEmptyStringsToNull.php(31): Illuminate/Foundation/Http/Middleware/TransformsRequest->handle(Object(Illuminate/Http/Request), Object(Closure))
#70 C:/Users/user/MyFiles/ProgmiX/PEX-Form-main/vendor/laravel/framework/src/Illuminate/Pipeline/Pipeline.php(219): Illuminate/Foundation/Http/Middleware/ConvertEmptyStringsToNull->handle(Object(Illuminate/Http/Request), Object(Closure))
#71 C:/Users/user/MyFiles/ProgmiX/PEX-Form-main/vendor/laravel/framework/src/Illuminate/Foundation/Http/Middleware/TransformsRequest.php(21): Illuminate/Pipeline/Pipeline->Illuminate/Pipeline/{closure}(Object(Illuminate/Http/Request))
#72 C:/Users/user/MyFiles/ProgmiX/PEX-Form-main/vendor/laravel/framework/src/Illuminate/Foundation/Http/Middleware/TrimStrings.php(51): Illuminate/Foundation/Http/Middleware/TransformsRequest->handle(Object(Illuminate/Http/Request), Object(Closure))
#73 C:/Users/user/MyFiles/ProgmiX/PEX-Form-main/vendor/laravel/framework/src/Illuminate/Pipeline/Pipeline.php(219): Illuminate/Foundation/Http/Middleware/TrimStrings->handle(Object(Illuminate/Http/Request), Object(Closure))
#74 C:/Users/user/MyFiles/ProgmiX/PEX-Form-main/vendor/laravel/framework/src/Illuminate/Http/Middleware/ValidatePostSize.php(27): Illuminate/Pipeline/Pipeline->Illuminate/Pipeline/{closure}(Object(Illuminate/Http/Request))
#75 C:/Users/user/MyFiles/ProgmiX/PEX-Form-main/vendor/laravel/framework/src/Illuminate/Pipeline/Pipeline.php(219): Illuminate/Http/Middleware/ValidatePostSize->handle(Object(Illuminate/Http/Request), Object(Closure))
#76 C:/Users/user/MyFiles/ProgmiX/PEX-Form-main/vendor/laravel/framework/src/Illuminate/Foundation/Http/Middleware/PreventRequestsDuringMaintenance.php(109): Illuminate/Pipeline/Pipeline->Illuminate/Pipeline/{closure}(Object(Illuminate/Http/Request))
#77 C:/Users/user/MyFiles/ProgmiX/PEX-Form-main/vendor/laravel/framework/src/Illuminate/Pipeline/Pipeline.php(219): Illuminate/Foundation/Http/Middleware/PreventRequestsDuringMaintenance->handle(Object(Illuminate/Http/Request), Object(Closure))
#78 C:/Users/user/MyFiles/ProgmiX/PEX-Form-main/vendor/laravel/framework/src/Illuminate/Http/Middleware/HandleCors.php(61): Illuminate/Pipeline/Pipeline->Illuminate/Pipeline/{closure}(Object(Illuminate/Http/Request))
#79 C:/Users/user/MyFiles/ProgmiX/PEX-Form-main/vendor/laravel/framework/src/Illuminate/Pipeline/Pipeline.php(219): Illuminate/Http/Middleware/HandleCors->handle(Object(Illuminate/Http/Request), Object(Closure))
#80 C:/Users/user/MyFiles/ProgmiX/PEX-Form-main/vendor/laravel/framework/src/Illuminate/Http/Middleware/TrustProxies.php(58): Illuminate/Pipeline/Pipeline->Illuminate/Pipeline/{closure}(Object(Illuminate/Http/Request))
#81 C:/Users/user/MyFiles/ProgmiX/PEX-Form-main/vendor/laravel/framework/src/Illuminate/Pipeline/Pipeline.php(219): Illuminate/Http/Middleware/TrustProxies->handle(Object(Illuminate/Http/Request), Object(Closure))
#82 C:/Users/user/MyFiles/ProgmiX/PEX-Form-main/vendor/laravel/framework/src/Illuminate/Pipeline/Pipeline.php(137): Illuminate/Pipeline/Pipeline->Illuminate/Pipeline/{closure}(Object(Illuminate/Http/Request))
#83 C:/Users/user/MyFiles/ProgmiX/PEX-Form-main/vendor/laravel/framework/src/Illuminate/Foundation/Http/Kernel.php(175): Illuminate/Pipeline/Pipeline->then(Object(Closure))
#84 C:/Users/user/MyFiles/ProgmiX/PEX-Form-main/vendor/laravel/framework/src/Illuminate/Foundation/Http/Kernel.php(144): Illuminate/Foundation/Http/Kernel->sendRequestThroughRouter(Object(Illuminate/Http/Request))
#85 C:/Users/user/MyFiles/ProgmiX/PEX-Form-main/public/index.php(51): Illuminate/Foundation/Http/Kernel->handle(Object(Illuminate/Http/Request))
#86 C:/Users/user/MyFiles/ProgmiX/PEX-Form-main/vendor/laravel/framework/src/Illuminate/Foundation/resources/server.php(23): require_once('C://Users//user//M...')
#87 {main}

[previous exception] [object] (ErrorException(code: 0): Undefined array key \"mapEmbedUrl\" at C:/Users/user/MyFiles/ProgmiX/PEX-Form-main/storage/framework/views/a84ddf431c771032d0234d77e02450d7.php:13)
[stacktrace]
#0 C:/Users/user/MyFiles/ProgmiX/PEX-Form-main/vendor/laravel/framework/src/Illuminate/Foundation/Bootstrap/HandleExceptions.php(262): Illuminate/Foundation/Bootstrap/HandleExceptions->handleError(2, 'Undefined array...', 'C://Users//user//M...', 13)
#1 C:/Users/user/MyFiles/ProgmiX/PEX-Form-main/storage/framework/views/a84ddf431c771032d0234d77e02450d7.php(13): Illuminate/Foundation/Bootstrap/HandleExceptions->Illuminate/Foundation/Bootstrap/{closure}(2, 'Undefined array...', 'C://Users//user//M...', 13)
#2 C:/Users/user/MyFiles/ProgmiX/PEX-Form-main/vendor/laravel/framework/src/Illuminate/Filesystem/Filesystem.php(123): require('C://Users//user//M...')
#3 C:/Users/user/MyFiles/ProgmiX/PEX-Form-main/vendor/laravel/framework/src/Illuminate/Filesystem/Filesystem.php(124): Illuminate/Filesystem/Filesystem::Illuminate/Filesystem/{closure}()
#4 C:/Users/user/MyFiles/ProgmiX/PEX-Form-main/vendor/laravel/framework/src/Illuminate/View/Engines/PhpEngine.php(57): Illuminate/Filesystem/Filesystem->getRequire('C://Users//user//M...', Array)
#5 C:/Users/user/MyFiles/ProgmiX/PEX-Form-main/vendor/laravel/framework/src/Illuminate/View/Engines/CompilerEngine.php(76): Illuminate/View/Engines/PhpEngine->evaluatePath('C://Users//user//M...', Array)
#6 C:/Users/user/MyFiles/ProgmiX/PEX-Form-main/vendor/laravel/framework/src/Illuminate/View/View.php(208): Illuminate/View/Engines/CompilerEngine->get('C://Users//user//M...', Array)
#7 C:/Users/user/MyFiles/ProgmiX/PEX-Form-main/vendor/laravel/framework/src/Illuminate/View/View.php(191): Illuminate/View/View->getContents()
#8 C:/Users/user/MyFiles/ProgmiX/PEX-Form-main/vendor/laravel/framework/src/Illuminate/View/View.php(160): Illuminate/View/View->renderContents()
#9 C:/Users/user/MyFiles/ProgmiX/PEX-Form-main/storage/framework/views/078e945ecbf82d678121cbf4f8650dce.php(1): Illuminate/View/View->render()
#10 C:/Users/user/MyFiles/ProgmiX/PEX-Form-main/vendor/laravel/framework/src/Illuminate/Filesystem/Filesystem.php(123): require('C://Users//user//M...')
#11 C:/Users/user/MyFiles/ProgmiX/PEX-Form-main/vendor/laravel/framework/src/Illuminate/Filesystem/Filesystem.php(124): Illuminate/Filesystem/Filesystem::Illuminate/Filesystem/{closure}()
#12 C:/Users/user/MyFiles/ProgmiX/PEX-Form-main/vendor/laravel/framework/src/Illuminate/View/Engines/PhpEngine.php(57): Illuminate/Filesystem/Filesystem->getRequire('C://Users//user//M...', Array)
#13 C:/Users/user/MyFiles/ProgmiX/PEX-Form-main/vendor/laravel/framework/src/Illuminate/View/Engines/CompilerEngine.php(76): Illuminate/View/Engines/PhpEngine->evaluatePath('C://Users//user//M...', Array)
#14 C:/Users/user/MyFiles/ProgmiX/PEX-Form-main/vendor/laravel/framework/src/Illuminate/View/View.php(208): Illuminate/View/Engines/CompilerEngine->get('C://Users//user//M...', Array)
#15 C:/Users/user/MyFiles/ProgmiX/PEX-Form-main/vendor/laravel/framework/src/Illuminate/View/View.php(191): Illuminate/View/View->getContents()
#16 C:/Users/user/MyFiles/ProgmiX/PEX-Form-main/vendor/laravel/framework/src/Illuminate/View/View.php(160): Illuminate/View/View->renderContents()
#17 C:/Users/user/MyFiles/ProgmiX/PEX-Form-main/vendor/laravel/framework/src/Illuminate/Http/Response.php(78): Illuminate/View/View->render()
#18 C:/Users/user/MyFiles/ProgmiX/PEX-Form-main/vendor/laravel/framework/src/Illuminate/Http/Response.php(34): Illuminate/Http/Response->setContent(Object(Illuminate/View/View))
#19 C:/Users/user/MyFiles/ProgmiX/PEX-Form-main/vendor/laravel/framework/src/Illuminate/Routing/Router.php(939): Illuminate/Http/Response->__construct(Object(Illuminate/View/View), 200, Array)
#20 C:/Users/user/MyFiles/ProgmiX/PEX-Form-main/vendor/laravel/framework/src/Illuminate/Routing/Router.php(906): Illuminate/Routing/Router::toResponse(Object(Illuminate/Http/Request), Object(Illuminate/View/View))
#21 C:/Users/user/MyFiles/ProgmiX/PEX-Form-main/vendor/laravel/framework/src/Illuminate/Routing/Router.php(821): Illuminate/Routing/Router->prepareResponse(Object(Illuminate/Http/Request), Object(Illuminate/View/View))
#22 C:/Users/user/MyFiles/ProgmiX/PEX-Form-main/vendor/laravel/framework/src/Illuminate/Pipeline/Pipeline.php(180): Illuminate/Routing/Router->Illuminate/Routing/{closure}(Object(Illuminate/Http/Request))
#23 C:/Users/user/MyFiles/ProgmiX/PEX-Form-main/modules/Frontend/Http/Middleware/Locale.php(49): Illuminate/Pipeline/Pipeline->Illuminate/Pipeline/{closure}(Object(Illuminate/Http/Request))
#24 C:/Users/user/MyFiles/ProgmiX/PEX-Form-main/vendor/laravel/framework/src/Illuminate/Pipeline/Pipeline.php(219): Juzaweb/Frontend/Http/Middleware/Locale->handle(Object(Illuminate/Http/Request), Object(Closure))
#25 C:/Users/user/MyFiles/ProgmiX/PEX-Form-main/modules/Backend/Http/Middleware/SecurityHeaders.php(25): Illuminate/Pipeline/Pipeline->Illuminate/Pipeline/{closure}(Object(Illuminate/Http/Request))
#26 C:/Users/user/MyFiles/ProgmiX/PEX-Form-main/vendor/laravel/framework/src/Illuminate/Pipeline/Pipeline.php(219): Juzaweb/Backend/Http/Middleware/SecurityHeaders->handle(Object(Illuminate/Http/Request), Object(Closure))
#27 C:/Users/user/MyFiles/ProgmiX/PEX-Form-main/vendor/laravel/framework/src/Illuminate/Routing/Middleware/ThrottleRequests.php(166): Illuminate/Pipeline/Pipeline->Illuminate/Pipeline/{closure}(Object(Illuminate/Http/Request))
#28 C:/Users/user/MyFiles/ProgmiX/PEX-Form-main/vendor/laravel/framework/src/Illuminate/Routing/Middleware/ThrottleRequests.php(93): Illuminate/Routing/Middleware/ThrottleRequests->handleRequest(Object(Illuminate/Http/Request), Object(Closure), Array)
#29 C:/Users/user/MyFiles/ProgmiX/PEX-Form-main/vendor/laravel/framework/src/Illuminate/Pipeline/Pipeline.php(219): Illuminate/Routing/Middleware/ThrottleRequests->handle(Object(Illuminate/Http/Request), Object(Closure))
#30 C:/Users/user/MyFiles/ProgmiX/PEX-Form-main/modules/Backend/Http/Middleware/PathTraversal.php(57): Illuminate/Pipeline/Pipeline->Illuminate/Pipeline/{closure}(Object(Illuminate/Http/Request))
#31 C:/Users/user/MyFiles/ProgmiX/PEX-Form-main/vendor/laravel/framework/src/Illuminate/Pipeline/Pipeline.php(219): Juzaweb/Backend/Http/Middleware/PathTraversal->handle(Object(Illuminate/Http/Request), Object(Closure))
#32 C:/Users/user/MyFiles/ProgmiX/PEX-Form-main/modules/Backend/Http/Middleware/XssSanitization.php(44): Illuminate/Pipeline/Pipeline->Illuminate/Pipeline/{closure}(Object(Illuminate/Http/Request))
#33 C:/Users/user/MyFiles/ProgmiX/PEX-Form-main/vendor/laravel/framework/src/Illuminate/Pipeline/Pipeline.php(219): Juzaweb/Backend/Http/Middleware/XssSanitization->handle(Object(Illuminate/Http/Request), Object(Closure))
#34 C:/Users/user/MyFiles/ProgmiX/PEX-Form-main/vendor/spatie/laravel-csp/src/AddCspHeaders.php(13): Illuminate/Pipeline/Pipeline->Illuminate/Pipeline/{closure}(Object(Illuminate/Http/Request))
#35 C:/Users/user/MyFiles/ProgmiX/PEX-Form-main/vendor/laravel/framework/src/Illuminate/Pipeline/Pipeline.php(219): Spatie/Csp/AddCspHeaders->handle(Object(Illuminate/Http/Request), Object(Closure))
#36 C:/Users/user/MyFiles/ProgmiX/PEX-Form-main/vendor/barryvdh/laravel-debugbar/src/Middleware/InjectDebugbar.php(59): Illuminate/Pipeline/Pipeline->Illuminate/Pipeline/{closure}(Object(Illuminate/Http/Request))
#37 C:/Users/user/MyFiles/ProgmiX/PEX-Form-main/vendor/laravel/framework/src/Illuminate/Pipeline/Pipeline.php(219): Barryvdh/Debugbar/Middleware/InjectDebugbar->handle(Object(Illuminate/Http/Request), Object(Closure))
#38 C:/Users/user/MyFiles/ProgmiX/PEX-Form-main/modules/CMS/Http/Middleware/XFrameHeadersMiddleware.php(41): Illuminate/Pipeline/Pipeline->Illuminate/Pipeline/{closure}(Object(Illuminate/Http/Request))
#39 C:/Users/user/MyFiles/ProgmiX/PEX-Form-main/vendor/laravel/framework/src/Illuminate/Pipeline/Pipeline.php(219): Juzaweb/CMS/Http/Middleware/XFrameHeadersMiddleware->handle(Object(Illuminate/Http/Request), Object(Closure))
#40 C:/Users/user/MyFiles/ProgmiX/PEX-Form-main/vendor/laravel/framework/src/Illuminate/Routing/Middleware/SubstituteBindings.php(50): Illuminate/Pipeline/Pipeline->Illuminate/Pipeline/{closure}(Object(Illuminate/Http/Request))
#41 C:/Users/user/MyFiles/ProgmiX/PEX-Form-main/vendor/laravel/framework/src/Illuminate/Pipeline/Pipeline.php(219): Illuminate/Routing/Middleware/SubstituteBindings->handle(Object(Illuminate/Http/Request), Object(Closure))
#42 C:/Users/user/MyFiles/ProgmiX/PEX-Form-main/vendor/laravel/framework/src/Illuminate/Cookie/Middleware/AddQueuedCookiesToResponse.php(36): Illuminate/Pipeline/Pipeline->Illuminate/Pipeline/{closure}(Object(Illuminate/Http/Request))
#43 C:/Users/user/MyFiles/ProgmiX/PEX-Form-main/vendor/laravel/framework/src/Illuminate/Pipeline/Pipeline.php(219): Illuminate/Cookie/Middleware/AddQueuedCookiesToResponse->handle(Object(Illuminate/Http/Request), Object(Closure))
#44 C:/Users/user/MyFiles/ProgmiX/PEX-Form-main/vendor/laravel/framework/src/Illuminate/View/Middleware/ShareErrorsFromSession.php(48): Illuminate/Pipeline/Pipeline->Illuminate/Pipeline/{closure}(Object(Illuminate/Http/Request))
#45 C:/Users/user/MyFiles/ProgmiX/PEX-Form-main/modules/Backend/Http/Middleware/ShareErrorsUnlessBot.php(24): Illuminate/View/Middleware/ShareErrorsFromSession->handle(Object(Illuminate/Http/Request), Object(Closure))
#46 C:/Users/user/MyFiles/ProgmiX/PEX-Form-main/vendor/laravel/framework/src/Illuminate/Pipeline/Pipeline.php(219): Juzaweb/Backend/Http/Middleware/ShareErrorsUnlessBot->handle(Object(Illuminate/Http/Request), Object(Closure))
#47 C:/Users/user/MyFiles/ProgmiX/PEX-Form-main/vendor/laravel/framework/src/Illuminate/Session/Middleware/StartSession.php(120): Illuminate/Pipeline/Pipeline->Illuminate/Pipeline/{closure}(Object(Illuminate/Http/Request))
#48 C:/Users/user/MyFiles/ProgmiX/PEX-Form-main/vendor/laravel/framework/src/Illuminate/Session/Middleware/StartSession.php(63): Illuminate/Session/Middleware/StartSession->handleStatefulRequest(Object(Illuminate/Http/Request), Object(Illuminate/Session/Store), Object(Closure))
#49 C:/Users/user/MyFiles/ProgmiX/PEX-Form-main/modules/Backend/Http/Middleware/SkipSessionForBots.php(24): Illuminate/Session/Middleware/StartSession->handle(Object(Illuminate/Http/Request), Object(Closure))
#50 C:/Users/user/MyFiles/ProgmiX/PEX-Form-main/vendor/laravel/framework/src/Illuminate/Pipeline/Pipeline.php(219): Juzaweb/Backend/Http/Middleware/SkipSessionForBots->handle(Object(Illuminate/Http/Request), Object(Closure))
#51 C:/Users/user/MyFiles/ProgmiX/PEX-Form-main/vendor/laravel/framework/src/Illuminate/Cookie/Middleware/EncryptCookies.php(74): Illuminate/Pipeline/Pipeline->Illuminate/Pipeline/{closure}(Object(Illuminate/Http/Request))
#52 C:/Users/user/MyFiles/ProgmiX/PEX-Form-main/vendor/laravel/framework/src/Illuminate/Pipeline/Pipeline.php(219): Illuminate/Cookie/Middleware/EncryptCookies->handle(Object(Illuminate/Http/Request), Object(Closure))
#53 C:/Users/user/MyFiles/ProgmiX/PEX-Form-main/modules/CMS/Http/Middleware/GlobalMiddleware.php(11): Illuminate/Pipeline/Pipeline->Illuminate/Pipeline/{closure}(Object(Illuminate/Http/Request))
#54 C:/Users/user/MyFiles/ProgmiX/PEX-Form-main/vendor/laravel/framework/src/Illuminate/Pipeline/Pipeline.php(219): Juzaweb/CMS/Http/Middleware/GlobalMiddleware->handle(Object(Illuminate/Http/Request), Object(Closure))
#55 C:/Users/user/MyFiles/ProgmiX/PEX-Form-main/modules/Backend/Http/Middleware/DisableSessionForBots.php(30): Illuminate/Pipeline/Pipeline->Illuminate/Pipeline/{closure}(Object(Illuminate/Http/Request))
#56 C:/Users/user/MyFiles/ProgmiX/PEX-Form-main/vendor/laravel/framework/src/Illuminate/Pipeline/Pipeline.php(219): Juzaweb/Backend/Http/Middleware/DisableSessionForBots->handle(Object(Illuminate/Http/Request), Object(Closure))
#57 C:/Users/user/MyFiles/ProgmiX/PEX-Form-main/vendor/laravel/framework/src/Illuminate/Pipeline/Pipeline.php(137): Illuminate/Pipeline/Pipeline->Illuminate/Pipeline/{closure}(Object(Illuminate/Http/Request))
#58 C:/Users/user/MyFiles/ProgmiX/PEX-Form-main/vendor/laravel/framework/src/Illuminate/Routing/Router.php(821): Illuminate/Pipeline/Pipeline->then(Object(Closure))
#59 C:/Users/user/MyFiles/ProgmiX/PEX-Form-main/vendor/laravel/framework/src/Illuminate/Routing/Router.php(800): Illuminate/Routing/Router->runRouteWithinStack(Object(Illuminate/Routing/Route), Object(Illuminate/Http/Request))
#60 C:/Users/user/MyFiles/ProgmiX/PEX-Form-main/vendor/laravel/framework/src/Illuminate/Routing/Router.php(764): Illuminate/Routing/Router->runRoute(Object(Illuminate/Http/Request), Object(Illuminate/Routing/Route))
#61 C:/Users/user/MyFiles/ProgmiX/PEX-Form-main/vendor/laravel/framework/src/Illuminate/Routing/Router.php(753): Illuminate/Routing/Router->dispatchToRoute(Object(Illuminate/Http/Request))
#62 C:/Users/user/MyFiles/ProgmiX/PEX-Form-main/vendor/laravel/framework/src/Illuminate/Foundation/Http/Kernel.php(200): Illuminate/Routing/Router->dispatch(Object(Illuminate/Http/Request))
#63 C:/Users/user/MyFiles/ProgmiX/PEX-Form-main/vendor/laravel/framework/src/Illuminate/Pipeline/Pipeline.php(180): Illuminate/Foundation/Http/Kernel->Illuminate/Foundation/Http/{closure}(Object(Illuminate/Http/Request))
#64 C:/Users/user/MyFiles/ProgmiX/PEX-Form-main/vendor/barryvdh/laravel-debugbar/src/Middleware/InjectDebugbar.php(59): Illuminate/Pipeline/Pipeline->Illuminate/Pipeline/{closure}(Object(Illuminate/Http/Request))
#65 C:/Users/user/MyFiles/ProgmiX/PEX-Form-main/vendor/laravel/framework/src/Illuminate/Pipeline/Pipeline.php(219): Barryvdh/Debugbar/Middleware/InjectDebugbar->handle(Object(Illuminate/Http/Request), Object(Closure))
#66 C:/Users/user/MyFiles/ProgmiX/PEX-Form-main/modules/Backend/Http/Middleware/BlockIpMiddleware.php(31): Illuminate/Pipeline/Pipeline->Illuminate/Pipeline/{closure}(Object(Illuminate/Http/Request))
#67 C:/Users/user/MyFiles/ProgmiX/PEX-Form-main/vendor/laravel/framework/src/Illuminate/Pipeline/Pipeline.php(219): Juzaweb/Backend/Http/Middleware/BlockIpMiddleware->handle(Object(Illuminate/Http/Request), Object(Closure))
#68 C:/Users/user/MyFiles/ProgmiX/PEX-Form-main/modules/Backend/Http/Middleware/SecurityHeaders.php(25): Illuminate/Pipeline/Pipeline->Illuminate/Pipeline/{closure}(Object(Illuminate/Http/Request))
#69 C:/Users/user/MyFiles/ProgmiX/PEX-Form-main/vendor/laravel/framework/src/Illuminate/Pipeline/Pipeline.php(219): Juzaweb/Backend/Http/Middleware/SecurityHeaders->handle(Object(Illuminate/Http/Request), Object(Closure))
#70 C:/Users/user/MyFiles/ProgmiX/PEX-Form-main/vendor/laravel/framework/src/Illuminate/Foundation/Http/Middleware/TransformsRequest.php(21): Illuminate/Pipeline/Pipeline->Illuminate/Pipeline/{closure}(Object(Illuminate/Http/Request))
#71 C:/Users/user/MyFiles/ProgmiX/PEX-Form-main/vendor/laravel/framework/src/Illuminate/Foundation/Http/Middleware/ConvertEmptyStringsToNull.php(31): Illuminate/Foundation/Http/Middleware/TransformsRequest->handle(Object(Illuminate/Http/Request), Object(Closure))
#72 C:/Users/user/MyFiles/ProgmiX/PEX-Form-main/vendor/laravel/framework/src/Illuminate/Pipeline/Pipeline.php(219): Illuminate/Foundation/Http/Middleware/ConvertEmptyStringsToNull->handle(Object(Illuminate/Http/Request), Object(Closure))
#73 C:/Users/user/MyFiles/ProgmiX/PEX-Form-main/vendor/laravel/framework/src/Illuminate/Foundation/Http/Middleware/TransformsRequest.php(21): Illuminate/Pipeline/Pipeline->Illuminate/Pipeline/{closure}(Object(Illuminate/Http/Request))
#74 C:/Users/user/MyFiles/ProgmiX/PEX-Form-main/vendor/laravel/framework/src/Illuminate/Foundation/Http/Middleware/TrimStrings.php(51): Illuminate/Foundation/Http/Middleware/TransformsRequest->handle(Object(Illuminate/Http/Request), Object(Closure))
#75 C:/Users/user/MyFiles/ProgmiX/PEX-Form-main/vendor/laravel/framework/src/Illuminate/Pipeline/Pipeline.php(219): Illuminate/Foundation/Http/Middleware/TrimStrings->handle(Object(Illuminate/Http/Request), Object(Closure))
#76 C:/Users/user/MyFiles/ProgmiX/PEX-Form-main/vendor/laravel/framework/src/Illuminate/Http/Middleware/ValidatePostSize.php(27): Illuminate/Pipeline/Pipeline->Illuminate/Pipeline/{closure}(Object(Illuminate/Http/Request))
#77 C:/Users/user/MyFiles/ProgmiX/PEX-Form-main/vendor/laravel/framework/src/Illuminate/Pipeline/Pipeline.php(219): Illuminate/Http/Middleware/ValidatePostSize->handle(Object(Illuminate/Http/Request), Object(Closure))
#78 C:/Users/user/MyFiles/ProgmiX/PEX-Form-main/vendor/laravel/framework/src/Illuminate/Foundation/Http/Middleware/PreventRequestsDuringMaintenance.php(109): Illuminate/Pipeline/Pipeline->Illuminate/Pipeline/{closure}(Object(Illuminate/Http/Request))
#79 C:/Users/user/MyFiles/ProgmiX/PEX-Form-main/vendor/laravel/framework/src/Illuminate/Pipeline/Pipeline.php(219): Illuminate/Foundation/Http/Middleware/PreventRequestsDuringMaintenance->handle(Object(Illuminate/Http/Request), Object(Closure))
#80 C:/Users/user/MyFiles/ProgmiX/PEX-Form-main/vendor/laravel/framework/src/Illuminate/Http/Middleware/HandleCors.php(61): Illuminate/Pipeline/Pipeline->Illuminate/Pipeline/{closure}(Object(Illuminate/Http/Request))
#81 C:/Users/user/MyFiles/ProgmiX/PEX-Form-main/vendor/laravel/framework/src/Illuminate/Pipeline/Pipeline.php(219): Illuminate/Http/Middleware/HandleCors->handle(Object(Illuminate/Http/Request), Object(Closure))
#82 C:/Users/user/MyFiles/ProgmiX/PEX-Form-main/vendor/laravel/framework/src/Illuminate/Http/Middleware/TrustProxies.php(58): Illuminate/Pipeline/Pipeline->Illuminate/Pipeline/{closure}(Object(Illuminate/Http/Request))
#83 C:/Users/user/MyFiles/ProgmiX/PEX-Form-main/vendor/laravel/framework/src/Illuminate/Pipeline/Pipeline.php(219): Illuminate/Http/Middleware/TrustProxies->handle(Object(Illuminate/Http/Request), Object(Closure))
#84 C:/Users/user/MyFiles/ProgmiX/PEX-Form-main/vendor/laravel/framework/src/Illuminate/Pipeline/Pipeline.php(137): Illuminate/Pipeline/Pipeline->Illuminate/Pipeline/{closure}(Object(Illuminate/Http/Request))
#85 C:/Users/user/MyFiles/ProgmiX/PEX-Form-main/vendor/laravel/framework/src/Illuminate/Foundation/Http/Kernel.php(175): Illuminate/Pipeline/Pipeline->then(Object(Closure))
#86 C:/Users/user/MyFiles/ProgmiX/PEX-Form-main/vendor/laravel/framework/src/Illuminate/Foundation/Http/Kernel.php(144): Illuminate/Foundation/Http/Kernel->sendRequestThroughRouter(Object(Illuminate/Http/Request))
#87 C:/Users/user/MyFiles/ProgmiX/PEX-Form-main/public/index.php(51): Illuminate/Foundation/Http/Kernel->handle(Object(Illuminate/Http/Request))
#88 C:/Users/user/MyFiles/ProgmiX/PEX-Form-main/vendor/laravel/framework/src/Illuminate/Foundation/resources/server.php(23): require_once('C://Users//user//M...')
#89 {main}
"} 
[2026-09-30 09:17:36] local.ERROR: Undefined array key "mapEmbedUrl" {"userId":1,"exception":"[object] (Spatie\\LaravelIgnition\\Exceptions\\ViewException(code: 0): Undefined array key \"mapEmbedUrl\" at C:/Users/user/MyFiles/ProgmiX/PEX-Form-main/modules/Frontend/resources/views/templates/homepage/pex/contact.blade.php:13)
[stacktrace]
#0 C:/Users/user/MyFiles/ProgmiX/PEX-Form-main/vendor/laravel/framework/src/Illuminate/Filesystem/Filesystem.php(123): require('C://Users//user//M...')
#1 C:/Users/user/MyFiles/ProgmiX/PEX-Form-main/vendor/laravel/framework/src/Illuminate/Filesystem/Filesystem.php(124): Illuminate/Filesystem/Filesystem::Illuminate/Filesystem/{closure}()
#2 C:/Users/user/MyFiles/ProgmiX/PEX-Form-main/vendor/laravel/framework/src/Illuminate/View/Engines/PhpEngine.php(57): Illuminate/Filesystem/Filesystem->getRequire('C://Users//user//M...', Array)
#3 C:/Users/user/MyFiles/ProgmiX/PEX-Form-main/vendor/laravel/framework/src/Illuminate/View/Engines/CompilerEngine.php(76): Illuminate/View/Engines/PhpEngine->evaluatePath('C://Users//user//M...', Array)
#4 C:/Users/user/MyFiles/ProgmiX/PEX-Form-main/vendor/laravel/framework/src/Illuminate/View/View.php(208): Illuminate/View/Engines/CompilerEngine->get('C://Users//user//M...', Array)
#5 C:/Users/user/MyFiles/ProgmiX/PEX-Form-main/vendor/laravel/framework/src/Illuminate/View/View.php(191): Illuminate/View/View->getContents()
#6 C:/Users/user/MyFiles/ProgmiX/PEX-Form-main/vendor/laravel/framework/src/Illuminate/View/View.php(160): Illuminate/View/View->renderContents()
#7 C:/Users/user/MyFiles/ProgmiX/PEX-Form-main/modules/Frontend/resources/views/home.blade.php(1): Illuminate/View/View->render()
#8 C:/Users/user/MyFiles/ProgmiX/PEX-Form-main/vendor/laravel/framework/src/Illuminate/Filesystem/Filesystem.php(123): require('C://Users//user//M...')
#9 C:/Users/user/MyFiles/ProgmiX/PEX-Form-main/vendor/laravel/framework/src/Illuminate/Filesystem/Filesystem.php(124): Illuminate/Filesystem/Filesystem::Illuminate/Filesystem/{closure}()
#10 C:/Users/user/MyFiles/ProgmiX/PEX-Form-main/vendor/laravel/framework/src/Illuminate/View/Engines/PhpEngine.php(57): Illuminate/Filesystem/Filesystem->getRequire('C://Users//user//M...', Array)
#11 C:/Users/user/MyFiles/ProgmiX/PEX-Form-main/vendor/laravel/framework/src/Illuminate/View/Engines/CompilerEngine.php(76): Illuminate/View/Engines/PhpEngine->evaluatePath('C://Users//user//M...', Array)
#12 C:/Users/user/MyFiles/ProgmiX/PEX-Form-main/vendor/laravel/framework/src/Illuminate/View/View.php(208): Illuminate/View/Engines/CompilerEngine->get('C://Users//user//M...', Array)
#13 C:/Users/user/MyFiles/ProgmiX/PEX-Form-main/vendor/laravel/framework/src/Illuminate/View/View.php(191): Illuminate/View/View->getContents()
#14 C:/Users/user/MyFiles/ProgmiX/PEX-Form-main/vendor/laravel/framework/src/Illuminate/View/View.php(160): Illuminate/View/View->renderContents()
#15 C:/Users/user/MyFiles/ProgmiX/PEX-Form-main/vendor/laravel/framework/src/Illuminate/Http/Response.php(78): Illuminate/View/View->render()
#16 C:/Users/user/MyFiles/ProgmiX/PEX-Form-main/vendor/laravel/framework/src/Illuminate/Http/Response.php(34): Illuminate/Http/Response->setContent(Object(Illuminate/View/View))
#17 C:/Users/user/MyFiles/ProgmiX/PEX-Form-main/vendor/laravel/framework/src/Illuminate/Routing/Router.php(939): Illuminate/Http/Response->__construct(Object(Illuminate/View/View), 200, Array)
#18 C:/Users/user/MyFiles/ProgmiX/PEX-Form-main/vendor/laravel/framework/src/Illuminate/Routing/Router.php(906): Illuminate/Routing/Router::toResponse(Object(Illuminate/Http/Request), Object(Illuminate/View/View))
#19 C:/Users/user/MyFiles/ProgmiX/PEX-Form-main/vendor/laravel/framework/src/Illuminate/Routing/Router.php(821): Illuminate/Routing/Router->prepareResponse(Object(Illuminate/Http/Request), Object(Illuminate/View/View))
#20 C:/Users/user/MyFiles/ProgmiX/PEX-Form-main/vendor/laravel/framework/src/Illuminate/Pipeline/Pipeline.php(180): Illuminate/Routing/Router->Illuminate/Routing/{closure}(Object(Illuminate/Http/Request))
#21 C:/Users/user/MyFiles/ProgmiX/PEX-Form-main/modules/Frontend/Http/Middleware/Locale.php(49): Illuminate/Pipeline/Pipeline->Illuminate/Pipeline/{closure}(Object(Illuminate/Http/Request))
#22 C:/Users/user/MyFiles/ProgmiX/PEX-Form-main/vendor/laravel/framework/src/Illuminate/Pipeline/Pipeline.php(219): Juzaweb/Frontend/Http/Middleware/Locale->handle(Object(Illuminate/Http/Request), Object(Closure))
#23 C:/Users/user/MyFiles/ProgmiX/PEX-Form-main/modules/Backend/Http/Middleware/SecurityHeaders.php(25): Illuminate/Pipeline/Pipeline->Illuminate/Pipeline/{closure}(Object(Illuminate/Http/Request))
#24 C:/Users/user/MyFiles/ProgmiX/PEX-Form-main/vendor/laravel/framework/src/Illuminate/Pipeline/Pipeline.php(219): Juzaweb/Backend/Http/Middleware/SecurityHeaders->handle(Object(Illuminate/Http/Request), Object(Closure))
#25 C:/Users/user/MyFiles/ProgmiX/PEX-Form-main/vendor/laravel/framework/src/Illuminate/Routing/Middleware/ThrottleRequests.php(166): Illuminate/Pipeline/Pipeline->Illuminate/Pipeline/{closure}(Object(Illuminate/Http/Request))
#26 C:/Users/user/MyFiles/ProgmiX/PEX-Form-main/vendor/laravel/framework/src/Illuminate/Routing/Middleware/ThrottleRequests.php(93): Illuminate/Routing/Middleware/ThrottleRequests->handleRequest(Object(Illuminate/Http/Request), Object(Closure), Array)
#27 C:/Users/user/MyFiles/ProgmiX/PEX-Form-main/vendor/laravel/framework/src/Illuminate/Pipeline/Pipeline.php(219): Illuminate/Routing/Middleware/ThrottleRequests->handle(Object(Illuminate/Http/Request), Object(Closure))
#28 C:/Users/user/MyFiles/ProgmiX/PEX-Form-main/modules/Backend/Http/Middleware/PathTraversal.php(57): Illuminate/Pipeline/Pipeline->Illuminate/Pipeline/{closure}(Object(Illuminate/Http/Request))
#29 C:/Users/user/MyFiles/ProgmiX/PEX-Form-main/vendor/laravel/framework/src/Illuminate/Pipeline/Pipeline.php(219): Juzaweb/Backend/Http/Middleware/PathTraversal->handle(Object(Illuminate/Http/Request), Object(Closure))
#30 C:/Users/user/MyFiles/ProgmiX/PEX-Form-main/modules/Backend/Http/Middleware/XssSanitization.php(44): Illuminate/Pipeline/Pipeline->Illuminate/Pipeline/{closure}(Object(Illuminate/Http/Request))
#31 C:/Users/user/MyFiles/ProgmiX/PEX-Form-main/vendor/laravel/framework/src/Illuminate/Pipeline/Pipeline.php(219): Juzaweb/Backend/Http/Middleware/XssSanitization->handle(Object(Illuminate/Http/Request), Object(Closure))
#32 C:/Users/user/MyFiles/ProgmiX/PEX-Form-main/vendor/spatie/laravel-csp/src/AddCspHeaders.php(13): Illuminate/Pipeline/Pipeline->Illuminate/Pipeline/{closure}(Object(Illuminate/Http/Request))
#33 C:/Users/user/MyFiles/ProgmiX/PEX-Form-main/vendor/laravel/framework/src/Illuminate/Pipeline/Pipeline.php(219): Spatie/Csp/AddCspHeaders->handle(Object(Illuminate/Http/Request), Object(Closure))
#34 C:/Users/user/MyFiles/ProgmiX/PEX-Form-main/vendor/barryvdh/laravel-debugbar/src/Middleware/InjectDebugbar.php(59): Illuminate/Pipeline/Pipeline->Illuminate/Pipeline/{closure}(Object(Illuminate/Http/Request))
#35 C:/Users/user/MyFiles/ProgmiX/PEX-Form-main/vendor/laravel/framework/src/Illuminate/Pipeline/Pipeline.php(219): Barryvdh/Debugbar/Middleware/InjectDebugbar->handle(Object(Illuminate/Http/Request), Object(Closure))
#36 C:/Users/user/MyFiles/ProgmiX/PEX-Form-main/modules/CMS/Http/Middleware/XFrameHeadersMiddleware.php(41): Illuminate/Pipeline/Pipeline->Illuminate/Pipeline/{closure}(Object(Illuminate/Http/Request))
#37 C:/Users/user/MyFiles/ProgmiX/PEX-Form-main/vendor/laravel/framework/src/Illuminate/Pipeline/Pipeline.php(219): Juzaweb/CMS/Http/Middleware/XFrameHeadersMiddleware->handle(Object(Illuminate/Http/Request), Object(Closure))
#38 C:/Users/user/MyFiles/ProgmiX/PEX-Form-main/vendor/laravel/framework/src/Illuminate/Routing/Middleware/SubstituteBindings.php(50): Illuminate/Pipeline/Pipeline->Illuminate/Pipeline/{closure}(Object(Illuminate/Http/Request))
#39 C:/Users/user/MyFiles/ProgmiX/PEX-Form-main/vendor/laravel/framework/src/Illuminate/Pipeline/Pipeline.php(219): Illuminate/Routing/Middleware/SubstituteBindings->handle(Object(Illuminate/Http/Request), Object(Closure))
#40 C:/Users/user/MyFiles/ProgmiX/PEX-Form-main/vendor/laravel/framework/src/Illuminate/Cookie/Middleware/AddQueuedCookiesToResponse.php(36): Illuminate/Pipeline/Pipeline->Illuminate/Pipeline/{closure}(Object(Illuminate/Http/Request))
#41 C:/Users/user/MyFiles/ProgmiX/PEX-Form-main/vendor/laravel/framework/src/Illuminate/Pipeline/Pipeline.php(219): Illuminate/Cookie/Middleware/AddQueuedCookiesToResponse->handle(Object(Illuminate/Http/Request), Object(Closure))
#42 C:/Users/user/MyFiles/ProgmiX/PEX-Form-main/vendor/laravel/framework/src/Illuminate/View/Middleware/ShareErrorsFromSession.php(48): Illuminate/Pipeline/Pipeline->Illuminate/Pipeline/{closure}(Object(Illuminate/Http/Request))
#43 C:/Users/user/MyFiles/ProgmiX/PEX-Form-main/modules/Backend/Http/Middleware/ShareErrorsUnlessBot.php(24): Illuminate/View/Middleware/ShareErrorsFromSession->handle(Object(Illuminate/Http/Request), Object(Closure))
#44 C:/Users/user/MyFiles/ProgmiX/PEX-Form-main/vendor/laravel/framework/src/Illuminate/Pipeline/Pipeline.php(219): Juzaweb/Backend/Http/Middleware/ShareErrorsUnlessBot->handle(Object(Illuminate/Http/Request), Object(Closure))
#45 C:/Users/user/MyFiles/ProgmiX/PEX-Form-main/vendor/laravel/framework/src/Illuminate/Session/Middleware/StartSession.php(120): Illuminate/Pipeline/Pipeline->Illuminate/Pipeline/{closure}(Object(Illuminate/Http/Request))
#46 C:/Users/user/MyFiles/ProgmiX/PEX-Form-main/vendor/laravel/framework/src/Illuminate/Session/Middleware/StartSession.php(63): Illuminate/Session/Middleware/StartSession->handleStatefulRequest(Object(Illuminate/Http/Request), Object(Illuminate/Session/Store), Object(Closure))
#47 C:/Users/user/MyFiles/ProgmiX/PEX-Form-main/modules/Backend/Http/Middleware/SkipSessionForBots.php(24): Illuminate/Session/Middleware/StartSession->handle(Object(Illuminate/Http/Request), Object(Closure))
#48 C:/Users/user/MyFiles/ProgmiX/PEX-Form-main/vendor/laravel/framework/src/Illuminate/Pipeline/Pipeline.php(219): Juzaweb/Backend/Http/Middleware/SkipSessionForBots->handle(Object(Illuminate/Http/Request), Object(Closure))
#49 C:/Users/user/MyFiles/ProgmiX/PEX-Form-main/vendor/laravel/framework/src/Illuminate/Cookie/Middleware/EncryptCookies.php(74): Illuminate/Pipeline/Pipeline->Illuminate/Pipeline/{closure}(Object(Illuminate/Http/Request))
#50 C:/Users/user/MyFiles/ProgmiX/PEX-Form-main/vendor/laravel/framework/src/Illuminate/Pipeline/Pipeline.php(219): Illuminate/Cookie/Middleware/EncryptCookies->handle(Object(Illuminate/Http/Request), Object(Closure))
#51 C:/Users/user/MyFiles/ProgmiX/PEX-Form-main/modules/CMS/Http/Middleware/GlobalMiddleware.php(11): Illuminate/Pipeline/Pipeline->Illuminate/Pipeline/{closure}(Object(Illuminate/Http/Request))
#52 C:/Users/user/MyFiles/ProgmiX/PEX-Form-main/vendor/laravel/framework/src/Illuminate/Pipeline/Pipeline.php(219): Juzaweb/CMS/Http/Middleware/GlobalMiddleware->handle(Object(Illuminate/Http/Request), Object(Closure))
#53 C:/Users/user/MyFiles/ProgmiX/PEX-Form-main/modules/Backend/Http/Middleware/DisableSessionForBots.php(30): Illuminate/Pipeline/Pipeline->Illuminate/Pipeline/{closure}(Object(Illuminate/Http/Request))
#54 C:/Users/user/MyFiles/ProgmiX/PEX-Form-main/vendor/laravel/framework/src/Illuminate/Pipeline/Pipeline.php(219): Juzaweb/Backend/Http/Middleware/DisableSessionForBots->handle(Object(Illuminate/Http/Request), Object(Closure))
#55 C:/Users/user/MyFiles/ProgmiX/PEX-Form-main/vendor/laravel/framework/src/Illuminate/Pipeline/Pipeline.php(137): Illuminate/Pipeline/Pipeline->Illuminate/Pipeline/{closure}(Object(Illuminate/Http/Request))
#56 C:/Users/user/MyFiles/ProgmiX/PEX-Form-main/vendor/laravel/framework/src/Illuminate/Routing/Router.php(821): Illuminate/Pipeline/Pipeline->then(Object(Closure))
#57 C:/Users/user/MyFiles/ProgmiX/PEX-Form-main/vendor/laravel/framework/src/Illuminate/Routing/Router.php(800): Illuminate/Routing/Router->runRouteWithinStack(Object(Illuminate/Routing/Route), Object(Illuminate/Http/Request))
#58 C:/Users/user/MyFiles/ProgmiX/PEX-Form-main/vendor/laravel/framework/src/Illuminate/Routing/Router.php(764): Illuminate/Routing/Router->runRoute(Object(Illuminate/Http/Request), Object(Illuminate/Routing/Route))
#59 C:/Users/user/MyFiles/ProgmiX/PEX-Form-main/vendor/laravel/framework/src/Illuminate/Routing/Router.php(753): Illuminate/Routing/Router->dispatchToRoute(Object(Illuminate/Http/Request))
#60 C:/Users/user/MyFiles/ProgmiX/PEX-Form-main/vendor/laravel/framework/src/Illuminate/Foundation/Http/Kernel.php(200): Illuminate/Routing/Router->dispatch(Object(Illuminate/Http/Request))
#61 C:/Users/user/MyFiles/ProgmiX/PEX-Form-main/vendor/laravel/framework/src/Illuminate/Pipeline/Pipeline.php(180): Illuminate/Foundation/Http/Kernel->Illuminate/Foundation/Http/{closure}(Object(Illuminate/Http/Request))
#62 C:/Users/user/MyFiles/ProgmiX/PEX-Form-main/vendor/barryvdh/laravel-debugbar/src/Middleware/InjectDebugbar.php(59): Illuminate/Pipeline/Pipeline->Illuminate/Pipeline/{closure}(Object(Illuminate/Http/Request))
#63 C:/Users/user/MyFiles/ProgmiX/PEX-Form-main/vendor/laravel/framework/src/Illuminate/Pipeline/Pipeline.php(219): Barryvdh/Debugbar/Middleware/InjectDebugbar->handle(Object(Illuminate/Http/Request), Object(Closure))
#64 C:/Users/user/MyFiles/ProgmiX/PEX-Form-main/modules/Backend/Http/Middleware/BlockIpMiddleware.php(31): Illuminate/Pipeline/Pipeline->Illuminate/Pipeline/{closure}(Object(Illuminate/Http/Request))
#65 C:/Users/user/MyFiles/ProgmiX/PEX-Form-main/vendor/laravel/framework/src/Illuminate/Pipeline/Pipeline.php(219): Juzaweb/Backend/Http/Middleware/BlockIpMiddleware->handle(Object(Illuminate/Http/Request), Object(Closure))
#66 C:/Users/user/MyFiles/ProgmiX/PEX-Form-main/modules/Backend/Http/Middleware/SecurityHeaders.php(25): Illuminate/Pipeline/Pipeline->Illuminate/Pipeline/{closure}(Object(Illuminate/Http/Request))
#67 C:/Users/user/MyFiles/ProgmiX/PEX-Form-main/vendor/laravel/framework/src/Illuminate/Pipeline/Pipeline.php(219): Juzaweb/Backend/Http/Middleware/SecurityHeaders->handle(Object(Illuminate/Http/Request), Object(Closure))
#68 C:/Users/user/MyFiles/ProgmiX/PEX-Form-main/vendor/laravel/framework/src/Illuminate/Foundation/Http/Middleware/TransformsRequest.php(21): Illuminate/Pipeline/Pipeline->Illuminate/Pipeline/{closure}(Object(Illuminate/Http/Request))
#69 C:/Users/user/MyFiles/ProgmiX/PEX-Form-main/vendor/laravel/framework/src/Illuminate/Foundation/Http/Middleware/ConvertEmptyStringsToNull.php(31): Illuminate/Foundation/Http/Middleware/TransformsRequest->handle(Object(Illuminate/Http/Request), Object(Closure))
#70 C:/Users/user/MyFiles/ProgmiX/PEX-Form-main/vendor/laravel/framework/src/Illuminate/Pipeline/Pipeline.php(219): Illuminate/Foundation/Http/Middleware/ConvertEmptyStringsToNull->handle(Object(Illuminate/Http/Request), Object(Closure))
#71 C:/Users/user/MyFiles/ProgmiX/PEX-Form-main/vendor/laravel/framework/src/Illuminate/Foundation/Http/Middleware/TransformsRequest.php(21): Illuminate/Pipeline/Pipeline->Illuminate/Pipeline/{closure}(Object(Illuminate/Http/Request))
#72 C:/Users/user/MyFiles/ProgmiX/PEX-Form-main/vendor/laravel/framework/src/Illuminate/Foundation/Http/Middleware/TrimStrings.php(51): Illuminate/Foundation/Http/Middleware/TransformsRequest->handle(Object(Illuminate/Http/Request), Object(Closure))
#73 C:/Users/user/MyFiles/ProgmiX/PEX-Form-main/vendor/laravel/framework/src/Illuminate/Pipeline/Pipeline.php(219): Illuminate/Foundation/Http/Middleware/TrimStrings->handle(Object(Illuminate/Http/Request), Object(Closure))
#74 C:/Users/user/MyFiles/ProgmiX/PEX-Form-main/vendor/laravel/framework/src/Illuminate/Http/Middleware/ValidatePostSize.php(27): Illuminate/Pipeline/Pipeline->Illuminate/Pipeline/{closure}(Object(Illuminate/Http/Request))
#75 C:/Users/user/MyFiles/ProgmiX/PEX-Form-main/vendor/laravel/framework/src/Illuminate/Pipeline/Pipeline.php(219): Illuminate/Http/Middleware/ValidatePostSize->handle(Object(Illuminate/Http/Request), Object(Closure))
#76 C:/Users/user/MyFiles/ProgmiX/PEX-Form-main/vendor/laravel/framework/src/Illuminate/Foundation/Http/Middleware/PreventRequestsDuringMaintenance.php(109): Illuminate/Pipeline/Pipeline->Illuminate/Pipeline/{closure}(Object(Illuminate/Http/Request))
#77 C:/Users/user/MyFiles/ProgmiX/PEX-Form-main/vendor/laravel/framework/src/Illuminate/Pipeline/Pipeline.php(219): Illuminate/Foundation/Http/Middleware/PreventRequestsDuringMaintenance->handle(Object(Illuminate/Http/Request), Object(Closure))
#78 C:/Users/user/MyFiles/ProgmiX/PEX-Form-main/vendor/laravel/framework/src/Illuminate/Http/Middleware/HandleCors.php(61): Illuminate/Pipeline/Pipeline->Illuminate/Pipeline/{closure}(Object(Illuminate/Http/Request))
#79 C:/Users/user/MyFiles/ProgmiX/PEX-Form-main/vendor/laravel/framework/src/Illuminate/Pipeline/Pipeline.php(219): Illuminate/Http/Middleware/HandleCors->handle(Object(Illuminate/Http/Request), Object(Closure))
#80 C:/Users/user/MyFiles/ProgmiX/PEX-Form-main/vendor/laravel/framework/src/Illuminate/Http/Middleware/TrustProxies.php(58): Illuminate/Pipeline/Pipeline->Illuminate/Pipeline/{closure}(Object(Illuminate/Http/Request))
#81 C:/Users/user/MyFiles/ProgmiX/PEX-Form-main/vendor/laravel/framework/src/Illuminate/Pipeline/Pipeline.php(219): Illuminate/Http/Middleware/TrustProxies->handle(Object(Illuminate/Http/Request), Object(Closure))
#82 C:/Users/user/MyFiles/ProgmiX/PEX-Form-main/vendor/laravel/framework/src/Illuminate/Pipeline/Pipeline.php(137): Illuminate/Pipeline/Pipeline->Illuminate/Pipeline/{closure}(Object(Illuminate/Http/Request))
#83 C:/Users/user/MyFiles/ProgmiX/PEX-Form-main/vendor/laravel/framework/src/Illuminate/Foundation/Http/Kernel.php(175): Illuminate/Pipeline/Pipeline->then(Object(Closure))
#84 C:/Users/user/MyFiles/ProgmiX/PEX-Form-main/vendor/laravel/framework/src/Illuminate/Foundation/Http/Kernel.php(144): Illuminate/Foundation/Http/Kernel->sendRequestThroughRouter(Object(Illuminate/Http/Request))
#85 C:/Users/user/MyFiles/ProgmiX/PEX-Form-main/public/index.php(51): Illuminate/Foundation/Http/Kernel->handle(Object(Illuminate/Http/Request))
#86 C:/Users/user/MyFiles/ProgmiX/PEX-Form-main/vendor/laravel/framework/src/Illuminate/Foundation/resources/server.php(23): require_once('C://Users//user//M...')
#87 {main}

[previous exception] [object] (ErrorException(code: 0): Undefined array key \"mapEmbedUrl\" at C:/Users/user/MyFiles/ProgmiX/PEX-Form-main/storage/framework/views/a84ddf431c771032d0234d77e02450d7.php:13)
[stacktrace]
#0 C:/Users/user/MyFiles/ProgmiX/PEX-Form-main/vendor/laravel/framework/src/Illuminate/Foundation/Bootstrap/HandleExceptions.php(262): Illuminate/Foundation/Bootstrap/HandleExceptions->handleError(2, 'Undefined array...', 'C://Users//user//M...', 13)
#1 C:/Users/user/MyFiles/ProgmiX/PEX-Form-main/storage/framework/views/a84ddf431c771032d0234d77e02450d7.php(13): Illuminate/Foundation/Bootstrap/HandleExceptions->Illuminate/Foundation/Bootstrap/{closure}(2, 'Undefined array...', 'C://Users//user//M...', 13)
#2 C:/Users/user/MyFiles/ProgmiX/PEX-Form-main/vendor/laravel/framework/src/Illuminate/Filesystem/Filesystem.php(123): require('C://Users//user//M...')
#3 C:/Users/user/MyFiles/ProgmiX/PEX-Form-main/vendor/laravel/framework/src/Illuminate/Filesystem/Filesystem.php(124): Illuminate/Filesystem/Filesystem::Illuminate/Filesystem/{closure}()
#4 C:/Users/user/MyFiles/ProgmiX/PEX-Form-main/vendor/laravel/framework/src/Illuminate/View/Engines/PhpEngine.php(57): Illuminate/Filesystem/Filesystem->getRequire('C://Users//user//M...', Array)
#5 C:/Users/user/MyFiles/ProgmiX/PEX-Form-main/vendor/laravel/framework/src/Illuminate/View/Engines/CompilerEngine.php(76): Illuminate/View/Engines/PhpEngine->evaluatePath('C://Users//user//M...', Array)
#6 C:/Users/user/MyFiles/ProgmiX/PEX-Form-main/vendor/laravel/framework/src/Illuminate/View/View.php(208): Illuminate/View/Engines/CompilerEngine->get('C://Users//user//M...', Array)
#7 C:/Users/user/MyFiles/ProgmiX/PEX-Form-main/vendor/laravel/framework/src/Illuminate/View/View.php(191): Illuminate/View/View->getContents()
#8 C:/Users/user/MyFiles/ProgmiX/PEX-Form-main/vendor/laravel/framework/src/Illuminate/View/View.php(160): Illuminate/View/View->renderContents()
#9 C:/Users/user/MyFiles/ProgmiX/PEX-Form-main/storage/framework/views/078e945ecbf82d678121cbf4f8650dce.php(1): Illuminate/View/View->render()
#10 C:/Users/user/MyFiles/ProgmiX/PEX-Form-main/vendor/laravel/framework/src/Illuminate/Filesystem/Filesystem.php(123): require('C://Users//user//M...')
#11 C:/Users/user/MyFiles/ProgmiX/PEX-Form-main/vendor/laravel/framework/src/Illuminate/Filesystem/Filesystem.php(124): Illuminate/Filesystem/Filesystem::Illuminate/Filesystem/{closure}()
#12 C:/Users/user/MyFiles/ProgmiX/PEX-Form-main/vendor/laravel/framework/src/Illuminate/View/Engines/PhpEngine.php(57): Illuminate/Filesystem/Filesystem->getRequire('C://Users//user//M...', Array)
#13 C:/Users/user/MyFiles/ProgmiX/PEX-Form-main/vendor/laravel/framework/src/Illuminate/View/Engines/CompilerEngine.php(76): Illuminate/View/Engines/PhpEngine->evaluatePath('C://Users//user//M...', Array)
#14 C:/Users/user/MyFiles/ProgmiX/PEX-Form-main/vendor/laravel/framework/src/Illuminate/View/View.php(208): Illuminate/View/Engines/CompilerEngine->get('C://Users//user//M...', Array)
#15 C:/Users/user/MyFiles/ProgmiX/PEX-Form-main/vendor/laravel/framework/src/Illuminate/View/View.php(191): Illuminate/View/View->getContents()
#16 C:/Users/user/MyFiles/ProgmiX/PEX-Form-main/vendor/laravel/framework/src/Illuminate/View/View.php(160): Illuminate/View/View->renderContents()
#17 C:/Users/user/MyFiles/ProgmiX/PEX-Form-main/vendor/laravel/framework/src/Illuminate/Http/Response.php(78): Illuminate/View/View->render()
#18 C:/Users/user/MyFiles/ProgmiX/PEX-Form-main/vendor/laravel/framework/src/Illuminate/Http/Response.php(34): Illuminate/Http/Response->setContent(Object(Illuminate/View/View))
#19 C:/Users/user/MyFiles/ProgmiX/PEX-Form-main/vendor/laravel/framework/src/Illuminate/Routing/Router.php(939): Illuminate/Http/Response->__construct(Object(Illuminate/View/View), 200, Array)
#20 C:/Users/user/MyFiles/ProgmiX/PEX-Form-main/vendor/laravel/framework/src/Illuminate/Routing/Router.php(906): Illuminate/Routing/Router::toResponse(Object(Illuminate/Http/Request), Object(Illuminate/View/View))
#21 C:/Users/user/MyFiles/ProgmiX/PEX-Form-main/vendor/laravel/framework/src/Illuminate/Routing/Router.php(821): Illuminate/Routing/Router->prepareResponse(Object(Illuminate/Http/Request), Object(Illuminate/View/View))
#22 C:/Users/user/MyFiles/ProgmiX/PEX-Form-main/vendor/laravel/framework/src/Illuminate/Pipeline/Pipeline.php(180): Illuminate/Routing/Router->Illuminate/Routing/{closure}(Object(Illuminate/Http/Request))
#23 C:/Users/user/MyFiles/ProgmiX/PEX-Form-main/modules/Frontend/Http/Middleware/Locale.php(49): Illuminate/Pipeline/Pipeline->Illuminate/Pipeline/{closure}(Object(Illuminate/Http/Request))
#24 C:/Users/user/MyFiles/ProgmiX/PEX-Form-main/vendor/laravel/framework/src/Illuminate/Pipeline/Pipeline.php(219): Juzaweb/Frontend/Http/Middleware/Locale->handle(Object(Illuminate/Http/Request), Object(Closure))
#25 C:/Users/user/MyFiles/ProgmiX/PEX-Form-main/modules/Backend/Http/Middleware/SecurityHeaders.php(25): Illuminate/Pipeline/Pipeline->Illuminate/Pipeline/{closure}(Object(Illuminate/Http/Request))
#26 C:/Users/user/MyFiles/ProgmiX/PEX-Form-main/vendor/laravel/framework/src/Illuminate/Pipeline/Pipeline.php(219): Juzaweb/Backend/Http/Middleware/SecurityHeaders->handle(Object(Illuminate/Http/Request), Object(Closure))
#27 C:/Users/user/MyFiles/ProgmiX/PEX-Form-main/vendor/laravel/framework/src/Illuminate/Routing/Middleware/ThrottleRequests.php(166): Illuminate/Pipeline/Pipeline->Illuminate/Pipeline/{closure}(Object(Illuminate/Http/Request))
#28 C:/Users/user/MyFiles/ProgmiX/PEX-Form-main/vendor/laravel/framework/src/Illuminate/Routing/Middleware/ThrottleRequests.php(93): Illuminate/Routing/Middleware/ThrottleRequests->handleRequest(Object(Illuminate/Http/Request), Object(Closure), Array)
#29 C:/Users/user/MyFiles/ProgmiX/PEX-Form-main/vendor/laravel/framework/src/Illuminate/Pipeline/Pipeline.php(219): Illuminate/Routing/Middleware/ThrottleRequests->handle(Object(Illuminate/Http/Request), Object(Closure))
#30 C:/Users/user/MyFiles/ProgmiX/PEX-Form-main/modules/Backend/Http/Middleware/PathTraversal.php(57): Illuminate/Pipeline/Pipeline->Illuminate/Pipeline/{closure}(Object(Illuminate/Http/Request))
#31 C:/Users/user/MyFiles/ProgmiX/PEX-Form-main/vendor/laravel/framework/src/Illuminate/Pipeline/Pipeline.php(219): Juzaweb/Backend/Http/Middleware/PathTraversal->handle(Object(Illuminate/Http/Request), Object(Closure))
#32 C:/Users/user/MyFiles/ProgmiX/PEX-Form-main/modules/Backend/Http/Middleware/XssSanitization.php(44): Illuminate/Pipeline/Pipeline->Illuminate/Pipeline/{closure}(Object(Illuminate/Http/Request))
#33 C:/Users/user/MyFiles/ProgmiX/PEX-Form-main/vendor/laravel/framework/src/Illuminate/Pipeline/Pipeline.php(219): Juzaweb/Backend/Http/Middleware/XssSanitization->handle(Object(Illuminate/Http/Request), Object(Closure))
#34 C:/Users/user/MyFiles/ProgmiX/PEX-Form-main/vendor/spatie/laravel-csp/src/AddCspHeaders.php(13): Illuminate/Pipeline/Pipeline->Illuminate/Pipeline/{closure}(Object(Illuminate/Http/Request))
#35 C:/Users/user/MyFiles/ProgmiX/PEX-Form-main/vendor/laravel/framework/src/Illuminate/Pipeline/Pipeline.php(219): Spatie/Csp/AddCspHeaders->handle(Object(Illuminate/Http/Request), Object(Closure))
#36 C:/Users/user/MyFiles/ProgmiX/PEX-Form-main/vendor/barryvdh/laravel-debugbar/src/Middleware/InjectDebugbar.php(59): Illuminate/Pipeline/Pipeline->Illuminate/Pipeline/{closure}(Object(Illuminate/Http/Request))
#37 C:/Users/user/MyFiles/ProgmiX/PEX-Form-main/vendor/laravel/framework/src/Illuminate/Pipeline/Pipeline.php(219): Barryvdh/Debugbar/Middleware/InjectDebugbar->handle(Object(Illuminate/Http/Request), Object(Closure))
#38 C:/Users/user/MyFiles/ProgmiX/PEX-Form-main/modules/CMS/Http/Middleware/XFrameHeadersMiddleware.php(41): Illuminate/Pipeline/Pipeline->Illuminate/Pipeline/{closure}(Object(Illuminate/Http/Request))
#39 C:/Users/user/MyFiles/ProgmiX/PEX-Form-main/vendor/laravel/framework/src/Illuminate/Pipeline/Pipeline.php(219): Juzaweb/CMS/Http/Middleware/XFrameHeadersMiddleware->handle(Object(Illuminate/Http/Request), Object(Closure))
#40 C:/Users/user/MyFiles/ProgmiX/PEX-Form-main/vendor/laravel/framework/src/Illuminate/Routing/Middleware/SubstituteBindings.php(50): Illuminate/Pipeline/Pipeline->Illuminate/Pipeline/{closure}(Object(Illuminate/Http/Request))
#41 C:/Users/user/MyFiles/ProgmiX/PEX-Form-main/vendor/laravel/framework/src/Illuminate/Pipeline/Pipeline.php(219): Illuminate/Routing/Middleware/SubstituteBindings->handle(Object(Illuminate/Http/Request), Object(Closure))
#42 C:/Users/user/MyFiles/ProgmiX/PEX-Form-main/vendor/laravel/framework/src/Illuminate/Cookie/Middleware/AddQueuedCookiesToResponse.php(36): Illuminate/Pipeline/Pipeline->Illuminate/Pipeline/{closure}(Object(Illuminate/Http/Request))
#43 C:/Users/user/MyFiles/ProgmiX/PEX-Form-main/vendor/laravel/framework/src/Illuminate/Pipeline/Pipeline.php(219): Illuminate/Cookie/Middleware/AddQueuedCookiesToResponse->handle(Object(Illuminate/Http/Request), Object(Closure))
#44 C:/Users/user/MyFiles/ProgmiX/PEX-Form-main/vendor/laravel/framework/src/Illuminate/View/Middleware/ShareErrorsFromSession.php(48): Illuminate/Pipeline/Pipeline->Illuminate/Pipeline/{closure}(Object(Illuminate/Http/Request))
#45 C:/Users/user/MyFiles/ProgmiX/PEX-Form-main/modules/Backend/Http/Middleware/ShareErrorsUnlessBot.php(24): Illuminate/View/Middleware/ShareErrorsFromSession->handle(Object(Illuminate/Http/Request), Object(Closure))
#46 C:/Users/user/MyFiles/ProgmiX/PEX-Form-main/vendor/laravel/framework/src/Illuminate/Pipeline/Pipeline.php(219): Juzaweb/Backend/Http/Middleware/ShareErrorsUnlessBot->handle(Object(Illuminate/Http/Request), Object(Closure))
#47 C:/Users/user/MyFiles/ProgmiX/PEX-Form-main/vendor/laravel/framework/src/Illuminate/Session/Middleware/StartSession.php(120): Illuminate/Pipeline/Pipeline->Illuminate/Pipeline/{closure}(Object(Illuminate/Http/Request))
#48 C:/Users/user/MyFiles/ProgmiX/PEX-Form-main/vendor/laravel/framework/src/Illuminate/Session/Middleware/StartSession.php(63): Illuminate/Session/Middleware/StartSession->handleStatefulRequest(Object(Illuminate/Http/Request), Object(Illuminate/Session/Store), Object(Closure))
#49 C:/Users/user/MyFiles/ProgmiX/PEX-Form-main/modules/Backend/Http/Middleware/SkipSessionForBots.php(24): Illuminate/Session/Middleware/StartSession->handle(Object(Illuminate/Http/Request), Object(Closure))
#50 C:/Users/user/MyFiles/ProgmiX/PEX-Form-main/vendor/laravel/framework/src/Illuminate/Pipeline/Pipeline.php(219): Juzaweb/Backend/Http/Middleware/SkipSessionForBots->handle(Object(Illuminate/Http/Request), Object(Closure))
#51 C:/Users/user/MyFiles/ProgmiX/PEX-Form-main/vendor/laravel/framework/src/Illuminate/Cookie/Middleware/EncryptCookies.php(74): Illuminate/Pipeline/Pipeline->Illuminate/Pipeline/{closure}(Object(Illuminate/Http/Request))
#52 C:/Users/user/MyFiles/ProgmiX/PEX-Form-main/vendor/laravel/framework/src/Illuminate/Pipeline/Pipeline.php(219): Illuminate/Cookie/Middleware/EncryptCookies->handle(Object(Illuminate/Http/Request), Object(Closure))
#53 C:/Users/user/MyFiles/ProgmiX/PEX-Form-main/modules/CMS/Http/Middleware/GlobalMiddleware.php(11): Illuminate/Pipeline/Pipeline->Illuminate/Pipeline/{closure}(Object(Illuminate/Http/Request))
#54 C:/Users/user/MyFiles/ProgmiX/PEX-Form-main/vendor/laravel/framework/src/Illuminate/Pipeline/Pipeline.php(219): Juzaweb/CMS/Http/Middleware/GlobalMiddleware->handle(Object(Illuminate/Http/Request), Object(Closure))
#55 C:/Users/user/MyFiles/ProgmiX/PEX-Form-main/modules/Backend/Http/Middleware/DisableSessionForBots.php(30): Illuminate/Pipeline/Pipeline->Illuminate/Pipeline/{closure}(Object(Illuminate/Http/Request))
#56 C:/Users/user/MyFiles/ProgmiX/PEX-Form-main/vendor/laravel/framework/src/Illuminate/Pipeline/Pipeline.php(219): Juzaweb/Backend/Http/Middleware/DisableSessionForBots->handle(Object(Illuminate/Http/Request), Object(Closure))
#57 C:/Users/user/MyFiles/ProgmiX/PEX-Form-main/vendor/laravel/framework/src/Illuminate/Pipeline/Pipeline.php(137): Illuminate/Pipeline/Pipeline->Illuminate/Pipeline/{closure}(Object(Illuminate/Http/Request))
#58 C:/Users/user/MyFiles/ProgmiX/PEX-Form-main/vendor/laravel/framework/src/Illuminate/Routing/Router.php(821): Illuminate/Pipeline/Pipeline->then(Object(Closure))
#59 C:/Users/user/MyFiles/ProgmiX/PEX-Form-main/vendor/laravel/framework/src/Illuminate/Routing/Router.php(800): Illuminate/Routing/Router->runRouteWithinStack(Object(Illuminate/Routing/Route), Object(Illuminate/Http/Request))
#60 C:/Users/user/MyFiles/ProgmiX/PEX-Form-main/vendor/laravel/framework/src/Illuminate/Routing/Router.php(764): Illuminate/Routing/Router->runRoute(Object(Illuminate/Http/Request), Object(Illuminate/Routing/Route))
#61 C:/Users/user/MyFiles/ProgmiX/PEX-Form-main/vendor/laravel/framework/src/Illuminate/Routing/Router.php(753): Illuminate/Routing/Router->dispatchToRoute(Object(Illuminate/Http/Request))
#62 C:/Users/user/MyFiles/ProgmiX/PEX-Form-main/vendor/laravel/framework/src/Illuminate/Foundation/Http/Kernel.php(200): Illuminate/Routing/Router->dispatch(Object(Illuminate/Http/Request))
#63 C:/Users/user/MyFiles/ProgmiX/PEX-Form-main/vendor/laravel/framework/src/Illuminate/Pipeline/Pipeline.php(180): Illuminate/Foundation/Http/Kernel->Illuminate/Foundation/Http/{closure}(Object(Illuminate/Http/Request))
#64 C:/Users/user/MyFiles/ProgmiX/PEX-Form-main/vendor/barryvdh/laravel-debugbar/src/Middleware/InjectDebugbar.php(59): Illuminate/Pipeline/Pipeline->Illuminate/Pipeline/{closure}(Object(Illuminate/Http/Request))
#65 C:/Users/user/MyFiles/ProgmiX/PEX-Form-main/vendor/laravel/framework/src/Illuminate/Pipeline/Pipeline.php(219): Barryvdh/Debugbar/Middleware/InjectDebugbar->handle(Object(Illuminate/Http/Request), Object(Closure))
#66 C:/Users/user/MyFiles/ProgmiX/PEX-Form-main/modules/Backend/Http/Middleware/BlockIpMiddleware.php(31): Illuminate/Pipeline/Pipeline->Illuminate/Pipeline/{closure}(Object(Illuminate/Http/Request))
#67 C:/Users/user/MyFiles/ProgmiX/PEX-Form-main/vendor/laravel/framework/src/Illuminate/Pipeline/Pipeline.php(219): Juzaweb/Backend/Http/Middleware/BlockIpMiddleware->handle(Object(Illuminate/Http/Request), Object(Closure))
#68 C:/Users/user/MyFiles/ProgmiX/PEX-Form-main/modules/Backend/Http/Middleware/SecurityHeaders.php(25): Illuminate/Pipeline/Pipeline->Illuminate/Pipeline/{closure}(Object(Illuminate/Http/Request))
#69 C:/Users/user/MyFiles/ProgmiX/PEX-Form-main/vendor/laravel/framework/src/Illuminate/Pipeline/Pipeline.php(219): Juzaweb/Backend/Http/Middleware/SecurityHeaders->handle(Object(Illuminate/Http/Request), Object(Closure))
#70 C:/Users/user/MyFiles/ProgmiX/PEX-Form-main/vendor/laravel/framework/src/Illuminate/Foundation/Http/Middleware/TransformsRequest.php(21): Illuminate/Pipeline/Pipeline->Illuminate/Pipeline/{closure}(Object(Illuminate/Http/Request))
#71 C:/Users/user/MyFiles/ProgmiX/PEX-Form-main/vendor/laravel/framework/src/Illuminate/Foundation/Http/Middleware/ConvertEmptyStringsToNull.php(31): Illuminate/Foundation/Http/Middleware/TransformsRequest->handle(Object(Illuminate/Http/Request), Object(Closure))
#72 C:/Users/user/MyFiles/ProgmiX/PEX-Form-main/vendor/laravel/framework/src/Illuminate/Pipeline/Pipeline.php(219): Illuminate/Foundation/Http/Middleware/ConvertEmptyStringsToNull->handle(Object(Illuminate/Http/Request), Object(Closure))
#73 C:/Users/user/MyFiles/ProgmiX/PEX-Form-main/vendor/laravel/framework/src/Illuminate/Foundation/Http/Middleware/TransformsRequest.php(21): Illuminate/Pipeline/Pipeline->Illuminate/Pipeline/{closure}(Object(Illuminate/Http/Request))
#74 C:/Users/user/MyFiles/ProgmiX/PEX-Form-main/vendor/laravel/framework/src/Illuminate/Foundation/Http/Middleware/TrimStrings.php(51): Illuminate/Foundation/Http/Middleware/TransformsRequest->handle(Object(Illuminate/Http/Request), Object(Closure))
#75 C:/Users/user/MyFiles/ProgmiX/PEX-Form-main/vendor/laravel/framework/src/Illuminate/Pipeline/Pipeline.php(219): Illuminate/Foundation/Http/Middleware/TrimStrings->handle(Object(Illuminate/Http/Request), Object(Closure))
#76 C:/Users/user/MyFiles/ProgmiX/PEX-Form-main/vendor/laravel/framework/src/Illuminate/Http/Middleware/ValidatePostSize.php(27): Illuminate/Pipeline/Pipeline->Illuminate/Pipeline/{closure}(Object(Illuminate/Http/Request))
#77 C:/Users/user/MyFiles/ProgmiX/PEX-Form-main/vendor/laravel/framework/src/Illuminate/Pipeline/Pipeline.php(219): Illuminate/Http/Middleware/ValidatePostSize->handle(Object(Illuminate/Http/Request), Object(Closure))
#78 C:/Users/user/MyFiles/ProgmiX/PEX-Form-main/vendor/laravel/framework/src/Illuminate/Foundation/Http/Middleware/PreventRequestsDuringMaintenance.php(109): Illuminate/Pipeline/Pipeline->Illuminate/Pipeline/{closure}(Object(Illuminate/Http/Request))
#79 C:/Users/user/MyFiles/ProgmiX/PEX-Form-main/vendor/laravel/framework/src/Illuminate/Pipeline/Pipeline.php(219): Illuminate/Foundation/Http/Middleware/PreventRequestsDuringMaintenance->handle(Object(Illuminate/Http/Request), Object(Closure))
#80 C:/Users/user/MyFiles/ProgmiX/PEX-Form-main/vendor/laravel/framework/src/Illuminate/Http/Middleware/HandleCors.php(61): Illuminate/Pipeline/Pipeline->Illuminate/Pipeline/{closure}(Object(Illuminate/Http/Request))
#81 C:/Users/user/MyFiles/ProgmiX/PEX-Form-main/vendor/laravel/framework/src/Illuminate/Pipeline/Pipeline.php(219): Illuminate/Http/Middleware/HandleCors->handle(Object(Illuminate/Http/Request), Object(Closure))
#82 C:/Users/user/MyFiles/ProgmiX/PEX-Form-main/vendor/laravel/framework/src/Illuminate/Http/Middleware/TrustProxies.php(58): Illuminate/Pipeline/Pipeline->Illuminate/Pipeline/{closure}(Object(Illuminate/Http/Request))
#83 C:/Users/user/MyFiles/ProgmiX/PEX-Form-main/vendor/laravel/framework/src/Illuminate/Pipeline/Pipeline.php(219): Illuminate/Http/Middleware/TrustProxies->handle(Object(Illuminate/Http/Request), Object(Closure))
#84 C:/Users/user/MyFiles/ProgmiX/PEX-Form-main/vendor/laravel/framework/src/Illuminate/Pipeline/Pipeline.php(137): Illuminate/Pipeline/Pipeline->Illuminate/Pipeline/{closure}(Object(Illuminate/Http/Request))
#85 C:/Users/user/MyFiles/ProgmiX/PEX-Form-main/vendor/laravel/framework/src/Illuminate/Foundation/Http/Kernel.php(175): Illuminate/Pipeline/Pipeline->then(Object(Closure))
#86 C:/Users/user/MyFiles/ProgmiX/PEX-Form-main/vendor/laravel/framework/src/Illuminate/Foundation/Http/Kernel.php(144): Illuminate/Foundation/Http/Kernel->sendRequestThroughRouter(Object(Illuminate/Http/Request))
#87 C:/Users/user/MyFiles/ProgmiX/PEX-Form-main/public/index.php(51): Illuminate/Foundation/Http/Kernel->handle(Object(Illuminate/Http/Request))
#88 C:/Users/user/MyFiles/ProgmiX/PEX-Form-main/vendor/laravel/framework/src/Illuminate/Foundation/resources/server.php(23): require_once('C://Users//user//M...')
#89 {main}
"} 
[2026-09-30 09:18:11] local.ERROR: Undefined array key "mapEmbedUrl" {"userId":1,"exception":"[object] (Spatie\\LaravelIgnition\\Exceptions\\ViewException(code: 0): Undefined array key \"mapEmbedUrl\" at C:/Users/user/MyFiles/ProgmiX/PEX-Form-main/modules/Frontend/resources/views/templates/homepage/pex/contact.blade.php:13)
[stacktrace]
#0 C:/Users/user/MyFiles/ProgmiX/PEX-Form-main/vendor/laravel/framework/src/Illuminate/Filesystem/Filesystem.php(123): require('C://Users//user//M...')
#1 C:/Users/user/MyFiles/ProgmiX/PEX-Form-main/vendor/laravel/framework/src/Illuminate/Filesystem/Filesystem.php(124): Illuminate/Filesystem/Filesystem::Illuminate/Filesystem/{closure}()
#2 C:/Users/user/MyFiles/ProgmiX/PEX-Form-main/vendor/laravel/framework/src/Illuminate/View/Engines/PhpEngine.php(57): Illuminate/Filesystem/Filesystem->getRequire('C://Users//user//M...', Array)
#3 C:/Users/user/MyFiles/ProgmiX/PEX-Form-main/vendor/laravel/framework/src/Illuminate/View/Engines/CompilerEngine.php(76): Illuminate/View/Engines/PhpEngine->evaluatePath('C://Users//user//M...', Array)
#4 C:/Users/user/MyFiles/ProgmiX/PEX-Form-main/vendor/laravel/framework/src/Illuminate/View/View.php(208): Illuminate/View/Engines/CompilerEngine->get('C://Users//user//M...', Array)
#5 C:/Users/user/MyFiles/ProgmiX/PEX-Form-main/vendor/laravel/framework/src/Illuminate/View/View.php(191): Illuminate/View/View->getContents()
#6 C:/Users/user/MyFiles/ProgmiX/PEX-Form-main/vendor/laravel/framework/src/Illuminate/View/View.php(160): Illuminate/View/View->renderContents()
#7 C:/Users/user/MyFiles/ProgmiX/PEX-Form-main/modules/Frontend/resources/views/home.blade.php(1): Illuminate/View/View->render()
#8 C:/Users/user/MyFiles/ProgmiX/PEX-Form-main/vendor/laravel/framework/src/Illuminate/Filesystem/Filesystem.php(123): require('C://Users//user//M...')
#9 C:/Users/user/MyFiles/ProgmiX/PEX-Form-main/vendor/laravel/framework/src/Illuminate/Filesystem/Filesystem.php(124): Illuminate/Filesystem/Filesystem::Illuminate/Filesystem/{closure}()
#10 C:/Users/user/MyFiles/ProgmiX/PEX-Form-main/vendor/laravel/framework/src/Illuminate/View/Engines/PhpEngine.php(57): Illuminate/Filesystem/Filesystem->getRequire('C://Users//user//M...', Array)
#11 C:/Users/user/MyFiles/ProgmiX/PEX-Form-main/vendor/laravel/framework/src/Illuminate/View/Engines/CompilerEngine.php(76): Illuminate/View/Engines/PhpEngine->evaluatePath('C://Users//user//M...', Array)
#12 C:/Users/user/MyFiles/ProgmiX/PEX-Form-main/vendor/laravel/framework/src/Illuminate/View/View.php(208): Illuminate/View/Engines/CompilerEngine->get('C://Users//user//M...', Array)
#13 C:/Users/user/MyFiles/ProgmiX/PEX-Form-main/vendor/laravel/framework/src/Illuminate/View/View.php(191): Illuminate/View/View->getContents()
#14 C:/Users/user/MyFiles/ProgmiX/PEX-Form-main/vendor/laravel/framework/src/Illuminate/View/View.php(160): Illuminate/View/View->renderContents()
#15 C:/Users/user/MyFiles/ProgmiX/PEX-Form-main/vendor/laravel/framework/src/Illuminate/Http/Response.php(78): Illuminate/View/View->render()
#16 C:/Users/user/MyFiles/ProgmiX/PEX-Form-main/vendor/laravel/framework/src/Illuminate/Http/Response.php(34): Illuminate/Http/Response->setContent(Object(Illuminate/View/View))
#17 C:/Users/user/MyFiles/ProgmiX/PEX-Form-main/vendor/laravel/framework/src/Illuminate/Routing/Router.php(939): Illuminate/Http/Response->__construct(Object(Illuminate/View/View), 200, Array)
#18 C:/Users/user/MyFiles/ProgmiX/PEX-Form-main/vendor/laravel/framework/src/Illuminate/Routing/Router.php(906): Illuminate/Routing/Router::toResponse(Object(Illuminate/Http/Request), Object(Illuminate/View/View))
#19 C:/Users/user/MyFiles/ProgmiX/PEX-Form-main/vendor/laravel/framework/src/Illuminate/Routing/Router.php(821): Illuminate/Routing/Router->prepareResponse(Object(Illuminate/Http/Request), Object(Illuminate/View/View))
#20 C:/Users/user/MyFiles/ProgmiX/PEX-Form-main/vendor/laravel/framework/src/Illuminate/Pipeline/Pipeline.php(180): Illuminate/Routing/Router->Illuminate/Routing/{closure}(Object(Illuminate/Http/Request))
#21 C:/Users/user/MyFiles/ProgmiX/PEX-Form-main/modules/Frontend/Http/Middleware/Locale.php(49): Illuminate/Pipeline/Pipeline->Illuminate/Pipeline/{closure}(Object(Illuminate/Http/Request))
#22 C:/Users/user/MyFiles/ProgmiX/PEX-Form-main/vendor/laravel/framework/src/Illuminate/Pipeline/Pipeline.php(219): Juzaweb/Frontend/Http/Middleware/Locale->handle(Object(Illuminate/Http/Request), Object(Closure))
#23 C:/Users/user/MyFiles/ProgmiX/PEX-Form-main/modules/Backend/Http/Middleware/SecurityHeaders.php(25): Illuminate/Pipeline/Pipeline->Illuminate/Pipeline/{closure}(Object(Illuminate/Http/Request))
#24 C:/Users/user/MyFiles/ProgmiX/PEX-Form-main/vendor/laravel/framework/src/Illuminate/Pipeline/Pipeline.php(219): Juzaweb/Backend/Http/Middleware/SecurityHeaders->handle(Object(Illuminate/Http/Request), Object(Closure))
#25 C:/Users/user/MyFiles/ProgmiX/PEX-Form-main/vendor/laravel/framework/src/Illuminate/Routing/Middleware/ThrottleRequests.php(166): Illuminate/Pipeline/Pipeline->Illuminate/Pipeline/{closure}(Object(Illuminate/Http/Request))
#26 C:/Users/user/MyFiles/ProgmiX/PEX-Form-main/vendor/laravel/framework/src/Illuminate/Routing/Middleware/ThrottleRequests.php(93): Illuminate/Routing/Middleware/ThrottleRequests->handleRequest(Object(Illuminate/Http/Request), Object(Closure), Array)
#27 C:/Users/user/MyFiles/ProgmiX/PEX-Form-main/vendor/laravel/framework/src/Illuminate/Pipeline/Pipeline.php(219): Illuminate/Routing/Middleware/ThrottleRequests->handle(Object(Illuminate/Http/Request), Object(Closure))
#28 C:/Users/user/MyFiles/ProgmiX/PEX-Form-main/modules/Backend/Http/Middleware/PathTraversal.php(57): Illuminate/Pipeline/Pipeline->Illuminate/Pipeline/{closure}(Object(Illuminate/Http/Request))
#29 C:/Users/user/MyFiles/ProgmiX/PEX-Form-main/vendor/laravel/framework/src/Illuminate/Pipeline/Pipeline.php(219): Juzaweb/Backend/Http/Middleware/PathTraversal->handle(Object(Illuminate/Http/Request), Object(Closure))
#30 C:/Users/user/MyFiles/ProgmiX/PEX-Form-main/modules/Backend/Http/Middleware/XssSanitization.php(44): Illuminate/Pipeline/Pipeline->Illuminate/Pipeline/{closure}(Object(Illuminate/Http/Request))
#31 C:/Users/user/MyFiles/ProgmiX/PEX-Form-main/vendor/laravel/framework/src/Illuminate/Pipeline/Pipeline.php(219): Juzaweb/Backend/Http/Middleware/XssSanitization->handle(Object(Illuminate/Http/Request), Object(Closure))
#32 C:/Users/user/MyFiles/ProgmiX/PEX-Form-main/vendor/spatie/laravel-csp/src/AddCspHeaders.php(13): Illuminate/Pipeline/Pipeline->Illuminate/Pipeline/{closure}(Object(Illuminate/Http/Request))
#33 C:/Users/user/MyFiles/ProgmiX/PEX-Form-main/vendor/laravel/framework/src/Illuminate/Pipeline/Pipeline.php(219): Spatie/Csp/AddCspHeaders->handle(Object(Illuminate/Http/Request), Object(Closure))
#34 C:/Users/user/MyFiles/ProgmiX/PEX-Form-main/vendor/barryvdh/laravel-debugbar/src/Middleware/InjectDebugbar.php(59): Illuminate/Pipeline/Pipeline->Illuminate/Pipeline/{closure}(Object(Illuminate/Http/Request))
#35 C:/Users/user/MyFiles/ProgmiX/PEX-Form-main/vendor/laravel/framework/src/Illuminate/Pipeline/Pipeline.php(219): Barryvdh/Debugbar/Middleware/InjectDebugbar->handle(Object(Illuminate/Http/Request), Object(Closure))
#36 C:/Users/user/MyFiles/ProgmiX/PEX-Form-main/modules/CMS/Http/Middleware/XFrameHeadersMiddleware.php(41): Illuminate/Pipeline/Pipeline->Illuminate/Pipeline/{closure}(Object(Illuminate/Http/Request))
#37 C:/Users/user/MyFiles/ProgmiX/PEX-Form-main/vendor/laravel/framework/src/Illuminate/Pipeline/Pipeline.php(219): Juzaweb/CMS/Http/Middleware/XFrameHeadersMiddleware->handle(Object(Illuminate/Http/Request), Object(Closure))
#38 C:/Users/user/MyFiles/ProgmiX/PEX-Form-main/vendor/laravel/framework/src/Illuminate/Routing/Middleware/SubstituteBindings.php(50): Illuminate/Pipeline/Pipeline->Illuminate/Pipeline/{closure}(Object(Illuminate/Http/Request))
#39 C:/Users/user/MyFiles/ProgmiX/PEX-Form-main/vendor/laravel/framework/src/Illuminate/Pipeline/Pipeline.php(219): Illuminate/Routing/Middleware/SubstituteBindings->handle(Object(Illuminate/Http/Request), Object(Closure))
#40 C:/Users/user/MyFiles/ProgmiX/PEX-Form-main/vendor/laravel/framework/src/Illuminate/Cookie/Middleware/AddQueuedCookiesToResponse.php(36): Illuminate/Pipeline/Pipeline->Illuminate/Pipeline/{closure}(Object(Illuminate/Http/Request))
#41 C:/Users/user/MyFiles/ProgmiX/PEX-Form-main/vendor/laravel/framework/src/Illuminate/Pipeline/Pipeline.php(219): Illuminate/Cookie/Middleware/AddQueuedCookiesToResponse->handle(Object(Illuminate/Http/Request), Object(Closure))
#42 C:/Users/user/MyFiles/ProgmiX/PEX-Form-main/vendor/laravel/framework/src/Illuminate/View/Middleware/ShareErrorsFromSession.php(48): Illuminate/Pipeline/Pipeline->Illuminate/Pipeline/{closure}(Object(Illuminate/Http/Request))
#43 C:/Users/user/MyFiles/ProgmiX/PEX-Form-main/modules/Backend/Http/Middleware/ShareErrorsUnlessBot.php(24): Illuminate/View/Middleware/ShareErrorsFromSession->handle(Object(Illuminate/Http/Request), Object(Closure))
#44 C:/Users/user/MyFiles/ProgmiX/PEX-Form-main/vendor/laravel/framework/src/Illuminate/Pipeline/Pipeline.php(219): Juzaweb/Backend/Http/Middleware/ShareErrorsUnlessBot->handle(Object(Illuminate/Http/Request), Object(Closure))
#45 C:/Users/user/MyFiles/ProgmiX/PEX-Form-main/vendor/laravel/framework/src/Illuminate/Session/Middleware/StartSession.php(120): Illuminate/Pipeline/Pipeline->Illuminate/Pipeline/{closure}(Object(Illuminate/Http/Request))
#46 C:/Users/user/MyFiles/ProgmiX/PEX-Form-main/vendor/laravel/framework/src/Illuminate/Session/Middleware/StartSession.php(63): Illuminate/Session/Middleware/StartSession->handleStatefulRequest(Object(Illuminate/Http/Request), Object(Illuminate/Session/Store), Object(Closure))
#47 C:/Users/user/MyFiles/ProgmiX/PEX-Form-main/modules/Backend/Http/Middleware/SkipSessionForBots.php(24): Illuminate/Session/Middleware/StartSession->handle(Object(Illuminate/Http/Request), Object(Closure))
#48 C:/Users/user/MyFiles/ProgmiX/PEX-Form-main/vendor/laravel/framework/src/Illuminate/Pipeline/Pipeline.php(219): Juzaweb/Backend/Http/Middleware/SkipSessionForBots->handle(Object(Illuminate/Http/Request), Object(Closure))
#49 C:/Users/user/MyFiles/ProgmiX/PEX-Form-main/vendor/laravel/framework/src/Illuminate/Cookie/Middleware/EncryptCookies.php(74): Illuminate/Pipeline/Pipeline->Illuminate/Pipeline/{closure}(Object(Illuminate/Http/Request))
#50 C:/Users/user/MyFiles/ProgmiX/PEX-Form-main/vendor/laravel/framework/src/Illuminate/Pipeline/Pipeline.php(219): Illuminate/Cookie/Middleware/EncryptCookies->handle(Object(Illuminate/Http/Request), Object(Closure))
#51 C:/Users/user/MyFiles/ProgmiX/PEX-Form-main/modules/CMS/Http/Middleware/GlobalMiddleware.php(11): Illuminate/Pipeline/Pipeline->Illuminate/Pipeline/{closure}(Object(Illuminate/Http/Request))
#52 C:/Users/user/MyFiles/ProgmiX/PEX-Form-main/vendor/laravel/framework/src/Illuminate/Pipeline/Pipeline.php(219): Juzaweb/CMS/Http/Middleware/GlobalMiddleware->handle(Object(Illuminate/Http/Request), Object(Closure))
#53 C:/Users/user/MyFiles/ProgmiX/PEX-Form-main/modules/Backend/Http/Middleware/DisableSessionForBots.php(30): Illuminate/Pipeline/Pipeline->Illuminate/Pipeline/{closure}(Object(Illuminate/Http/Request))
#54 C:/Users/user/MyFiles/ProgmiX/PEX-Form-main/vendor/laravel/framework/src/Illuminate/Pipeline/Pipeline.php(219): Juzaweb/Backend/Http/Middleware/DisableSessionForBots->handle(Object(Illuminate/Http/Request), Object(Closure))
#55 C:/Users/user/MyFiles/ProgmiX/PEX-Form-main/vendor/laravel/framework/src/Illuminate/Pipeline/Pipeline.php(137): Illuminate/Pipeline/Pipeline->Illuminate/Pipeline/{closure}(Object(Illuminate/Http/Request))
#56 C:/Users/user/MyFiles/ProgmiX/PEX-Form-main/vendor/laravel/framework/src/Illuminate/Routing/Router.php(821): Illuminate/Pipeline/Pipeline->then(Object(Closure))
#57 C:/Users/user/MyFiles/ProgmiX/PEX-Form-main/vendor/laravel/framework/src/Illuminate/Routing/Router.php(800): Illuminate/Routing/Router->runRouteWithinStack(Object(Illuminate/Routing/Route), Object(Illuminate/Http/Request))
#58 C:/Users/user/MyFiles/ProgmiX/PEX-Form-main/vendor/laravel/framework/src/Illuminate/Routing/Router.php(764): Illuminate/Routing/Router->runRoute(Object(Illuminate/Http/Request), Object(Illuminate/Routing/Route))
#59 C:/Users/user/MyFiles/ProgmiX/PEX-Form-main/vendor/laravel/framework/src/Illuminate/Routing/Router.php(753): Illuminate/Routing/Router->dispatchToRoute(Object(Illuminate/Http/Request))
#60 C:/Users/user/MyFiles/ProgmiX/PEX-Form-main/vendor/laravel/framework/src/Illuminate/Foundation/Http/Kernel.php(200): Illuminate/Routing/Router->dispatch(Object(Illuminate/Http/Request))
#61 C:/Users/user/MyFiles/ProgmiX/PEX-Form-main/vendor/laravel/framework/src/Illuminate/Pipeline/Pipeline.php(180): Illuminate/Foundation/Http/Kernel->Illuminate/Foundation/Http/{closure}(Object(Illuminate/Http/Request))
#62 C:/Users/user/MyFiles/ProgmiX/PEX-Form-main/vendor/barryvdh/laravel-debugbar/src/Middleware/InjectDebugbar.php(59): Illuminate/Pipeline/Pipeline->Illuminate/Pipeline/{closure}(Object(Illuminate/Http/Request))
#63 C:/Users/user/MyFiles/ProgmiX/PEX-Form-main/vendor/laravel/framework/src/Illuminate/Pipeline/Pipeline.php(219): Barryvdh/Debugbar/Middleware/InjectDebugbar->handle(Object(Illuminate/Http/Request), Object(Closure))
#64 C:/Users/user/MyFiles/ProgmiX/PEX-Form-main/modules/Backend/Http/Middleware/BlockIpMiddleware.php(31): Illuminate/Pipeline/Pipeline->Illuminate/Pipeline/{closure}(Object(Illuminate/Http/Request))
#65 C:/Users/user/MyFiles/ProgmiX/PEX-Form-main/vendor/laravel/framework/src/Illuminate/Pipeline/Pipeline.php(219): Juzaweb/Backend/Http/Middleware/BlockIpMiddleware->handle(Object(Illuminate/Http/Request), Object(Closure))
#66 C:/Users/user/MyFiles/ProgmiX/PEX-Form-main/modules/Backend/Http/Middleware/SecurityHeaders.php(25): Illuminate/Pipeline/Pipeline->Illuminate/Pipeline/{closure}(Object(Illuminate/Http/Request))
#67 C:/Users/user/MyFiles/ProgmiX/PEX-Form-main/vendor/laravel/framework/src/Illuminate/Pipeline/Pipeline.php(219): Juzaweb/Backend/Http/Middleware/SecurityHeaders->handle(Object(Illuminate/Http/Request), Object(Closure))
#68 C:/Users/user/MyFiles/ProgmiX/PEX-Form-main/vendor/laravel/framework/src/Illuminate/Foundation/Http/Middleware/TransformsRequest.php(21): Illuminate/Pipeline/Pipeline->Illuminate/Pipeline/{closure}(Object(Illuminate/Http/Request))
#69 C:/Users/user/MyFiles/ProgmiX/PEX-Form-main/vendor/laravel/framework/src/Illuminate/Foundation/Http/Middleware/ConvertEmptyStringsToNull.php(31): Illuminate/Foundation/Http/Middleware/TransformsRequest->handle(Object(Illuminate/Http/Request), Object(Closure))
#70 C:/Users/user/MyFiles/ProgmiX/PEX-Form-main/vendor/laravel/framework/src/Illuminate/Pipeline/Pipeline.php(219): Illuminate/Foundation/Http/Middleware/ConvertEmptyStringsToNull->handle(Object(Illuminate/Http/Request), Object(Closure))
#71 C:/Users/user/MyFiles/ProgmiX/PEX-Form-main/vendor/laravel/framework/src/Illuminate/Foundation/Http/Middleware/TransformsRequest.php(21): Illuminate/Pipeline/Pipeline->Illuminate/Pipeline/{closure}(Object(Illuminate/Http/Request))
#72 C:/Users/user/MyFiles/ProgmiX/PEX-Form-main/vendor/laravel/framework/src/Illuminate/Foundation/Http/Middleware/TrimStrings.php(51): Illuminate/Foundation/Http/Middleware/TransformsRequest->handle(Object(Illuminate/Http/Request), Object(Closure))
#73 C:/Users/user/MyFiles/ProgmiX/PEX-Form-main/vendor/laravel/framework/src/Illuminate/Pipeline/Pipeline.php(219): Illuminate/Foundation/Http/Middleware/TrimStrings->handle(Object(Illuminate/Http/Request), Object(Closure))
#74 C:/Users/user/MyFiles/ProgmiX/PEX-Form-main/vendor/laravel/framework/src/Illuminate/Http/Middleware/ValidatePostSize.php(27): Illuminate/Pipeline/Pipeline->Illuminate/Pipeline/{closure}(Object(Illuminate/Http/Request))
#75 C:/Users/user/MyFiles/ProgmiX/PEX-Form-main/vendor/laravel/framework/src/Illuminate/Pipeline/Pipeline.php(219): Illuminate/Http/Middleware/ValidatePostSize->handle(Object(Illuminate/Http/Request), Object(Closure))
#76 C:/Users/user/MyFiles/ProgmiX/PEX-Form-main/vendor/laravel/framework/src/Illuminate/Foundation/Http/Middleware/PreventRequestsDuringMaintenance.php(109): Illuminate/Pipeline/Pipeline->Illuminate/Pipeline/{closure}(Object(Illuminate/Http/Request))
#77 C:/Users/user/MyFiles/ProgmiX/PEX-Form-main/vendor/laravel/framework/src/Illuminate/Pipeline/Pipeline.php(219): Illuminate/Foundation/Http/Middleware/PreventRequestsDuringMaintenance->handle(Object(Illuminate/Http/Request), Object(Closure))
#78 C:/Users/user/MyFiles/ProgmiX/PEX-Form-main/vendor/laravel/framework/src/Illuminate/Http/Middleware/HandleCors.php(61): Illuminate/Pipeline/Pipeline->Illuminate/Pipeline/{closure}(Object(Illuminate/Http/Request))
#79 C:/Users/user/MyFiles/ProgmiX/PEX-Form-main/vendor/laravel/framework/src/Illuminate/Pipeline/Pipeline.php(219): Illuminate/Http/Middleware/HandleCors->handle(Object(Illuminate/Http/Request), Object(Closure))
#80 C:/Users/user/MyFiles/ProgmiX/PEX-Form-main/vendor/laravel/framework/src/Illuminate/Http/Middleware/TrustProxies.php(58): Illuminate/Pipeline/Pipeline->Illuminate/Pipeline/{closure}(Object(Illuminate/Http/Request))
#81 C:/Users/user/MyFiles/ProgmiX/PEX-Form-main/vendor/laravel/framework/src/Illuminate/Pipeline/Pipeline.php(219): Illuminate/Http/Middleware/TrustProxies->handle(Object(Illuminate/Http/Request), Object(Closure))
#82 C:/Users/user/MyFiles/ProgmiX/PEX-Form-main/vendor/laravel/framework/src/Illuminate/Pipeline/Pipeline.php(137): Illuminate/Pipeline/Pipeline->Illuminate/Pipeline/{closure}(Object(Illuminate/Http/Request))
#83 C:/Users/user/MyFiles/ProgmiX/PEX-Form-main/vendor/laravel/framework/src/Illuminate/Foundation/Http/Kernel.php(175): Illuminate/Pipeline/Pipeline->then(Object(Closure))
#84 C:/Users/user/MyFiles/ProgmiX/PEX-Form-main/vendor/laravel/framework/src/Illuminate/Foundation/Http/Kernel.php(144): Illuminate/Foundation/Http/Kernel->sendRequestThroughRouter(Object(Illuminate/Http/Request))
#85 C:/Users/user/MyFiles/ProgmiX/PEX-Form-main/public/index.php(51): Illuminate/Foundation/Http/Kernel->handle(Object(Illuminate/Http/Request))
#86 C:/Users/user/MyFiles/ProgmiX/PEX-Form-main/vendor/laravel/framework/src/Illuminate/Foundation/resources/server.php(23): require_once('C://Users//user//M...')
#87 {main}

[previous exception] [object] (ErrorException(code: 0): Undefined array key \"mapEmbedUrl\" at C:/Users/user/MyFiles/ProgmiX/PEX-Form-main/storage/framework/views/a84ddf431c771032d0234d77e02450d7.php:13)
[stacktrace]
#0 C:/Users/user/MyFiles/ProgmiX/PEX-Form-main/vendor/laravel/framework/src/Illuminate/Foundation/Bootstrap/HandleExceptions.php(262): Illuminate/Foundation/Bootstrap/HandleExceptions->handleError(2, 'Undefined array...', 'C://Users//user//M...', 13)
#1 C:/Users/user/MyFiles/ProgmiX/PEX-Form-main/storage/framework/views/a84ddf431c771032d0234d77e02450d7.php(13): Illuminate/Foundation/Bootstrap/HandleExceptions->Illuminate/Foundation/Bootstrap/{closure}(2, 'Undefined array...', 'C://Users//user//M...', 13)
#2 C:/Users/user/MyFiles/ProgmiX/PEX-Form-main/vendor/laravel/framework/src/Illuminate/Filesystem/Filesystem.php(123): require('C://Users//user//M...')
#3 C:/Users/user/MyFiles/ProgmiX/PEX-Form-main/vendor/laravel/framework/src/Illuminate/Filesystem/Filesystem.php(124): Illuminate/Filesystem/Filesystem::Illuminate/Filesystem/{closure}()
#4 C:/Users/user/MyFiles/ProgmiX/PEX-Form-main/vendor/laravel/framework/src/Illuminate/View/Engines/PhpEngine.php(57): Illuminate/Filesystem/Filesystem->getRequire('C://Users//user//M...', Array)
#5 C:/Users/user/MyFiles/ProgmiX/PEX-Form-main/vendor/laravel/framework/src/Illuminate/View/Engines/CompilerEngine.php(76): Illuminate/View/Engines/PhpEngine->evaluatePath('C://Users//user//M...', Array)
#6 C:/Users/user/MyFiles/ProgmiX/PEX-Form-main/vendor/laravel/framework/src/Illuminate/View/View.php(208): Illuminate/View/Engines/CompilerEngine->get('C://Users//user//M...', Array)
#7 C:/Users/user/MyFiles/ProgmiX/PEX-Form-main/vendor/laravel/framework/src/Illuminate/View/View.php(191): Illuminate/View/View->getContents()
#8 C:/Users/user/MyFiles/ProgmiX/PEX-Form-main/vendor/laravel/framework/src/Illuminate/View/View.php(160): Illuminate/View/View->renderContents()
#9 C:/Users/user/MyFiles/ProgmiX/PEX-Form-main/storage/framework/views/078e945ecbf82d678121cbf4f8650dce.php(1): Illuminate/View/View->render()
#10 C:/Users/user/MyFiles/ProgmiX/PEX-Form-main/vendor/laravel/framework/src/Illuminate/Filesystem/Filesystem.php(123): require('C://Users//user//M...')
#11 C:/Users/user/MyFiles/ProgmiX/PEX-Form-main/vendor/laravel/framework/src/Illuminate/Filesystem/Filesystem.php(124): Illuminate/Filesystem/Filesystem::Illuminate/Filesystem/{closure}()
#12 C:/Users/user/MyFiles/ProgmiX/PEX-Form-main/vendor/laravel/framework/src/Illuminate/View/Engines/PhpEngine.php(57): Illuminate/Filesystem/Filesystem->getRequire('C://Users//user//M...', Array)
#13 C:/Users/user/MyFiles/ProgmiX/PEX-Form-main/vendor/laravel/framework/src/Illuminate/View/Engines/CompilerEngine.php(76): Illuminate/View/Engines/PhpEngine->evaluatePath('C://Users//user//M...', Array)
#14 C:/Users/user/MyFiles/ProgmiX/PEX-Form-main/vendor/laravel/framework/src/Illuminate/View/View.php(208): Illuminate/View/Engines/CompilerEngine->get('C://Users//user//M...', Array)
#15 C:/Users/user/MyFiles/ProgmiX/PEX-Form-main/vendor/laravel/framework/src/Illuminate/View/View.php(191): Illuminate/View/View->getContents()
#16 C:/Users/user/MyFiles/ProgmiX/PEX-Form-main/vendor/laravel/framework/src/Illuminate/View/View.php(160): Illuminate/View/View->renderContents()
#17 C:/Users/user/MyFiles/ProgmiX/PEX-Form-main/vendor/laravel/framework/src/Illuminate/Http/Response.php(78): Illuminate/View/View->render()
#18 C:/Users/user/MyFiles/ProgmiX/PEX-Form-main/vendor/laravel/framework/src/Illuminate/Http/Response.php(34): Illuminate/Http/Response->setContent(Object(Illuminate/View/View))
#19 C:/Users/user/MyFiles/ProgmiX/PEX-Form-main/vendor/laravel/framework/src/Illuminate/Routing/Router.php(939): Illuminate/Http/Response->__construct(Object(Illuminate/View/View), 200, Array)
#20 C:/Users/user/MyFiles/ProgmiX/PEX-Form-main/vendor/laravel/framework/src/Illuminate/Routing/Router.php(906): Illuminate/Routing/Router::toResponse(Object(Illuminate/Http/Request), Object(Illuminate/View/View))
#21 C:/Users/user/MyFiles/ProgmiX/PEX-Form-main/vendor/laravel/framework/src/Illuminate/Routing/Router.php(821): Illuminate/Routing/Router->prepareResponse(Object(Illuminate/Http/Request), Object(Illuminate/View/View))
#22 C:/Users/user/MyFiles/ProgmiX/PEX-Form-main/vendor/laravel/framework/src/Illuminate/Pipeline/Pipeline.php(180): Illuminate/Routing/Router->Illuminate/Routing/{closure}(Object(Illuminate/Http/Request))
#23 C:/Users/user/MyFiles/ProgmiX/PEX-Form-main/modules/Frontend/Http/Middleware/Locale.php(49): Illuminate/Pipeline/Pipeline->Illuminate/Pipeline/{closure}(Object(Illuminate/Http/Request))
#24 C:/Users/user/MyFiles/ProgmiX/PEX-Form-main/vendor/laravel/framework/src/Illuminate/Pipeline/Pipeline.php(219): Juzaweb/Frontend/Http/Middleware/Locale->handle(Object(Illuminate/Http/Request), Object(Closure))
#25 C:/Users/user/MyFiles/ProgmiX/PEX-Form-main/modules/Backend/Http/Middleware/SecurityHeaders.php(25): Illuminate/Pipeline/Pipeline->Illuminate/Pipeline/{closure}(Object(Illuminate/Http/Request))
#26 C:/Users/user/MyFiles/ProgmiX/PEX-Form-main/vendor/laravel/framework/src/Illuminate/Pipeline/Pipeline.php(219): Juzaweb/Backend/Http/Middleware/SecurityHeaders->handle(Object(Illuminate/Http/Request), Object(Closure))
#27 C:/Users/user/MyFiles/ProgmiX/PEX-Form-main/vendor/laravel/framework/src/Illuminate/Routing/Middleware/ThrottleRequests.php(166): Illuminate/Pipeline/Pipeline->Illuminate/Pipeline/{closure}(Object(Illuminate/Http/Request))
#28 C:/Users/user/MyFiles/ProgmiX/PEX-Form-main/vendor/laravel/framework/src/Illuminate/Routing/Middleware/ThrottleRequests.php(93): Illuminate/Routing/Middleware/ThrottleRequests->handleRequest(Object(Illuminate/Http/Request), Object(Closure), Array)
#29 C:/Users/user/MyFiles/ProgmiX/PEX-Form-main/vendor/laravel/framework/src/Illuminate/Pipeline/Pipeline.php(219): Illuminate/Routing/Middleware/ThrottleRequests->handle(Object(Illuminate/Http/Request), Object(Closure))
#30 C:/Users/user/MyFiles/ProgmiX/PEX-Form-main/modules/Backend/Http/Middleware/PathTraversal.php(57): Illuminate/Pipeline/Pipeline->Illuminate/Pipeline/{closure}(Object(Illuminate/Http/Request))
#31 C:/Users/user/MyFiles/ProgmiX/PEX-Form-main/vendor/laravel/framework/src/Illuminate/Pipeline/Pipeline.php(219): Juzaweb/Backend/Http/Middleware/PathTraversal->handle(Object(Illuminate/Http/Request), Object(Closure))
#32 C:/Users/user/MyFiles/ProgmiX/PEX-Form-main/modules/Backend/Http/Middleware/XssSanitization.php(44): Illuminate/Pipeline/Pipeline->Illuminate/Pipeline/{closure}(Object(Illuminate/Http/Request))
#33 C:/Users/user/MyFiles/ProgmiX/PEX-Form-main/vendor/laravel/framework/src/Illuminate/Pipeline/Pipeline.php(219): Juzaweb/Backend/Http/Middleware/XssSanitization->handle(Object(Illuminate/Http/Request), Object(Closure))
#34 C:/Users/user/MyFiles/ProgmiX/PEX-Form-main/vendor/spatie/laravel-csp/src/AddCspHeaders.php(13): Illuminate/Pipeline/Pipeline->Illuminate/Pipeline/{closure}(Object(Illuminate/Http/Request))
#35 C:/Users/user/MyFiles/ProgmiX/PEX-Form-main/vendor/laravel/framework/src/Illuminate/Pipeline/Pipeline.php(219): Spatie/Csp/AddCspHeaders->handle(Object(Illuminate/Http/Request), Object(Closure))
#36 C:/Users/user/MyFiles/ProgmiX/PEX-Form-main/vendor/barryvdh/laravel-debugbar/src/Middleware/InjectDebugbar.php(59): Illuminate/Pipeline/Pipeline->Illuminate/Pipeline/{closure}(Object(Illuminate/Http/Request))
#37 C:/Users/user/MyFiles/ProgmiX/PEX-Form-main/vendor/laravel/framework/src/Illuminate/Pipeline/Pipeline.php(219): Barryvdh/Debugbar/Middleware/InjectDebugbar->handle(Object(Illuminate/Http/Request), Object(Closure))
#38 C:/Users/user/MyFiles/ProgmiX/PEX-Form-main/modules/CMS/Http/Middleware/XFrameHeadersMiddleware.php(41): Illuminate/Pipeline/Pipeline->Illuminate/Pipeline/{closure}(Object(Illuminate/Http/Request))
#39 C:/Users/user/MyFiles/ProgmiX/PEX-Form-main/vendor/laravel/framework/src/Illuminate/Pipeline/Pipeline.php(219): Juzaweb/CMS/Http/Middleware/XFrameHeadersMiddleware->handle(Object(Illuminate/Http/Request), Object(Closure))
#40 C:/Users/user/MyFiles/ProgmiX/PEX-Form-main/vendor/laravel/framework/src/Illuminate/Routing/Middleware/SubstituteBindings.php(50): Illuminate/Pipeline/Pipeline->Illuminate/Pipeline/{closure}(Object(Illuminate/Http/Request))
#41 C:/Users/user/MyFiles/ProgmiX/PEX-Form-main/vendor/laravel/framework/src/Illuminate/Pipeline/Pipeline.php(219): Illuminate/Routing/Middleware/SubstituteBindings->handle(Object(Illuminate/Http/Request), Object(Closure))
#42 C:/Users/user/MyFiles/ProgmiX/PEX-Form-main/vendor/laravel/framework/src/Illuminate/Cookie/Middleware/AddQueuedCookiesToResponse.php(36): Illuminate/Pipeline/Pipeline->Illuminate/Pipeline/{closure}(Object(Illuminate/Http/Request))
#43 C:/Users/user/MyFiles/ProgmiX/PEX-Form-main/vendor/laravel/framework/src/Illuminate/Pipeline/Pipeline.php(219): Illuminate/Cookie/Middleware/AddQueuedCookiesToResponse->handle(Object(Illuminate/Http/Request), Object(Closure))
#44 C:/Users/user/MyFiles/ProgmiX/PEX-Form-main/vendor/laravel/framework/src/Illuminate/View/Middleware/ShareErrorsFromSession.php(48): Illuminate/Pipeline/Pipeline->Illuminate/Pipeline/{closure}(Object(Illuminate/Http/Request))
#45 C:/Users/user/MyFiles/ProgmiX/PEX-Form-main/modules/Backend/Http/Middleware/ShareErrorsUnlessBot.php(24): Illuminate/View/Middleware/ShareErrorsFromSession->handle(Object(Illuminate/Http/Request), Object(Closure))
#46 C:/Users/user/MyFiles/ProgmiX/PEX-Form-main/vendor/laravel/framework/src/Illuminate/Pipeline/Pipeline.php(219): Juzaweb/Backend/Http/Middleware/ShareErrorsUnlessBot->handle(Object(Illuminate/Http/Request), Object(Closure))
#47 C:/Users/user/MyFiles/ProgmiX/PEX-Form-main/vendor/laravel/framework/src/Illuminate/Session/Middleware/StartSession.php(120): Illuminate/Pipeline/Pipeline->Illuminate/Pipeline/{closure}(Object(Illuminate/Http/Request))
#48 C:/Users/user/MyFiles/ProgmiX/PEX-Form-main/vendor/laravel/framework/src/Illuminate/Session/Middleware/StartSession.php(63): Illuminate/Session/Middleware/StartSession->handleStatefulRequest(Object(Illuminate/Http/Request), Object(Illuminate/Session/Store), Object(Closure))
#49 C:/Users/user/MyFiles/ProgmiX/PEX-Form-main/modules/Backend/Http/Middleware/SkipSessionForBots.php(24): Illuminate/Session/Middleware/StartSession->handle(Object(Illuminate/Http/Request), Object(Closure))
#50 C:/Users/user/MyFiles/ProgmiX/PEX-Form-main/vendor/laravel/framework/src/Illuminate/Pipeline/Pipeline.php(219): Juzaweb/Backend/Http/Middleware/SkipSessionForBots->handle(Object(Illuminate/Http/Request), Object(Closure))
#51 C:/Users/user/MyFiles/ProgmiX/PEX-Form-main/vendor/laravel/framework/src/Illuminate/Cookie/Middleware/EncryptCookies.php(74): Illuminate/Pipeline/Pipeline->Illuminate/Pipeline/{closure}(Object(Illuminate/Http/Request))
#52 C:/Users/user/MyFiles/ProgmiX/PEX-Form-main/vendor/laravel/framework/src/Illuminate/Pipeline/Pipeline.php(219): Illuminate/Cookie/Middleware/EncryptCookies->handle(Object(Illuminate/Http/Request), Object(Closure))
#53 C:/Users/user/MyFiles/ProgmiX/PEX-Form-main/modules/CMS/Http/Middleware/GlobalMiddleware.php(11): Illuminate/Pipeline/Pipeline->Illuminate/Pipeline/{closure}(Object(Illuminate/Http/Request))
#54 C:/Users/user/MyFiles/ProgmiX/PEX-Form-main/vendor/laravel/framework/src/Illuminate/Pipeline/Pipeline.php(219): Juzaweb/CMS/Http/Middleware/GlobalMiddleware->handle(Object(Illuminate/Http/Request), Object(Closure))
#55 C:/Users/user/MyFiles/ProgmiX/PEX-Form-main/modules/Backend/Http/Middleware/DisableSessionForBots.php(30): Illuminate/Pipeline/Pipeline->Illuminate/Pipeline/{closure}(Object(Illuminate/Http/Request))
#56 C:/Users/user/MyFiles/ProgmiX/PEX-Form-main/vendor/laravel/framework/src/Illuminate/Pipeline/Pipeline.php(219): Juzaweb/Backend/Http/Middleware/DisableSessionForBots->handle(Object(Illuminate/Http/Request), Object(Closure))
#57 C:/Users/user/MyFiles/ProgmiX/PEX-Form-main/vendor/laravel/framework/src/Illuminate/Pipeline/Pipeline.php(137): Illuminate/Pipeline/Pipeline->Illuminate/Pipeline/{closure}(Object(Illuminate/Http/Request))
#58 C:/Users/user/MyFiles/ProgmiX/PEX-Form-main/vendor/laravel/framework/src/Illuminate/Routing/Router.php(821): Illuminate/Pipeline/Pipeline->then(Object(Closure))
#59 C:/Users/user/MyFiles/ProgmiX/PEX-Form-main/vendor/laravel/framework/src/Illuminate/Routing/Router.php(800): Illuminate/Routing/Router->runRouteWithinStack(Object(Illuminate/Routing/Route), Object(Illuminate/Http/Request))
#60 C:/Users/user/MyFiles/ProgmiX/PEX-Form-main/vendor/laravel/framework/src/Illuminate/Routing/Router.php(764): Illuminate/Routing/Router->runRoute(Object(Illuminate/Http/Request), Object(Illuminate/Routing/Route))
#61 C:/Users/user/MyFiles/ProgmiX/PEX-Form-main/vendor/laravel/framework/src/Illuminate/Routing/Router.php(753): Illuminate/Routing/Router->dispatchToRoute(Object(Illuminate/Http/Request))
#62 C:/Users/user/MyFiles/ProgmiX/PEX-Form-main/vendor/laravel/framework/src/Illuminate/Foundation/Http/Kernel.php(200): Illuminate/Routing/Router->dispatch(Object(Illuminate/Http/Request))
#63 C:/Users/user/MyFiles/ProgmiX/PEX-Form-main/vendor/laravel/framework/src/Illuminate/Pipeline/Pipeline.php(180): Illuminate/Foundation/Http/Kernel->Illuminate/Foundation/Http/{closure}(Object(Illuminate/Http/Request))
#64 C:/Users/user/MyFiles/ProgmiX/PEX-Form-main/vendor/barryvdh/laravel-debugbar/src/Middleware/InjectDebugbar.php(59): Illuminate/Pipeline/Pipeline->Illuminate/Pipeline/{closure}(Object(Illuminate/Http/Request))
#65 C:/Users/user/MyFiles/ProgmiX/PEX-Form-main/vendor/laravel/framework/src/Illuminate/Pipeline/Pipeline.php(219): Barryvdh/Debugbar/Middleware/InjectDebugbar->handle(Object(Illuminate/Http/Request), Object(Closure))
#66 C:/Users/user/MyFiles/ProgmiX/PEX-Form-main/modules/Backend/Http/Middleware/BlockIpMiddleware.php(31): Illuminate/Pipeline/Pipeline->Illuminate/Pipeline/{closure}(Object(Illuminate/Http/Request))
#67 C:/Users/user/MyFiles/ProgmiX/PEX-Form-main/vendor/laravel/framework/src/Illuminate/Pipeline/Pipeline.php(219): Juzaweb/Backend/Http/Middleware/BlockIpMiddleware->handle(Object(Illuminate/Http/Request), Object(Closure))
#68 C:/Users/user/MyFiles/ProgmiX/PEX-Form-main/modules/Backend/Http/Middleware/SecurityHeaders.php(25): Illuminate/Pipeline/Pipeline->Illuminate/Pipeline/{closure}(Object(Illuminate/Http/Request))
#69 C:/Users/user/MyFiles/ProgmiX/PEX-Form-main/vendor/laravel/framework/src/Illuminate/Pipeline/Pipeline.php(219): Juzaweb/Backend/Http/Middleware/SecurityHeaders->handle(Object(Illuminate/Http/Request), Object(Closure))
#70 C:/Users/user/MyFiles/ProgmiX/PEX-Form-main/vendor/laravel/framework/src/Illuminate/Foundation/Http/Middleware/TransformsRequest.php(21): Illuminate/Pipeline/Pipeline->Illuminate/Pipeline/{closure}(Object(Illuminate/Http/Request))
#71 C:/Users/user/MyFiles/ProgmiX/PEX-Form-main/vendor/laravel/framework/src/Illuminate/Foundation/Http/Middleware/ConvertEmptyStringsToNull.php(31): Illuminate/Foundation/Http/Middleware/TransformsRequest->handle(Object(Illuminate/Http/Request), Object(Closure))
#72 C:/Users/user/MyFiles/ProgmiX/PEX-Form-main/vendor/laravel/framework/src/Illuminate/Pipeline/Pipeline.php(219): Illuminate/Foundation/Http/Middleware/ConvertEmptyStringsToNull->handle(Object(Illuminate/Http/Request), Object(Closure))
#73 C:/Users/user/MyFiles/ProgmiX/PEX-Form-main/vendor/laravel/framework/src/Illuminate/Foundation/Http/Middleware/TransformsRequest.php(21): Illuminate/Pipeline/Pipeline->Illuminate/Pipeline/{closure}(Object(Illuminate/Http/Request))
#74 C:/Users/user/MyFiles/ProgmiX/PEX-Form-main/vendor/laravel/framework/src/Illuminate/Foundation/Http/Middleware/TrimStrings.php(51): Illuminate/Foundation/Http/Middleware/TransformsRequest->handle(Object(Illuminate/Http/Request), Object(Closure))
#75 C:/Users/user/MyFiles/ProgmiX/PEX-Form-main/vendor/laravel/framework/src/Illuminate/Pipeline/Pipeline.php(219): Illuminate/Foundation/Http/Middleware/TrimStrings->handle(Object(Illuminate/Http/Request), Object(Closure))
#76 C:/Users/user/MyFiles/ProgmiX/PEX-Form-main/vendor/laravel/framework/src/Illuminate/Http/Middleware/ValidatePostSize.php(27): Illuminate/Pipeline/Pipeline->Illuminate/Pipeline/{closure}(Object(Illuminate/Http/Request))
#77 C:/Users/user/MyFiles/ProgmiX/PEX-Form-main/vendor/laravel/framework/src/Illuminate/Pipeline/Pipeline.php(219): Illuminate/Http/Middleware/ValidatePostSize->handle(Object(Illuminate/Http/Request), Object(Closure))
#78 C:/Users/user/MyFiles/ProgmiX/PEX-Form-main/vendor/laravel/framework/src/Illuminate/Foundation/Http/Middleware/PreventRequestsDuringMaintenance.php(109): Illuminate/Pipeline/Pipeline->Illuminate/Pipeline/{closure}(Object(Illuminate/Http/Request))
#79 C:/Users/user/MyFiles/ProgmiX/PEX-Form-main/vendor/laravel/framework/src/Illuminate/Pipeline/Pipeline.php(219): Illuminate/Foundation/Http/Middleware/PreventRequestsDuringMaintenance->handle(Object(Illuminate/Http/Request), Object(Closure))
#80 C:/Users/user/MyFiles/ProgmiX/PEX-Form-main/vendor/laravel/framework/src/Illuminate/Http/Middleware/HandleCors.php(61): Illuminate/Pipeline/Pipeline->Illuminate/Pipeline/{closure}(Object(Illuminate/Http/Request))
#81 C:/Users/user/MyFiles/ProgmiX/PEX-Form-main/vendor/laravel/framework/src/Illuminate/Pipeline/Pipeline.php(219): Illuminate/Http/Middleware/HandleCors->handle(Object(Illuminate/Http/Request), Object(Closure))
#82 C:/Users/user/MyFiles/ProgmiX/PEX-Form-main/vendor/laravel/framework/src/Illuminate/Http/Middleware/TrustProxies.php(58): Illuminate/Pipeline/Pipeline->Illuminate/Pipeline/{closure}(Object(Illuminate/Http/Request))
#83 C:/Users/user/MyFiles/ProgmiX/PEX-Form-main/vendor/laravel/framework/src/Illuminate/Pipeline/Pipeline.php(219): Illuminate/Http/Middleware/TrustProxies->handle(Object(Illuminate/Http/Request), Object(Closure))
#84 C:/Users/user/MyFiles/ProgmiX/PEX-Form-main/vendor/laravel/framework/src/Illuminate/Pipeline/Pipeline.php(137): Illuminate/Pipeline/Pipeline->Illuminate/Pipeline/{closure}(Object(Illuminate/Http/Request))
#85 C:/Users/user/MyFiles/ProgmiX/PEX-Form-main/vendor/laravel/framework/src/Illuminate/Foundation/Http/Kernel.php(175): Illuminate/Pipeline/Pipeline->then(Object(Closure))
#86 C:/Users/user/MyFiles/ProgmiX/PEX-Form-main/vendor/laravel/framework/src/Illuminate/Foundation/Http/Kernel.php(144): Illuminate/Foundation/Http/Kernel->sendRequestThroughRouter(Object(Illuminate/Http/Request))
#87 C:/Users/user/MyFiles/ProgmiX/PEX-Form-main/public/index.php(51): Illuminate/Foundation/Http/Kernel->handle(Object(Illuminate/Http/Request))
#88 C:/Users/user/MyFiles/ProgmiX/PEX-Form-main/vendor/laravel/framework/src/Illuminate/Foundation/resources/server.php(23): require_once('C://Users//user//M...')
#89 {main}
"} 
[2026-09-30 09:25:43] local.ERROR: Vite manifest not found at: C:\Users\user\MyFiles\ProgmiX\PEX-Form-main\public\front/manifest.json {"userId":1,"exception":"[object] (Spatie\\LaravelIgnition\\Exceptions\\ViewException(code: 0): Vite manifest not found at: C:\\Users\\user\\MyFiles\\ProgmiX\\PEX-Form-main\\public\\front/manifest.json at C:/Users/user/MyFiles/ProgmiX/PEX-Form-main/vendor/laravel/framework/src/Illuminate/Foundation/Vite.php:946)
[stacktrace]
#0 C:/Users/user/MyFiles/ProgmiX/PEX-Form-main/vendor/laravel/framework/src/Illuminate/Foundation/Vite.php(384): Illuminate/Foundation/Vite->manifest('front')
#1 C:/Users/user/MyFiles/ProgmiX/PEX-Form-main/vendor/laravel/framework/src/Illuminate/Foundation/Vite.php(1036): Illuminate/Foundation/Vite->__invoke(Object(Illuminate/Support/Collection))
#2 C:/Users/user/MyFiles/ProgmiX/PEX-Form-main/vendor/laravel/framework/src/Illuminate/Support/helpers.php(131): Illuminate/Foundation/Vite->toHtml()
#3 C:/Users/user/MyFiles/ProgmiX/PEX-Form-main/modules/Frontend/resources/views/layouts/app.blade.php(37): e(Object(Illuminate/Foundation/Vite))
#4 C:/Users/user/MyFiles/ProgmiX/PEX-Form-main/vendor/laravel/framework/src/Illuminate/Filesystem/Filesystem.php(123): require('C://Users//user//M...')
#5 C:/Users/user/MyFiles/ProgmiX/PEX-Form-main/vendor/laravel/framework/src/Illuminate/Filesystem/Filesystem.php(124): Illuminate/Filesystem/Filesystem::Illuminate/Filesystem/{closure}()
#6 C:/Users/user/MyFiles/ProgmiX/PEX-Form-main/vendor/laravel/framework/src/Illuminate/View/Engines/PhpEngine.php(57): Illuminate/Filesystem/Filesystem->getRequire('C://Users//user//M...', Array)
#7 C:/Users/user/MyFiles/ProgmiX/PEX-Form-main/vendor/laravel/framework/src/Illuminate/View/Engines/CompilerEngine.php(76): Illuminate/View/Engines/PhpEngine->evaluatePath('C://Users//user//M...', Array)
#8 C:/Users/user/MyFiles/ProgmiX/PEX-Form-main/vendor/laravel/framework/src/Illuminate/View/View.php(208): Illuminate/View/Engines/CompilerEngine->get('C://Users//user//M...', Array)
#9 C:/Users/user/MyFiles/ProgmiX/PEX-Form-main/vendor/laravel/framework/src/Illuminate/View/View.php(191): Illuminate/View/View->getContents()
#10 C:/Users/user/MyFiles/ProgmiX/PEX-Form-main/vendor/laravel/framework/src/Illuminate/View/View.php(160): Illuminate/View/View->renderContents()
#11 C:/Users/user/MyFiles/ProgmiX/PEX-Form-main/modules/Frontend/resources/views/home.blade.php(1): Illuminate/View/View->render()
#12 C:/Users/user/MyFiles/ProgmiX/PEX-Form-main/vendor/laravel/framework/src/Illuminate/Filesystem/Filesystem.php(123): require('C://Users//user//M...')
#13 C:/Users/user/MyFiles/ProgmiX/PEX-Form-main/vendor/laravel/framework/src/Illuminate/Filesystem/Filesystem.php(124): Illuminate/Filesystem/Filesystem::Illuminate/Filesystem/{closure}()
#14 C:/Users/user/MyFiles/ProgmiX/PEX-Form-main/vendor/laravel/framework/src/Illuminate/View/Engines/PhpEngine.php(57): Illuminate/Filesystem/Filesystem->getRequire('C://Users//user//M...', Array)
#15 C:/Users/user/MyFiles/ProgmiX/PEX-Form-main/vendor/laravel/framework/src/Illuminate/View/Engines/CompilerEngine.php(76): Illuminate/View/Engines/PhpEngine->evaluatePath('C://Users//user//M...', Array)
#16 C:/Users/user/MyFiles/ProgmiX/PEX-Form-main/vendor/laravel/framework/src/Illuminate/View/View.php(208): Illuminate/View/Engines/CompilerEngine->get('C://Users//user//M...', Array)
#17 C:/Users/user/MyFiles/ProgmiX/PEX-Form-main/vendor/laravel/framework/src/Illuminate/View/View.php(191): Illuminate/View/View->getContents()
#18 C:/Users/user/MyFiles/ProgmiX/PEX-Form-main/vendor/laravel/framework/src/Illuminate/View/View.php(160): Illuminate/View/View->renderContents()
#19 C:/Users/user/MyFiles/ProgmiX/PEX-Form-main/vendor/laravel/framework/src/Illuminate/Http/Response.php(78): Illuminate/View/View->render()
#20 C:/Users/user/MyFiles/ProgmiX/PEX-Form-main/vendor/laravel/framework/src/Illuminate/Http/Response.php(34): Illuminate/Http/Response->setContent(Object(Illuminate/View/View))
#21 C:/Users/user/MyFiles/ProgmiX/PEX-Form-main/vendor/laravel/framework/src/Illuminate/Routing/Router.php(939): Illuminate/Http/Response->__construct(Object(Illuminate/View/View), 200, Array)
#22 C:/Users/user/MyFiles/ProgmiX/PEX-Form-main/vendor/laravel/framework/src/Illuminate/Routing/Router.php(906): Illuminate/Routing/Router::toResponse(Object(Illuminate/Http/Request), Object(Illuminate/View/View))
#23 C:/Users/user/MyFiles/ProgmiX/PEX-Form-main/vendor/laravel/framework/src/Illuminate/Routing/Router.php(821): Illuminate/Routing/Router->prepareResponse(Object(Illuminate/Http/Request), Object(Illuminate/View/View))
#24 C:/Users/user/MyFiles/ProgmiX/PEX-Form-main/vendor/laravel/framework/src/Illuminate/Pipeline/Pipeline.php(180): Illuminate/Routing/Router->Illuminate/Routing/{closure}(Object(Illuminate/Http/Request))
#25 C:/Users/user/MyFiles/ProgmiX/PEX-Form-main/modules/Frontend/Http/Middleware/Locale.php(49): Illuminate/Pipeline/Pipeline->Illuminate/Pipeline/{closure}(Object(Illuminate/Http/Request))
#26 C:/Users/user/MyFiles/ProgmiX/PEX-Form-main/vendor/laravel/framework/src/Illuminate/Pipeline/Pipeline.php(219): Juzaweb/Frontend/Http/Middleware/Locale->handle(Object(Illuminate/Http/Request), Object(Closure))
#27 C:/Users/user/MyFiles/ProgmiX/PEX-Form-main/modules/Backend/Http/Middleware/SecurityHeaders.php(25): Illuminate/Pipeline/Pipeline->Illuminate/Pipeline/{closure}(Object(Illuminate/Http/Request))
#28 C:/Users/user/MyFiles/ProgmiX/PEX-Form-main/vendor/laravel/framework/src/Illuminate/Pipeline/Pipeline.php(219): Juzaweb/Backend/Http/Middleware/SecurityHeaders->handle(Object(Illuminate/Http/Request), Object(Closure))
#29 C:/Users/user/MyFiles/ProgmiX/PEX-Form-main/vendor/laravel/framework/src/Illuminate/Routing/Middleware/ThrottleRequests.php(166): Illuminate/Pipeline/Pipeline->Illuminate/Pipeline/{closure}(Object(Illuminate/Http/Request))
#30 C:/Users/user/MyFiles/ProgmiX/PEX-Form-main/vendor/laravel/framework/src/Illuminate/Routing/Middleware/ThrottleRequests.php(93): Illuminate/Routing/Middleware/ThrottleRequests->handleRequest(Object(Illuminate/Http/Request), Object(Closure), Array)
#31 C:/Users/user/MyFiles/ProgmiX/PEX-Form-main/vendor/laravel/framework/src/Illuminate/Pipeline/Pipeline.php(219): Illuminate/Routing/Middleware/ThrottleRequests->handle(Object(Illuminate/Http/Request), Object(Closure))
#32 C:/Users/user/MyFiles/ProgmiX/PEX-Form-main/modules/Backend/Http/Middleware/PathTraversal.php(57): Illuminate/Pipeline/Pipeline->Illuminate/Pipeline/{closure}(Object(Illuminate/Http/Request))
#33 C:/Users/user/MyFiles/ProgmiX/PEX-Form-main/vendor/laravel/framework/src/Illuminate/Pipeline/Pipeline.php(219): Juzaweb/Backend/Http/Middleware/PathTraversal->handle(Object(Illuminate/Http/Request), Object(Closure))
#34 C:/Users/user/MyFiles/ProgmiX/PEX-Form-main/modules/Backend/Http/Middleware/XssSanitization.php(44): Illuminate/Pipeline/Pipeline->Illuminate/Pipeline/{closure}(Object(Illuminate/Http/Request))
#35 C:/Users/user/MyFiles/ProgmiX/PEX-Form-main/vendor/laravel/framework/src/Illuminate/Pipeline/Pipeline.php(219): Juzaweb/Backend/Http/Middleware/XssSanitization->handle(Object(Illuminate/Http/Request), Object(Closure))
#36 C:/Users/user/MyFiles/ProgmiX/PEX-Form-main/vendor/spatie/laravel-csp/src/AddCspHeaders.php(13): Illuminate/Pipeline/Pipeline->Illuminate/Pipeline/{closure}(Object(Illuminate/Http/Request))
#37 C:/Users/user/MyFiles/ProgmiX/PEX-Form-main/vendor/laravel/framework/src/Illuminate/Pipeline/Pipeline.php(219): Spatie/Csp/AddCspHeaders->handle(Object(Illuminate/Http/Request), Object(Closure))
#38 C:/Users/user/MyFiles/ProgmiX/PEX-Form-main/vendor/barryvdh/laravel-debugbar/src/Middleware/InjectDebugbar.php(59): Illuminate/Pipeline/Pipeline->Illuminate/Pipeline/{closure}(Object(Illuminate/Http/Request))
#39 C:/Users/user/MyFiles/ProgmiX/PEX-Form-main/vendor/laravel/framework/src/Illuminate/Pipeline/Pipeline.php(219): Barryvdh/Debugbar/Middleware/InjectDebugbar->handle(Object(Illuminate/Http/Request), Object(Closure))
#40 C:/Users/user/MyFiles/ProgmiX/PEX-Form-main/modules/CMS/Http/Middleware/XFrameHeadersMiddleware.php(41): Illuminate/Pipeline/Pipeline->Illuminate/Pipeline/{closure}(Object(Illuminate/Http/Request))
#41 C:/Users/user/MyFiles/ProgmiX/PEX-Form-main/vendor/laravel/framework/src/Illuminate/Pipeline/Pipeline.php(219): Juzaweb/CMS/Http/Middleware/XFrameHeadersMiddleware->handle(Object(Illuminate/Http/Request), Object(Closure))
#42 C:/Users/user/MyFiles/ProgmiX/PEX-Form-main/vendor/laravel/framework/src/Illuminate/Routing/Middleware/SubstituteBindings.php(50): Illuminate/Pipeline/Pipeline->Illuminate/Pipeline/{closure}(Object(Illuminate/Http/Request))
#43 C:/Users/user/MyFiles/ProgmiX/PEX-Form-main/vendor/laravel/framework/src/Illuminate/Pipeline/Pipeline.php(219): Illuminate/Routing/Middleware/SubstituteBindings->handle(Object(Illuminate/Http/Request), Object(Closure))
#44 C:/Users/user/MyFiles/ProgmiX/PEX-Form-main/vendor/laravel/framework/src/Illuminate/Cookie/Middleware/AddQueuedCookiesToResponse.php(36): Illuminate/Pipeline/Pipeline->Illuminate/Pipeline/{closure}(Object(Illuminate/Http/Request))
#45 C:/Users/user/MyFiles/ProgmiX/PEX-Form-main/vendor/laravel/framework/src/Illuminate/Pipeline/Pipeline.php(219): Illuminate/Cookie/Middleware/AddQueuedCookiesToResponse->handle(Object(Illuminate/Http/Request), Object(Closure))
#46 C:/Users/user/MyFiles/ProgmiX/PEX-Form-main/vendor/laravel/framework/src/Illuminate/View/Middleware/ShareErrorsFromSession.php(48): Illuminate/Pipeline/Pipeline->Illuminate/Pipeline/{closure}(Object(Illuminate/Http/Request))
#47 C:/Users/user/MyFiles/ProgmiX/PEX-Form-main/modules/Backend/Http/Middleware/ShareErrorsUnlessBot.php(24): Illuminate/View/Middleware/ShareErrorsFromSession->handle(Object(Illuminate/Http/Request), Object(Closure))
#48 C:/Users/user/MyFiles/ProgmiX/PEX-Form-main/vendor/laravel/framework/src/Illuminate/Pipeline/Pipeline.php(219): Juzaweb/Backend/Http/Middleware/ShareErrorsUnlessBot->handle(Object(Illuminate/Http/Request), Object(Closure))
#49 C:/Users/user/MyFiles/ProgmiX/PEX-Form-main/vendor/laravel/framework/src/Illuminate/Session/Middleware/StartSession.php(120): Illuminate/Pipeline/Pipeline->Illuminate/Pipeline/{closure}(Object(Illuminate/Http/Request))
#50 C:/Users/user/MyFiles/ProgmiX/PEX-Form-main/vendor/laravel/framework/src/Illuminate/Session/Middleware/StartSession.php(63): Illuminate/Session/Middleware/StartSession->handleStatefulRequest(Object(Illuminate/Http/Request), Object(Illuminate/Session/Store), Object(Closure))
#51 C:/Users/user/MyFiles/ProgmiX/PEX-Form-main/modules/Backend/Http/Middleware/SkipSessionForBots.php(24): Illuminate/Session/Middleware/StartSession->handle(Object(Illuminate/Http/Request), Object(Closure))
#52 C:/Users/user/MyFiles/ProgmiX/PEX-Form-main/vendor/laravel/framework/src/Illuminate/Pipeline/Pipeline.php(219): Juzaweb/Backend/Http/Middleware/SkipSessionForBots->handle(Object(Illuminate/Http/Request), Object(Closure))
#53 C:/Users/user/MyFiles/ProgmiX/PEX-Form-main/vendor/laravel/framework/src/Illuminate/Cookie/Middleware/EncryptCookies.php(74): Illuminate/Pipeline/Pipeline->Illuminate/Pipeline/{closure}(Object(Illuminate/Http/Request))
#54 C:/Users/user/MyFiles/ProgmiX/PEX-Form-main/vendor/laravel/framework/src/Illuminate/Pipeline/Pipeline.php(219): Illuminate/Cookie/Middleware/EncryptCookies->handle(Object(Illuminate/Http/Request), Object(Closure))
#55 C:/Users/user/MyFiles/ProgmiX/PEX-Form-main/modules/CMS/Http/Middleware/GlobalMiddleware.php(11): Illuminate/Pipeline/Pipeline->Illuminate/Pipeline/{closure}(Object(Illuminate/Http/Request))
#56 C:/Users/user/MyFiles/ProgmiX/PEX-Form-main/vendor/laravel/framework/src/Illuminate/Pipeline/Pipeline.php(219): Juzaweb/CMS/Http/Middleware/GlobalMiddleware->handle(Object(Illuminate/Http/Request), Object(Closure))
#57 C:/Users/user/MyFiles/ProgmiX/PEX-Form-main/modules/Backend/Http/Middleware/DisableSessionForBots.php(30): Illuminate/Pipeline/Pipeline->Illuminate/Pipeline/{closure}(Object(Illuminate/Http/Request))
#58 C:/Users/user/MyFiles/ProgmiX/PEX-Form-main/vendor/laravel/framework/src/Illuminate/Pipeline/Pipeline.php(219): Juzaweb/Backend/Http/Middleware/DisableSessionForBots->handle(Object(Illuminate/Http/Request), Object(Closure))
#59 C:/Users/user/MyFiles/ProgmiX/PEX-Form-main/vendor/laravel/framework/src/Illuminate/Pipeline/Pipeline.php(137): Illuminate/Pipeline/Pipeline->Illuminate/Pipeline/{closure}(Object(Illuminate/Http/Request))
#60 C:/Users/user/MyFiles/ProgmiX/PEX-Form-main/vendor/laravel/framework/src/Illuminate/Routing/Router.php(821): Illuminate/Pipeline/Pipeline->then(Object(Closure))
#61 C:/Users/user/MyFiles/ProgmiX/PEX-Form-main/vendor/laravel/framework/src/Illuminate/Routing/Router.php(800): Illuminate/Routing/Router->runRouteWithinStack(Object(Illuminate/Routing/Route), Object(Illuminate/Http/Request))
#62 C:/Users/user/MyFiles/ProgmiX/PEX-Form-main/vendor/laravel/framework/src/Illuminate/Routing/Router.php(764): Illuminate/Routing/Router->runRoute(Object(Illuminate/Http/Request), Object(Illuminate/Routing/Route))
#63 C:/Users/user/MyFiles/ProgmiX/PEX-Form-main/vendor/laravel/framework/src/Illuminate/Routing/Router.php(753): Illuminate/Routing/Router->dispatchToRoute(Object(Illuminate/Http/Request))
#64 C:/Users/user/MyFiles/ProgmiX/PEX-Form-main/vendor/laravel/framework/src/Illuminate/Foundation/Http/Kernel.php(200): Illuminate/Routing/Router->dispatch(Object(Illuminate/Http/Request))
#65 C:/Users/user/MyFiles/ProgmiX/PEX-Form-main/vendor/laravel/framework/src/Illuminate/Pipeline/Pipeline.php(180): Illuminate/Foundation/Http/Kernel->Illuminate/Foundation/Http/{closure}(Object(Illuminate/Http/Request))
#66 C:/Users/user/MyFiles/ProgmiX/PEX-Form-main/vendor/barryvdh/laravel-debugbar/src/Middleware/InjectDebugbar.php(59): Illuminate/Pipeline/Pipeline->Illuminate/Pipeline/{closure}(Object(Illuminate/Http/Request))
#67 C:/Users/user/MyFiles/ProgmiX/PEX-Form-main/vendor/laravel/framework/src/Illuminate/Pipeline/Pipeline.php(219): Barryvdh/Debugbar/Middleware/InjectDebugbar->handle(Object(Illuminate/Http/Request), Object(Closure))
#68 C:/Users/user/MyFiles/ProgmiX/PEX-Form-main/modules/Backend/Http/Middleware/BlockIpMiddleware.php(31): Illuminate/Pipeline/Pipeline->Illuminate/Pipeline/{closure}(Object(Illuminate/Http/Request))
#69 C:/Users/user/MyFiles/ProgmiX/PEX-Form-main/vendor/laravel/framework/src/Illuminate/Pipeline/Pipeline.php(219): Juzaweb/Backend/Http/Middleware/BlockIpMiddleware->handle(Object(Illuminate/Http/Request), Object(Closure))
#70 C:/Users/user/MyFiles/ProgmiX/PEX-Form-main/modules/Backend/Http/Middleware/SecurityHeaders.php(25): Illuminate/Pipeline/Pipeline->Illuminate/Pipeline/{closure}(Object(Illuminate/Http/Request))
#71 C:/Users/user/MyFiles/ProgmiX/PEX-Form-main/vendor/laravel/framework/src/Illuminate/Pipeline/Pipeline.php(219): Juzaweb/Backend/Http/Middleware/SecurityHeaders->handle(Object(Illuminate/Http/Request), Object(Closure))
#72 C:/Users/user/MyFiles/ProgmiX/PEX-Form-main/vendor/laravel/framework/src/Illuminate/Foundation/Http/Middleware/TransformsRequest.php(21): Illuminate/Pipeline/Pipeline->Illuminate/Pipeline/{closure}(Object(Illuminate/Http/Request))
#73 C:/Users/user/MyFiles/ProgmiX/PEX-Form-main/vendor/laravel/framework/src/Illuminate/Foundation/Http/Middleware/ConvertEmptyStringsToNull.php(31): Illuminate/Foundation/Http/Middleware/TransformsRequest->handle(Object(Illuminate/Http/Request), Object(Closure))
#74 C:/Users/user/MyFiles/ProgmiX/PEX-Form-main/vendor/laravel/framework/src/Illuminate/Pipeline/Pipeline.php(219): Illuminate/Foundation/Http/Middleware/ConvertEmptyStringsToNull->handle(Object(Illuminate/Http/Request), Object(Closure))
#75 C:/Users/user/MyFiles/ProgmiX/PEX-Form-main/vendor/laravel/framework/src/Illuminate/Foundation/Http/Middleware/TransformsRequest.php(21): Illuminate/Pipeline/Pipeline->Illuminate/Pipeline/{closure}(Object(Illuminate/Http/Request))
#76 C:/Users/user/MyFiles/ProgmiX/PEX-Form-main/vendor/laravel/framework/src/Illuminate/Foundation/Http/Middleware/TrimStrings.php(51): Illuminate/Foundation/Http/Middleware/TransformsRequest->handle(Object(Illuminate/Http/Request), Object(Closure))
#77 C:/Users/user/MyFiles/ProgmiX/PEX-Form-main/vendor/laravel/framework/src/Illuminate/Pipeline/Pipeline.php(219): Illuminate/Foundation/Http/Middleware/TrimStrings->handle(Object(Illuminate/Http/Request), Object(Closure))
#78 C:/Users/user/MyFiles/ProgmiX/PEX-Form-main/vendor/laravel/framework/src/Illuminate/Http/Middleware/ValidatePostSize.php(27): Illuminate/Pipeline/Pipeline->Illuminate/Pipeline/{closure}(Object(Illuminate/Http/Request))
#79 C:/Users/user/MyFiles/ProgmiX/PEX-Form-main/vendor/laravel/framework/src/Illuminate/Pipeline/Pipeline.php(219): Illuminate/Http/Middleware/ValidatePostSize->handle(Object(Illuminate/Http/Request), Object(Closure))
#80 C:/Users/user/MyFiles/ProgmiX/PEX-Form-main/vendor/laravel/framework/src/Illuminate/Foundation/Http/Middleware/PreventRequestsDuringMaintenance.php(109): Illuminate/Pipeline/Pipeline->Illuminate/Pipeline/{closure}(Object(Illuminate/Http/Request))
#81 C:/Users/user/MyFiles/ProgmiX/PEX-Form-main/vendor/laravel/framework/src/Illuminate/Pipeline/Pipeline.php(219): Illuminate/Foundation/Http/Middleware/PreventRequestsDuringMaintenance->handle(Object(Illuminate/Http/Request), Object(Closure))
#82 C:/Users/user/MyFiles/ProgmiX/PEX-Form-main/vendor/laravel/framework/src/Illuminate/Http/Middleware/HandleCors.php(61): Illuminate/Pipeline/Pipeline->Illuminate/Pipeline/{closure}(Object(Illuminate/Http/Request))
#83 C:/Users/user/MyFiles/ProgmiX/PEX-Form-main/vendor/laravel/framework/src/Illuminate/Pipeline/Pipeline.php(219): Illuminate/Http/Middleware/HandleCors->handle(Object(Illuminate/Http/Request), Object(Closure))
#84 C:/Users/user/MyFiles/ProgmiX/PEX-Form-main/vendor/laravel/framework/src/Illuminate/Http/Middleware/TrustProxies.php(58): Illuminate/Pipeline/Pipeline->Illuminate/Pipeline/{closure}(Object(Illuminate/Http/Request))
#85 C:/Users/user/MyFiles/ProgmiX/PEX-Form-main/vendor/laravel/framework/src/Illuminate/Pipeline/Pipeline.php(219): Illuminate/Http/Middleware/TrustProxies->handle(Object(Illuminate/Http/Request), Object(Closure))
#86 C:/Users/user/MyFiles/ProgmiX/PEX-Form-main/vendor/laravel/framework/src/Illuminate/Pipeline/Pipeline.php(137): Illuminate/Pipeline/Pipeline->Illuminate/Pipeline/{closure}(Object(Illuminate/Http/Request))
#87 C:/Users/user/MyFiles/ProgmiX/PEX-Form-main/vendor/laravel/framework/src/Illuminate/Foundation/Http/Kernel.php(175): Illuminate/Pipeline/Pipeline->then(Object(Closure))
#88 C:/Users/user/MyFiles/ProgmiX/PEX-Form-main/vendor/laravel/framework/src/Illuminate/Foundation/Http/Kernel.php(144): Illuminate/Foundation/Http/Kernel->sendRequestThroughRouter(Object(Illuminate/Http/Request))
#89 C:/Users/user/MyFiles/ProgmiX/PEX-Form-main/public/index.php(51): Illuminate/Foundation/Http/Kernel->handle(Object(Illuminate/Http/Request))
#90 C:/Users/user/MyFiles/ProgmiX/PEX-Form-main/vendor/laravel/framework/src/Illuminate/Foundation/resources/server.php(23): require_once('C://Users//user//M...')
#91 {main}

[previous exception] [object] (Illuminate\\Foundation\\ViteManifestNotFoundException(code: 0): Vite manifest not found at: C:\\Users\\user\\MyFiles\\ProgmiX\\PEX-Form-main\\public\\front/manifest.json at C:/Users/user/MyFiles/ProgmiX/PEX-Form-main/vendor/laravel/framework/src/Illuminate/Foundation/Vite.php:946)
[stacktrace]
#0 C:/Users/user/MyFiles/ProgmiX/PEX-Form-main/vendor/laravel/framework/src/Illuminate/Foundation/Vite.php(384): Illuminate/Foundation/Vite->manifest('front')
#1 C:/Users/user/MyFiles/ProgmiX/PEX-Form-main/vendor/laravel/framework/src/Illuminate/Foundation/Vite.php(1036): Illuminate/Foundation/Vite->__invoke(Object(Illuminate/Support/Collection))
#2 C:/Users/user/MyFiles/ProgmiX/PEX-Form-main/vendor/laravel/framework/src/Illuminate/Support/helpers.php(131): Illuminate/Foundation/Vite->toHtml()
#3 C:/Users/user/MyFiles/ProgmiX/PEX-Form-main/storage/framework/views/7ba4c3fdf9f803b299eb45cfa62c47ce.php(10): e(Object(Illuminate/Foundation/Vite))
#4 C:/Users/user/MyFiles/ProgmiX/PEX-Form-main/vendor/laravel/framework/src/Illuminate/Filesystem/Filesystem.php(123): require('C://Users//user//M...')
#5 C:/Users/user/MyFiles/ProgmiX/PEX-Form-main/vendor/laravel/framework/src/Illuminate/Filesystem/Filesystem.php(124): Illuminate/Filesystem/Filesystem::Illuminate/Filesystem/{closure}()
#6 C:/Users/user/MyFiles/ProgmiX/PEX-Form-main/vendor/laravel/framework/src/Illuminate/View/Engines/PhpEngine.php(57): Illuminate/Filesystem/Filesystem->getRequire('C://Users//user//M...', Array)
#7 C:/Users/user/MyFiles/ProgmiX/PEX-Form-main/vendor/laravel/framework/src/Illuminate/View/Engines/CompilerEngine.php(76): Illuminate/View/Engines/PhpEngine->evaluatePath('C://Users//user//M...', Array)
#8 C:/Users/user/MyFiles/ProgmiX/PEX-Form-main/vendor/laravel/framework/src/Illuminate/View/View.php(208): Illuminate/View/Engines/CompilerEngine->get('C://Users//user//M...', Array)
#9 C:/Users/user/MyFiles/ProgmiX/PEX-Form-main/vendor/laravel/framework/src/Illuminate/View/View.php(191): Illuminate/View/View->getContents()
#10 C:/Users/user/MyFiles/ProgmiX/PEX-Form-main/vendor/laravel/framework/src/Illuminate/View/View.php(160): Illuminate/View/View->renderContents()
#11 C:/Users/user/MyFiles/ProgmiX/PEX-Form-main/storage/framework/views/078e945ecbf82d678121cbf4f8650dce.php(1): Illuminate/View/View->render()
#12 C:/Users/user/MyFiles/ProgmiX/PEX-Form-main/vendor/laravel/framework/src/Illuminate/Filesystem/Filesystem.php(123): require('C://Users//user//M...')
#13 C:/Users/user/MyFiles/ProgmiX/PEX-Form-main/vendor/laravel/framework/src/Illuminate/Filesystem/Filesystem.php(124): Illuminate/Filesystem/Filesystem::Illuminate/Filesystem/{closure}()
#14 C:/Users/user/MyFiles/ProgmiX/PEX-Form-main/vendor/laravel/framework/src/Illuminate/View/Engines/PhpEngine.php(57): Illuminate/Filesystem/Filesystem->getRequire('C://Users//user//M...', Array)
#15 C:/Users/user/MyFiles/ProgmiX/PEX-Form-main/vendor/laravel/framework/src/Illuminate/View/Engines/CompilerEngine.php(76): Illuminate/View/Engines/PhpEngine->evaluatePath('C://Users//user//M...', Array)
#16 C:/Users/user/MyFiles/ProgmiX/PEX-Form-main/vendor/laravel/framework/src/Illuminate/View/View.php(208): Illuminate/View/Engines/CompilerEngine->get('C://Users//user//M...', Array)
#17 C:/Users/user/MyFiles/ProgmiX/PEX-Form-main/vendor/laravel/framework/src/Illuminate/View/View.php(191): Illuminate/View/View->getContents()
#18 C:/Users/user/MyFiles/ProgmiX/PEX-Form-main/vendor/laravel/framework/src/Illuminate/View/View.php(160): Illuminate/View/View->renderContents()
#19 C:/Users/user/MyFiles/ProgmiX/PEX-Form-main/vendor/laravel/framework/src/Illuminate/Http/Response.php(78): Illuminate/View/View->render()
#20 C:/Users/user/MyFiles/ProgmiX/PEX-Form-main/vendor/laravel/framework/src/Illuminate/Http/Response.php(34): Illuminate/Http/Response->setContent(Object(Illuminate/View/View))
#21 C:/Users/user/MyFiles/ProgmiX/PEX-Form-main/vendor/laravel/framework/src/Illuminate/Routing/Router.php(939): Illuminate/Http/Response->__construct(Object(Illuminate/View/View), 200, Array)
#22 C:/Users/user/MyFiles/ProgmiX/PEX-Form-main/vendor/laravel/framework/src/Illuminate/Routing/Router.php(906): Illuminate/Routing/Router::toResponse(Object(Illuminate/Http/Request), Object(Illuminate/View/View))
#23 C:/Users/user/MyFiles/ProgmiX/PEX-Form-main/vendor/laravel/framework/src/Illuminate/Routing/Router.php(821): Illuminate/Routing/Router->prepareResponse(Object(Illuminate/Http/Request), Object(Illuminate/View/View))
#24 C:/Users/user/MyFiles/ProgmiX/PEX-Form-main/vendor/laravel/framework/src/Illuminate/Pipeline/Pipeline.php(180): Illuminate/Routing/Router->Illuminate/Routing/{closure}(Object(Illuminate/Http/Request))
#25 C:/Users/user/MyFiles/ProgmiX/PEX-Form-main/modules/Frontend/Http/Middleware/Locale.php(49): Illuminate/Pipeline/Pipeline->Illuminate/Pipeline/{closure}(Object(Illuminate/Http/Request))
#26 C:/Users/user/MyFiles/ProgmiX/PEX-Form-main/vendor/laravel/framework/src/Illuminate/Pipeline/Pipeline.php(219): Juzaweb/Frontend/Http/Middleware/Locale->handle(Object(Illuminate/Http/Request), Object(Closure))
#27 C:/Users/user/MyFiles/ProgmiX/PEX-Form-main/modules/Backend/Http/Middleware/SecurityHeaders.php(25): Illuminate/Pipeline/Pipeline->Illuminate/Pipeline/{closure}(Object(Illuminate/Http/Request))
#28 C:/Users/user/MyFiles/ProgmiX/PEX-Form-main/vendor/laravel/framework/src/Illuminate/Pipeline/Pipeline.php(219): Juzaweb/Backend/Http/Middleware/SecurityHeaders->handle(Object(Illuminate/Http/Request), Object(Closure))
#29 C:/Users/user/MyFiles/ProgmiX/PEX-Form-main/vendor/laravel/framework/src/Illuminate/Routing/Middleware/ThrottleRequests.php(166): Illuminate/Pipeline/Pipeline->Illuminate/Pipeline/{closure}(Object(Illuminate/Http/Request))
#30 C:/Users/user/MyFiles/ProgmiX/PEX-Form-main/vendor/laravel/framework/src/Illuminate/Routing/Middleware/ThrottleRequests.php(93): Illuminate/Routing/Middleware/ThrottleRequests->handleRequest(Object(Illuminate/Http/Request), Object(Closure), Array)
#31 C:/Users/user/MyFiles/ProgmiX/PEX-Form-main/vendor/laravel/framework/src/Illuminate/Pipeline/Pipeline.php(219): Illuminate/Routing/Middleware/ThrottleRequests->handle(Object(Illuminate/Http/Request), Object(Closure))
#32 C:/Users/user/MyFiles/ProgmiX/PEX-Form-main/modules/Backend/Http/Middleware/PathTraversal.php(57): Illuminate/Pipeline/Pipeline->Illuminate/Pipeline/{closure}(Object(Illuminate/Http/Request))
#33 C:/Users/user/MyFiles/ProgmiX/PEX-Form-main/vendor/laravel/framework/src/Illuminate/Pipeline/Pipeline.php(219): Juzaweb/Backend/Http/Middleware/PathTraversal->handle(Object(Illuminate/Http/Request), Object(Closure))
#34 C:/Users/user/MyFiles/ProgmiX/PEX-Form-main/modules/Backend/Http/Middleware/XssSanitization.php(44): Illuminate/Pipeline/Pipeline->Illuminate/Pipeline/{closure}(Object(Illuminate/Http/Request))
#35 C:/Users/user/MyFiles/ProgmiX/PEX-Form-main/vendor/laravel/framework/src/Illuminate/Pipeline/Pipeline.php(219): Juzaweb/Backend/Http/Middleware/XssSanitization->handle(Object(Illuminate/Http/Request), Object(Closure))
#36 C:/Users/user/MyFiles/ProgmiX/PEX-Form-main/vendor/spatie/laravel-csp/src/AddCspHeaders.php(13): Illuminate/Pipeline/Pipeline->Illuminate/Pipeline/{closure}(Object(Illuminate/Http/Request))
#37 C:/Users/user/MyFiles/ProgmiX/PEX-Form-main/vendor/laravel/framework/src/Illuminate/Pipeline/Pipeline.php(219): Spatie/Csp/AddCspHeaders->handle(Object(Illuminate/Http/Request), Object(Closure))
#38 C:/Users/user/MyFiles/ProgmiX/PEX-Form-main/vendor/barryvdh/laravel-debugbar/src/Middleware/InjectDebugbar.php(59): Illuminate/Pipeline/Pipeline->Illuminate/Pipeline/{closure}(Object(Illuminate/Http/Request))
#39 C:/Users/user/MyFiles/ProgmiX/PEX-Form-main/vendor/laravel/framework/src/Illuminate/Pipeline/Pipeline.php(219): Barryvdh/Debugbar/Middleware/InjectDebugbar->handle(Object(Illuminate/Http/Request), Object(Closure))
#40 C:/Users/user/MyFiles/ProgmiX/PEX-Form-main/modules/CMS/Http/Middleware/XFrameHeadersMiddleware.php(41): Illuminate/Pipeline/Pipeline->Illuminate/Pipeline/{closure}(Object(Illuminate/Http/Request))
#41 C:/Users/user/MyFiles/ProgmiX/PEX-Form-main/vendor/laravel/framework/src/Illuminate/Pipeline/Pipeline.php(219): Juzaweb/CMS/Http/Middleware/XFrameHeadersMiddleware->handle(Object(Illuminate/Http/Request), Object(Closure))
#42 C:/Users/user/MyFiles/ProgmiX/PEX-Form-main/vendor/laravel/framework/src/Illuminate/Routing/Middleware/SubstituteBindings.php(50): Illuminate/Pipeline/Pipeline->Illuminate/Pipeline/{closure}(Object(Illuminate/Http/Request))
#43 C:/Users/user/MyFiles/ProgmiX/PEX-Form-main/vendor/laravel/framework/src/Illuminate/Pipeline/Pipeline.php(219): Illuminate/Routing/Middleware/SubstituteBindings->handle(Object(Illuminate/Http/Request), Object(Closure))
#44 C:/Users/user/MyFiles/ProgmiX/PEX-Form-main/vendor/laravel/framework/src/Illuminate/Cookie/Middleware/AddQueuedCookiesToResponse.php(36): Illuminate/Pipeline/Pipeline->Illuminate/Pipeline/{closure}(Object(Illuminate/Http/Request))
#45 C:/Users/user/MyFiles/ProgmiX/PEX-Form-main/vendor/laravel/framework/src/Illuminate/Pipeline/Pipeline.php(219): Illuminate/Cookie/Middleware/AddQueuedCookiesToResponse->handle(Object(Illuminate/Http/Request), Object(Closure))
#46 C:/Users/user/MyFiles/ProgmiX/PEX-Form-main/vendor/laravel/framework/src/Illuminate/View/Middleware/ShareErrorsFromSession.php(48): Illuminate/Pipeline/Pipeline->Illuminate/Pipeline/{closure}(Object(Illuminate/Http/Request))
#47 C:/Users/user/MyFiles/ProgmiX/PEX-Form-main/modules/Backend/Http/Middleware/ShareErrorsUnlessBot.php(24): Illuminate/View/Middleware/ShareErrorsFromSession->handle(Object(Illuminate/Http/Request), Object(Closure))
#48 C:/Users/user/MyFiles/ProgmiX/PEX-Form-main/vendor/laravel/framework/src/Illuminate/Pipeline/Pipeline.php(219): Juzaweb/Backend/Http/Middleware/ShareErrorsUnlessBot->handle(Object(Illuminate/Http/Request), Object(Closure))
#49 C:/Users/user/MyFiles/ProgmiX/PEX-Form-main/vendor/laravel/framework/src/Illuminate/Session/Middleware/StartSession.php(120): Illuminate/Pipeline/Pipeline->Illuminate/Pipeline/{closure}(Object(Illuminate/Http/Request))
#50 C:/Users/user/MyFiles/ProgmiX/PEX-Form-main/vendor/laravel/framework/src/Illuminate/Session/Middleware/StartSession.php(63): Illuminate/Session/Middleware/StartSession->handleStatefulRequest(Object(Illuminate/Http/Request), Object(Illuminate/Session/Store), Object(Closure))
#51 C:/Users/user/MyFiles/ProgmiX/PEX-Form-main/modules/Backend/Http/Middleware/SkipSessionForBots.php(24): Illuminate/Session/Middleware/StartSession->handle(Object(Illuminate/Http/Request), Object(Closure))
#52 C:/Users/user/MyFiles/ProgmiX/PEX-Form-main/vendor/laravel/framework/src/Illuminate/Pipeline/Pipeline.php(219): Juzaweb/Backend/Http/Middleware/SkipSessionForBots->handle(Object(Illuminate/Http/Request), Object(Closure))
#53 C:/Users/user/MyFiles/ProgmiX/PEX-Form-main/vendor/laravel/framework/src/Illuminate/Cookie/Middleware/EncryptCookies.php(74): Illuminate/Pipeline/Pipeline->Illuminate/Pipeline/{closure}(Object(Illuminate/Http/Request))
#54 C:/Users/user/MyFiles/ProgmiX/PEX-Form-main/vendor/laravel/framework/src/Illuminate/Pipeline/Pipeline.php(219): Illuminate/Cookie/Middleware/EncryptCookies->handle(Object(Illuminate/Http/Request), Object(Closure))
#55 C:/Users/user/MyFiles/ProgmiX/PEX-Form-main/modules/CMS/Http/Middleware/GlobalMiddleware.php(11): Illuminate/Pipeline/Pipeline->Illuminate/Pipeline/{closure}(Object(Illuminate/Http/Request))
#56 C:/Users/user/MyFiles/ProgmiX/PEX-Form-main/vendor/laravel/framework/src/Illuminate/Pipeline/Pipeline.php(219): Juzaweb/CMS/Http/Middleware/GlobalMiddleware->handle(Object(Illuminate/Http/Request), Object(Closure))
#57 C:/Users/user/MyFiles/ProgmiX/PEX-Form-main/modules/Backend/Http/Middleware/DisableSessionForBots.php(30): Illuminate/Pipeline/Pipeline->Illuminate/Pipeline/{closure}(Object(Illuminate/Http/Request))
#58 C:/Users/user/MyFiles/ProgmiX/PEX-Form-main/vendor/laravel/framework/src/Illuminate/Pipeline/Pipeline.php(219): Juzaweb/Backend/Http/Middleware/DisableSessionForBots->handle(Object(Illuminate/Http/Request), Object(Closure))
#59 C:/Users/user/MyFiles/ProgmiX/PEX-Form-main/vendor/laravel/framework/src/Illuminate/Pipeline/Pipeline.php(137): Illuminate/Pipeline/Pipeline->Illuminate/Pipeline/{closure}(Object(Illuminate/Http/Request))
#60 C:/Users/user/MyFiles/ProgmiX/PEX-Form-main/vendor/laravel/framework/src/Illuminate/Routing/Router.php(821): Illuminate/Pipeline/Pipeline->then(Object(Closure))
#61 C:/Users/user/MyFiles/ProgmiX/PEX-Form-main/vendor/laravel/framework/src/Illuminate/Routing/Router.php(800): Illuminate/Routing/Router->runRouteWithinStack(Object(Illuminate/Routing/Route), Object(Illuminate/Http/Request))
#62 C:/Users/user/MyFiles/ProgmiX/PEX-Form-main/vendor/laravel/framework/src/Illuminate/Routing/Router.php(764): Illuminate/Routing/Router->runRoute(Object(Illuminate/Http/Request), Object(Illuminate/Routing/Route))
#63 C:/Users/user/MyFiles/ProgmiX/PEX-Form-main/vendor/laravel/framework/src/Illuminate/Routing/Router.php(753): Illuminate/Routing/Router->dispatchToRoute(Object(Illuminate/Http/Request))
#64 C:/Users/user/MyFiles/ProgmiX/PEX-Form-main/vendor/laravel/framework/src/Illuminate/Foundation/Http/Kernel.php(200): Illuminate/Routing/Router->dispatch(Object(Illuminate/Http/Request))
#65 C:/Users/user/MyFiles/ProgmiX/PEX-Form-main/vendor/laravel/framework/src/Illuminate/Pipeline/Pipeline.php(180): Illuminate/Foundation/Http/Kernel->Illuminate/Foundation/Http/{closure}(Object(Illuminate/Http/Request))
#66 C:/Users/user/MyFiles/ProgmiX/PEX-Form-main/vendor/barryvdh/laravel-debugbar/src/Middleware/InjectDebugbar.php(59): Illuminate/Pipeline/Pipeline->Illuminate/Pipeline/{closure}(Object(Illuminate/Http/Request))
#67 C:/Users/user/MyFiles/ProgmiX/PEX-Form-main/vendor/laravel/framework/src/Illuminate/Pipeline/Pipeline.php(219): Barryvdh/Debugbar/Middleware/InjectDebugbar->handle(Object(Illuminate/Http/Request), Object(Closure))
#68 C:/Users/user/MyFiles/ProgmiX/PEX-Form-main/modules/Backend/Http/Middleware/BlockIpMiddleware.php(31): Illuminate/Pipeline/Pipeline->Illuminate/Pipeline/{closure}(Object(Illuminate/Http/Request))
#69 C:/Users/user/MyFiles/ProgmiX/PEX-Form-main/vendor/laravel/framework/src/Illuminate/Pipeline/Pipeline.php(219): Juzaweb/Backend/Http/Middleware/BlockIpMiddleware->handle(Object(Illuminate/Http/Request), Object(Closure))
#70 C:/Users/user/MyFiles/ProgmiX/PEX-Form-main/modules/Backend/Http/Middleware/SecurityHeaders.php(25): Illuminate/Pipeline/Pipeline->Illuminate/Pipeline/{closure}(Object(Illuminate/Http/Request))
#71 C:/Users/user/MyFiles/ProgmiX/PEX-Form-main/vendor/laravel/framework/src/Illuminate/Pipeline/Pipeline.php(219): Juzaweb/Backend/Http/Middleware/SecurityHeaders->handle(Object(Illuminate/Http/Request), Object(Closure))
#72 C:/Users/user/MyFiles/ProgmiX/PEX-Form-main/vendor/laravel/framework/src/Illuminate/Foundation/Http/Middleware/TransformsRequest.php(21): Illuminate/Pipeline/Pipeline->Illuminate/Pipeline/{closure}(Object(Illuminate/Http/Request))
#73 C:/Users/user/MyFiles/ProgmiX/PEX-Form-main/vendor/laravel/framework/src/Illuminate/Foundation/Http/Middleware/ConvertEmptyStringsToNull.php(31): Illuminate/Foundation/Http/Middleware/TransformsRequest->handle(Object(Illuminate/Http/Request), Object(Closure))
#74 C:/Users/user/MyFiles/ProgmiX/PEX-Form-main/vendor/laravel/framework/src/Illuminate/Pipeline/Pipeline.php(219): Illuminate/Foundation/Http/Middleware/ConvertEmptyStringsToNull->handle(Object(Illuminate/Http/Request), Object(Closure))
#75 C:/Users/user/MyFiles/ProgmiX/PEX-Form-main/vendor/laravel/framework/src/Illuminate/Foundation/Http/Middleware/TransformsRequest.php(21): Illuminate/Pipeline/Pipeline->Illuminate/Pipeline/{closure}(Object(Illuminate/Http/Request))
#76 C:/Users/user/MyFiles/ProgmiX/PEX-Form-main/vendor/laravel/framework/src/Illuminate/Foundation/Http/Middleware/TrimStrings.php(51): Illuminate/Foundation/Http/Middleware/TransformsRequest->handle(Object(Illuminate/Http/Request), Object(Closure))
#77 C:/Users/user/MyFiles/ProgmiX/PEX-Form-main/vendor/laravel/framework/src/Illuminate/Pipeline/Pipeline.php(219): Illuminate/Foundation/Http/Middleware/TrimStrings->handle(Object(Illuminate/Http/Request), Object(Closure))
#78 C:/Users/user/MyFiles/ProgmiX/PEX-Form-main/vendor/laravel/framework/src/Illuminate/Http/Middleware/ValidatePostSize.php(27): Illuminate/Pipeline/Pipeline->Illuminate/Pipeline/{closure}(Object(Illuminate/Http/Request))
#79 C:/Users/user/MyFiles/ProgmiX/PEX-Form-main/vendor/laravel/framework/src/Illuminate/Pipeline/Pipeline.php(219): Illuminate/Http/Middleware/ValidatePostSize->handle(Object(Illuminate/Http/Request), Object(Closure))
#80 C:/Users/user/MyFiles/ProgmiX/PEX-Form-main/vendor/laravel/framework/src/Illuminate/Foundation/Http/Middleware/PreventRequestsDuringMaintenance.php(109): Illuminate/Pipeline/Pipeline->Illuminate/Pipeline/{closure}(Object(Illuminate/Http/Request))
#81 C:/Users/user/MyFiles/ProgmiX/PEX-Form-main/vendor/laravel/framework/src/Illuminate/Pipeline/Pipeline.php(219): Illuminate/Foundation/Http/Middleware/PreventRequestsDuringMaintenance->handle(Object(Illuminate/Http/Request), Object(Closure))
#82 C:/Users/user/MyFiles/ProgmiX/PEX-Form-main/vendor/laravel/framework/src/Illuminate/Http/Middleware/HandleCors.php(61): Illuminate/Pipeline/Pipeline->Illuminate/Pipeline/{closure}(Object(Illuminate/Http/Request))
#83 C:/Users/user/MyFiles/ProgmiX/PEX-Form-main/vendor/laravel/framework/src/Illuminate/Pipeline/Pipeline.php(219): Illuminate/Http/Middleware/HandleCors->handle(Object(Illuminate/Http/Request), Object(Closure))
#84 C:/Users/user/MyFiles/ProgmiX/PEX-Form-main/vendor/laravel/framework/src/Illuminate/Http/Middleware/TrustProxies.php(58): Illuminate/Pipeline/Pipeline->Illuminate/Pipeline/{closure}(Object(Illuminate/Http/Request))
#85 C:/Users/user/MyFiles/ProgmiX/PEX-Form-main/vendor/laravel/framework/src/Illuminate/Pipeline/Pipeline.php(219): Illuminate/Http/Middleware/TrustProxies->handle(Object(Illuminate/Http/Request), Object(Closure))
#86 C:/Users/user/MyFiles/ProgmiX/PEX-Form-main/vendor/laravel/framework/src/Illuminate/Pipeline/Pipeline.php(137): Illuminate/Pipeline/Pipeline->Illuminate/Pipeline/{closure}(Object(Illuminate/Http/Request))
#87 C:/Users/user/MyFiles/ProgmiX/PEX-Form-main/vendor/laravel/framework/src/Illuminate/Foundation/Http/Kernel.php(175): Illuminate/Pipeline/Pipeline->then(Object(Closure))
#88 C:/Users/user/MyFiles/ProgmiX/PEX-Form-main/vendor/laravel/framework/src/Illuminate/Foundation/Http/Kernel.php(144): Illuminate/Foundation/Http/Kernel->sendRequestThroughRouter(Object(Illuminate/Http/Request))
#89 C:/Users/user/MyFiles/ProgmiX/PEX-Form-main/public/index.php(51): Illuminate/Foundation/Http/Kernel->handle(Object(Illuminate/Http/Request))
#90 C:/Users/user/MyFiles/ProgmiX/PEX-Form-main/vendor/laravel/framework/src/Illuminate/Foundation/resources/server.php(23): require_once('C://Users//user//M...')
#91 {main}
"} 
[2026-09-30 09:25:51] local.ERROR: Vite manifest not found at: C:\Users\user\MyFiles\ProgmiX\PEX-Form-main\public\front/manifest.json {"userId":1,"exception":"[object] (Spatie\\LaravelIgnition\\Exceptions\\ViewException(code: 0): Vite manifest not found at: C:\\Users\\user\\MyFiles\\ProgmiX\\PEX-Form-main\\public\\front/manifest.json at C:/Users/user/MyFiles/ProgmiX/PEX-Form-main/vendor/laravel/framework/src/Illuminate/Foundation/Vite.php:946)
[stacktrace]
#0 C:/Users/user/MyFiles/ProgmiX/PEX-Form-main/vendor/laravel/framework/src/Illuminate/Foundation/Vite.php(384): Illuminate/Foundation/Vite->manifest('front')
#1 C:/Users/user/MyFiles/ProgmiX/PEX-Form-main/vendor/laravel/framework/src/Illuminate/Foundation/Vite.php(1036): Illuminate/Foundation/Vite->__invoke(Object(Illuminate/Support/Collection))
#2 C:/Users/user/MyFiles/ProgmiX/PEX-Form-main/vendor/laravel/framework/src/Illuminate/Support/helpers.php(131): Illuminate/Foundation/Vite->toHtml()
#3 C:/Users/user/MyFiles/ProgmiX/PEX-Form-main/modules/Frontend/resources/views/layouts/app.blade.php(37): e(Object(Illuminate/Foundation/Vite))
#4 C:/Users/user/MyFiles/ProgmiX/PEX-Form-main/vendor/laravel/framework/src/Illuminate/Filesystem/Filesystem.php(123): require('C://Users//user//M...')
#5 C:/Users/user/MyFiles/ProgmiX/PEX-Form-main/vendor/laravel/framework/src/Illuminate/Filesystem/Filesystem.php(124): Illuminate/Filesystem/Filesystem::Illuminate/Filesystem/{closure}()
#6 C:/Users/user/MyFiles/ProgmiX/PEX-Form-main/vendor/laravel/framework/src/Illuminate/View/Engines/PhpEngine.php(57): Illuminate/Filesystem/Filesystem->getRequire('C://Users//user//M...', Array)
#7 C:/Users/user/MyFiles/ProgmiX/PEX-Form-main/vendor/laravel/framework/src/Illuminate/View/Engines/CompilerEngine.php(76): Illuminate/View/Engines/PhpEngine->evaluatePath('C://Users//user//M...', Array)
#8 C:/Users/user/MyFiles/ProgmiX/PEX-Form-main/vendor/laravel/framework/src/Illuminate/View/View.php(208): Illuminate/View/Engines/CompilerEngine->get('C://Users//user//M...', Array)
#9 C:/Users/user/MyFiles/ProgmiX/PEX-Form-main/vendor/laravel/framework/src/Illuminate/View/View.php(191): Illuminate/View/View->getContents()
#10 C:/Users/user/MyFiles/ProgmiX/PEX-Form-main/vendor/laravel/framework/src/Illuminate/View/View.php(160): Illuminate/View/View->renderContents()
#11 C:/Users/user/MyFiles/ProgmiX/PEX-Form-main/modules/Frontend/resources/views/home.blade.php(1): Illuminate/View/View->render()
#12 C:/Users/user/MyFiles/ProgmiX/PEX-Form-main/vendor/laravel/framework/src/Illuminate/Filesystem/Filesystem.php(123): require('C://Users//user//M...')
#13 C:/Users/user/MyFiles/ProgmiX/PEX-Form-main/vendor/laravel/framework/src/Illuminate/Filesystem/Filesystem.php(124): Illuminate/Filesystem/Filesystem::Illuminate/Filesystem/{closure}()
#14 C:/Users/user/MyFiles/ProgmiX/PEX-Form-main/vendor/laravel/framework/src/Illuminate/View/Engines/PhpEngine.php(57): Illuminate/Filesystem/Filesystem->getRequire('C://Users//user//M...', Array)
#15 C:/Users/user/MyFiles/ProgmiX/PEX-Form-main/vendor/laravel/framework/src/Illuminate/View/Engines/CompilerEngine.php(76): Illuminate/View/Engines/PhpEngine->evaluatePath('C://Users//user//M...', Array)
#16 C:/Users/user/MyFiles/ProgmiX/PEX-Form-main/vendor/laravel/framework/src/Illuminate/View/View.php(208): Illuminate/View/Engines/CompilerEngine->get('C://Users//user//M...', Array)
#17 C:/Users/user/MyFiles/ProgmiX/PEX-Form-main/vendor/laravel/framework/src/Illuminate/View/View.php(191): Illuminate/View/View->getContents()
#18 C:/Users/user/MyFiles/ProgmiX/PEX-Form-main/vendor/laravel/framework/src/Illuminate/View/View.php(160): Illuminate/View/View->renderContents()
#19 C:/Users/user/MyFiles/ProgmiX/PEX-Form-main/vendor/laravel/framework/src/Illuminate/Http/Response.php(78): Illuminate/View/View->render()
#20 C:/Users/user/MyFiles/ProgmiX/PEX-Form-main/vendor/laravel/framework/src/Illuminate/Http/Response.php(34): Illuminate/Http/Response->setContent(Object(Illuminate/View/View))
#21 C:/Users/user/MyFiles/ProgmiX/PEX-Form-main/vendor/laravel/framework/src/Illuminate/Routing/Router.php(939): Illuminate/Http/Response->__construct(Object(Illuminate/View/View), 200, Array)
#22 C:/Users/user/MyFiles/ProgmiX/PEX-Form-main/vendor/laravel/framework/src/Illuminate/Routing/Router.php(906): Illuminate/Routing/Router::toResponse(Object(Illuminate/Http/Request), Object(Illuminate/View/View))
#23 C:/Users/user/MyFiles/ProgmiX/PEX-Form-main/vendor/laravel/framework/src/Illuminate/Routing/Router.php(821): Illuminate/Routing/Router->prepareResponse(Object(Illuminate/Http/Request), Object(Illuminate/View/View))
#24 C:/Users/user/MyFiles/ProgmiX/PEX-Form-main/vendor/laravel/framework/src/Illuminate/Pipeline/Pipeline.php(180): Illuminate/Routing/Router->Illuminate/Routing/{closure}(Object(Illuminate/Http/Request))
#25 C:/Users/user/MyFiles/ProgmiX/PEX-Form-main/modules/Frontend/Http/Middleware/Locale.php(49): Illuminate/Pipeline/Pipeline->Illuminate/Pipeline/{closure}(Object(Illuminate/Http/Request))
#26 C:/Users/user/MyFiles/ProgmiX/PEX-Form-main/vendor/laravel/framework/src/Illuminate/Pipeline/Pipeline.php(219): Juzaweb/Frontend/Http/Middleware/Locale->handle(Object(Illuminate/Http/Request), Object(Closure))
#27 C:/Users/user/MyFiles/ProgmiX/PEX-Form-main/modules/Backend/Http/Middleware/SecurityHeaders.php(25): Illuminate/Pipeline/Pipeline->Illuminate/Pipeline/{closure}(Object(Illuminate/Http/Request))
#28 C:/Users/user/MyFiles/ProgmiX/PEX-Form-main/vendor/laravel/framework/src/Illuminate/Pipeline/Pipeline.php(219): Juzaweb/Backend/Http/Middleware/SecurityHeaders->handle(Object(Illuminate/Http/Request), Object(Closure))
#29 C:/Users/user/MyFiles/ProgmiX/PEX-Form-main/vendor/laravel/framework/src/Illuminate/Routing/Middleware/ThrottleRequests.php(166): Illuminate/Pipeline/Pipeline->Illuminate/Pipeline/{closure}(Object(Illuminate/Http/Request))
#30 C:/Users/user/MyFiles/ProgmiX/PEX-Form-main/vendor/laravel/framework/src/Illuminate/Routing/Middleware/ThrottleRequests.php(93): Illuminate/Routing/Middleware/ThrottleRequests->handleRequest(Object(Illuminate/Http/Request), Object(Closure), Array)
#31 C:/Users/user/MyFiles/ProgmiX/PEX-Form-main/vendor/laravel/framework/src/Illuminate/Pipeline/Pipeline.php(219): Illuminate/Routing/Middleware/ThrottleRequests->handle(Object(Illuminate/Http/Request), Object(Closure))
#32 C:/Users/user/MyFiles/ProgmiX/PEX-Form-main/modules/Backend/Http/Middleware/PathTraversal.php(57): Illuminate/Pipeline/Pipeline->Illuminate/Pipeline/{closure}(Object(Illuminate/Http/Request))
#33 C:/Users/user/MyFiles/ProgmiX/PEX-Form-main/vendor/laravel/framework/src/Illuminate/Pipeline/Pipeline.php(219): Juzaweb/Backend/Http/Middleware/PathTraversal->handle(Object(Illuminate/Http/Request), Object(Closure))
#34 C:/Users/user/MyFiles/ProgmiX/PEX-Form-main/modules/Backend/Http/Middleware/XssSanitization.php(44): Illuminate/Pipeline/Pipeline->Illuminate/Pipeline/{closure}(Object(Illuminate/Http/Request))
#35 C:/Users/user/MyFiles/ProgmiX/PEX-Form-main/vendor/laravel/framework/src/Illuminate/Pipeline/Pipeline.php(219): Juzaweb/Backend/Http/Middleware/XssSanitization->handle(Object(Illuminate/Http/Request), Object(Closure))
#36 C:/Users/user/MyFiles/ProgmiX/PEX-Form-main/vendor/spatie/laravel-csp/src/AddCspHeaders.php(13): Illuminate/Pipeline/Pipeline->Illuminate/Pipeline/{closure}(Object(Illuminate/Http/Request))
#37 C:/Users/user/MyFiles/ProgmiX/PEX-Form-main/vendor/laravel/framework/src/Illuminate/Pipeline/Pipeline.php(219): Spatie/Csp/AddCspHeaders->handle(Object(Illuminate/Http/Request), Object(Closure))
#38 C:/Users/user/MyFiles/ProgmiX/PEX-Form-main/vendor/barryvdh/laravel-debugbar/src/Middleware/InjectDebugbar.php(59): Illuminate/Pipeline/Pipeline->Illuminate/Pipeline/{closure}(Object(Illuminate/Http/Request))
#39 C:/Users/user/MyFiles/ProgmiX/PEX-Form-main/vendor/laravel/framework/src/Illuminate/Pipeline/Pipeline.php(219): Barryvdh/Debugbar/Middleware/InjectDebugbar->handle(Object(Illuminate/Http/Request), Object(Closure))
#40 C:/Users/user/MyFiles/ProgmiX/PEX-Form-main/modules/CMS/Http/Middleware/XFrameHeadersMiddleware.php(41): Illuminate/Pipeline/Pipeline->Illuminate/Pipeline/{closure}(Object(Illuminate/Http/Request))
#41 C:/Users/user/MyFiles/ProgmiX/PEX-Form-main/vendor/laravel/framework/src/Illuminate/Pipeline/Pipeline.php(219): Juzaweb/CMS/Http/Middleware/XFrameHeadersMiddleware->handle(Object(Illuminate/Http/Request), Object(Closure))
#42 C:/Users/user/MyFiles/ProgmiX/PEX-Form-main/vendor/laravel/framework/src/Illuminate/Routing/Middleware/SubstituteBindings.php(50): Illuminate/Pipeline/Pipeline->Illuminate/Pipeline/{closure}(Object(Illuminate/Http/Request))
#43 C:/Users/user/MyFiles/ProgmiX/PEX-Form-main/vendor/laravel/framework/src/Illuminate/Pipeline/Pipeline.php(219): Illuminate/Routing/Middleware/SubstituteBindings->handle(Object(Illuminate/Http/Request), Object(Closure))
#44 C:/Users/user/MyFiles/ProgmiX/PEX-Form-main/vendor/laravel/framework/src/Illuminate/Cookie/Middleware/AddQueuedCookiesToResponse.php(36): Illuminate/Pipeline/Pipeline->Illuminate/Pipeline/{closure}(Object(Illuminate/Http/Request))
#45 C:/Users/user/MyFiles/ProgmiX/PEX-Form-main/vendor/laravel/framework/src/Illuminate/Pipeline/Pipeline.php(219): Illuminate/Cookie/Middleware/AddQueuedCookiesToResponse->handle(Object(Illuminate/Http/Request), Object(Closure))
#46 C:/Users/user/MyFiles/ProgmiX/PEX-Form-main/vendor/laravel/framework/src/Illuminate/View/Middleware/ShareErrorsFromSession.php(48): Illuminate/Pipeline/Pipeline->Illuminate/Pipeline/{closure}(Object(Illuminate/Http/Request))
#47 C:/Users/user/MyFiles/ProgmiX/PEX-Form-main/modules/Backend/Http/Middleware/ShareErrorsUnlessBot.php(24): Illuminate/View/Middleware/ShareErrorsFromSession->handle(Object(Illuminate/Http/Request), Object(Closure))
#48 C:/Users/user/MyFiles/ProgmiX/PEX-Form-main/vendor/laravel/framework/src/Illuminate/Pipeline/Pipeline.php(219): Juzaweb/Backend/Http/Middleware/ShareErrorsUnlessBot->handle(Object(Illuminate/Http/Request), Object(Closure))
#49 C:/Users/user/MyFiles/ProgmiX/PEX-Form-main/vendor/laravel/framework/src/Illuminate/Session/Middleware/StartSession.php(120): Illuminate/Pipeline/Pipeline->Illuminate/Pipeline/{closure}(Object(Illuminate/Http/Request))
#50 C:/Users/user/MyFiles/ProgmiX/PEX-Form-main/vendor/laravel/framework/src/Illuminate/Session/Middleware/StartSession.php(63): Illuminate/Session/Middleware/StartSession->handleStatefulRequest(Object(Illuminate/Http/Request), Object(Illuminate/Session/Store), Object(Closure))
#51 C:/Users/user/MyFiles/ProgmiX/PEX-Form-main/modules/Backend/Http/Middleware/SkipSessionForBots.php(24): Illuminate/Session/Middleware/StartSession->handle(Object(Illuminate/Http/Request), Object(Closure))
#52 C:/Users/user/MyFiles/ProgmiX/PEX-Form-main/vendor/laravel/framework/src/Illuminate/Pipeline/Pipeline.php(219): Juzaweb/Backend/Http/Middleware/SkipSessionForBots->handle(Object(Illuminate/Http/Request), Object(Closure))
#53 C:/Users/user/MyFiles/ProgmiX/PEX-Form-main/vendor/laravel/framework/src/Illuminate/Cookie/Middleware/EncryptCookies.php(74): Illuminate/Pipeline/Pipeline->Illuminate/Pipeline/{closure}(Object(Illuminate/Http/Request))
#54 C:/Users/user/MyFiles/ProgmiX/PEX-Form-main/vendor/laravel/framework/src/Illuminate/Pipeline/Pipeline.php(219): Illuminate/Cookie/Middleware/EncryptCookies->handle(Object(Illuminate/Http/Request), Object(Closure))
#55 C:/Users/user/MyFiles/ProgmiX/PEX-Form-main/modules/CMS/Http/Middleware/GlobalMiddleware.php(11): Illuminate/Pipeline/Pipeline->Illuminate/Pipeline/{closure}(Object(Illuminate/Http/Request))
#56 C:/Users/user/MyFiles/ProgmiX/PEX-Form-main/vendor/laravel/framework/src/Illuminate/Pipeline/Pipeline.php(219): Juzaweb/CMS/Http/Middleware/GlobalMiddleware->handle(Object(Illuminate/Http/Request), Object(Closure))
#57 C:/Users/user/MyFiles/ProgmiX/PEX-Form-main/modules/Backend/Http/Middleware/DisableSessionForBots.php(30): Illuminate/Pipeline/Pipeline->Illuminate/Pipeline/{closure}(Object(Illuminate/Http/Request))
#58 C:/Users/user/MyFiles/ProgmiX/PEX-Form-main/vendor/laravel/framework/src/Illuminate/Pipeline/Pipeline.php(219): Juzaweb/Backend/Http/Middleware/DisableSessionForBots->handle(Object(Illuminate/Http/Request), Object(Closure))
#59 C:/Users/user/MyFiles/ProgmiX/PEX-Form-main/vendor/laravel/framework/src/Illuminate/Pipeline/Pipeline.php(137): Illuminate/Pipeline/Pipeline->Illuminate/Pipeline/{closure}(Object(Illuminate/Http/Request))
#60 C:/Users/user/MyFiles/ProgmiX/PEX-Form-main/vendor/laravel/framework/src/Illuminate/Routing/Router.php(821): Illuminate/Pipeline/Pipeline->then(Object(Closure))
#61 C:/Users/user/MyFiles/ProgmiX/PEX-Form-main/vendor/laravel/framework/src/Illuminate/Routing/Router.php(800): Illuminate/Routing/Router->runRouteWithinStack(Object(Illuminate/Routing/Route), Object(Illuminate/Http/Request))
#62 C:/Users/user/MyFiles/ProgmiX/PEX-Form-main/vendor/laravel/framework/src/Illuminate/Routing/Router.php(764): Illuminate/Routing/Router->runRoute(Object(Illuminate/Http/Request), Object(Illuminate/Routing/Route))
#63 C:/Users/user/MyFiles/ProgmiX/PEX-Form-main/vendor/laravel/framework/src/Illuminate/Routing/Router.php(753): Illuminate/Routing/Router->dispatchToRoute(Object(Illuminate/Http/Request))
#64 C:/Users/user/MyFiles/ProgmiX/PEX-Form-main/vendor/laravel/framework/src/Illuminate/Foundation/Http/Kernel.php(200): Illuminate/Routing/Router->dispatch(Object(Illuminate/Http/Request))
#65 C:/Users/user/MyFiles/ProgmiX/PEX-Form-main/vendor/laravel/framework/src/Illuminate/Pipeline/Pipeline.php(180): Illuminate/Foundation/Http/Kernel->Illuminate/Foundation/Http/{closure}(Object(Illuminate/Http/Request))
#66 C:/Users/user/MyFiles/ProgmiX/PEX-Form-main/vendor/barryvdh/laravel-debugbar/src/Middleware/InjectDebugbar.php(59): Illuminate/Pipeline/Pipeline->Illuminate/Pipeline/{closure}(Object(Illuminate/Http/Request))
#67 C:/Users/user/MyFiles/ProgmiX/PEX-Form-main/vendor/laravel/framework/src/Illuminate/Pipeline/Pipeline.php(219): Barryvdh/Debugbar/Middleware/InjectDebugbar->handle(Object(Illuminate/Http/Request), Object(Closure))
#68 C:/Users/user/MyFiles/ProgmiX/PEX-Form-main/modules/Backend/Http/Middleware/BlockIpMiddleware.php(31): Illuminate/Pipeline/Pipeline->Illuminate/Pipeline/{closure}(Object(Illuminate/Http/Request))
#69 C:/Users/user/MyFiles/ProgmiX/PEX-Form-main/vendor/laravel/framework/src/Illuminate/Pipeline/Pipeline.php(219): Juzaweb/Backend/Http/Middleware/BlockIpMiddleware->handle(Object(Illuminate/Http/Request), Object(Closure))
#70 C:/Users/user/MyFiles/ProgmiX/PEX-Form-main/modules/Backend/Http/Middleware/SecurityHeaders.php(25): Illuminate/Pipeline/Pipeline->Illuminate/Pipeline/{closure}(Object(Illuminate/Http/Request))
#71 C:/Users/user/MyFiles/ProgmiX/PEX-Form-main/vendor/laravel/framework/src/Illuminate/Pipeline/Pipeline.php(219): Juzaweb/Backend/Http/Middleware/SecurityHeaders->handle(Object(Illuminate/Http/Request), Object(Closure))
#72 C:/Users/user/MyFiles/ProgmiX/PEX-Form-main/vendor/laravel/framework/src/Illuminate/Foundation/Http/Middleware/TransformsRequest.php(21): Illuminate/Pipeline/Pipeline->Illuminate/Pipeline/{closure}(Object(Illuminate/Http/Request))
#73 C:/Users/user/MyFiles/ProgmiX/PEX-Form-main/vendor/laravel/framework/src/Illuminate/Foundation/Http/Middleware/ConvertEmptyStringsToNull.php(31): Illuminate/Foundation/Http/Middleware/TransformsRequest->handle(Object(Illuminate/Http/Request), Object(Closure))
#74 C:/Users/user/MyFiles/ProgmiX/PEX-Form-main/vendor/laravel/framework/src/Illuminate/Pipeline/Pipeline.php(219): Illuminate/Foundation/Http/Middleware/ConvertEmptyStringsToNull->handle(Object(Illuminate/Http/Request), Object(Closure))
#75 C:/Users/user/MyFiles/ProgmiX/PEX-Form-main/vendor/laravel/framework/src/Illuminate/Foundation/Http/Middleware/TransformsRequest.php(21): Illuminate/Pipeline/Pipeline->Illuminate/Pipeline/{closure}(Object(Illuminate/Http/Request))
#76 C:/Users/user/MyFiles/ProgmiX/PEX-Form-main/vendor/laravel/framework/src/Illuminate/Foundation/Http/Middleware/TrimStrings.php(51): Illuminate/Foundation/Http/Middleware/TransformsRequest->handle(Object(Illuminate/Http/Request), Object(Closure))
#77 C:/Users/user/MyFiles/ProgmiX/PEX-Form-main/vendor/laravel/framework/src/Illuminate/Pipeline/Pipeline.php(219): Illuminate/Foundation/Http/Middleware/TrimStrings->handle(Object(Illuminate/Http/Request), Object(Closure))
#78 C:/Users/user/MyFiles/ProgmiX/PEX-Form-main/vendor/laravel/framework/src/Illuminate/Http/Middleware/ValidatePostSize.php(27): Illuminate/Pipeline/Pipeline->Illuminate/Pipeline/{closure}(Object(Illuminate/Http/Request))
#79 C:/Users/user/MyFiles/ProgmiX/PEX-Form-main/vendor/laravel/framework/src/Illuminate/Pipeline/Pipeline.php(219): Illuminate/Http/Middleware/ValidatePostSize->handle(Object(Illuminate/Http/Request), Object(Closure))
#80 C:/Users/user/MyFiles/ProgmiX/PEX-Form-main/vendor/laravel/framework/src/Illuminate/Foundation/Http/Middleware/PreventRequestsDuringMaintenance.php(109): Illuminate/Pipeline/Pipeline->Illuminate/Pipeline/{closure}(Object(Illuminate/Http/Request))
#81 C:/Users/user/MyFiles/ProgmiX/PEX-Form-main/vendor/laravel/framework/src/Illuminate/Pipeline/Pipeline.php(219): Illuminate/Foundation/Http/Middleware/PreventRequestsDuringMaintenance->handle(Object(Illuminate/Http/Request), Object(Closure))
#82 C:/Users/user/MyFiles/ProgmiX/PEX-Form-main/vendor/laravel/framework/src/Illuminate/Http/Middleware/HandleCors.php(61): Illuminate/Pipeline/Pipeline->Illuminate/Pipeline/{closure}(Object(Illuminate/Http/Request))
#83 C:/Users/user/MyFiles/ProgmiX/PEX-Form-main/vendor/laravel/framework/src/Illuminate/Pipeline/Pipeline.php(219): Illuminate/Http/Middleware/HandleCors->handle(Object(Illuminate/Http/Request), Object(Closure))
#84 C:/Users/user/MyFiles/ProgmiX/PEX-Form-main/vendor/laravel/framework/src/Illuminate/Http/Middleware/TrustProxies.php(58): Illuminate/Pipeline/Pipeline->Illuminate/Pipeline/{closure}(Object(Illuminate/Http/Request))
#85 C:/Users/user/MyFiles/ProgmiX/PEX-Form-main/vendor/laravel/framework/src/Illuminate/Pipeline/Pipeline.php(219): Illuminate/Http/Middleware/TrustProxies->handle(Object(Illuminate/Http/Request), Object(Closure))
#86 C:/Users/user/MyFiles/ProgmiX/PEX-Form-main/vendor/laravel/framework/src/Illuminate/Pipeline/Pipeline.php(137): Illuminate/Pipeline/Pipeline->Illuminate/Pipeline/{closure}(Object(Illuminate/Http/Request))
#87 C:/Users/user/MyFiles/ProgmiX/PEX-Form-main/vendor/laravel/framework/src/Illuminate/Foundation/Http/Kernel.php(175): Illuminate/Pipeline/Pipeline->then(Object(Closure))
#88 C:/Users/user/MyFiles/ProgmiX/PEX-Form-main/vendor/laravel/framework/src/Illuminate/Foundation/Http/Kernel.php(144): Illuminate/Foundation/Http/Kernel->sendRequestThroughRouter(Object(Illuminate/Http/Request))
#89 C:/Users/user/MyFiles/ProgmiX/PEX-Form-main/public/index.php(51): Illuminate/Foundation/Http/Kernel->handle(Object(Illuminate/Http/Request))
#90 C:/Users/user/MyFiles/ProgmiX/PEX-Form-main/vendor/laravel/framework/src/Illuminate/Foundation/resources/server.php(23): require_once('C://Users//user//M...')
#91 {main}

[previous exception] [object] (Illuminate\\Foundation\\ViteManifestNotFoundException(code: 0): Vite manifest not found at: C:\\Users\\user\\MyFiles\\ProgmiX\\PEX-Form-main\\public\\front/manifest.json at C:/Users/user/MyFiles/ProgmiX/PEX-Form-main/vendor/laravel/framework/src/Illuminate/Foundation/Vite.php:946)
[stacktrace]
#0 C:/Users/user/MyFiles/ProgmiX/PEX-Form-main/vendor/laravel/framework/src/Illuminate/Foundation/Vite.php(384): Illuminate/Foundation/Vite->manifest('front')
#1 C:/Users/user/MyFiles/ProgmiX/PEX-Form-main/vendor/laravel/framework/src/Illuminate/Foundation/Vite.php(1036): Illuminate/Foundation/Vite->__invoke(Object(Illuminate/Support/Collection))
#2 C:/Users/user/MyFiles/ProgmiX/PEX-Form-main/vendor/laravel/framework/src/Illuminate/Support/helpers.php(131): Illuminate/Foundation/Vite->toHtml()
#3 C:/Users/user/MyFiles/ProgmiX/PEX-Form-main/storage/framework/views/7ba4c3fdf9f803b299eb45cfa62c47ce.php(10): e(Object(Illuminate/Foundation/Vite))
#4 C:/Users/user/MyFiles/ProgmiX/PEX-Form-main/vendor/laravel/framework/src/Illuminate/Filesystem/Filesystem.php(123): require('C://Users//user//M...')
#5 C:/Users/user/MyFiles/ProgmiX/PEX-Form-main/vendor/laravel/framework/src/Illuminate/Filesystem/Filesystem.php(124): Illuminate/Filesystem/Filesystem::Illuminate/Filesystem/{closure}()
#6 C:/Users/user/MyFiles/ProgmiX/PEX-Form-main/vendor/laravel/framework/src/Illuminate/View/Engines/PhpEngine.php(57): Illuminate/Filesystem/Filesystem->getRequire('C://Users//user//M...', Array)
#7 C:/Users/user/MyFiles/ProgmiX/PEX-Form-main/vendor/laravel/framework/src/Illuminate/View/Engines/CompilerEngine.php(76): Illuminate/View/Engines/PhpEngine->evaluatePath('C://Users//user//M...', Array)
#8 C:/Users/user/MyFiles/ProgmiX/PEX-Form-main/vendor/laravel/framework/src/Illuminate/View/View.php(208): Illuminate/View/Engines/CompilerEngine->get('C://Users//user//M...', Array)
#9 C:/Users/user/MyFiles/ProgmiX/PEX-Form-main/vendor/laravel/framework/src/Illuminate/View/View.php(191): Illuminate/View/View->getContents()
#10 C:/Users/user/MyFiles/ProgmiX/PEX-Form-main/vendor/laravel/framework/src/Illuminate/View/View.php(160): Illuminate/View/View->renderContents()
#11 C:/Users/user/MyFiles/ProgmiX/PEX-Form-main/storage/framework/views/078e945ecbf82d678121cbf4f8650dce.php(1): Illuminate/View/View->render()
#12 C:/Users/user/MyFiles/ProgmiX/PEX-Form-main/vendor/laravel/framework/src/Illuminate/Filesystem/Filesystem.php(123): require('C://Users//user//M...')
#13 C:/Users/user/MyFiles/ProgmiX/PEX-Form-main/vendor/laravel/framework/src/Illuminate/Filesystem/Filesystem.php(124): Illuminate/Filesystem/Filesystem::Illuminate/Filesystem/{closure}()
#14 C:/Users/user/MyFiles/ProgmiX/PEX-Form-main/vendor/laravel/framework/src/Illuminate/View/Engines/PhpEngine.php(57): Illuminate/Filesystem/Filesystem->getRequire('C://Users//user//M...', Array)
#15 C:/Users/user/MyFiles/ProgmiX/PEX-Form-main/vendor/laravel/framework/src/Illuminate/View/Engines/CompilerEngine.php(76): Illuminate/View/Engines/PhpEngine->evaluatePath('C://Users//user//M...', Array)
#16 C:/Users/user/MyFiles/ProgmiX/PEX-Form-main/vendor/laravel/framework/src/Illuminate/View/View.php(208): Illuminate/View/Engines/CompilerEngine->get('C://Users//user//M...', Array)
#17 C:/Users/user/MyFiles/ProgmiX/PEX-Form-main/vendor/laravel/framework/src/Illuminate/View/View.php(191): Illuminate/View/View->getContents()
#18 C:/Users/user/MyFiles/ProgmiX/PEX-Form-main/vendor/laravel/framework/src/Illuminate/View/View.php(160): Illuminate/View/View->renderContents()
#19 C:/Users/user/MyFiles/ProgmiX/PEX-Form-main/vendor/laravel/framework/src/Illuminate/Http/Response.php(78): Illuminate/View/View->render()
#20 C:/Users/user/MyFiles/ProgmiX/PEX-Form-main/vendor/laravel/framework/src/Illuminate/Http/Response.php(34): Illuminate/Http/Response->setContent(Object(Illuminate/View/View))
#21 C:/Users/user/MyFiles/ProgmiX/PEX-Form-main/vendor/laravel/framework/src/Illuminate/Routing/Router.php(939): Illuminate/Http/Response->__construct(Object(Illuminate/View/View), 200, Array)
#22 C:/Users/user/MyFiles/ProgmiX/PEX-Form-main/vendor/laravel/framework/src/Illuminate/Routing/Router.php(906): Illuminate/Routing/Router::toResponse(Object(Illuminate/Http/Request), Object(Illuminate/View/View))
#23 C:/Users/user/MyFiles/ProgmiX/PEX-Form-main/vendor/laravel/framework/src/Illuminate/Routing/Router.php(821): Illuminate/Routing/Router->prepareResponse(Object(Illuminate/Http/Request), Object(Illuminate/View/View))
#24 C:/Users/user/MyFiles/ProgmiX/PEX-Form-main/vendor/laravel/framework/src/Illuminate/Pipeline/Pipeline.php(180): Illuminate/Routing/Router->Illuminate/Routing/{closure}(Object(Illuminate/Http/Request))
#25 C:/Users/user/MyFiles/ProgmiX/PEX-Form-main/modules/Frontend/Http/Middleware/Locale.php(49): Illuminate/Pipeline/Pipeline->Illuminate/Pipeline/{closure}(Object(Illuminate/Http/Request))
#26 C:/Users/user/MyFiles/ProgmiX/PEX-Form-main/vendor/laravel/framework/src/Illuminate/Pipeline/Pipeline.php(219): Juzaweb/Frontend/Http/Middleware/Locale->handle(Object(Illuminate/Http/Request), Object(Closure))
#27 C:/Users/user/MyFiles/ProgmiX/PEX-Form-main/modules/Backend/Http/Middleware/SecurityHeaders.php(25): Illuminate/Pipeline/Pipeline->Illuminate/Pipeline/{closure}(Object(Illuminate/Http/Request))
#28 C:/Users/user/MyFiles/ProgmiX/PEX-Form-main/vendor/laravel/framework/src/Illuminate/Pipeline/Pipeline.php(219): Juzaweb/Backend/Http/Middleware/SecurityHeaders->handle(Object(Illuminate/Http/Request), Object(Closure))
#29 C:/Users/user/MyFiles/ProgmiX/PEX-Form-main/vendor/laravel/framework/src/Illuminate/Routing/Middleware/ThrottleRequests.php(166): Illuminate/Pipeline/Pipeline->Illuminate/Pipeline/{closure}(Object(Illuminate/Http/Request))
#30 C:/Users/user/MyFiles/ProgmiX/PEX-Form-main/vendor/laravel/framework/src/Illuminate/Routing/Middleware/ThrottleRequests.php(93): Illuminate/Routing/Middleware/ThrottleRequests->handleRequest(Object(Illuminate/Http/Request), Object(Closure), Array)
#31 C:/Users/user/MyFiles/ProgmiX/PEX-Form-main/vendor/laravel/framework/src/Illuminate/Pipeline/Pipeline.php(219): Illuminate/Routing/Middleware/ThrottleRequests->handle(Object(Illuminate/Http/Request), Object(Closure))
#32 C:/Users/user/MyFiles/ProgmiX/PEX-Form-main/modules/Backend/Http/Middleware/PathTraversal.php(57): Illuminate/Pipeline/Pipeline->Illuminate/Pipeline/{closure}(Object(Illuminate/Http/Request))
#33 C:/Users/user/MyFiles/ProgmiX/PEX-Form-main/vendor/laravel/framework/src/Illuminate/Pipeline/Pipeline.php(219): Juzaweb/Backend/Http/Middleware/PathTraversal->handle(Object(Illuminate/Http/Request), Object(Closure))
#34 C:/Users/user/MyFiles/ProgmiX/PEX-Form-main/modules/Backend/Http/Middleware/XssSanitization.php(44): Illuminate/Pipeline/Pipeline->Illuminate/Pipeline/{closure}(Object(Illuminate/Http/Request))
#35 C:/Users/user/MyFiles/ProgmiX/PEX-Form-main/vendor/laravel/framework/src/Illuminate/Pipeline/Pipeline.php(219): Juzaweb/Backend/Http/Middleware/XssSanitization->handle(Object(Illuminate/Http/Request), Object(Closure))
#36 C:/Users/user/MyFiles/ProgmiX/PEX-Form-main/vendor/spatie/laravel-csp/src/AddCspHeaders.php(13): Illuminate/Pipeline/Pipeline->Illuminate/Pipeline/{closure}(Object(Illuminate/Http/Request))
#37 C:/Users/user/MyFiles/ProgmiX/PEX-Form-main/vendor/laravel/framework/src/Illuminate/Pipeline/Pipeline.php(219): Spatie/Csp/AddCspHeaders->handle(Object(Illuminate/Http/Request), Object(Closure))
#38 C:/Users/user/MyFiles/ProgmiX/PEX-Form-main/vendor/barryvdh/laravel-debugbar/src/Middleware/InjectDebugbar.php(59): Illuminate/Pipeline/Pipeline->Illuminate/Pipeline/{closure}(Object(Illuminate/Http/Request))
#39 C:/Users/user/MyFiles/ProgmiX/PEX-Form-main/vendor/laravel/framework/src/Illuminate/Pipeline/Pipeline.php(219): Barryvdh/Debugbar/Middleware/InjectDebugbar->handle(Object(Illuminate/Http/Request), Object(Closure))
#40 C:/Users/user/MyFiles/ProgmiX/PEX-Form-main/modules/CMS/Http/Middleware/XFrameHeadersMiddleware.php(41): Illuminate/Pipeline/Pipeline->Illuminate/Pipeline/{closure}(Object(Illuminate/Http/Request))
#41 C:/Users/user/MyFiles/ProgmiX/PEX-Form-main/vendor/laravel/framework/src/Illuminate/Pipeline/Pipeline.php(219): Juzaweb/CMS/Http/Middleware/XFrameHeadersMiddleware->handle(Object(Illuminate/Http/Request), Object(Closure))
#42 C:/Users/user/MyFiles/ProgmiX/PEX-Form-main/vendor/laravel/framework/src/Illuminate/Routing/Middleware/SubstituteBindings.php(50): Illuminate/Pipeline/Pipeline->Illuminate/Pipeline/{closure}(Object(Illuminate/Http/Request))
#43 C:/Users/user/MyFiles/ProgmiX/PEX-Form-main/vendor/laravel/framework/src/Illuminate/Pipeline/Pipeline.php(219): Illuminate/Routing/Middleware/SubstituteBindings->handle(Object(Illuminate/Http/Request), Object(Closure))
#44 C:/Users/user/MyFiles/ProgmiX/PEX-Form-main/vendor/laravel/framework/src/Illuminate/Cookie/Middleware/AddQueuedCookiesToResponse.php(36): Illuminate/Pipeline/Pipeline->Illuminate/Pipeline/{closure}(Object(Illuminate/Http/Request))
#45 C:/Users/user/MyFiles/ProgmiX/PEX-Form-main/vendor/laravel/framework/src/Illuminate/Pipeline/Pipeline.php(219): Illuminate/Cookie/Middleware/AddQueuedCookiesToResponse->handle(Object(Illuminate/Http/Request), Object(Closure))
#46 C:/Users/user/MyFiles/ProgmiX/PEX-Form-main/vendor/laravel/framework/src/Illuminate/View/Middleware/ShareErrorsFromSession.php(48): Illuminate/Pipeline/Pipeline->Illuminate/Pipeline/{closure}(Object(Illuminate/Http/Request))
#47 C:/Users/user/MyFiles/ProgmiX/PEX-Form-main/modules/Backend/Http/Middleware/ShareErrorsUnlessBot.php(24): Illuminate/View/Middleware/ShareErrorsFromSession->handle(Object(Illuminate/Http/Request), Object(Closure))
#48 C:/Users/user/MyFiles/ProgmiX/PEX-Form-main/vendor/laravel/framework/src/Illuminate/Pipeline/Pipeline.php(219): Juzaweb/Backend/Http/Middleware/ShareErrorsUnlessBot->handle(Object(Illuminate/Http/Request), Object(Closure))
#49 C:/Users/user/MyFiles/ProgmiX/PEX-Form-main/vendor/laravel/framework/src/Illuminate/Session/Middleware/StartSession.php(120): Illuminate/Pipeline/Pipeline->Illuminate/Pipeline/{closure}(Object(Illuminate/Http/Request))
#50 C:/Users/user/MyFiles/ProgmiX/PEX-Form-main/vendor/laravel/framework/src/Illuminate/Session/Middleware/StartSession.php(63): Illuminate/Session/Middleware/StartSession->handleStatefulRequest(Object(Illuminate/Http/Request), Object(Illuminate/Session/Store), Object(Closure))
#51 C:/Users/user/MyFiles/ProgmiX/PEX-Form-main/modules/Backend/Http/Middleware/SkipSessionForBots.php(24): Illuminate/Session/Middleware/StartSession->handle(Object(Illuminate/Http/Request), Object(Closure))
#52 C:/Users/user/MyFiles/ProgmiX/PEX-Form-main/vendor/laravel/framework/src/Illuminate/Pipeline/Pipeline.php(219): Juzaweb/Backend/Http/Middleware/SkipSessionForBots->handle(Object(Illuminate/Http/Request), Object(Closure))
#53 C:/Users/user/MyFiles/ProgmiX/PEX-Form-main/vendor/laravel/framework/src/Illuminate/Cookie/Middleware/EncryptCookies.php(74): Illuminate/Pipeline/Pipeline->Illuminate/Pipeline/{closure}(Object(Illuminate/Http/Request))
#54 C:/Users/user/MyFiles/ProgmiX/PEX-Form-main/vendor/laravel/framework/src/Illuminate/Pipeline/Pipeline.php(219): Illuminate/Cookie/Middleware/EncryptCookies->handle(Object(Illuminate/Http/Request), Object(Closure))
#55 C:/Users/user/MyFiles/ProgmiX/PEX-Form-main/modules/CMS/Http/Middleware/GlobalMiddleware.php(11): Illuminate/Pipeline/Pipeline->Illuminate/Pipeline/{closure}(Object(Illuminate/Http/Request))
#56 C:/Users/user/MyFiles/ProgmiX/PEX-Form-main/vendor/laravel/framework/src/Illuminate/Pipeline/Pipeline.php(219): Juzaweb/CMS/Http/Middleware/GlobalMiddleware->handle(Object(Illuminate/Http/Request), Object(Closure))
#57 C:/Users/user/MyFiles/ProgmiX/PEX-Form-main/modules/Backend/Http/Middleware/DisableSessionForBots.php(30): Illuminate/Pipeline/Pipeline->Illuminate/Pipeline/{closure}(Object(Illuminate/Http/Request))
#58 C:/Users/user/MyFiles/ProgmiX/PEX-Form-main/vendor/laravel/framework/src/Illuminate/Pipeline/Pipeline.php(219): Juzaweb/Backend/Http/Middleware/DisableSessionForBots->handle(Object(Illuminate/Http/Request), Object(Closure))
#59 C:/Users/user/MyFiles/ProgmiX/PEX-Form-main/vendor/laravel/framework/src/Illuminate/Pipeline/Pipeline.php(137): Illuminate/Pipeline/Pipeline->Illuminate/Pipeline/{closure}(Object(Illuminate/Http/Request))
#60 C:/Users/user/MyFiles/ProgmiX/PEX-Form-main/vendor/laravel/framework/src/Illuminate/Routing/Router.php(821): Illuminate/Pipeline/Pipeline->then(Object(Closure))
#61 C:/Users/user/MyFiles/ProgmiX/PEX-Form-main/vendor/laravel/framework/src/Illuminate/Routing/Router.php(800): Illuminate/Routing/Router->runRouteWithinStack(Object(Illuminate/Routing/Route), Object(Illuminate/Http/Request))
#62 C:/Users/user/MyFiles/ProgmiX/PEX-Form-main/vendor/laravel/framework/src/Illuminate/Routing/Router.php(764): Illuminate/Routing/Router->runRoute(Object(Illuminate/Http/Request), Object(Illuminate/Routing/Route))
#63 C:/Users/user/MyFiles/ProgmiX/PEX-Form-main/vendor/laravel/framework/src/Illuminate/Routing/Router.php(753): Illuminate/Routing/Router->dispatchToRoute(Object(Illuminate/Http/Request))
#64 C:/Users/user/MyFiles/ProgmiX/PEX-Form-main/vendor/laravel/framework/src/Illuminate/Foundation/Http/Kernel.php(200): Illuminate/Routing/Router->dispatch(Object(Illuminate/Http/Request))
#65 C:/Users/user/MyFiles/ProgmiX/PEX-Form-main/vendor/laravel/framework/src/Illuminate/Pipeline/Pipeline.php(180): Illuminate/Foundation/Http/Kernel->Illuminate/Foundation/Http/{closure}(Object(Illuminate/Http/Request))
#66 C:/Users/user/MyFiles/ProgmiX/PEX-Form-main/vendor/barryvdh/laravel-debugbar/src/Middleware/InjectDebugbar.php(59): Illuminate/Pipeline/Pipeline->Illuminate/Pipeline/{closure}(Object(Illuminate/Http/Request))
#67 C:/Users/user/MyFiles/ProgmiX/PEX-Form-main/vendor/laravel/framework/src/Illuminate/Pipeline/Pipeline.php(219): Barryvdh/Debugbar/Middleware/InjectDebugbar->handle(Object(Illuminate/Http/Request), Object(Closure))
#68 C:/Users/user/MyFiles/ProgmiX/PEX-Form-main/modules/Backend/Http/Middleware/BlockIpMiddleware.php(31): Illuminate/Pipeline/Pipeline->Illuminate/Pipeline/{closure}(Object(Illuminate/Http/Request))
#69 C:/Users/user/MyFiles/ProgmiX/PEX-Form-main/vendor/laravel/framework/src/Illuminate/Pipeline/Pipeline.php(219): Juzaweb/Backend/Http/Middleware/BlockIpMiddleware->handle(Object(Illuminate/Http/Request), Object(Closure))
#70 C:/Users/user/MyFiles/ProgmiX/PEX-Form-main/modules/Backend/Http/Middleware/SecurityHeaders.php(25): Illuminate/Pipeline/Pipeline->Illuminate/Pipeline/{closure}(Object(Illuminate/Http/Request))
#71 C:/Users/user/MyFiles/ProgmiX/PEX-Form-main/vendor/laravel/framework/src/Illuminate/Pipeline/Pipeline.php(219): Juzaweb/Backend/Http/Middleware/SecurityHeaders->handle(Object(Illuminate/Http/Request), Object(Closure))
#72 C:/Users/user/MyFiles/ProgmiX/PEX-Form-main/vendor/laravel/framework/src/Illuminate/Foundation/Http/Middleware/TransformsRequest.php(21): Illuminate/Pipeline/Pipeline->Illuminate/Pipeline/{closure}(Object(Illuminate/Http/Request))
#73 C:/Users/user/MyFiles/ProgmiX/PEX-Form-main/vendor/laravel/framework/src/Illuminate/Foundation/Http/Middleware/ConvertEmptyStringsToNull.php(31): Illuminate/Foundation/Http/Middleware/TransformsRequest->handle(Object(Illuminate/Http/Request), Object(Closure))
#74 C:/Users/user/MyFiles/ProgmiX/PEX-Form-main/vendor/laravel/framework/src/Illuminate/Pipeline/Pipeline.php(219): Illuminate/Foundation/Http/Middleware/ConvertEmptyStringsToNull->handle(Object(Illuminate/Http/Request), Object(Closure))
#75 C:/Users/user/MyFiles/ProgmiX/PEX-Form-main/vendor/laravel/framework/src/Illuminate/Foundation/Http/Middleware/TransformsRequest.php(21): Illuminate/Pipeline/Pipeline->Illuminate/Pipeline/{closure}(Object(Illuminate/Http/Request))
#76 C:/Users/user/MyFiles/ProgmiX/PEX-Form-main/vendor/laravel/framework/src/Illuminate/Foundation/Http/Middleware/TrimStrings.php(51): Illuminate/Foundation/Http/Middleware/TransformsRequest->handle(Object(Illuminate/Http/Request), Object(Closure))
#77 C:/Users/user/MyFiles/ProgmiX/PEX-Form-main/vendor/laravel/framework/src/Illuminate/Pipeline/Pipeline.php(219): Illuminate/Foundation/Http/Middleware/TrimStrings->handle(Object(Illuminate/Http/Request), Object(Closure))
#78 C:/Users/user/MyFiles/ProgmiX/PEX-Form-main/vendor/laravel/framework/src/Illuminate/Http/Middleware/ValidatePostSize.php(27): Illuminate/Pipeline/Pipeline->Illuminate/Pipeline/{closure}(Object(Illuminate/Http/Request))
#79 C:/Users/user/MyFiles/ProgmiX/PEX-Form-main/vendor/laravel/framework/src/Illuminate/Pipeline/Pipeline.php(219): Illuminate/Http/Middleware/ValidatePostSize->handle(Object(Illuminate/Http/Request), Object(Closure))
#80 C:/Users/user/MyFiles/ProgmiX/PEX-Form-main/vendor/laravel/framework/src/Illuminate/Foundation/Http/Middleware/PreventRequestsDuringMaintenance.php(109): Illuminate/Pipeline/Pipeline->Illuminate/Pipeline/{closure}(Object(Illuminate/Http/Request))
#81 C:/Users/user/MyFiles/ProgmiX/PEX-Form-main/vendor/laravel/framework/src/Illuminate/Pipeline/Pipeline.php(219): Illuminate/Foundation/Http/Middleware/PreventRequestsDuringMaintenance->handle(Object(Illuminate/Http/Request), Object(Closure))
#82 C:/Users/user/MyFiles/ProgmiX/PEX-Form-main/vendor/laravel/framework/src/Illuminate/Http/Middleware/HandleCors.php(61): Illuminate/Pipeline/Pipeline->Illuminate/Pipeline/{closure}(Object(Illuminate/Http/Request))
#83 C:/Users/user/MyFiles/ProgmiX/PEX-Form-main/vendor/laravel/framework/src/Illuminate/Pipeline/Pipeline.php(219): Illuminate/Http/Middleware/HandleCors->handle(Object(Illuminate/Http/Request), Object(Closure))
#84 C:/Users/user/MyFiles/ProgmiX/PEX-Form-main/vendor/laravel/framework/src/Illuminate/Http/Middleware/TrustProxies.php(58): Illuminate/Pipeline/Pipeline->Illuminate/Pipeline/{closure}(Object(Illuminate/Http/Request))
#85 C:/Users/user/MyFiles/ProgmiX/PEX-Form-main/vendor/laravel/framework/src/Illuminate/Pipeline/Pipeline.php(219): Illuminate/Http/Middleware/TrustProxies->handle(Object(Illuminate/Http/Request), Object(Closure))
#86 C:/Users/user/MyFiles/ProgmiX/PEX-Form-main/vendor/laravel/framework/src/Illuminate/Pipeline/Pipeline.php(137): Illuminate/Pipeline/Pipeline->Illuminate/Pipeline/{closure}(Object(Illuminate/Http/Request))
#87 C:/Users/user/MyFiles/ProgmiX/PEX-Form-main/vendor/laravel/framework/src/Illuminate/Foundation/Http/Kernel.php(175): Illuminate/Pipeline/Pipeline->then(Object(Closure))
#88 C:/Users/user/MyFiles/ProgmiX/PEX-Form-main/vendor/laravel/framework/src/Illuminate/Foundation/Http/Kernel.php(144): Illuminate/Foundation/Http/Kernel->sendRequestThroughRouter(Object(Illuminate/Http/Request))
#89 C:/Users/user/MyFiles/ProgmiX/PEX-Form-main/public/index.php(51): Illuminate/Foundation/Http/Kernel->handle(Object(Illuminate/Http/Request))
#90 C:/Users/user/MyFiles/ProgmiX/PEX-Form-main/vendor/laravel/framework/src/Illuminate/Foundation/resources/server.php(23): require_once('C://Users//user//M...')
#91 {main}
"} 
[2026-09-30 09:26:37] local.ERROR: Unclosed '(' does not match '}' {"userId":1,"exception":"[object] (Spatie\\LaravelIgnition\\Exceptions\\ViewException(code: 0): Unclosed '(' does not match '}' at C:/Users/user/MyFiles/ProgmiX/PEX-Form-main/modules/Frontend/resources/views/templates/homepage/pex/contact.blade.php:13)
[stacktrace]
#0 C:/Users/user/MyFiles/ProgmiX/PEX-Form-main/vendor/laravel/framework/src/Illuminate/Filesystem/Filesystem.php(123): require('C://Users//user//M...')
#1 C:/Users/user/MyFiles/ProgmiX/PEX-Form-main/vendor/laravel/framework/src/Illuminate/Filesystem/Filesystem.php(124): Illuminate/Filesystem/Filesystem::Illuminate/Filesystem/{closure}()
#2 C:/Users/user/MyFiles/ProgmiX/PEX-Form-main/vendor/laravel/framework/src/Illuminate/View/Engines/PhpEngine.php(57): Illuminate/Filesystem/Filesystem->getRequire('C://Users//user//M...', Array)
#3 C:/Users/user/MyFiles/ProgmiX/PEX-Form-main/vendor/laravel/framework/src/Illuminate/View/Engines/CompilerEngine.php(76): Illuminate/View/Engines/PhpEngine->evaluatePath('C://Users//user//M...', Array)
#4 C:/Users/user/MyFiles/ProgmiX/PEX-Form-main/vendor/laravel/framework/src/Illuminate/View/View.php(208): Illuminate/View/Engines/CompilerEngine->get('C://Users//user//M...', Array)
#5 C:/Users/user/MyFiles/ProgmiX/PEX-Form-main/vendor/laravel/framework/src/Illuminate/View/View.php(191): Illuminate/View/View->getContents()
#6 C:/Users/user/MyFiles/ProgmiX/PEX-Form-main/vendor/laravel/framework/src/Illuminate/View/View.php(160): Illuminate/View/View->renderContents()
#7 C:/Users/user/MyFiles/ProgmiX/PEX-Form-main/vendor/laravel/framework/src/Illuminate/Http/Response.php(78): Illuminate/View/View->render()
#8 C:/Users/user/MyFiles/ProgmiX/PEX-Form-main/vendor/laravel/framework/src/Illuminate/Http/Response.php(34): Illuminate/Http/Response->setContent(Object(Illuminate/View/View))
#9 C:/Users/user/MyFiles/ProgmiX/PEX-Form-main/vendor/laravel/framework/src/Illuminate/Routing/Router.php(939): Illuminate/Http/Response->__construct(Object(Illuminate/View/View), 200, Array)
#10 C:/Users/user/MyFiles/ProgmiX/PEX-Form-main/vendor/laravel/framework/src/Illuminate/Routing/Router.php(906): Illuminate/Routing/Router::toResponse(Object(Illuminate/Http/Request), Object(Illuminate/View/View))
#11 C:/Users/user/MyFiles/ProgmiX/PEX-Form-main/vendor/laravel/framework/src/Illuminate/Routing/Router.php(821): Illuminate/Routing/Router->prepareResponse(Object(Illuminate/Http/Request), Object(Illuminate/View/View))
#12 C:/Users/user/MyFiles/ProgmiX/PEX-Form-main/vendor/laravel/framework/src/Illuminate/Pipeline/Pipeline.php(180): Illuminate/Routing/Router->Illuminate/Routing/{closure}(Object(Illuminate/Http/Request))
#13 C:/Users/user/MyFiles/ProgmiX/PEX-Form-main/modules/Frontend/Http/Middleware/Locale.php(49): Illuminate/Pipeline/Pipeline->Illuminate/Pipeline/{closure}(Object(Illuminate/Http/Request))
#14 C:/Users/user/MyFiles/ProgmiX/PEX-Form-main/vendor/laravel/framework/src/Illuminate/Pipeline/Pipeline.php(219): Juzaweb/Frontend/Http/Middleware/Locale->handle(Object(Illuminate/Http/Request), Object(Closure))
#15 C:/Users/user/MyFiles/ProgmiX/PEX-Form-main/modules/Backend/Http/Middleware/SecurityHeaders.php(25): Illuminate/Pipeline/Pipeline->Illuminate/Pipeline/{closure}(Object(Illuminate/Http/Request))
#16 C:/Users/user/MyFiles/ProgmiX/PEX-Form-main/vendor/laravel/framework/src/Illuminate/Pipeline/Pipeline.php(219): Juzaweb/Backend/Http/Middleware/SecurityHeaders->handle(Object(Illuminate/Http/Request), Object(Closure))
#17 C:/Users/user/MyFiles/ProgmiX/PEX-Form-main/vendor/laravel/framework/src/Illuminate/Routing/Middleware/ThrottleRequests.php(166): Illuminate/Pipeline/Pipeline->Illuminate/Pipeline/{closure}(Object(Illuminate/Http/Request))
#18 C:/Users/user/MyFiles/ProgmiX/PEX-Form-main/vendor/laravel/framework/src/Illuminate/Routing/Middleware/ThrottleRequests.php(93): Illuminate/Routing/Middleware/ThrottleRequests->handleRequest(Object(Illuminate/Http/Request), Object(Closure), Array)
#19 C:/Users/user/MyFiles/ProgmiX/PEX-Form-main/vendor/laravel/framework/src/Illuminate/Pipeline/Pipeline.php(219): Illuminate/Routing/Middleware/ThrottleRequests->handle(Object(Illuminate/Http/Request), Object(Closure))
#20 C:/Users/user/MyFiles/ProgmiX/PEX-Form-main/modules/Backend/Http/Middleware/PathTraversal.php(57): Illuminate/Pipeline/Pipeline->Illuminate/Pipeline/{closure}(Object(Illuminate/Http/Request))
#21 C:/Users/user/MyFiles/ProgmiX/PEX-Form-main/vendor/laravel/framework/src/Illuminate/Pipeline/Pipeline.php(219): Juzaweb/Backend/Http/Middleware/PathTraversal->handle(Object(Illuminate/Http/Request), Object(Closure))
#22 C:/Users/user/MyFiles/ProgmiX/PEX-Form-main/modules/Backend/Http/Middleware/XssSanitization.php(44): Illuminate/Pipeline/Pipeline->Illuminate/Pipeline/{closure}(Object(Illuminate/Http/Request))
#23 C:/Users/user/MyFiles/ProgmiX/PEX-Form-main/vendor/laravel/framework/src/Illuminate/Pipeline/Pipeline.php(219): Juzaweb/Backend/Http/Middleware/XssSanitization->handle(Object(Illuminate/Http/Request), Object(Closure))
#24 C:/Users/user/MyFiles/ProgmiX/PEX-Form-main/vendor/spatie/laravel-csp/src/AddCspHeaders.php(13): Illuminate/Pipeline/Pipeline->Illuminate/Pipeline/{closure}(Object(Illuminate/Http/Request))
#25 C:/Users/user/MyFiles/ProgmiX/PEX-Form-main/vendor/laravel/framework/src/Illuminate/Pipeline/Pipeline.php(219): Spatie/Csp/AddCspHeaders->handle(Object(Illuminate/Http/Request), Object(Closure))
#26 C:/Users/user/MyFiles/ProgmiX/PEX-Form-main/vendor/barryvdh/laravel-debugbar/src/Middleware/InjectDebugbar.php(59): Illuminate/Pipeline/Pipeline->Illuminate/Pipeline/{closure}(Object(Illuminate/Http/Request))
#27 C:/Users/user/MyFiles/ProgmiX/PEX-Form-main/vendor/laravel/framework/src/Illuminate/Pipeline/Pipeline.php(219): Barryvdh/Debugbar/Middleware/InjectDebugbar->handle(Object(Illuminate/Http/Request), Object(Closure))
#28 C:/Users/user/MyFiles/ProgmiX/PEX-Form-main/modules/CMS/Http/Middleware/XFrameHeadersMiddleware.php(41): Illuminate/Pipeline/Pipeline->Illuminate/Pipeline/{closure}(Object(Illuminate/Http/Request))
#29 C:/Users/user/MyFiles/ProgmiX/PEX-Form-main/vendor/laravel/framework/src/Illuminate/Pipeline/Pipeline.php(219): Juzaweb/CMS/Http/Middleware/XFrameHeadersMiddleware->handle(Object(Illuminate/Http/Request), Object(Closure))
#30 C:/Users/user/MyFiles/ProgmiX/PEX-Form-main/vendor/laravel/framework/src/Illuminate/Routing/Middleware/SubstituteBindings.php(50): Illuminate/Pipeline/Pipeline->Illuminate/Pipeline/{closure}(Object(Illuminate/Http/Request))
#31 C:/Users/user/MyFiles/ProgmiX/PEX-Form-main/vendor/laravel/framework/src/Illuminate/Pipeline/Pipeline.php(219): Illuminate/Routing/Middleware/SubstituteBindings->handle(Object(Illuminate/Http/Request), Object(Closure))
#32 C:/Users/user/MyFiles/ProgmiX/PEX-Form-main/vendor/laravel/framework/src/Illuminate/Cookie/Middleware/AddQueuedCookiesToResponse.php(36): Illuminate/Pipeline/Pipeline->Illuminate/Pipeline/{closure}(Object(Illuminate/Http/Request))
#33 C:/Users/user/MyFiles/ProgmiX/PEX-Form-main/vendor/laravel/framework/src/Illuminate/Pipeline/Pipeline.php(219): Illuminate/Cookie/Middleware/AddQueuedCookiesToResponse->handle(Object(Illuminate/Http/Request), Object(Closure))
#34 C:/Users/user/MyFiles/ProgmiX/PEX-Form-main/vendor/laravel/framework/src/Illuminate/View/Middleware/ShareErrorsFromSession.php(48): Illuminate/Pipeline/Pipeline->Illuminate/Pipeline/{closure}(Object(Illuminate/Http/Request))
#35 C:/Users/user/MyFiles/ProgmiX/PEX-Form-main/modules/Backend/Http/Middleware/ShareErrorsUnlessBot.php(24): Illuminate/View/Middleware/ShareErrorsFromSession->handle(Object(Illuminate/Http/Request), Object(Closure))
#36 C:/Users/user/MyFiles/ProgmiX/PEX-Form-main/vendor/laravel/framework/src/Illuminate/Pipeline/Pipeline.php(219): Juzaweb/Backend/Http/Middleware/ShareErrorsUnlessBot->handle(Object(Illuminate/Http/Request), Object(Closure))
#37 C:/Users/user/MyFiles/ProgmiX/PEX-Form-main/vendor/laravel/framework/src/Illuminate/Session/Middleware/StartSession.php(120): Illuminate/Pipeline/Pipeline->Illuminate/Pipeline/{closure}(Object(Illuminate/Http/Request))
#38 C:/Users/user/MyFiles/ProgmiX/PEX-Form-main/vendor/laravel/framework/src/Illuminate/Session/Middleware/StartSession.php(63): Illuminate/Session/Middleware/StartSession->handleStatefulRequest(Object(Illuminate/Http/Request), Object(Illuminate/Session/Store), Object(Closure))
#39 C:/Users/user/MyFiles/ProgmiX/PEX-Form-main/modules/Backend/Http/Middleware/SkipSessionForBots.php(24): Illuminate/Session/Middleware/StartSession->handle(Object(Illuminate/Http/Request), Object(Closure))
#40 C:/Users/user/MyFiles/ProgmiX/PEX-Form-main/vendor/laravel/framework/src/Illuminate/Pipeline/Pipeline.php(219): Juzaweb/Backend/Http/Middleware/SkipSessionForBots->handle(Object(Illuminate/Http/Request), Object(Closure))
#41 C:/Users/user/MyFiles/ProgmiX/PEX-Form-main/vendor/laravel/framework/src/Illuminate/Cookie/Middleware/EncryptCookies.php(74): Illuminate/Pipeline/Pipeline->Illuminate/Pipeline/{closure}(Object(Illuminate/Http/Request))
#42 C:/Users/user/MyFiles/ProgmiX/PEX-Form-main/vendor/laravel/framework/src/Illuminate/Pipeline/Pipeline.php(219): Illuminate/Cookie/Middleware/EncryptCookies->handle(Object(Illuminate/Http/Request), Object(Closure))
#43 C:/Users/user/MyFiles/ProgmiX/PEX-Form-main/modules/CMS/Http/Middleware/GlobalMiddleware.php(11): Illuminate/Pipeline/Pipeline->Illuminate/Pipeline/{closure}(Object(Illuminate/Http/Request))
#44 C:/Users/user/MyFiles/ProgmiX/PEX-Form-main/vendor/laravel/framework/src/Illuminate/Pipeline/Pipeline.php(219): Juzaweb/CMS/Http/Middleware/GlobalMiddleware->handle(Object(Illuminate/Http/Request), Object(Closure))
#45 C:/Users/user/MyFiles/ProgmiX/PEX-Form-main/modules/Backend/Http/Middleware/DisableSessionForBots.php(30): Illuminate/Pipeline/Pipeline->Illuminate/Pipeline/{closure}(Object(Illuminate/Http/Request))
#46 C:/Users/user/MyFiles/ProgmiX/PEX-Form-main/vendor/laravel/framework/src/Illuminate/Pipeline/Pipeline.php(219): Juzaweb/Backend/Http/Middleware/DisableSessionForBots->handle(Object(Illuminate/Http/Request), Object(Closure))
#47 C:/Users/user/MyFiles/ProgmiX/PEX-Form-main/vendor/laravel/framework/src/Illuminate/Pipeline/Pipeline.php(137): Illuminate/Pipeline/Pipeline->Illuminate/Pipeline/{closure}(Object(Illuminate/Http/Request))
#48 C:/Users/user/MyFiles/ProgmiX/PEX-Form-main/vendor/laravel/framework/src/Illuminate/Routing/Router.php(821): Illuminate/Pipeline/Pipeline->then(Object(Closure))
#49 C:/Users/user/MyFiles/ProgmiX/PEX-Form-main/vendor/laravel/framework/src/Illuminate/Routing/Router.php(800): Illuminate/Routing/Router->runRouteWithinStack(Object(Illuminate/Routing/Route), Object(Illuminate/Http/Request))
#50 C:/Users/user/MyFiles/ProgmiX/PEX-Form-main/vendor/laravel/framework/src/Illuminate/Routing/Router.php(764): Illuminate/Routing/Router->runRoute(Object(Illuminate/Http/Request), Object(Illuminate/Routing/Route))
#51 C:/Users/user/MyFiles/ProgmiX/PEX-Form-main/vendor/laravel/framework/src/Illuminate/Routing/Router.php(753): Illuminate/Routing/Router->dispatchToRoute(Object(Illuminate/Http/Request))
#52 C:/Users/user/MyFiles/ProgmiX/PEX-Form-main/vendor/laravel/framework/src/Illuminate/Foundation/Http/Kernel.php(200): Illuminate/Routing/Router->dispatch(Object(Illuminate/Http/Request))
#53 C:/Users/user/MyFiles/ProgmiX/PEX-Form-main/vendor/laravel/framework/src/Illuminate/Pipeline/Pipeline.php(180): Illuminate/Foundation/Http/Kernel->Illuminate/Foundation/Http/{closure}(Object(Illuminate/Http/Request))
#54 C:/Users/user/MyFiles/ProgmiX/PEX-Form-main/vendor/barryvdh/laravel-debugbar/src/Middleware/InjectDebugbar.php(59): Illuminate/Pipeline/Pipeline->Illuminate/Pipeline/{closure}(Object(Illuminate/Http/Request))
#55 C:/Users/user/MyFiles/ProgmiX/PEX-Form-main/vendor/laravel/framework/src/Illuminate/Pipeline/Pipeline.php(219): Barryvdh/Debugbar/Middleware/InjectDebugbar->handle(Object(Illuminate/Http/Request), Object(Closure))
#56 C:/Users/user/MyFiles/ProgmiX/PEX-Form-main/modules/Backend/Http/Middleware/BlockIpMiddleware.php(31): Illuminate/Pipeline/Pipeline->Illuminate/Pipeline/{closure}(Object(Illuminate/Http/Request))
#57 C:/Users/user/MyFiles/ProgmiX/PEX-Form-main/vendor/laravel/framework/src/Illuminate/Pipeline/Pipeline.php(219): Juzaweb/Backend/Http/Middleware/BlockIpMiddleware->handle(Object(Illuminate/Http/Request), Object(Closure))
#58 C:/Users/user/MyFiles/ProgmiX/PEX-Form-main/modules/Backend/Http/Middleware/SecurityHeaders.php(25): Illuminate/Pipeline/Pipeline->Illuminate/Pipeline/{closure}(Object(Illuminate/Http/Request))
#59 C:/Users/user/MyFiles/ProgmiX/PEX-Form-main/vendor/laravel/framework/src/Illuminate/Pipeline/Pipeline.php(219): Juzaweb/Backend/Http/Middleware/SecurityHeaders->handle(Object(Illuminate/Http/Request), Object(Closure))
#60 C:/Users/user/MyFiles/ProgmiX/PEX-Form-main/vendor/laravel/framework/src/Illuminate/Foundation/Http/Middleware/TransformsRequest.php(21): Illuminate/Pipeline/Pipeline->Illuminate/Pipeline/{closure}(Object(Illuminate/Http/Request))
#61 C:/Users/user/MyFiles/ProgmiX/PEX-Form-main/vendor/laravel/framework/src/Illuminate/Foundation/Http/Middleware/ConvertEmptyStringsToNull.php(31): Illuminate/Foundation/Http/Middleware/TransformsRequest->handle(Object(Illuminate/Http/Request), Object(Closure))
#62 C:/Users/user/MyFiles/ProgmiX/PEX-Form-main/vendor/laravel/framework/src/Illuminate/Pipeline/Pipeline.php(219): Illuminate/Foundation/Http/Middleware/ConvertEmptyStringsToNull->handle(Object(Illuminate/Http/Request), Object(Closure))
#63 C:/Users/user/MyFiles/ProgmiX/PEX-Form-main/vendor/laravel/framework/src/Illuminate/Foundation/Http/Middleware/TransformsRequest.php(21): Illuminate/Pipeline/Pipeline->Illuminate/Pipeline/{closure}(Object(Illuminate/Http/Request))
#64 C:/Users/user/MyFiles/ProgmiX/PEX-Form-main/vendor/laravel/framework/src/Illuminate/Foundation/Http/Middleware/TrimStrings.php(51): Illuminate/Foundation/Http/Middleware/TransformsRequest->handle(Object(Illuminate/Http/Request), Object(Closure))
#65 C:/Users/user/MyFiles/ProgmiX/PEX-Form-main/vendor/laravel/framework/src/Illuminate/Pipeline/Pipeline.php(219): Illuminate/Foundation/Http/Middleware/TrimStrings->handle(Object(Illuminate/Http/Request), Object(Closure))
#66 C:/Users/user/MyFiles/ProgmiX/PEX-Form-main/vendor/laravel/framework/src/Illuminate/Http/Middleware/ValidatePostSize.php(27): Illuminate/Pipeline/Pipeline->Illuminate/Pipeline/{closure}(Object(Illuminate/Http/Request))
#67 C:/Users/user/MyFiles/ProgmiX/PEX-Form-main/vendor/laravel/framework/src/Illuminate/Pipeline/Pipeline.php(219): Illuminate/Http/Middleware/ValidatePostSize->handle(Object(Illuminate/Http/Request), Object(Closure))
#68 C:/Users/user/MyFiles/ProgmiX/PEX-Form-main/vendor/laravel/framework/src/Illuminate/Foundation/Http/Middleware/PreventRequestsDuringMaintenance.php(109): Illuminate/Pipeline/Pipeline->Illuminate/Pipeline/{closure}(Object(Illuminate/Http/Request))
#69 C:/Users/user/MyFiles/ProgmiX/PEX-Form-main/vendor/laravel/framework/src/Illuminate/Pipeline/Pipeline.php(219): Illuminate/Foundation/Http/Middleware/PreventRequestsDuringMaintenance->handle(Object(Illuminate/Http/Request), Object(Closure))
#70 C:/Users/user/MyFiles/ProgmiX/PEX-Form-main/vendor/laravel/framework/src/Illuminate/Http/Middleware/HandleCors.php(61): Illuminate/Pipeline/Pipeline->Illuminate/Pipeline/{closure}(Object(Illuminate/Http/Request))
#71 C:/Users/user/MyFiles/ProgmiX/PEX-Form-main/vendor/laravel/framework/src/Illuminate/Pipeline/Pipeline.php(219): Illuminate/Http/Middleware/HandleCors->handle(Object(Illuminate/Http/Request), Object(Closure))
#72 C:/Users/user/MyFiles/ProgmiX/PEX-Form-main/vendor/laravel/framework/src/Illuminate/Http/Middleware/TrustProxies.php(58): Illuminate/Pipeline/Pipeline->Illuminate/Pipeline/{closure}(Object(Illuminate/Http/Request))
#73 C:/Users/user/MyFiles/ProgmiX/PEX-Form-main/vendor/laravel/framework/src/Illuminate/Pipeline/Pipeline.php(219): Illuminate/Http/Middleware/TrustProxies->handle(Object(Illuminate/Http/Request), Object(Closure))
#74 C:/Users/user/MyFiles/ProgmiX/PEX-Form-main/vendor/laravel/framework/src/Illuminate/Pipeline/Pipeline.php(137): Illuminate/Pipeline/Pipeline->Illuminate/Pipeline/{closure}(Object(Illuminate/Http/Request))
#75 C:/Users/user/MyFiles/ProgmiX/PEX-Form-main/vendor/laravel/framework/src/Illuminate/Foundation/Http/Kernel.php(175): Illuminate/Pipeline/Pipeline->then(Object(Closure))
#76 C:/Users/user/MyFiles/ProgmiX/PEX-Form-main/vendor/laravel/framework/src/Illuminate/Foundation/Http/Kernel.php(144): Illuminate/Foundation/Http/Kernel->sendRequestThroughRouter(Object(Illuminate/Http/Request))
#77 C:/Users/user/MyFiles/ProgmiX/PEX-Form-main/public/index.php(51): Illuminate/Foundation/Http/Kernel->handle(Object(Illuminate/Http/Request))
#78 C:/Users/user/MyFiles/ProgmiX/PEX-Form-main/vendor/laravel/framework/src/Illuminate/Foundation/resources/server.php(23): require_once('C://Users//user//M...')
#79 {main}

[previous exception] [object] (ParseError(code: 0): Unclosed '(' does not match '}' at C:/Users/user/MyFiles/ProgmiX/PEX-Form-main/storage/framework/views/a84ddf431c771032d0234d77e02450d7.php:13)
[stacktrace]
#0 C:/Users/user/MyFiles/ProgmiX/PEX-Form-main/vendor/laravel/framework/src/Illuminate/Filesystem/Filesystem.php(124): Illuminate/Filesystem/Filesystem::Illuminate/Filesystem/{closure}()
#1 C:/Users/user/MyFiles/ProgmiX/PEX-Form-main/vendor/laravel/framework/src/Illuminate/View/Engines/PhpEngine.php(57): Illuminate/Filesystem/Filesystem->getRequire('C://Users//user//M...', Array)
#2 C:/Users/user/MyFiles/ProgmiX/PEX-Form-main/vendor/laravel/framework/src/Illuminate/View/Engines/CompilerEngine.php(76): Illuminate/View/Engines/PhpEngine->evaluatePath('C://Users//user//M...', Array)
#3 C:/Users/user/MyFiles/ProgmiX/PEX-Form-main/vendor/laravel/framework/src/Illuminate/View/View.php(208): Illuminate/View/Engines/CompilerEngine->get('C://Users//user//M...', Array)
#4 C:/Users/user/MyFiles/ProgmiX/PEX-Form-main/vendor/laravel/framework/src/Illuminate/View/View.php(191): Illuminate/View/View->getContents()
#5 C:/Users/user/MyFiles/ProgmiX/PEX-Form-main/vendor/laravel/framework/src/Illuminate/View/View.php(160): Illuminate/View/View->renderContents()
#6 C:/Users/user/MyFiles/ProgmiX/PEX-Form-main/storage/framework/views/078e945ecbf82d678121cbf4f8650dce.php(1): Illuminate/View/View->render()
#7 C:/Users/user/MyFiles/ProgmiX/PEX-Form-main/vendor/laravel/framework/src/Illuminate/Filesystem/Filesystem.php(123): require('C://Users//user//M...')
#8 C:/Users/user/MyFiles/ProgmiX/PEX-Form-main/vendor/laravel/framework/src/Illuminate/Filesystem/Filesystem.php(124): Illuminate/Filesystem/Filesystem::Illuminate/Filesystem/{closure}()
#9 C:/Users/user/MyFiles/ProgmiX/PEX-Form-main/vendor/laravel/framework/src/Illuminate/View/Engines/PhpEngine.php(57): Illuminate/Filesystem/Filesystem->getRequire('C://Users//user//M...', Array)
#10 C:/Users/user/MyFiles/ProgmiX/PEX-Form-main/vendor/laravel/framework/src/Illuminate/View/Engines/CompilerEngine.php(76): Illuminate/View/Engines/PhpEngine->evaluatePath('C://Users//user//M...', Array)
#11 C:/Users/user/MyFiles/ProgmiX/PEX-Form-main/vendor/laravel/framework/src/Illuminate/View/View.php(208): Illuminate/View/Engines/CompilerEngine->get('C://Users//user//M...', Array)
#12 C:/Users/user/MyFiles/ProgmiX/PEX-Form-main/vendor/laravel/framework/src/Illuminate/View/View.php(191): Illuminate/View/View->getContents()
#13 C:/Users/user/MyFiles/ProgmiX/PEX-Form-main/vendor/laravel/framework/src/Illuminate/View/View.php(160): Illuminate/View/View->renderContents()
#14 C:/Users/user/MyFiles/ProgmiX/PEX-Form-main/vendor/laravel/framework/src/Illuminate/Http/Response.php(78): Illuminate/View/View->render()
#15 C:/Users/user/MyFiles/ProgmiX/PEX-Form-main/vendor/laravel/framework/src/Illuminate/Http/Response.php(34): Illuminate/Http/Response->setContent(Object(Illuminate/View/View))
#16 C:/Users/user/MyFiles/ProgmiX/PEX-Form-main/vendor/laravel/framework/src/Illuminate/Routing/Router.php(939): Illuminate/Http/Response->__construct(Object(Illuminate/View/View), 200, Array)
#17 C:/Users/user/MyFiles/ProgmiX/PEX-Form-main/vendor/laravel/framework/src/Illuminate/Routing/Router.php(906): Illuminate/Routing/Router::toResponse(Object(Illuminate/Http/Request), Object(Illuminate/View/View))
#18 C:/Users/user/MyFiles/ProgmiX/PEX-Form-main/vendor/laravel/framework/src/Illuminate/Routing/Router.php(821): Illuminate/Routing/Router->prepareResponse(Object(Illuminate/Http/Request), Object(Illuminate/View/View))
#19 C:/Users/user/MyFiles/ProgmiX/PEX-Form-main/vendor/laravel/framework/src/Illuminate/Pipeline/Pipeline.php(180): Illuminate/Routing/Router->Illuminate/Routing/{closure}(Object(Illuminate/Http/Request))
#20 C:/Users/user/MyFiles/ProgmiX/PEX-Form-main/modules/Frontend/Http/Middleware/Locale.php(49): Illuminate/Pipeline/Pipeline->Illuminate/Pipeline/{closure}(Object(Illuminate/Http/Request))
#21 C:/Users/user/MyFiles/ProgmiX/PEX-Form-main/vendor/laravel/framework/src/Illuminate/Pipeline/Pipeline.php(219): Juzaweb/Frontend/Http/Middleware/Locale->handle(Object(Illuminate/Http/Request), Object(Closure))
#22 C:/Users/user/MyFiles/ProgmiX/PEX-Form-main/modules/Backend/Http/Middleware/SecurityHeaders.php(25): Illuminate/Pipeline/Pipeline->Illuminate/Pipeline/{closure}(Object(Illuminate/Http/Request))
#23 C:/Users/user/MyFiles/ProgmiX/PEX-Form-main/vendor/laravel/framework/src/Illuminate/Pipeline/Pipeline.php(219): Juzaweb/Backend/Http/Middleware/SecurityHeaders->handle(Object(Illuminate/Http/Request), Object(Closure))
#24 C:/Users/user/MyFiles/ProgmiX/PEX-Form-main/vendor/laravel/framework/src/Illuminate/Routing/Middleware/ThrottleRequests.php(166): Illuminate/Pipeline/Pipeline->Illuminate/Pipeline/{closure}(Object(Illuminate/Http/Request))
#25 C:/Users/user/MyFiles/ProgmiX/PEX-Form-main/vendor/laravel/framework/src/Illuminate/Routing/Middleware/ThrottleRequests.php(93): Illuminate/Routing/Middleware/ThrottleRequests->handleRequest(Object(Illuminate/Http/Request), Object(Closure), Array)
#26 C:/Users/user/MyFiles/ProgmiX/PEX-Form-main/vendor/laravel/framework/src/Illuminate/Pipeline/Pipeline.php(219): Illuminate/Routing/Middleware/ThrottleRequests->handle(Object(Illuminate/Http/Request), Object(Closure))
#27 C:/Users/user/MyFiles/ProgmiX/PEX-Form-main/modules/Backend/Http/Middleware/PathTraversal.php(57): Illuminate/Pipeline/Pipeline->Illuminate/Pipeline/{closure}(Object(Illuminate/Http/Request))
#28 C:/Users/user/MyFiles/ProgmiX/PEX-Form-main/vendor/laravel/framework/src/Illuminate/Pipeline/Pipeline.php(219): Juzaweb/Backend/Http/Middleware/PathTraversal->handle(Object(Illuminate/Http/Request), Object(Closure))
#29 C:/Users/user/MyFiles/ProgmiX/PEX-Form-main/modules/Backend/Http/Middleware/XssSanitization.php(44): Illuminate/Pipeline/Pipeline->Illuminate/Pipeline/{closure}(Object(Illuminate/Http/Request))
#30 C:/Users/user/MyFiles/ProgmiX/PEX-Form-main/vendor/laravel/framework/src/Illuminate/Pipeline/Pipeline.php(219): Juzaweb/Backend/Http/Middleware/XssSanitization->handle(Object(Illuminate/Http/Request), Object(Closure))
#31 C:/Users/user/MyFiles/ProgmiX/PEX-Form-main/vendor/spatie/laravel-csp/src/AddCspHeaders.php(13): Illuminate/Pipeline/Pipeline->Illuminate/Pipeline/{closure}(Object(Illuminate/Http/Request))
#32 C:/Users/user/MyFiles/ProgmiX/PEX-Form-main/vendor/laravel/framework/src/Illuminate/Pipeline/Pipeline.php(219): Spatie/Csp/AddCspHeaders->handle(Object(Illuminate/Http/Request), Object(Closure))
#33 C:/Users/user/MyFiles/ProgmiX/PEX-Form-main/vendor/barryvdh/laravel-debugbar/src/Middleware/InjectDebugbar.php(59): Illuminate/Pipeline/Pipeline->Illuminate/Pipeline/{closure}(Object(Illuminate/Http/Request))
#34 C:/Users/user/MyFiles/ProgmiX/PEX-Form-main/vendor/laravel/framework/src/Illuminate/Pipeline/Pipeline.php(219): Barryvdh/Debugbar/Middleware/InjectDebugbar->handle(Object(Illuminate/Http/Request), Object(Closure))
#35 C:/Users/user/MyFiles/ProgmiX/PEX-Form-main/modules/CMS/Http/Middleware/XFrameHeadersMiddleware.php(41): Illuminate/Pipeline/Pipeline->Illuminate/Pipeline/{closure}(Object(Illuminate/Http/Request))
#36 C:/Users/user/MyFiles/ProgmiX/PEX-Form-main/vendor/laravel/framework/src/Illuminate/Pipeline/Pipeline.php(219): Juzaweb/CMS/Http/Middleware/XFrameHeadersMiddleware->handle(Object(Illuminate/Http/Request), Object(Closure))
#37 C:/Users/user/MyFiles/ProgmiX/PEX-Form-main/vendor/laravel/framework/src/Illuminate/Routing/Middleware/SubstituteBindings.php(50): Illuminate/Pipeline/Pipeline->Illuminate/Pipeline/{closure}(Object(Illuminate/Http/Request))
#38 C:/Users/user/MyFiles/ProgmiX/PEX-Form-main/vendor/laravel/framework/src/Illuminate/Pipeline/Pipeline.php(219): Illuminate/Routing/Middleware/SubstituteBindings->handle(Object(Illuminate/Http/Request), Object(Closure))
#39 C:/Users/user/MyFiles/ProgmiX/PEX-Form-main/vendor/laravel/framework/src/Illuminate/Cookie/Middleware/AddQueuedCookiesToResponse.php(36): Illuminate/Pipeline/Pipeline->Illuminate/Pipeline/{closure}(Object(Illuminate/Http/Request))
#40 C:/Users/user/MyFiles/ProgmiX/PEX-Form-main/vendor/laravel/framework/src/Illuminate/Pipeline/Pipeline.php(219): Illuminate/Cookie/Middleware/AddQueuedCookiesToResponse->handle(Object(Illuminate/Http/Request), Object(Closure))
#41 C:/Users/user/MyFiles/ProgmiX/PEX-Form-main/vendor/laravel/framework/src/Illuminate/View/Middleware/ShareErrorsFromSession.php(48): Illuminate/Pipeline/Pipeline->Illuminate/Pipeline/{closure}(Object(Illuminate/Http/Request))
#42 C:/Users/user/MyFiles/ProgmiX/PEX-Form-main/modules/Backend/Http/Middleware/ShareErrorsUnlessBot.php(24): Illuminate/View/Middleware/ShareErrorsFromSession->handle(Object(Illuminate/Http/Request), Object(Closure))
#43 C:/Users/user/MyFiles/ProgmiX/PEX-Form-main/vendor/laravel/framework/src/Illuminate/Pipeline/Pipeline.php(219): Juzaweb/Backend/Http/Middleware/ShareErrorsUnlessBot->handle(Object(Illuminate/Http/Request), Object(Closure))
#44 C:/Users/user/MyFiles/ProgmiX/PEX-Form-main/vendor/laravel/framework/src/Illuminate/Session/Middleware/StartSession.php(120): Illuminate/Pipeline/Pipeline->Illuminate/Pipeline/{closure}(Object(Illuminate/Http/Request))
#45 C:/Users/user/MyFiles/ProgmiX/PEX-Form-main/vendor/laravel/framework/src/Illuminate/Session/Middleware/StartSession.php(63): Illuminate/Session/Middleware/StartSession->handleStatefulRequest(Object(Illuminate/Http/Request), Object(Illuminate/Session/Store), Object(Closure))
#46 C:/Users/user/MyFiles/ProgmiX/PEX-Form-main/modules/Backend/Http/Middleware/SkipSessionForBots.php(24): Illuminate/Session/Middleware/StartSession->handle(Object(Illuminate/Http/Request), Object(Closure))
#47 C:/Users/user/MyFiles/ProgmiX/PEX-Form-main/vendor/laravel/framework/src/Illuminate/Pipeline/Pipeline.php(219): Juzaweb/Backend/Http/Middleware/SkipSessionForBots->handle(Object(Illuminate/Http/Request), Object(Closure))
#48 C:/Users/user/MyFiles/ProgmiX/PEX-Form-main/vendor/laravel/framework/src/Illuminate/Cookie/Middleware/EncryptCookies.php(74): Illuminate/Pipeline/Pipeline->Illuminate/Pipeline/{closure}(Object(Illuminate/Http/Request))
#49 C:/Users/user/MyFiles/ProgmiX/PEX-Form-main/vendor/laravel/framework/src/Illuminate/Pipeline/Pipeline.php(219): Illuminate/Cookie/Middleware/EncryptCookies->handle(Object(Illuminate/Http/Request), Object(Closure))
#50 C:/Users/user/MyFiles/ProgmiX/PEX-Form-main/modules/CMS/Http/Middleware/GlobalMiddleware.php(11): Illuminate/Pipeline/Pipeline->Illuminate/Pipeline/{closure}(Object(Illuminate/Http/Request))
#51 C:/Users/user/MyFiles/ProgmiX/PEX-Form-main/vendor/laravel/framework/src/Illuminate/Pipeline/Pipeline.php(219): Juzaweb/CMS/Http/Middleware/GlobalMiddleware->handle(Object(Illuminate/Http/Request), Object(Closure))
#52 C:/Users/user/MyFiles/ProgmiX/PEX-Form-main/modules/Backend/Http/Middleware/DisableSessionForBots.php(30): Illuminate/Pipeline/Pipeline->Illuminate/Pipeline/{closure}(Object(Illuminate/Http/Request))
#53 C:/Users/user/MyFiles/ProgmiX/PEX-Form-main/vendor/laravel/framework/src/Illuminate/Pipeline/Pipeline.php(219): Juzaweb/Backend/Http/Middleware/DisableSessionForBots->handle(Object(Illuminate/Http/Request), Object(Closure))
#54 C:/Users/user/MyFiles/ProgmiX/PEX-Form-main/vendor/laravel/framework/src/Illuminate/Pipeline/Pipeline.php(137): Illuminate/Pipeline/Pipeline->Illuminate/Pipeline/{closure}(Object(Illuminate/Http/Request))
#55 C:/Users/user/MyFiles/ProgmiX/PEX-Form-main/vendor/laravel/framework/src/Illuminate/Routing/Router.php(821): Illuminate/Pipeline/Pipeline->then(Object(Closure))
#56 C:/Users/user/MyFiles/ProgmiX/PEX-Form-main/vendor/laravel/framework/src/Illuminate/Routing/Router.php(800): Illuminate/Routing/Router->runRouteWithinStack(Object(Illuminate/Routing/Route), Object(Illuminate/Http/Request))
#57 C:/Users/user/MyFiles/ProgmiX/PEX-Form-main/vendor/laravel/framework/src/Illuminate/Routing/Router.php(764): Illuminate/Routing/Router->runRoute(Object(Illuminate/Http/Request), Object(Illuminate/Routing/Route))
#58 C:/Users/user/MyFiles/ProgmiX/PEX-Form-main/vendor/laravel/framework/src/Illuminate/Routing/Router.php(753): Illuminate/Routing/Router->dispatchToRoute(Object(Illuminate/Http/Request))
#59 C:/Users/user/MyFiles/ProgmiX/PEX-Form-main/vendor/laravel/framework/src/Illuminate/Foundation/Http/Kernel.php(200): Illuminate/Routing/Router->dispatch(Object(Illuminate/Http/Request))
#60 C:/Users/user/MyFiles/ProgmiX/PEX-Form-main/vendor/laravel/framework/src/Illuminate/Pipeline/Pipeline.php(180): Illuminate/Foundation/Http/Kernel->Illuminate/Foundation/Http/{closure}(Object(Illuminate/Http/Request))
#61 C:/Users/user/MyFiles/ProgmiX/PEX-Form-main/vendor/barryvdh/laravel-debugbar/src/Middleware/InjectDebugbar.php(59): Illuminate/Pipeline/Pipeline->Illuminate/Pipeline/{closure}(Object(Illuminate/Http/Request))
#62 C:/Users/user/MyFiles/ProgmiX/PEX-Form-main/vendor/laravel/framework/src/Illuminate/Pipeline/Pipeline.php(219): Barryvdh/Debugbar/Middleware/InjectDebugbar->handle(Object(Illuminate/Http/Request), Object(Closure))
#63 C:/Users/user/MyFiles/ProgmiX/PEX-Form-main/modules/Backend/Http/Middleware/BlockIpMiddleware.php(31): Illuminate/Pipeline/Pipeline->Illuminate/Pipeline/{closure}(Object(Illuminate/Http/Request))
#64 C:/Users/user/MyFiles/ProgmiX/PEX-Form-main/vendor/laravel/framework/src/Illuminate/Pipeline/Pipeline.php(219): Juzaweb/Backend/Http/Middleware/BlockIpMiddleware->handle(Object(Illuminate/Http/Request), Object(Closure))
#65 C:/Users/user/MyFiles/ProgmiX/PEX-Form-main/modules/Backend/Http/Middleware/SecurityHeaders.php(25): Illuminate/Pipeline/Pipeline->Illuminate/Pipeline/{closure}(Object(Illuminate/Http/Request))
#66 C:/Users/user/MyFiles/ProgmiX/PEX-Form-main/vendor/laravel/framework/src/Illuminate/Pipeline/Pipeline.php(219): Juzaweb/Backend/Http/Middleware/SecurityHeaders->handle(Object(Illuminate/Http/Request), Object(Closure))
#67 C:/Users/user/MyFiles/ProgmiX/PEX-Form-main/vendor/laravel/framework/src/Illuminate/Foundation/Http/Middleware/TransformsRequest.php(21): Illuminate/Pipeline/Pipeline->Illuminate/Pipeline/{closure}(Object(Illuminate/Http/Request))
#68 C:/Users/user/MyFiles/ProgmiX/PEX-Form-main/vendor/laravel/framework/src/Illuminate/Foundation/Http/Middleware/ConvertEmptyStringsToNull.php(31): Illuminate/Foundation/Http/Middleware/TransformsRequest->handle(Object(Illuminate/Http/Request), Object(Closure))
#69 C:/Users/user/MyFiles/ProgmiX/PEX-Form-main/vendor/laravel/framework/src/Illuminate/Pipeline/Pipeline.php(219): Illuminate/Foundation/Http/Middleware/ConvertEmptyStringsToNull->handle(Object(Illuminate/Http/Request), Object(Closure))
#70 C:/Users/user/MyFiles/ProgmiX/PEX-Form-main/vendor/laravel/framework/src/Illuminate/Foundation/Http/Middleware/TransformsRequest.php(21): Illuminate/Pipeline/Pipeline->Illuminate/Pipeline/{closure}(Object(Illuminate/Http/Request))
#71 C:/Users/user/MyFiles/ProgmiX/PEX-Form-main/vendor/laravel/framework/src/Illuminate/Foundation/Http/Middleware/TrimStrings.php(51): Illuminate/Foundation/Http/Middleware/TransformsRequest->handle(Object(Illuminate/Http/Request), Object(Closure))
#72 C:/Users/user/MyFiles/ProgmiX/PEX-Form-main/vendor/laravel/framework/src/Illuminate/Pipeline/Pipeline.php(219): Illuminate/Foundation/Http/Middleware/TrimStrings->handle(Object(Illuminate/Http/Request), Object(Closure))
#73 C:/Users/user/MyFiles/ProgmiX/PEX-Form-main/vendor/laravel/framework/src/Illuminate/Http/Middleware/ValidatePostSize.php(27): Illuminate/Pipeline/Pipeline->Illuminate/Pipeline/{closure}(Object(Illuminate/Http/Request))
#74 C:/Users/user/MyFiles/ProgmiX/PEX-Form-main/vendor/laravel/framework/src/Illuminate/Pipeline/Pipeline.php(219): Illuminate/Http/Middleware/ValidatePostSize->handle(Object(Illuminate/Http/Request), Object(Closure))
#75 C:/Users/user/MyFiles/ProgmiX/PEX-Form-main/vendor/laravel/framework/src/Illuminate/Foundation/Http/Middleware/PreventRequestsDuringMaintenance.php(109): Illuminate/Pipeline/Pipeline->Illuminate/Pipeline/{closure}(Object(Illuminate/Http/Request))
#76 C:/Users/user/MyFiles/ProgmiX/PEX-Form-main/vendor/laravel/framework/src/Illuminate/Pipeline/Pipeline.php(219): Illuminate/Foundation/Http/Middleware/PreventRequestsDuringMaintenance->handle(Object(Illuminate/Http/Request), Object(Closure))
#77 C:/Users/user/MyFiles/ProgmiX/PEX-Form-main/vendor/laravel/framework/src/Illuminate/Http/Middleware/HandleCors.php(61): Illuminate/Pipeline/Pipeline->Illuminate/Pipeline/{closure}(Object(Illuminate/Http/Request))
#78 C:/Users/user/MyFiles/ProgmiX/PEX-Form-main/vendor/laravel/framework/src/Illuminate/Pipeline/Pipeline.php(219): Illuminate/Http/Middleware/HandleCors->handle(Object(Illuminate/Http/Request), Object(Closure))
#79 C:/Users/user/MyFiles/ProgmiX/PEX-Form-main/vendor/laravel/framework/src/Illuminate/Http/Middleware/TrustProxies.php(58): Illuminate/Pipeline/Pipeline->Illuminate/Pipeline/{closure}(Object(Illuminate/Http/Request))
#80 C:/Users/user/MyFiles/ProgmiX/PEX-Form-main/vendor/laravel/framework/src/Illuminate/Pipeline/Pipeline.php(219): Illuminate/Http/Middleware/TrustProxies->handle(Object(Illuminate/Http/Request), Object(Closure))
#81 C:/Users/user/MyFiles/ProgmiX/PEX-Form-main/vendor/laravel/framework/src/Illuminate/Pipeline/Pipeline.php(137): Illuminate/Pipeline/Pipeline->Illuminate/Pipeline/{closure}(Object(Illuminate/Http/Request))
#82 C:/Users/user/MyFiles/ProgmiX/PEX-Form-main/vendor/laravel/framework/src/Illuminate/Foundation/Http/Kernel.php(175): Illuminate/Pipeline/Pipeline->then(Object(Closure))
#83 C:/Users/user/MyFiles/ProgmiX/PEX-Form-main/vendor/laravel/framework/src/Illuminate/Foundation/Http/Kernel.php(144): Illuminate/Foundation/Http/Kernel->sendRequestThroughRouter(Object(Illuminate/Http/Request))
#84 C:/Users/user/MyFiles/ProgmiX/PEX-Form-main/public/index.php(51): Illuminate/Foundation/Http/Kernel->handle(Object(Illuminate/Http/Request))
#85 C:/Users/user/MyFiles/ProgmiX/PEX-Form-main/vendor/laravel/framework/src/Illuminate/Foundation/resources/server.php(23): require_once('C://Users//user//M...')
#86 {main}
"} 
[2026-09-30 09:26:51] local.ERROR: Undefined variable $phone {"userId":1,"exception":"[object] (Spatie\\LaravelIgnition\\Exceptions\\ViewException(code: 0): Undefined variable $phone at C:/Users/user/MyFiles/ProgmiX/PEX-Form-main/modules/Frontend/resources/views/templates/homepage/pex/contact.blade.php:13)
[stacktrace]
#0 C:/Users/user/MyFiles/ProgmiX/PEX-Form-main/vendor/laravel/framework/src/Illuminate/Filesystem/Filesystem.php(123): require('C://Users//user//M...')
#1 C:/Users/user/MyFiles/ProgmiX/PEX-Form-main/vendor/laravel/framework/src/Illuminate/Filesystem/Filesystem.php(124): Illuminate/Filesystem/Filesystem::Illuminate/Filesystem/{closure}()
#2 C:/Users/user/MyFiles/ProgmiX/PEX-Form-main/vendor/laravel/framework/src/Illuminate/View/Engines/PhpEngine.php(57): Illuminate/Filesystem/Filesystem->getRequire('C://Users//user//M...', Array)
#3 C:/Users/user/MyFiles/ProgmiX/PEX-Form-main/vendor/laravel/framework/src/Illuminate/View/Engines/CompilerEngine.php(76): Illuminate/View/Engines/PhpEngine->evaluatePath('C://Users//user//M...', Array)
#4 C:/Users/user/MyFiles/ProgmiX/PEX-Form-main/vendor/laravel/framework/src/Illuminate/View/View.php(208): Illuminate/View/Engines/CompilerEngine->get('C://Users//user//M...', Array)
#5 C:/Users/user/MyFiles/ProgmiX/PEX-Form-main/vendor/laravel/framework/src/Illuminate/View/View.php(191): Illuminate/View/View->getContents()
#6 C:/Users/user/MyFiles/ProgmiX/PEX-Form-main/vendor/laravel/framework/src/Illuminate/View/View.php(160): Illuminate/View/View->renderContents()
#7 C:/Users/user/MyFiles/ProgmiX/PEX-Form-main/modules/Frontend/resources/views/home.blade.php(1): Illuminate/View/View->render()
#8 C:/Users/user/MyFiles/ProgmiX/PEX-Form-main/vendor/laravel/framework/src/Illuminate/Filesystem/Filesystem.php(123): require('C://Users//user//M...')
#9 C:/Users/user/MyFiles/ProgmiX/PEX-Form-main/vendor/laravel/framework/src/Illuminate/Filesystem/Filesystem.php(124): Illuminate/Filesystem/Filesystem::Illuminate/Filesystem/{closure}()
#10 C:/Users/user/MyFiles/ProgmiX/PEX-Form-main/vendor/laravel/framework/src/Illuminate/View/Engines/PhpEngine.php(57): Illuminate/Filesystem/Filesystem->getRequire('C://Users//user//M...', Array)
#11 C:/Users/user/MyFiles/ProgmiX/PEX-Form-main/vendor/laravel/framework/src/Illuminate/View/Engines/CompilerEngine.php(76): Illuminate/View/Engines/PhpEngine->evaluatePath('C://Users//user//M...', Array)
#12 C:/Users/user/MyFiles/ProgmiX/PEX-Form-main/vendor/laravel/framework/src/Illuminate/View/View.php(208): Illuminate/View/Engines/CompilerEngine->get('C://Users//user//M...', Array)
#13 C:/Users/user/MyFiles/ProgmiX/PEX-Form-main/vendor/laravel/framework/src/Illuminate/View/View.php(191): Illuminate/View/View->getContents()
#14 C:/Users/user/MyFiles/ProgmiX/PEX-Form-main/vendor/laravel/framework/src/Illuminate/View/View.php(160): Illuminate/View/View->renderContents()
#15 C:/Users/user/MyFiles/ProgmiX/PEX-Form-main/vendor/laravel/framework/src/Illuminate/Http/Response.php(78): Illuminate/View/View->render()
#16 C:/Users/user/MyFiles/ProgmiX/PEX-Form-main/vendor/laravel/framework/src/Illuminate/Http/Response.php(34): Illuminate/Http/Response->setContent(Object(Illuminate/View/View))
#17 C:/Users/user/MyFiles/ProgmiX/PEX-Form-main/vendor/laravel/framework/src/Illuminate/Routing/Router.php(939): Illuminate/Http/Response->__construct(Object(Illuminate/View/View), 200, Array)
#18 C:/Users/user/MyFiles/ProgmiX/PEX-Form-main/vendor/laravel/framework/src/Illuminate/Routing/Router.php(906): Illuminate/Routing/Router::toResponse(Object(Illuminate/Http/Request), Object(Illuminate/View/View))
#19 C:/Users/user/MyFiles/ProgmiX/PEX-Form-main/vendor/laravel/framework/src/Illuminate/Routing/Router.php(821): Illuminate/Routing/Router->prepareResponse(Object(Illuminate/Http/Request), Object(Illuminate/View/View))
#20 C:/Users/user/MyFiles/ProgmiX/PEX-Form-main/vendor/laravel/framework/src/Illuminate/Pipeline/Pipeline.php(180): Illuminate/Routing/Router->Illuminate/Routing/{closure}(Object(Illuminate/Http/Request))
#21 C:/Users/user/MyFiles/ProgmiX/PEX-Form-main/modules/Frontend/Http/Middleware/Locale.php(49): Illuminate/Pipeline/Pipeline->Illuminate/Pipeline/{closure}(Object(Illuminate/Http/Request))
#22 C:/Users/user/MyFiles/ProgmiX/PEX-Form-main/vendor/laravel/framework/src/Illuminate/Pipeline/Pipeline.php(219): Juzaweb/Frontend/Http/Middleware/Locale->handle(Object(Illuminate/Http/Request), Object(Closure))
#23 C:/Users/user/MyFiles/ProgmiX/PEX-Form-main/modules/Backend/Http/Middleware/SecurityHeaders.php(25): Illuminate/Pipeline/Pipeline->Illuminate/Pipeline/{closure}(Object(Illuminate/Http/Request))
#24 C:/Users/user/MyFiles/ProgmiX/PEX-Form-main/vendor/laravel/framework/src/Illuminate/Pipeline/Pipeline.php(219): Juzaweb/Backend/Http/Middleware/SecurityHeaders->handle(Object(Illuminate/Http/Request), Object(Closure))
#25 C:/Users/user/MyFiles/ProgmiX/PEX-Form-main/vendor/laravel/framework/src/Illuminate/Routing/Middleware/ThrottleRequests.php(166): Illuminate/Pipeline/Pipeline->Illuminate/Pipeline/{closure}(Object(Illuminate/Http/Request))
#26 C:/Users/user/MyFiles/ProgmiX/PEX-Form-main/vendor/laravel/framework/src/Illuminate/Routing/Middleware/ThrottleRequests.php(93): Illuminate/Routing/Middleware/ThrottleRequests->handleRequest(Object(Illuminate/Http/Request), Object(Closure), Array)
#27 C:/Users/user/MyFiles/ProgmiX/PEX-Form-main/vendor/laravel/framework/src/Illuminate/Pipeline/Pipeline.php(219): Illuminate/Routing/Middleware/ThrottleRequests->handle(Object(Illuminate/Http/Request), Object(Closure))
#28 C:/Users/user/MyFiles/ProgmiX/PEX-Form-main/modules/Backend/Http/Middleware/PathTraversal.php(57): Illuminate/Pipeline/Pipeline->Illuminate/Pipeline/{closure}(Object(Illuminate/Http/Request))
#29 C:/Users/user/MyFiles/ProgmiX/PEX-Form-main/vendor/laravel/framework/src/Illuminate/Pipeline/Pipeline.php(219): Juzaweb/Backend/Http/Middleware/PathTraversal->handle(Object(Illuminate/Http/Request), Object(Closure))
#30 C:/Users/user/MyFiles/ProgmiX/PEX-Form-main/modules/Backend/Http/Middleware/XssSanitization.php(44): Illuminate/Pipeline/Pipeline->Illuminate/Pipeline/{closure}(Object(Illuminate/Http/Request))
#31 C:/Users/user/MyFiles/ProgmiX/PEX-Form-main/vendor/laravel/framework/src/Illuminate/Pipeline/Pipeline.php(219): Juzaweb/Backend/Http/Middleware/XssSanitization->handle(Object(Illuminate/Http/Request), Object(Closure))
#32 C:/Users/user/MyFiles/ProgmiX/PEX-Form-main/vendor/spatie/laravel-csp/src/AddCspHeaders.php(13): Illuminate/Pipeline/Pipeline->Illuminate/Pipeline/{closure}(Object(Illuminate/Http/Request))
#33 C:/Users/user/MyFiles/ProgmiX/PEX-Form-main/vendor/laravel/framework/src/Illuminate/Pipeline/Pipeline.php(219): Spatie/Csp/AddCspHeaders->handle(Object(Illuminate/Http/Request), Object(Closure))
#34 C:/Users/user/MyFiles/ProgmiX/PEX-Form-main/vendor/barryvdh/laravel-debugbar/src/Middleware/InjectDebugbar.php(59): Illuminate/Pipeline/Pipeline->Illuminate/Pipeline/{closure}(Object(Illuminate/Http/Request))
#35 C:/Users/user/MyFiles/ProgmiX/PEX-Form-main/vendor/laravel/framework/src/Illuminate/Pipeline/Pipeline.php(219): Barryvdh/Debugbar/Middleware/InjectDebugbar->handle(Object(Illuminate/Http/Request), Object(Closure))
#36 C:/Users/user/MyFiles/ProgmiX/PEX-Form-main/modules/CMS/Http/Middleware/XFrameHeadersMiddleware.php(41): Illuminate/Pipeline/Pipeline->Illuminate/Pipeline/{closure}(Object(Illuminate/Http/Request))
#37 C:/Users/user/MyFiles/ProgmiX/PEX-Form-main/vendor/laravel/framework/src/Illuminate/Pipeline/Pipeline.php(219): Juzaweb/CMS/Http/Middleware/XFrameHeadersMiddleware->handle(Object(Illuminate/Http/Request), Object(Closure))
#38 C:/Users/user/MyFiles/ProgmiX/PEX-Form-main/vendor/laravel/framework/src/Illuminate/Routing/Middleware/SubstituteBindings.php(50): Illuminate/Pipeline/Pipeline->Illuminate/Pipeline/{closure}(Object(Illuminate/Http/Request))
#39 C:/Users/user/MyFiles/ProgmiX/PEX-Form-main/vendor/laravel/framework/src/Illuminate/Pipeline/Pipeline.php(219): Illuminate/Routing/Middleware/SubstituteBindings->handle(Object(Illuminate/Http/Request), Object(Closure))
#40 C:/Users/user/MyFiles/ProgmiX/PEX-Form-main/vendor/laravel/framework/src/Illuminate/Cookie/Middleware/AddQueuedCookiesToResponse.php(36): Illuminate/Pipeline/Pipeline->Illuminate/Pipeline/{closure}(Object(Illuminate/Http/Request))
#41 C:/Users/user/MyFiles/ProgmiX/PEX-Form-main/vendor/laravel/framework/src/Illuminate/Pipeline/Pipeline.php(219): Illuminate/Cookie/Middleware/AddQueuedCookiesToResponse->handle(Object(Illuminate/Http/Request), Object(Closure))
#42 C:/Users/user/MyFiles/ProgmiX/PEX-Form-main/vendor/laravel/framework/src/Illuminate/View/Middleware/ShareErrorsFromSession.php(48): Illuminate/Pipeline/Pipeline->Illuminate/Pipeline/{closure}(Object(Illuminate/Http/Request))
#43 C:/Users/user/MyFiles/ProgmiX/PEX-Form-main/modules/Backend/Http/Middleware/ShareErrorsUnlessBot.php(24): Illuminate/View/Middleware/ShareErrorsFromSession->handle(Object(Illuminate/Http/Request), Object(Closure))
#44 C:/Users/user/MyFiles/ProgmiX/PEX-Form-main/vendor/laravel/framework/src/Illuminate/Pipeline/Pipeline.php(219): Juzaweb/Backend/Http/Middleware/ShareErrorsUnlessBot->handle(Object(Illuminate/Http/Request), Object(Closure))
#45 C:/Users/user/MyFiles/ProgmiX/PEX-Form-main/vendor/laravel/framework/src/Illuminate/Session/Middleware/StartSession.php(120): Illuminate/Pipeline/Pipeline->Illuminate/Pipeline/{closure}(Object(Illuminate/Http/Request))
#46 C:/Users/user/MyFiles/ProgmiX/PEX-Form-main/vendor/laravel/framework/src/Illuminate/Session/Middleware/StartSession.php(63): Illuminate/Session/Middleware/StartSession->handleStatefulRequest(Object(Illuminate/Http/Request), Object(Illuminate/Session/Store), Object(Closure))
#47 C:/Users/user/MyFiles/ProgmiX/PEX-Form-main/modules/Backend/Http/Middleware/SkipSessionForBots.php(24): Illuminate/Session/Middleware/StartSession->handle(Object(Illuminate/Http/Request), Object(Closure))
#48 C:/Users/user/MyFiles/ProgmiX/PEX-Form-main/vendor/laravel/framework/src/Illuminate/Pipeline/Pipeline.php(219): Juzaweb/Backend/Http/Middleware/SkipSessionForBots->handle(Object(Illuminate/Http/Request), Object(Closure))
#49 C:/Users/user/MyFiles/ProgmiX/PEX-Form-main/vendor/laravel/framework/src/Illuminate/Cookie/Middleware/EncryptCookies.php(74): Illuminate/Pipeline/Pipeline->Illuminate/Pipeline/{closure}(Object(Illuminate/Http/Request))
#50 C:/Users/user/MyFiles/ProgmiX/PEX-Form-main/vendor/laravel/framework/src/Illuminate/Pipeline/Pipeline.php(219): Illuminate/Cookie/Middleware/EncryptCookies->handle(Object(Illuminate/Http/Request), Object(Closure))
#51 C:/Users/user/MyFiles/ProgmiX/PEX-Form-main/modules/CMS/Http/Middleware/GlobalMiddleware.php(11): Illuminate/Pipeline/Pipeline->Illuminate/Pipeline/{closure}(Object(Illuminate/Http/Request))
#52 C:/Users/user/MyFiles/ProgmiX/PEX-Form-main/vendor/laravel/framework/src/Illuminate/Pipeline/Pipeline.php(219): Juzaweb/CMS/Http/Middleware/GlobalMiddleware->handle(Object(Illuminate/Http/Request), Object(Closure))
#53 C:/Users/user/MyFiles/ProgmiX/PEX-Form-main/modules/Backend/Http/Middleware/DisableSessionForBots.php(30): Illuminate/Pipeline/Pipeline->Illuminate/Pipeline/{closure}(Object(Illuminate/Http/Request))
#54 C:/Users/user/MyFiles/ProgmiX/PEX-Form-main/vendor/laravel/framework/src/Illuminate/Pipeline/Pipeline.php(219): Juzaweb/Backend/Http/Middleware/DisableSessionForBots->handle(Object(Illuminate/Http/Request), Object(Closure))
#55 C:/Users/user/MyFiles/ProgmiX/PEX-Form-main/vendor/laravel/framework/src/Illuminate/Pipeline/Pipeline.php(137): Illuminate/Pipeline/Pipeline->Illuminate/Pipeline/{closure}(Object(Illuminate/Http/Request))
#56 C:/Users/user/MyFiles/ProgmiX/PEX-Form-main/vendor/laravel/framework/src/Illuminate/Routing/Router.php(821): Illuminate/Pipeline/Pipeline->then(Object(Closure))
#57 C:/Users/user/MyFiles/ProgmiX/PEX-Form-main/vendor/laravel/framework/src/Illuminate/Routing/Router.php(800): Illuminate/Routing/Router->runRouteWithinStack(Object(Illuminate/Routing/Route), Object(Illuminate/Http/Request))
#58 C:/Users/user/MyFiles/ProgmiX/PEX-Form-main/vendor/laravel/framework/src/Illuminate/Routing/Router.php(764): Illuminate/Routing/Router->runRoute(Object(Illuminate/Http/Request), Object(Illuminate/Routing/Route))
#59 C:/Users/user/MyFiles/ProgmiX/PEX-Form-main/vendor/laravel/framework/src/Illuminate/Routing/Router.php(753): Illuminate/Routing/Router->dispatchToRoute(Object(Illuminate/Http/Request))
#60 C:/Users/user/MyFiles/ProgmiX/PEX-Form-main/vendor/laravel/framework/src/Illuminate/Foundation/Http/Kernel.php(200): Illuminate/Routing/Router->dispatch(Object(Illuminate/Http/Request))
#61 C:/Users/user/MyFiles/ProgmiX/PEX-Form-main/vendor/laravel/framework/src/Illuminate/Pipeline/Pipeline.php(180): Illuminate/Foundation/Http/Kernel->Illuminate/Foundation/Http/{closure}(Object(Illuminate/Http/Request))
#62 C:/Users/user/MyFiles/ProgmiX/PEX-Form-main/vendor/barryvdh/laravel-debugbar/src/Middleware/InjectDebugbar.php(59): Illuminate/Pipeline/Pipeline->Illuminate/Pipeline/{closure}(Object(Illuminate/Http/Request))
#63 C:/Users/user/MyFiles/ProgmiX/PEX-Form-main/vendor/laravel/framework/src/Illuminate/Pipeline/Pipeline.php(219): Barryvdh/Debugbar/Middleware/InjectDebugbar->handle(Object(Illuminate/Http/Request), Object(Closure))
#64 C:/Users/user/MyFiles/ProgmiX/PEX-Form-main/modules/Backend/Http/Middleware/BlockIpMiddleware.php(31): Illuminate/Pipeline/Pipeline->Illuminate/Pipeline/{closure}(Object(Illuminate/Http/Request))
#65 C:/Users/user/MyFiles/ProgmiX/PEX-Form-main/vendor/laravel/framework/src/Illuminate/Pipeline/Pipeline.php(219): Juzaweb/Backend/Http/Middleware/BlockIpMiddleware->handle(Object(Illuminate/Http/Request), Object(Closure))
#66 C:/Users/user/MyFiles/ProgmiX/PEX-Form-main/modules/Backend/Http/Middleware/SecurityHeaders.php(25): Illuminate/Pipeline/Pipeline->Illuminate/Pipeline/{closure}(Object(Illuminate/Http/Request))
#67 C:/Users/user/MyFiles/ProgmiX/PEX-Form-main/vendor/laravel/framework/src/Illuminate/Pipeline/Pipeline.php(219): Juzaweb/Backend/Http/Middleware/SecurityHeaders->handle(Object(Illuminate/Http/Request), Object(Closure))
#68 C:/Users/user/MyFiles/ProgmiX/PEX-Form-main/vendor/laravel/framework/src/Illuminate/Foundation/Http/Middleware/TransformsRequest.php(21): Illuminate/Pipeline/Pipeline->Illuminate/Pipeline/{closure}(Object(Illuminate/Http/Request))
#69 C:/Users/user/MyFiles/ProgmiX/PEX-Form-main/vendor/laravel/framework/src/Illuminate/Foundation/Http/Middleware/ConvertEmptyStringsToNull.php(31): Illuminate/Foundation/Http/Middleware/TransformsRequest->handle(Object(Illuminate/Http/Request), Object(Closure))
#70 C:/Users/user/MyFiles/ProgmiX/PEX-Form-main/vendor/laravel/framework/src/Illuminate/Pipeline/Pipeline.php(219): Illuminate/Foundation/Http/Middleware/ConvertEmptyStringsToNull->handle(Object(Illuminate/Http/Request), Object(Closure))
#71 C:/Users/user/MyFiles/ProgmiX/PEX-Form-main/vendor/laravel/framework/src/Illuminate/Foundation/Http/Middleware/TransformsRequest.php(21): Illuminate/Pipeline/Pipeline->Illuminate/Pipeline/{closure}(Object(Illuminate/Http/Request))
#72 C:/Users/user/MyFiles/ProgmiX/PEX-Form-main/vendor/laravel/framework/src/Illuminate/Foundation/Http/Middleware/TrimStrings.php(51): Illuminate/Foundation/Http/Middleware/TransformsRequest->handle(Object(Illuminate/Http/Request), Object(Closure))
#73 C:/Users/user/MyFiles/ProgmiX/PEX-Form-main/vendor/laravel/framework/src/Illuminate/Pipeline/Pipeline.php(219): Illuminate/Foundation/Http/Middleware/TrimStrings->handle(Object(Illuminate/Http/Request), Object(Closure))
#74 C:/Users/user/MyFiles/ProgmiX/PEX-Form-main/vendor/laravel/framework/src/Illuminate/Http/Middleware/ValidatePostSize.php(27): Illuminate/Pipeline/Pipeline->Illuminate/Pipeline/{closure}(Object(Illuminate/Http/Request))
#75 C:/Users/user/MyFiles/ProgmiX/PEX-Form-main/vendor/laravel/framework/src/Illuminate/Pipeline/Pipeline.php(219): Illuminate/Http/Middleware/ValidatePostSize->handle(Object(Illuminate/Http/Request), Object(Closure))
#76 C:/Users/user/MyFiles/ProgmiX/PEX-Form-main/vendor/laravel/framework/src/Illuminate/Foundation/Http/Middleware/PreventRequestsDuringMaintenance.php(109): Illuminate/Pipeline/Pipeline->Illuminate/Pipeline/{closure}(Object(Illuminate/Http/Request))
#77 C:/Users/user/MyFiles/ProgmiX/PEX-Form-main/vendor/laravel/framework/src/Illuminate/Pipeline/Pipeline.php(219): Illuminate/Foundation/Http/Middleware/PreventRequestsDuringMaintenance->handle(Object(Illuminate/Http/Request), Object(Closure))
#78 C:/Users/user/MyFiles/ProgmiX/PEX-Form-main/vendor/laravel/framework/src/Illuminate/Http/Middleware/HandleCors.php(61): Illuminate/Pipeline/Pipeline->Illuminate/Pipeline/{closure}(Object(Illuminate/Http/Request))
#79 C:/Users/user/MyFiles/ProgmiX/PEX-Form-main/vendor/laravel/framework/src/Illuminate/Pipeline/Pipeline.php(219): Illuminate/Http/Middleware/HandleCors->handle(Object(Illuminate/Http/Request), Object(Closure))
#80 C:/Users/user/MyFiles/ProgmiX/PEX-Form-main/vendor/laravel/framework/src/Illuminate/Http/Middleware/TrustProxies.php(58): Illuminate/Pipeline/Pipeline->Illuminate/Pipeline/{closure}(Object(Illuminate/Http/Request))
#81 C:/Users/user/MyFiles/ProgmiX/PEX-Form-main/vendor/laravel/framework/src/Illuminate/Pipeline/Pipeline.php(219): Illuminate/Http/Middleware/TrustProxies->handle(Object(Illuminate/Http/Request), Object(Closure))
#82 C:/Users/user/MyFiles/ProgmiX/PEX-Form-main/vendor/laravel/framework/src/Illuminate/Pipeline/Pipeline.php(137): Illuminate/Pipeline/Pipeline->Illuminate/Pipeline/{closure}(Object(Illuminate/Http/Request))
#83 C:/Users/user/MyFiles/ProgmiX/PEX-Form-main/vendor/laravel/framework/src/Illuminate/Foundation/Http/Kernel.php(175): Illuminate/Pipeline/Pipeline->then(Object(Closure))
#84 C:/Users/user/MyFiles/ProgmiX/PEX-Form-main/vendor/laravel/framework/src/Illuminate/Foundation/Http/Kernel.php(144): Illuminate/Foundation/Http/Kernel->sendRequestThroughRouter(Object(Illuminate/Http/Request))
#85 C:/Users/user/MyFiles/ProgmiX/PEX-Form-main/public/index.php(51): Illuminate/Foundation/Http/Kernel->handle(Object(Illuminate/Http/Request))
#86 C:/Users/user/MyFiles/ProgmiX/PEX-Form-main/vendor/laravel/framework/src/Illuminate/Foundation/resources/server.php(23): require_once('C://Users//user//M...')
#87 {main}

[previous exception] [object] (ErrorException(code: 0): Undefined variable $phone at C:/Users/user/MyFiles/ProgmiX/PEX-Form-main/storage/framework/views/a84ddf431c771032d0234d77e02450d7.php:13)
[stacktrace]
#0 C:/Users/user/MyFiles/ProgmiX/PEX-Form-main/vendor/laravel/framework/src/Illuminate/Foundation/Bootstrap/HandleExceptions.php(262): Illuminate/Foundation/Bootstrap/HandleExceptions->handleError(2, 'Undefined varia...', 'C://Users//user//M...', 13)
#1 C:/Users/user/MyFiles/ProgmiX/PEX-Form-main/storage/framework/views/a84ddf431c771032d0234d77e02450d7.php(13): Illuminate/Foundation/Bootstrap/HandleExceptions->Illuminate/Foundation/Bootstrap/{closure}(2, 'Undefined varia...', 'C://Users//user//M...', 13)
#2 C:/Users/user/MyFiles/ProgmiX/PEX-Form-main/vendor/laravel/framework/src/Illuminate/Filesystem/Filesystem.php(123): require('C://Users//user//M...')
#3 C:/Users/user/MyFiles/ProgmiX/PEX-Form-main/vendor/laravel/framework/src/Illuminate/Filesystem/Filesystem.php(124): Illuminate/Filesystem/Filesystem::Illuminate/Filesystem/{closure}()
#4 C:/Users/user/MyFiles/ProgmiX/PEX-Form-main/vendor/laravel/framework/src/Illuminate/View/Engines/PhpEngine.php(57): Illuminate/Filesystem/Filesystem->getRequire('C://Users//user//M...', Array)
#5 C:/Users/user/MyFiles/ProgmiX/PEX-Form-main/vendor/laravel/framework/src/Illuminate/View/Engines/CompilerEngine.php(76): Illuminate/View/Engines/PhpEngine->evaluatePath('C://Users//user//M...', Array)
#6 C:/Users/user/MyFiles/ProgmiX/PEX-Form-main/vendor/laravel/framework/src/Illuminate/View/View.php(208): Illuminate/View/Engines/CompilerEngine->get('C://Users//user//M...', Array)
#7 C:/Users/user/MyFiles/ProgmiX/PEX-Form-main/vendor/laravel/framework/src/Illuminate/View/View.php(191): Illuminate/View/View->getContents()
#8 C:/Users/user/MyFiles/ProgmiX/PEX-Form-main/vendor/laravel/framework/src/Illuminate/View/View.php(160): Illuminate/View/View->renderContents()
#9 C:/Users/user/MyFiles/ProgmiX/PEX-Form-main/storage/framework/views/078e945ecbf82d678121cbf4f8650dce.php(1): Illuminate/View/View->render()
#10 C:/Users/user/MyFiles/ProgmiX/PEX-Form-main/vendor/laravel/framework/src/Illuminate/Filesystem/Filesystem.php(123): require('C://Users//user//M...')
#11 C:/Users/user/MyFiles/ProgmiX/PEX-Form-main/vendor/laravel/framework/src/Illuminate/Filesystem/Filesystem.php(124): Illuminate/Filesystem/Filesystem::Illuminate/Filesystem/{closure}()
#12 C:/Users/user/MyFiles/ProgmiX/PEX-Form-main/vendor/laravel/framework/src/Illuminate/View/Engines/PhpEngine.php(57): Illuminate/Filesystem/Filesystem->getRequire('C://Users//user//M...', Array)
#13 C:/Users/user/MyFiles/ProgmiX/PEX-Form-main/vendor/laravel/framework/src/Illuminate/View/Engines/CompilerEngine.php(76): Illuminate/View/Engines/PhpEngine->evaluatePath('C://Users//user//M...', Array)
#14 C:/Users/user/MyFiles/ProgmiX/PEX-Form-main/vendor/laravel/framework/src/Illuminate/View/View.php(208): Illuminate/View/Engines/CompilerEngine->get('C://Users//user//M...', Array)
#15 C:/Users/user/MyFiles/ProgmiX/PEX-Form-main/vendor/laravel/framework/src/Illuminate/View/View.php(191): Illuminate/View/View->getContents()
#16 C:/Users/user/MyFiles/ProgmiX/PEX-Form-main/vendor/laravel/framework/src/Illuminate/View/View.php(160): Illuminate/View/View->renderContents()
#17 C:/Users/user/MyFiles/ProgmiX/PEX-Form-main/vendor/laravel/framework/src/Illuminate/Http/Response.php(78): Illuminate/View/View->render()
#18 C:/Users/user/MyFiles/ProgmiX/PEX-Form-main/vendor/laravel/framework/src/Illuminate/Http/Response.php(34): Illuminate/Http/Response->setContent(Object(Illuminate/View/View))
#19 C:/Users/user/MyFiles/ProgmiX/PEX-Form-main/vendor/laravel/framework/src/Illuminate/Routing/Router.php(939): Illuminate/Http/Response->__construct(Object(Illuminate/View/View), 200, Array)
#20 C:/Users/user/MyFiles/ProgmiX/PEX-Form-main/vendor/laravel/framework/src/Illuminate/Routing/Router.php(906): Illuminate/Routing/Router::toResponse(Object(Illuminate/Http/Request), Object(Illuminate/View/View))
#21 C:/Users/user/MyFiles/ProgmiX/PEX-Form-main/vendor/laravel/framework/src/Illuminate/Routing/Router.php(821): Illuminate/Routing/Router->prepareResponse(Object(Illuminate/Http/Request), Object(Illuminate/View/View))
#22 C:/Users/user/MyFiles/ProgmiX/PEX-Form-main/vendor/laravel/framework/src/Illuminate/Pipeline/Pipeline.php(180): Illuminate/Routing/Router->Illuminate/Routing/{closure}(Object(Illuminate/Http/Request))
#23 C:/Users/user/MyFiles/ProgmiX/PEX-Form-main/modules/Frontend/Http/Middleware/Locale.php(49): Illuminate/Pipeline/Pipeline->Illuminate/Pipeline/{closure}(Object(Illuminate/Http/Request))
#24 C:/Users/user/MyFiles/ProgmiX/PEX-Form-main/vendor/laravel/framework/src/Illuminate/Pipeline/Pipeline.php(219): Juzaweb/Frontend/Http/Middleware/Locale->handle(Object(Illuminate/Http/Request), Object(Closure))
#25 C:/Users/user/MyFiles/ProgmiX/PEX-Form-main/modules/Backend/Http/Middleware/SecurityHeaders.php(25): Illuminate/Pipeline/Pipeline->Illuminate/Pipeline/{closure}(Object(Illuminate/Http/Request))
#26 C:/Users/user/MyFiles/ProgmiX/PEX-Form-main/vendor/laravel/framework/src/Illuminate/Pipeline/Pipeline.php(219): Juzaweb/Backend/Http/Middleware/SecurityHeaders->handle(Object(Illuminate/Http/Request), Object(Closure))
#27 C:/Users/user/MyFiles/ProgmiX/PEX-Form-main/vendor/laravel/framework/src/Illuminate/Routing/Middleware/ThrottleRequests.php(166): Illuminate/Pipeline/Pipeline->Illuminate/Pipeline/{closure}(Object(Illuminate/Http/Request))
#28 C:/Users/user/MyFiles/ProgmiX/PEX-Form-main/vendor/laravel/framework/src/Illuminate/Routing/Middleware/ThrottleRequests.php(93): Illuminate/Routing/Middleware/ThrottleRequests->handleRequest(Object(Illuminate/Http/Request), Object(Closure), Array)
#29 C:/Users/user/MyFiles/ProgmiX/PEX-Form-main/vendor/laravel/framework/src/Illuminate/Pipeline/Pipeline.php(219): Illuminate/Routing/Middleware/ThrottleRequests->handle(Object(Illuminate/Http/Request), Object(Closure))
#30 C:/Users/user/MyFiles/ProgmiX/PEX-Form-main/modules/Backend/Http/Middleware/PathTraversal.php(57): Illuminate/Pipeline/Pipeline->Illuminate/Pipeline/{closure}(Object(Illuminate/Http/Request))
#31 C:/Users/user/MyFiles/ProgmiX/PEX-Form-main/vendor/laravel/framework/src/Illuminate/Pipeline/Pipeline.php(219): Juzaweb/Backend/Http/Middleware/PathTraversal->handle(Object(Illuminate/Http/Request), Object(Closure))
#32 C:/Users/user/MyFiles/ProgmiX/PEX-Form-main/modules/Backend/Http/Middleware/XssSanitization.php(44): Illuminate/Pipeline/Pipeline->Illuminate/Pipeline/{closure}(Object(Illuminate/Http/Request))
#33 C:/Users/user/MyFiles/ProgmiX/PEX-Form-main/vendor/laravel/framework/src/Illuminate/Pipeline/Pipeline.php(219): Juzaweb/Backend/Http/Middleware/XssSanitization->handle(Object(Illuminate/Http/Request), Object(Closure))
#34 C:/Users/user/MyFiles/ProgmiX/PEX-Form-main/vendor/spatie/laravel-csp/src/AddCspHeaders.php(13): Illuminate/Pipeline/Pipeline->Illuminate/Pipeline/{closure}(Object(Illuminate/Http/Request))
#35 C:/Users/user/MyFiles/ProgmiX/PEX-Form-main/vendor/laravel/framework/src/Illuminate/Pipeline/Pipeline.php(219): Spatie/Csp/AddCspHeaders->handle(Object(Illuminate/Http/Request), Object(Closure))
#36 C:/Users/user/MyFiles/ProgmiX/PEX-Form-main/vendor/barryvdh/laravel-debugbar/src/Middleware/InjectDebugbar.php(59): Illuminate/Pipeline/Pipeline->Illuminate/Pipeline/{closure}(Object(Illuminate/Http/Request))
#37 C:/Users/user/MyFiles/ProgmiX/PEX-Form-main/vendor/laravel/framework/src/Illuminate/Pipeline/Pipeline.php(219): Barryvdh/Debugbar/Middleware/InjectDebugbar->handle(Object(Illuminate/Http/Request), Object(Closure))
#38 C:/Users/user/MyFiles/ProgmiX/PEX-Form-main/modules/CMS/Http/Middleware/XFrameHeadersMiddleware.php(41): Illuminate/Pipeline/Pipeline->Illuminate/Pipeline/{closure}(Object(Illuminate/Http/Request))
#39 C:/Users/user/MyFiles/ProgmiX/PEX-Form-main/vendor/laravel/framework/src/Illuminate/Pipeline/Pipeline.php(219): Juzaweb/CMS/Http/Middleware/XFrameHeadersMiddleware->handle(Object(Illuminate/Http/Request), Object(Closure))
#40 C:/Users/user/MyFiles/ProgmiX/PEX-Form-main/vendor/laravel/framework/src/Illuminate/Routing/Middleware/SubstituteBindings.php(50): Illuminate/Pipeline/Pipeline->Illuminate/Pipeline/{closure}(Object(Illuminate/Http/Request))
#41 C:/Users/user/MyFiles/ProgmiX/PEX-Form-main/vendor/laravel/framework/src/Illuminate/Pipeline/Pipeline.php(219): Illuminate/Routing/Middleware/SubstituteBindings->handle(Object(Illuminate/Http/Request), Object(Closure))
#42 C:/Users/user/MyFiles/ProgmiX/PEX-Form-main/vendor/laravel/framework/src/Illuminate/Cookie/Middleware/AddQueuedCookiesToResponse.php(36): Illuminate/Pipeline/Pipeline->Illuminate/Pipeline/{closure}(Object(Illuminate/Http/Request))
#43 C:/Users/user/MyFiles/ProgmiX/PEX-Form-main/vendor/laravel/framework/src/Illuminate/Pipeline/Pipeline.php(219): Illuminate/Cookie/Middleware/AddQueuedCookiesToResponse->handle(Object(Illuminate/Http/Request), Object(Closure))
#44 C:/Users/user/MyFiles/ProgmiX/PEX-Form-main/vendor/laravel/framework/src/Illuminate/View/Middleware/ShareErrorsFromSession.php(48): Illuminate/Pipeline/Pipeline->Illuminate/Pipeline/{closure}(Object(Illuminate/Http/Request))
#45 C:/Users/user/MyFiles/ProgmiX/PEX-Form-main/modules/Backend/Http/Middleware/ShareErrorsUnlessBot.php(24): Illuminate/View/Middleware/ShareErrorsFromSession->handle(Object(Illuminate/Http/Request), Object(Closure))
#46 C:/Users/user/MyFiles/ProgmiX/PEX-Form-main/vendor/laravel/framework/src/Illuminate/Pipeline/Pipeline.php(219): Juzaweb/Backend/Http/Middleware/ShareErrorsUnlessBot->handle(Object(Illuminate/Http/Request), Object(Closure))
#47 C:/Users/user/MyFiles/ProgmiX/PEX-Form-main/vendor/laravel/framework/src/Illuminate/Session/Middleware/StartSession.php(120): Illuminate/Pipeline/Pipeline->Illuminate/Pipeline/{closure}(Object(Illuminate/Http/Request))
#48 C:/Users/user/MyFiles/ProgmiX/PEX-Form-main/vendor/laravel/framework/src/Illuminate/Session/Middleware/StartSession.php(63): Illuminate/Session/Middleware/StartSession->handleStatefulRequest(Object(Illuminate/Http/Request), Object(Illuminate/Session/Store), Object(Closure))
#49 C:/Users/user/MyFiles/ProgmiX/PEX-Form-main/modules/Backend/Http/Middleware/SkipSessionForBots.php(24): Illuminate/Session/Middleware/StartSession->handle(Object(Illuminate/Http/Request), Object(Closure))
#50 C:/Users/user/MyFiles/ProgmiX/PEX-Form-main/vendor/laravel/framework/src/Illuminate/Pipeline/Pipeline.php(219): Juzaweb/Backend/Http/Middleware/SkipSessionForBots->handle(Object(Illuminate/Http/Request), Object(Closure))
#51 C:/Users/user/MyFiles/ProgmiX/PEX-Form-main/vendor/laravel/framework/src/Illuminate/Cookie/Middleware/EncryptCookies.php(74): Illuminate/Pipeline/Pipeline->Illuminate/Pipeline/{closure}(Object(Illuminate/Http/Request))
#52 C:/Users/user/MyFiles/ProgmiX/PEX-Form-main/vendor/laravel/framework/src/Illuminate/Pipeline/Pipeline.php(219): Illuminate/Cookie/Middleware/EncryptCookies->handle(Object(Illuminate/Http/Request), Object(Closure))
#53 C:/Users/user/MyFiles/ProgmiX/PEX-Form-main/modules/CMS/Http/Middleware/GlobalMiddleware.php(11): Illuminate/Pipeline/Pipeline->Illuminate/Pipeline/{closure}(Object(Illuminate/Http/Request))
#54 C:/Users/user/MyFiles/ProgmiX/PEX-Form-main/vendor/laravel/framework/src/Illuminate/Pipeline/Pipeline.php(219): Juzaweb/CMS/Http/Middleware/GlobalMiddleware->handle(Object(Illuminate/Http/Request), Object(Closure))
#55 C:/Users/user/MyFiles/ProgmiX/PEX-Form-main/modules/Backend/Http/Middleware/DisableSessionForBots.php(30): Illuminate/Pipeline/Pipeline->Illuminate/Pipeline/{closure}(Object(Illuminate/Http/Request))
#56 C:/Users/user/MyFiles/ProgmiX/PEX-Form-main/vendor/laravel/framework/src/Illuminate/Pipeline/Pipeline.php(219): Juzaweb/Backend/Http/Middleware/DisableSessionForBots->handle(Object(Illuminate/Http/Request), Object(Closure))
#57 C:/Users/user/MyFiles/ProgmiX/PEX-Form-main/vendor/laravel/framework/src/Illuminate/Pipeline/Pipeline.php(137): Illuminate/Pipeline/Pipeline->Illuminate/Pipeline/{closure}(Object(Illuminate/Http/Request))
#58 C:/Users/user/MyFiles/ProgmiX/PEX-Form-main/vendor/laravel/framework/src/Illuminate/Routing/Router.php(821): Illuminate/Pipeline/Pipeline->then(Object(Closure))
#59 C:/Users/user/MyFiles/ProgmiX/PEX-Form-main/vendor/laravel/framework/src/Illuminate/Routing/Router.php(800): Illuminate/Routing/Router->runRouteWithinStack(Object(Illuminate/Routing/Route), Object(Illuminate/Http/Request))
#60 C:/Users/user/MyFiles/ProgmiX/PEX-Form-main/vendor/laravel/framework/src/Illuminate/Routing/Router.php(764): Illuminate/Routing/Router->runRoute(Object(Illuminate/Http/Request), Object(Illuminate/Routing/Route))
#61 C:/Users/user/MyFiles/ProgmiX/PEX-Form-main/vendor/laravel/framework/src/Illuminate/Routing/Router.php(753): Illuminate/Routing/Router->dispatchToRoute(Object(Illuminate/Http/Request))
#62 C:/Users/user/MyFiles/ProgmiX/PEX-Form-main/vendor/laravel/framework/src/Illuminate/Foundation/Http/Kernel.php(200): Illuminate/Routing/Router->dispatch(Object(Illuminate/Http/Request))
#63 C:/Users/user/MyFiles/ProgmiX/PEX-Form-main/vendor/laravel/framework/src/Illuminate/Pipeline/Pipeline.php(180): Illuminate/Foundation/Http/Kernel->Illuminate/Foundation/Http/{closure}(Object(Illuminate/Http/Request))
#64 C:/Users/user/MyFiles/ProgmiX/PEX-Form-main/vendor/barryvdh/laravel-debugbar/src/Middleware/InjectDebugbar.php(59): Illuminate/Pipeline/Pipeline->Illuminate/Pipeline/{closure}(Object(Illuminate/Http/Request))
#65 C:/Users/user/MyFiles/ProgmiX/PEX-Form-main/vendor/laravel/framework/src/Illuminate/Pipeline/Pipeline.php(219): Barryvdh/Debugbar/Middleware/InjectDebugbar->handle(Object(Illuminate/Http/Request), Object(Closure))
#66 C:/Users/user/MyFiles/ProgmiX/PEX-Form-main/modules/Backend/Http/Middleware/BlockIpMiddleware.php(31): Illuminate/Pipeline/Pipeline->Illuminate/Pipeline/{closure}(Object(Illuminate/Http/Request))
#67 C:/Users/user/MyFiles/ProgmiX/PEX-Form-main/vendor/laravel/framework/src/Illuminate/Pipeline/Pipeline.php(219): Juzaweb/Backend/Http/Middleware/BlockIpMiddleware->handle(Object(Illuminate/Http/Request), Object(Closure))
#68 C:/Users/user/MyFiles/ProgmiX/PEX-Form-main/modules/Backend/Http/Middleware/SecurityHeaders.php(25): Illuminate/Pipeline/Pipeline->Illuminate/Pipeline/{closure}(Object(Illuminate/Http/Request))
#69 C:/Users/user/MyFiles/ProgmiX/PEX-Form-main/vendor/laravel/framework/src/Illuminate/Pipeline/Pipeline.php(219): Juzaweb/Backend/Http/Middleware/SecurityHeaders->handle(Object(Illuminate/Http/Request), Object(Closure))
#70 C:/Users/user/MyFiles/ProgmiX/PEX-Form-main/vendor/laravel/framework/src/Illuminate/Foundation/Http/Middleware/TransformsRequest.php(21): Illuminate/Pipeline/Pipeline->Illuminate/Pipeline/{closure}(Object(Illuminate/Http/Request))
#71 C:/Users/user/MyFiles/ProgmiX/PEX-Form-main/vendor/laravel/framework/src/Illuminate/Foundation/Http/Middleware/ConvertEmptyStringsToNull.php(31): Illuminate/Foundation/Http/Middleware/TransformsRequest->handle(Object(Illuminate/Http/Request), Object(Closure))
#72 C:/Users/user/MyFiles/ProgmiX/PEX-Form-main/vendor/laravel/framework/src/Illuminate/Pipeline/Pipeline.php(219): Illuminate/Foundation/Http/Middleware/ConvertEmptyStringsToNull->handle(Object(Illuminate/Http/Request), Object(Closure))
#73 C:/Users/user/MyFiles/ProgmiX/PEX-Form-main/vendor/laravel/framework/src/Illuminate/Foundation/Http/Middleware/TransformsRequest.php(21): Illuminate/Pipeline/Pipeline->Illuminate/Pipeline/{closure}(Object(Illuminate/Http/Request))
#74 C:/Users/user/MyFiles/ProgmiX/PEX-Form-main/vendor/laravel/framework/src/Illuminate/Foundation/Http/Middleware/TrimStrings.php(51): Illuminate/Foundation/Http/Middleware/TransformsRequest->handle(Object(Illuminate/Http/Request), Object(Closure))
#75 C:/Users/user/MyFiles/ProgmiX/PEX-Form-main/vendor/laravel/framework/src/Illuminate/Pipeline/Pipeline.php(219): Illuminate/Foundation/Http/Middleware/TrimStrings->handle(Object(Illuminate/Http/Request), Object(Closure))
#76 C:/Users/user/MyFiles/ProgmiX/PEX-Form-main/vendor/laravel/framework/src/Illuminate/Http/Middleware/ValidatePostSize.php(27): Illuminate/Pipeline/Pipeline->Illuminate/Pipeline/{closure}(Object(Illuminate/Http/Request))
#77 C:/Users/user/MyFiles/ProgmiX/PEX-Form-main/vendor/laravel/framework/src/Illuminate/Pipeline/Pipeline.php(219): Illuminate/Http/Middleware/ValidatePostSize->handle(Object(Illuminate/Http/Request), Object(Closure))
#78 C:/Users/user/MyFiles/ProgmiX/PEX-Form-main/vendor/laravel/framework/src/Illuminate/Foundation/Http/Middleware/PreventRequestsDuringMaintenance.php(109): Illuminate/Pipeline/Pipeline->Illuminate/Pipeline/{closure}(Object(Illuminate/Http/Request))
#79 C:/Users/user/MyFiles/ProgmiX/PEX-Form-main/vendor/laravel/framework/src/Illuminate/Pipeline/Pipeline.php(219): Illuminate/Foundation/Http/Middleware/PreventRequestsDuringMaintenance->handle(Object(Illuminate/Http/Request), Object(Closure))
#80 C:/Users/user/MyFiles/ProgmiX/PEX-Form-main/vendor/laravel/framework/src/Illuminate/Http/Middleware/HandleCors.php(61): Illuminate/Pipeline/Pipeline->Illuminate/Pipeline/{closure}(Object(Illuminate/Http/Request))
#81 C:/Users/user/MyFiles/ProgmiX/PEX-Form-main/vendor/laravel/framework/src/Illuminate/Pipeline/Pipeline.php(219): Illuminate/Http/Middleware/HandleCors->handle(Object(Illuminate/Http/Request), Object(Closure))
#82 C:/Users/user/MyFiles/ProgmiX/PEX-Form-main/vendor/laravel/framework/src/Illuminate/Http/Middleware/TrustProxies.php(58): Illuminate/Pipeline/Pipeline->Illuminate/Pipeline/{closure}(Object(Illuminate/Http/Request))
#83 C:/Users/user/MyFiles/ProgmiX/PEX-Form-main/vendor/laravel/framework/src/Illuminate/Pipeline/Pipeline.php(219): Illuminate/Http/Middleware/TrustProxies->handle(Object(Illuminate/Http/Request), Object(Closure))
#84 C:/Users/user/MyFiles/ProgmiX/PEX-Form-main/vendor/laravel/framework/src/Illuminate/Pipeline/Pipeline.php(137): Illuminate/Pipeline/Pipeline->Illuminate/Pipeline/{closure}(Object(Illuminate/Http/Request))
#85 C:/Users/user/MyFiles/ProgmiX/PEX-Form-main/vendor/laravel/framework/src/Illuminate/Foundation/Http/Kernel.php(175): Illuminate/Pipeline/Pipeline->then(Object(Closure))
#86 C:/Users/user/MyFiles/ProgmiX/PEX-Form-main/vendor/laravel/framework/src/Illuminate/Foundation/Http/Kernel.php(144): Illuminate/Foundation/Http/Kernel->sendRequestThroughRouter(Object(Illuminate/Http/Request))
#87 C:/Users/user/MyFiles/ProgmiX/PEX-Form-main/public/index.php(51): Illuminate/Foundation/Http/Kernel->handle(Object(Illuminate/Http/Request))
#88 C:/Users/user/MyFiles/ProgmiX/PEX-Form-main/vendor/laravel/framework/src/Illuminate/Foundation/resources/server.php(23): require_once('C://Users//user//M...')
#89 {main}
"} 
[2026-09-30 09:27:00] local.ERROR: Undefined array key "mapEmbedUrl" {"userId":1,"exception":"[object] (Spatie\\LaravelIgnition\\Exceptions\\ViewException(code: 0): Undefined array key \"mapEmbedUrl\" at C:/Users/user/MyFiles/ProgmiX/PEX-Form-main/modules/Frontend/resources/views/templates/homepage/pex/contact.blade.php:13)
[stacktrace]
#0 C:/Users/user/MyFiles/ProgmiX/PEX-Form-main/vendor/laravel/framework/src/Illuminate/Filesystem/Filesystem.php(123): require('C://Users//user//M...')
#1 C:/Users/user/MyFiles/ProgmiX/PEX-Form-main/vendor/laravel/framework/src/Illuminate/Filesystem/Filesystem.php(124): Illuminate/Filesystem/Filesystem::Illuminate/Filesystem/{closure}()
#2 C:/Users/user/MyFiles/ProgmiX/PEX-Form-main/vendor/laravel/framework/src/Illuminate/View/Engines/PhpEngine.php(57): Illuminate/Filesystem/Filesystem->getRequire('C://Users//user//M...', Array)
#3 C:/Users/user/MyFiles/ProgmiX/PEX-Form-main/vendor/laravel/framework/src/Illuminate/View/Engines/CompilerEngine.php(76): Illuminate/View/Engines/PhpEngine->evaluatePath('C://Users//user//M...', Array)
#4 C:/Users/user/MyFiles/ProgmiX/PEX-Form-main/vendor/laravel/framework/src/Illuminate/View/View.php(208): Illuminate/View/Engines/CompilerEngine->get('C://Users//user//M...', Array)
#5 C:/Users/user/MyFiles/ProgmiX/PEX-Form-main/vendor/laravel/framework/src/Illuminate/View/View.php(191): Illuminate/View/View->getContents()
#6 C:/Users/user/MyFiles/ProgmiX/PEX-Form-main/vendor/laravel/framework/src/Illuminate/View/View.php(160): Illuminate/View/View->renderContents()
#7 C:/Users/user/MyFiles/ProgmiX/PEX-Form-main/modules/Frontend/resources/views/home.blade.php(1): Illuminate/View/View->render()
#8 C:/Users/user/MyFiles/ProgmiX/PEX-Form-main/vendor/laravel/framework/src/Illuminate/Filesystem/Filesystem.php(123): require('C://Users//user//M...')
#9 C:/Users/user/MyFiles/ProgmiX/PEX-Form-main/vendor/laravel/framework/src/Illuminate/Filesystem/Filesystem.php(124): Illuminate/Filesystem/Filesystem::Illuminate/Filesystem/{closure}()
#10 C:/Users/user/MyFiles/ProgmiX/PEX-Form-main/vendor/laravel/framework/src/Illuminate/View/Engines/PhpEngine.php(57): Illuminate/Filesystem/Filesystem->getRequire('C://Users//user//M...', Array)
#11 C:/Users/user/MyFiles/ProgmiX/PEX-Form-main/vendor/laravel/framework/src/Illuminate/View/Engines/CompilerEngine.php(76): Illuminate/View/Engines/PhpEngine->evaluatePath('C://Users//user//M...', Array)
#12 C:/Users/user/MyFiles/ProgmiX/PEX-Form-main/vendor/laravel/framework/src/Illuminate/View/View.php(208): Illuminate/View/Engines/CompilerEngine->get('C://Users//user//M...', Array)
#13 C:/Users/user/MyFiles/ProgmiX/PEX-Form-main/vendor/laravel/framework/src/Illuminate/View/View.php(191): Illuminate/View/View->getContents()
#14 C:/Users/user/MyFiles/ProgmiX/PEX-Form-main/vendor/laravel/framework/src/Illuminate/View/View.php(160): Illuminate/View/View->renderContents()
#15 C:/Users/user/MyFiles/ProgmiX/PEX-Form-main/vendor/laravel/framework/src/Illuminate/Http/Response.php(78): Illuminate/View/View->render()
#16 C:/Users/user/MyFiles/ProgmiX/PEX-Form-main/vendor/laravel/framework/src/Illuminate/Http/Response.php(34): Illuminate/Http/Response->setContent(Object(Illuminate/View/View))
#17 C:/Users/user/MyFiles/ProgmiX/PEX-Form-main/vendor/laravel/framework/src/Illuminate/Routing/Router.php(939): Illuminate/Http/Response->__construct(Object(Illuminate/View/View), 200, Array)
#18 C:/Users/user/MyFiles/ProgmiX/PEX-Form-main/vendor/laravel/framework/src/Illuminate/Routing/Router.php(906): Illuminate/Routing/Router::toResponse(Object(Illuminate/Http/Request), Object(Illuminate/View/View))
#19 C:/Users/user/MyFiles/ProgmiX/PEX-Form-main/vendor/laravel/framework/src/Illuminate/Routing/Router.php(821): Illuminate/Routing/Router->prepareResponse(Object(Illuminate/Http/Request), Object(Illuminate/View/View))
#20 C:/Users/user/MyFiles/ProgmiX/PEX-Form-main/vendor/laravel/framework/src/Illuminate/Pipeline/Pipeline.php(180): Illuminate/Routing/Router->Illuminate/Routing/{closure}(Object(Illuminate/Http/Request))
#21 C:/Users/user/MyFiles/ProgmiX/PEX-Form-main/modules/Frontend/Http/Middleware/Locale.php(49): Illuminate/Pipeline/Pipeline->Illuminate/Pipeline/{closure}(Object(Illuminate/Http/Request))
#22 C:/Users/user/MyFiles/ProgmiX/PEX-Form-main/vendor/laravel/framework/src/Illuminate/Pipeline/Pipeline.php(219): Juzaweb/Frontend/Http/Middleware/Locale->handle(Object(Illuminate/Http/Request), Object(Closure))
#23 C:/Users/user/MyFiles/ProgmiX/PEX-Form-main/modules/Backend/Http/Middleware/SecurityHeaders.php(25): Illuminate/Pipeline/Pipeline->Illuminate/Pipeline/{closure}(Object(Illuminate/Http/Request))
#24 C:/Users/user/MyFiles/ProgmiX/PEX-Form-main/vendor/laravel/framework/src/Illuminate/Pipeline/Pipeline.php(219): Juzaweb/Backend/Http/Middleware/SecurityHeaders->handle(Object(Illuminate/Http/Request), Object(Closure))
#25 C:/Users/user/MyFiles/ProgmiX/PEX-Form-main/vendor/laravel/framework/src/Illuminate/Routing/Middleware/ThrottleRequests.php(166): Illuminate/Pipeline/Pipeline->Illuminate/Pipeline/{closure}(Object(Illuminate/Http/Request))
#26 C:/Users/user/MyFiles/ProgmiX/PEX-Form-main/vendor/laravel/framework/src/Illuminate/Routing/Middleware/ThrottleRequests.php(93): Illuminate/Routing/Middleware/ThrottleRequests->handleRequest(Object(Illuminate/Http/Request), Object(Closure), Array)
#27 C:/Users/user/MyFiles/ProgmiX/PEX-Form-main/vendor/laravel/framework/src/Illuminate/Pipeline/Pipeline.php(219): Illuminate/Routing/Middleware/ThrottleRequests->handle(Object(Illuminate/Http/Request), Object(Closure))
#28 C:/Users/user/MyFiles/ProgmiX/PEX-Form-main/modules/Backend/Http/Middleware/PathTraversal.php(57): Illuminate/Pipeline/Pipeline->Illuminate/Pipeline/{closure}(Object(Illuminate/Http/Request))
#29 C:/Users/user/MyFiles/ProgmiX/PEX-Form-main/vendor/laravel/framework/src/Illuminate/Pipeline/Pipeline.php(219): Juzaweb/Backend/Http/Middleware/PathTraversal->handle(Object(Illuminate/Http/Request), Object(Closure))
#30 C:/Users/user/MyFiles/ProgmiX/PEX-Form-main/modules/Backend/Http/Middleware/XssSanitization.php(44): Illuminate/Pipeline/Pipeline->Illuminate/Pipeline/{closure}(Object(Illuminate/Http/Request))
#31 C:/Users/user/MyFiles/ProgmiX/PEX-Form-main/vendor/laravel/framework/src/Illuminate/Pipeline/Pipeline.php(219): Juzaweb/Backend/Http/Middleware/XssSanitization->handle(Object(Illuminate/Http/Request), Object(Closure))
#32 C:/Users/user/MyFiles/ProgmiX/PEX-Form-main/vendor/spatie/laravel-csp/src/AddCspHeaders.php(13): Illuminate/Pipeline/Pipeline->Illuminate/Pipeline/{closure}(Object(Illuminate/Http/Request))
#33 C:/Users/user/MyFiles/ProgmiX/PEX-Form-main/vendor/laravel/framework/src/Illuminate/Pipeline/Pipeline.php(219): Spatie/Csp/AddCspHeaders->handle(Object(Illuminate/Http/Request), Object(Closure))
#34 C:/Users/user/MyFiles/ProgmiX/PEX-Form-main/vendor/barryvdh/laravel-debugbar/src/Middleware/InjectDebugbar.php(59): Illuminate/Pipeline/Pipeline->Illuminate/Pipeline/{closure}(Object(Illuminate/Http/Request))
#35 C:/Users/user/MyFiles/ProgmiX/PEX-Form-main/vendor/laravel/framework/src/Illuminate/Pipeline/Pipeline.php(219): Barryvdh/Debugbar/Middleware/InjectDebugbar->handle(Object(Illuminate/Http/Request), Object(Closure))
#36 C:/Users/user/MyFiles/ProgmiX/PEX-Form-main/modules/CMS/Http/Middleware/XFrameHeadersMiddleware.php(41): Illuminate/Pipeline/Pipeline->Illuminate/Pipeline/{closure}(Object(Illuminate/Http/Request))
#37 C:/Users/user/MyFiles/ProgmiX/PEX-Form-main/vendor/laravel/framework/src/Illuminate/Pipeline/Pipeline.php(219): Juzaweb/CMS/Http/Middleware/XFrameHeadersMiddleware->handle(Object(Illuminate/Http/Request), Object(Closure))
#38 C:/Users/user/MyFiles/ProgmiX/PEX-Form-main/vendor/laravel/framework/src/Illuminate/Routing/Middleware/SubstituteBindings.php(50): Illuminate/Pipeline/Pipeline->Illuminate/Pipeline/{closure}(Object(Illuminate/Http/Request))
#39 C:/Users/user/MyFiles/ProgmiX/PEX-Form-main/vendor/laravel/framework/src/Illuminate/Pipeline/Pipeline.php(219): Illuminate/Routing/Middleware/SubstituteBindings->handle(Object(Illuminate/Http/Request), Object(Closure))
#40 C:/Users/user/MyFiles/ProgmiX/PEX-Form-main/vendor/laravel/framework/src/Illuminate/Cookie/Middleware/AddQueuedCookiesToResponse.php(36): Illuminate/Pipeline/Pipeline->Illuminate/Pipeline/{closure}(Object(Illuminate/Http/Request))
#41 C:/Users/user/MyFiles/ProgmiX/PEX-Form-main/vendor/laravel/framework/src/Illuminate/Pipeline/Pipeline.php(219): Illuminate/Cookie/Middleware/AddQueuedCookiesToResponse->handle(Object(Illuminate/Http/Request), Object(Closure))
#42 C:/Users/user/MyFiles/ProgmiX/PEX-Form-main/vendor/laravel/framework/src/Illuminate/View/Middleware/ShareErrorsFromSession.php(48): Illuminate/Pipeline/Pipeline->Illuminate/Pipeline/{closure}(Object(Illuminate/Http/Request))
#43 C:/Users/user/MyFiles/ProgmiX/PEX-Form-main/modules/Backend/Http/Middleware/ShareErrorsUnlessBot.php(24): Illuminate/View/Middleware/ShareErrorsFromSession->handle(Object(Illuminate/Http/Request), Object(Closure))
#44 C:/Users/user/MyFiles/ProgmiX/PEX-Form-main/vendor/laravel/framework/src/Illuminate/Pipeline/Pipeline.php(219): Juzaweb/Backend/Http/Middleware/ShareErrorsUnlessBot->handle(Object(Illuminate/Http/Request), Object(Closure))
#45 C:/Users/user/MyFiles/ProgmiX/PEX-Form-main/vendor/laravel/framework/src/Illuminate/Session/Middleware/StartSession.php(120): Illuminate/Pipeline/Pipeline->Illuminate/Pipeline/{closure}(Object(Illuminate/Http/Request))
#46 C:/Users/user/MyFiles/ProgmiX/PEX-Form-main/vendor/laravel/framework/src/Illuminate/Session/Middleware/StartSession.php(63): Illuminate/Session/Middleware/StartSession->handleStatefulRequest(Object(Illuminate/Http/Request), Object(Illuminate/Session/Store), Object(Closure))
#47 C:/Users/user/MyFiles/ProgmiX/PEX-Form-main/modules/Backend/Http/Middleware/SkipSessionForBots.php(24): Illuminate/Session/Middleware/StartSession->handle(Object(Illuminate/Http/Request), Object(Closure))
#48 C:/Users/user/MyFiles/ProgmiX/PEX-Form-main/vendor/laravel/framework/src/Illuminate/Pipeline/Pipeline.php(219): Juzaweb/Backend/Http/Middleware/SkipSessionForBots->handle(Object(Illuminate/Http/Request), Object(Closure))
#49 C:/Users/user/MyFiles/ProgmiX/PEX-Form-main/vendor/laravel/framework/src/Illuminate/Cookie/Middleware/EncryptCookies.php(74): Illuminate/Pipeline/Pipeline->Illuminate/Pipeline/{closure}(Object(Illuminate/Http/Request))
#50 C:/Users/user/MyFiles/ProgmiX/PEX-Form-main/vendor/laravel/framework/src/Illuminate/Pipeline/Pipeline.php(219): Illuminate/Cookie/Middleware/EncryptCookies->handle(Object(Illuminate/Http/Request), Object(Closure))
#51 C:/Users/user/MyFiles/ProgmiX/PEX-Form-main/modules/CMS/Http/Middleware/GlobalMiddleware.php(11): Illuminate/Pipeline/Pipeline->Illuminate/Pipeline/{closure}(Object(Illuminate/Http/Request))
#52 C:/Users/user/MyFiles/ProgmiX/PEX-Form-main/vendor/laravel/framework/src/Illuminate/Pipeline/Pipeline.php(219): Juzaweb/CMS/Http/Middleware/GlobalMiddleware->handle(Object(Illuminate/Http/Request), Object(Closure))
#53 C:/Users/user/MyFiles/ProgmiX/PEX-Form-main/modules/Backend/Http/Middleware/DisableSessionForBots.php(30): Illuminate/Pipeline/Pipeline->Illuminate/Pipeline/{closure}(Object(Illuminate/Http/Request))
#54 C:/Users/user/MyFiles/ProgmiX/PEX-Form-main/vendor/laravel/framework/src/Illuminate/Pipeline/Pipeline.php(219): Juzaweb/Backend/Http/Middleware/DisableSessionForBots->handle(Object(Illuminate/Http/Request), Object(Closure))
#55 C:/Users/user/MyFiles/ProgmiX/PEX-Form-main/vendor/laravel/framework/src/Illuminate/Pipeline/Pipeline.php(137): Illuminate/Pipeline/Pipeline->Illuminate/Pipeline/{closure}(Object(Illuminate/Http/Request))
#56 C:/Users/user/MyFiles/ProgmiX/PEX-Form-main/vendor/laravel/framework/src/Illuminate/Routing/Router.php(821): Illuminate/Pipeline/Pipeline->then(Object(Closure))
#57 C:/Users/user/MyFiles/ProgmiX/PEX-Form-main/vendor/laravel/framework/src/Illuminate/Routing/Router.php(800): Illuminate/Routing/Router->runRouteWithinStack(Object(Illuminate/Routing/Route), Object(Illuminate/Http/Request))
#58 C:/Users/user/MyFiles/ProgmiX/PEX-Form-main/vendor/laravel/framework/src/Illuminate/Routing/Router.php(764): Illuminate/Routing/Router->runRoute(Object(Illuminate/Http/Request), Object(Illuminate/Routing/Route))
#59 C:/Users/user/MyFiles/ProgmiX/PEX-Form-main/vendor/laravel/framework/src/Illuminate/Routing/Router.php(753): Illuminate/Routing/Router->dispatchToRoute(Object(Illuminate/Http/Request))
#60 C:/Users/user/MyFiles/ProgmiX/PEX-Form-main/vendor/laravel/framework/src/Illuminate/Foundation/Http/Kernel.php(200): Illuminate/Routing/Router->dispatch(Object(Illuminate/Http/Request))
#61 C:/Users/user/MyFiles/ProgmiX/PEX-Form-main/vendor/laravel/framework/src/Illuminate/Pipeline/Pipeline.php(180): Illuminate/Foundation/Http/Kernel->Illuminate/Foundation/Http/{closure}(Object(Illuminate/Http/Request))
#62 C:/Users/user/MyFiles/ProgmiX/PEX-Form-main/vendor/barryvdh/laravel-debugbar/src/Middleware/InjectDebugbar.php(59): Illuminate/Pipeline/Pipeline->Illuminate/Pipeline/{closure}(Object(Illuminate/Http/Request))
#63 C:/Users/user/MyFiles/ProgmiX/PEX-Form-main/vendor/laravel/framework/src/Illuminate/Pipeline/Pipeline.php(219): Barryvdh/Debugbar/Middleware/InjectDebugbar->handle(Object(Illuminate/Http/Request), Object(Closure))
#64 C:/Users/user/MyFiles/ProgmiX/PEX-Form-main/modules/Backend/Http/Middleware/BlockIpMiddleware.php(31): Illuminate/Pipeline/Pipeline->Illuminate/Pipeline/{closure}(Object(Illuminate/Http/Request))
#65 C:/Users/user/MyFiles/ProgmiX/PEX-Form-main/vendor/laravel/framework/src/Illuminate/Pipeline/Pipeline.php(219): Juzaweb/Backend/Http/Middleware/BlockIpMiddleware->handle(Object(Illuminate/Http/Request), Object(Closure))
#66 C:/Users/user/MyFiles/ProgmiX/PEX-Form-main/modules/Backend/Http/Middleware/SecurityHeaders.php(25): Illuminate/Pipeline/Pipeline->Illuminate/Pipeline/{closure}(Object(Illuminate/Http/Request))
#67 C:/Users/user/MyFiles/ProgmiX/PEX-Form-main/vendor/laravel/framework/src/Illuminate/Pipeline/Pipeline.php(219): Juzaweb/Backend/Http/Middleware/SecurityHeaders->handle(Object(Illuminate/Http/Request), Object(Closure))
#68 C:/Users/user/MyFiles/ProgmiX/PEX-Form-main/vendor/laravel/framework/src/Illuminate/Foundation/Http/Middleware/TransformsRequest.php(21): Illuminate/Pipeline/Pipeline->Illuminate/Pipeline/{closure}(Object(Illuminate/Http/Request))
#69 C:/Users/user/MyFiles/ProgmiX/PEX-Form-main/vendor/laravel/framework/src/Illuminate/Foundation/Http/Middleware/ConvertEmptyStringsToNull.php(31): Illuminate/Foundation/Http/Middleware/TransformsRequest->handle(Object(Illuminate/Http/Request), Object(Closure))
#70 C:/Users/user/MyFiles/ProgmiX/PEX-Form-main/vendor/laravel/framework/src/Illuminate/Pipeline/Pipeline.php(219): Illuminate/Foundation/Http/Middleware/ConvertEmptyStringsToNull->handle(Object(Illuminate/Http/Request), Object(Closure))
#71 C:/Users/user/MyFiles/ProgmiX/PEX-Form-main/vendor/laravel/framework/src/Illuminate/Foundation/Http/Middleware/TransformsRequest.php(21): Illuminate/Pipeline/Pipeline->Illuminate/Pipeline/{closure}(Object(Illuminate/Http/Request))
#72 C:/Users/user/MyFiles/ProgmiX/PEX-Form-main/vendor/laravel/framework/src/Illuminate/Foundation/Http/Middleware/TrimStrings.php(51): Illuminate/Foundation/Http/Middleware/TransformsRequest->handle(Object(Illuminate/Http/Request), Object(Closure))
#73 C:/Users/user/MyFiles/ProgmiX/PEX-Form-main/vendor/laravel/framework/src/Illuminate/Pipeline/Pipeline.php(219): Illuminate/Foundation/Http/Middleware/TrimStrings->handle(Object(Illuminate/Http/Request), Object(Closure))
#74 C:/Users/user/MyFiles/ProgmiX/PEX-Form-main/vendor/laravel/framework/src/Illuminate/Http/Middleware/ValidatePostSize.php(27): Illuminate/Pipeline/Pipeline->Illuminate/Pipeline/{closure}(Object(Illuminate/Http/Request))
#75 C:/Users/user/MyFiles/ProgmiX/PEX-Form-main/vendor/laravel/framework/src/Illuminate/Pipeline/Pipeline.php(219): Illuminate/Http/Middleware/ValidatePostSize->handle(Object(Illuminate/Http/Request), Object(Closure))
#76 C:/Users/user/MyFiles/ProgmiX/PEX-Form-main/vendor/laravel/framework/src/Illuminate/Foundation/Http/Middleware/PreventRequestsDuringMaintenance.php(109): Illuminate/Pipeline/Pipeline->Illuminate/Pipeline/{closure}(Object(Illuminate/Http/Request))
#77 C:/Users/user/MyFiles/ProgmiX/PEX-Form-main/vendor/laravel/framework/src/Illuminate/Pipeline/Pipeline.php(219): Illuminate/Foundation/Http/Middleware/PreventRequestsDuringMaintenance->handle(Object(Illuminate/Http/Request), Object(Closure))
#78 C:/Users/user/MyFiles/ProgmiX/PEX-Form-main/vendor/laravel/framework/src/Illuminate/Http/Middleware/HandleCors.php(61): Illuminate/Pipeline/Pipeline->Illuminate/Pipeline/{closure}(Object(Illuminate/Http/Request))
#79 C:/Users/user/MyFiles/ProgmiX/PEX-Form-main/vendor/laravel/framework/src/Illuminate/Pipeline/Pipeline.php(219): Illuminate/Http/Middleware/HandleCors->handle(Object(Illuminate/Http/Request), Object(Closure))
#80 C:/Users/user/MyFiles/ProgmiX/PEX-Form-main/vendor/laravel/framework/src/Illuminate/Http/Middleware/TrustProxies.php(58): Illuminate/Pipeline/Pipeline->Illuminate/Pipeline/{closure}(Object(Illuminate/Http/Request))
#81 C:/Users/user/MyFiles/ProgmiX/PEX-Form-main/vendor/laravel/framework/src/Illuminate/Pipeline/Pipeline.php(219): Illuminate/Http/Middleware/TrustProxies->handle(Object(Illuminate/Http/Request), Object(Closure))
#82 C:/Users/user/MyFiles/ProgmiX/PEX-Form-main/vendor/laravel/framework/src/Illuminate/Pipeline/Pipeline.php(137): Illuminate/Pipeline/Pipeline->Illuminate/Pipeline/{closure}(Object(Illuminate/Http/Request))
#83 C:/Users/user/MyFiles/ProgmiX/PEX-Form-main/vendor/laravel/framework/src/Illuminate/Foundation/Http/Kernel.php(175): Illuminate/Pipeline/Pipeline->then(Object(Closure))
#84 C:/Users/user/MyFiles/ProgmiX/PEX-Form-main/vendor/laravel/framework/src/Illuminate/Foundation/Http/Kernel.php(144): Illuminate/Foundation/Http/Kernel->sendRequestThroughRouter(Object(Illuminate/Http/Request))
#85 C:/Users/user/MyFiles/ProgmiX/PEX-Form-main/public/index.php(51): Illuminate/Foundation/Http/Kernel->handle(Object(Illuminate/Http/Request))
#86 C:/Users/user/MyFiles/ProgmiX/PEX-Form-main/vendor/laravel/framework/src/Illuminate/Foundation/resources/server.php(23): require_once('C://Users//user//M...')
#87 {main}

[previous exception] [object] (ErrorException(code: 0): Undefined array key \"mapEmbedUrl\" at C:/Users/user/MyFiles/ProgmiX/PEX-Form-main/storage/framework/views/a84ddf431c771032d0234d77e02450d7.php:13)
[stacktrace]
#0 C:/Users/user/MyFiles/ProgmiX/PEX-Form-main/vendor/laravel/framework/src/Illuminate/Foundation/Bootstrap/HandleExceptions.php(262): Illuminate/Foundation/Bootstrap/HandleExceptions->handleError(2, 'Undefined array...', 'C://Users//user//M...', 13)
#1 C:/Users/user/MyFiles/ProgmiX/PEX-Form-main/storage/framework/views/a84ddf431c771032d0234d77e02450d7.php(13): Illuminate/Foundation/Bootstrap/HandleExceptions->Illuminate/Foundation/Bootstrap/{closure}(2, 'Undefined array...', 'C://Users//user//M...', 13)
#2 C:/Users/user/MyFiles/ProgmiX/PEX-Form-main/vendor/laravel/framework/src/Illuminate/Filesystem/Filesystem.php(123): require('C://Users//user//M...')
#3 C:/Users/user/MyFiles/ProgmiX/PEX-Form-main/vendor/laravel/framework/src/Illuminate/Filesystem/Filesystem.php(124): Illuminate/Filesystem/Filesystem::Illuminate/Filesystem/{closure}()
#4 C:/Users/user/MyFiles/ProgmiX/PEX-Form-main/vendor/laravel/framework/src/Illuminate/View/Engines/PhpEngine.php(57): Illuminate/Filesystem/Filesystem->getRequire('C://Users//user//M...', Array)
#5 C:/Users/user/MyFiles/ProgmiX/PEX-Form-main/vendor/laravel/framework/src/Illuminate/View/Engines/CompilerEngine.php(76): Illuminate/View/Engines/PhpEngine->evaluatePath('C://Users//user//M...', Array)
#6 C:/Users/user/MyFiles/ProgmiX/PEX-Form-main/vendor/laravel/framework/src/Illuminate/View/View.php(208): Illuminate/View/Engines/CompilerEngine->get('C://Users//user//M...', Array)
#7 C:/Users/user/MyFiles/ProgmiX/PEX-Form-main/vendor/laravel/framework/src/Illuminate/View/View.php(191): Illuminate/View/View->getContents()
#8 C:/Users/user/MyFiles/ProgmiX/PEX-Form-main/vendor/laravel/framework/src/Illuminate/View/View.php(160): Illuminate/View/View->renderContents()
#9 C:/Users/user/MyFiles/ProgmiX/PEX-Form-main/storage/framework/views/078e945ecbf82d678121cbf4f8650dce.php(1): Illuminate/View/View->render()
#10 C:/Users/user/MyFiles/ProgmiX/PEX-Form-main/vendor/laravel/framework/src/Illuminate/Filesystem/Filesystem.php(123): require('C://Users//user//M...')
#11 C:/Users/user/MyFiles/ProgmiX/PEX-Form-main/vendor/laravel/framework/src/Illuminate/Filesystem/Filesystem.php(124): Illuminate/Filesystem/Filesystem::Illuminate/Filesystem/{closure}()
#12 C:/Users/user/MyFiles/ProgmiX/PEX-Form-main/vendor/laravel/framework/src/Illuminate/View/Engines/PhpEngine.php(57): Illuminate/Filesystem/Filesystem->getRequire('C://Users//user//M...', Array)
#13 C:/Users/user/MyFiles/ProgmiX/PEX-Form-main/vendor/laravel/framework/src/Illuminate/View/Engines/CompilerEngine.php(76): Illuminate/View/Engines/PhpEngine->evaluatePath('C://Users//user//M...', Array)
#14 C:/Users/user/MyFiles/ProgmiX/PEX-Form-main/vendor/laravel/framework/src/Illuminate/View/View.php(208): Illuminate/View/Engines/CompilerEngine->get('C://Users//user//M...', Array)
#15 C:/Users/user/MyFiles/ProgmiX/PEX-Form-main/vendor/laravel/framework/src/Illuminate/View/View.php(191): Illuminate/View/View->getContents()
#16 C:/Users/user/MyFiles/ProgmiX/PEX-Form-main/vendor/laravel/framework/src/Illuminate/View/View.php(160): Illuminate/View/View->renderContents()
#17 C:/Users/user/MyFiles/ProgmiX/PEX-Form-main/vendor/laravel/framework/src/Illuminate/Http/Response.php(78): Illuminate/View/View->render()
#18 C:/Users/user/MyFiles/ProgmiX/PEX-Form-main/vendor/laravel/framework/src/Illuminate/Http/Response.php(34): Illuminate/Http/Response->setContent(Object(Illuminate/View/View))
#19 C:/Users/user/MyFiles/ProgmiX/PEX-Form-main/vendor/laravel/framework/src/Illuminate/Routing/Router.php(939): Illuminate/Http/Response->__construct(Object(Illuminate/View/View), 200, Array)
#20 C:/Users/user/MyFiles/ProgmiX/PEX-Form-main/vendor/laravel/framework/src/Illuminate/Routing/Router.php(906): Illuminate/Routing/Router::toResponse(Object(Illuminate/Http/Request), Object(Illuminate/View/View))
#21 C:/Users/user/MyFiles/ProgmiX/PEX-Form-main/vendor/laravel/framework/src/Illuminate/Routing/Router.php(821): Illuminate/Routing/Router->prepareResponse(Object(Illuminate/Http/Request), Object(Illuminate/View/View))
#22 C:/Users/user/MyFiles/ProgmiX/PEX-Form-main/vendor/laravel/framework/src/Illuminate/Pipeline/Pipeline.php(180): Illuminate/Routing/Router->Illuminate/Routing/{closure}(Object(Illuminate/Http/Request))
#23 C:/Users/user/MyFiles/ProgmiX/PEX-Form-main/modules/Frontend/Http/Middleware/Locale.php(49): Illuminate/Pipeline/Pipeline->Illuminate/Pipeline/{closure}(Object(Illuminate/Http/Request))
#24 C:/Users/user/MyFiles/ProgmiX/PEX-Form-main/vendor/laravel/framework/src/Illuminate/Pipeline/Pipeline.php(219): Juzaweb/Frontend/Http/Middleware/Locale->handle(Object(Illuminate/Http/Request), Object(Closure))
#25 C:/Users/user/MyFiles/ProgmiX/PEX-Form-main/modules/Backend/Http/Middleware/SecurityHeaders.php(25): Illuminate/Pipeline/Pipeline->Illuminate/Pipeline/{closure}(Object(Illuminate/Http/Request))
#26 C:/Users/user/MyFiles/ProgmiX/PEX-Form-main/vendor/laravel/framework/src/Illuminate/Pipeline/Pipeline.php(219): Juzaweb/Backend/Http/Middleware/SecurityHeaders->handle(Object(Illuminate/Http/Request), Object(Closure))
#27 C:/Users/user/MyFiles/ProgmiX/PEX-Form-main/vendor/laravel/framework/src/Illuminate/Routing/Middleware/ThrottleRequests.php(166): Illuminate/Pipeline/Pipeline->Illuminate/Pipeline/{closure}(Object(Illuminate/Http/Request))
#28 C:/Users/user/MyFiles/ProgmiX/PEX-Form-main/vendor/laravel/framework/src/Illuminate/Routing/Middleware/ThrottleRequests.php(93): Illuminate/Routing/Middleware/ThrottleRequests->handleRequest(Object(Illuminate/Http/Request), Object(Closure), Array)
#29 C:/Users/user/MyFiles/ProgmiX/PEX-Form-main/vendor/laravel/framework/src/Illuminate/Pipeline/Pipeline.php(219): Illuminate/Routing/Middleware/ThrottleRequests->handle(Object(Illuminate/Http/Request), Object(Closure))
#30 C:/Users/user/MyFiles/ProgmiX/PEX-Form-main/modules/Backend/Http/Middleware/PathTraversal.php(57): Illuminate/Pipeline/Pipeline->Illuminate/Pipeline/{closure}(Object(Illuminate/Http/Request))
#31 C:/Users/user/MyFiles/ProgmiX/PEX-Form-main/vendor/laravel/framework/src/Illuminate/Pipeline/Pipeline.php(219): Juzaweb/Backend/Http/Middleware/PathTraversal->handle(Object(Illuminate/Http/Request), Object(Closure))
#32 C:/Users/user/MyFiles/ProgmiX/PEX-Form-main/modules/Backend/Http/Middleware/XssSanitization.php(44): Illuminate/Pipeline/Pipeline->Illuminate/Pipeline/{closure}(Object(Illuminate/Http/Request))
#33 C:/Users/user/MyFiles/ProgmiX/PEX-Form-main/vendor/laravel/framework/src/Illuminate/Pipeline/Pipeline.php(219): Juzaweb/Backend/Http/Middleware/XssSanitization->handle(Object(Illuminate/Http/Request), Object(Closure))
#34 C:/Users/user/MyFiles/ProgmiX/PEX-Form-main/vendor/spatie/laravel-csp/src/AddCspHeaders.php(13): Illuminate/Pipeline/Pipeline->Illuminate/Pipeline/{closure}(Object(Illuminate/Http/Request))
#35 C:/Users/user/MyFiles/ProgmiX/PEX-Form-main/vendor/laravel/framework/src/Illuminate/Pipeline/Pipeline.php(219): Spatie/Csp/AddCspHeaders->handle(Object(Illuminate/Http/Request), Object(Closure))
#36 C:/Users/user/MyFiles/ProgmiX/PEX-Form-main/vendor/barryvdh/laravel-debugbar/src/Middleware/InjectDebugbar.php(59): Illuminate/Pipeline/Pipeline->Illuminate/Pipeline/{closure}(Object(Illuminate/Http/Request))
#37 C:/Users/user/MyFiles/ProgmiX/PEX-Form-main/vendor/laravel/framework/src/Illuminate/Pipeline/Pipeline.php(219): Barryvdh/Debugbar/Middleware/InjectDebugbar->handle(Object(Illuminate/Http/Request), Object(Closure))
#38 C:/Users/user/MyFiles/ProgmiX/PEX-Form-main/modules/CMS/Http/Middleware/XFrameHeadersMiddleware.php(41): Illuminate/Pipeline/Pipeline->Illuminate/Pipeline/{closure}(Object(Illuminate/Http/Request))
#39 C:/Users/user/MyFiles/ProgmiX/PEX-Form-main/vendor/laravel/framework/src/Illuminate/Pipeline/Pipeline.php(219): Juzaweb/CMS/Http/Middleware/XFrameHeadersMiddleware->handle(Object(Illuminate/Http/Request), Object(Closure))
#40 C:/Users/user/MyFiles/ProgmiX/PEX-Form-main/vendor/laravel/framework/src/Illuminate/Routing/Middleware/SubstituteBindings.php(50): Illuminate/Pipeline/Pipeline->Illuminate/Pipeline/{closure}(Object(Illuminate/Http/Request))
#41 C:/Users/user/MyFiles/ProgmiX/PEX-Form-main/vendor/laravel/framework/src/Illuminate/Pipeline/Pipeline.php(219): Illuminate/Routing/Middleware/SubstituteBindings->handle(Object(Illuminate/Http/Request), Object(Closure))
#42 C:/Users/user/MyFiles/ProgmiX/PEX-Form-main/vendor/laravel/framework/src/Illuminate/Cookie/Middleware/AddQueuedCookiesToResponse.php(36): Illuminate/Pipeline/Pipeline->Illuminate/Pipeline/{closure}(Object(Illuminate/Http/Request))
#43 C:/Users/user/MyFiles/ProgmiX/PEX-Form-main/vendor/laravel/framework/src/Illuminate/Pipeline/Pipeline.php(219): Illuminate/Cookie/Middleware/AddQueuedCookiesToResponse->handle(Object(Illuminate/Http/Request), Object(Closure))
#44 C:/Users/user/MyFiles/ProgmiX/PEX-Form-main/vendor/laravel/framework/src/Illuminate/View/Middleware/ShareErrorsFromSession.php(48): Illuminate/Pipeline/Pipeline->Illuminate/Pipeline/{closure}(Object(Illuminate/Http/Request))
#45 C:/Users/user/MyFiles/ProgmiX/PEX-Form-main/modules/Backend/Http/Middleware/ShareErrorsUnlessBot.php(24): Illuminate/View/Middleware/ShareErrorsFromSession->handle(Object(Illuminate/Http/Request), Object(Closure))
#46 C:/Users/user/MyFiles/ProgmiX/PEX-Form-main/vendor/laravel/framework/src/Illuminate/Pipeline/Pipeline.php(219): Juzaweb/Backend/Http/Middleware/ShareErrorsUnlessBot->handle(Object(Illuminate/Http/Request), Object(Closure))
#47 C:/Users/user/MyFiles/ProgmiX/PEX-Form-main/vendor/laravel/framework/src/Illuminate/Session/Middleware/StartSession.php(120): Illuminate/Pipeline/Pipeline->Illuminate/Pipeline/{closure}(Object(Illuminate/Http/Request))
#48 C:/Users/user/MyFiles/ProgmiX/PEX-Form-main/vendor/laravel/framework/src/Illuminate/Session/Middleware/StartSession.php(63): Illuminate/Session/Middleware/StartSession->handleStatefulRequest(Object(Illuminate/Http/Request), Object(Illuminate/Session/Store), Object(Closure))
#49 C:/Users/user/MyFiles/ProgmiX/PEX-Form-main/modules/Backend/Http/Middleware/SkipSessionForBots.php(24): Illuminate/Session/Middleware/StartSession->handle(Object(Illuminate/Http/Request), Object(Closure))
#50 C:/Users/user/MyFiles/ProgmiX/PEX-Form-main/vendor/laravel/framework/src/Illuminate/Pipeline/Pipeline.php(219): Juzaweb/Backend/Http/Middleware/SkipSessionForBots->handle(Object(Illuminate/Http/Request), Object(Closure))
#51 C:/Users/user/MyFiles/ProgmiX/PEX-Form-main/vendor/laravel/framework/src/Illuminate/Cookie/Middleware/EncryptCookies.php(74): Illuminate/Pipeline/Pipeline->Illuminate/Pipeline/{closure}(Object(Illuminate/Http/Request))
#52 C:/Users/user/MyFiles/ProgmiX/PEX-Form-main/vendor/laravel/framework/src/Illuminate/Pipeline/Pipeline.php(219): Illuminate/Cookie/Middleware/EncryptCookies->handle(Object(Illuminate/Http/Request), Object(Closure))
#53 C:/Users/user/MyFiles/ProgmiX/PEX-Form-main/modules/CMS/Http/Middleware/GlobalMiddleware.php(11): Illuminate/Pipeline/Pipeline->Illuminate/Pipeline/{closure}(Object(Illuminate/Http/Request))
#54 C:/Users/user/MyFiles/ProgmiX/PEX-Form-main/vendor/laravel/framework/src/Illuminate/Pipeline/Pipeline.php(219): Juzaweb/CMS/Http/Middleware/GlobalMiddleware->handle(Object(Illuminate/Http/Request), Object(Closure))
#55 C:/Users/user/MyFiles/ProgmiX/PEX-Form-main/modules/Backend/Http/Middleware/DisableSessionForBots.php(30): Illuminate/Pipeline/Pipeline->Illuminate/Pipeline/{closure}(Object(Illuminate/Http/Request))
#56 C:/Users/user/MyFiles/ProgmiX/PEX-Form-main/vendor/laravel/framework/src/Illuminate/Pipeline/Pipeline.php(219): Juzaweb/Backend/Http/Middleware/DisableSessionForBots->handle(Object(Illuminate/Http/Request), Object(Closure))
#57 C:/Users/user/MyFiles/ProgmiX/PEX-Form-main/vendor/laravel/framework/src/Illuminate/Pipeline/Pipeline.php(137): Illuminate/Pipeline/Pipeline->Illuminate/Pipeline/{closure}(Object(Illuminate/Http/Request))
#58 C:/Users/user/MyFiles/ProgmiX/PEX-Form-main/vendor/laravel/framework/src/Illuminate/Routing/Router.php(821): Illuminate/Pipeline/Pipeline->then(Object(Closure))
#59 C:/Users/user/MyFiles/ProgmiX/PEX-Form-main/vendor/laravel/framework/src/Illuminate/Routing/Router.php(800): Illuminate/Routing/Router->runRouteWithinStack(Object(Illuminate/Routing/Route), Object(Illuminate/Http/Request))
#60 C:/Users/user/MyFiles/ProgmiX/PEX-Form-main/vendor/laravel/framework/src/Illuminate/Routing/Router.php(764): Illuminate/Routing/Router->runRoute(Object(Illuminate/Http/Request), Object(Illuminate/Routing/Route))
#61 C:/Users/user/MyFiles/ProgmiX/PEX-Form-main/vendor/laravel/framework/src/Illuminate/Routing/Router.php(753): Illuminate/Routing/Router->dispatchToRoute(Object(Illuminate/Http/Request))
#62 C:/Users/user/MyFiles/ProgmiX/PEX-Form-main/vendor/laravel/framework/src/Illuminate/Foundation/Http/Kernel.php(200): Illuminate/Routing/Router->dispatch(Object(Illuminate/Http/Request))
#63 C:/Users/user/MyFiles/ProgmiX/PEX-Form-main/vendor/laravel/framework/src/Illuminate/Pipeline/Pipeline.php(180): Illuminate/Foundation/Http/Kernel->Illuminate/Foundation/Http/{closure}(Object(Illuminate/Http/Request))
#64 C:/Users/user/MyFiles/ProgmiX/PEX-Form-main/vendor/barryvdh/laravel-debugbar/src/Middleware/InjectDebugbar.php(59): Illuminate/Pipeline/Pipeline->Illuminate/Pipeline/{closure}(Object(Illuminate/Http/Request))
#65 C:/Users/user/MyFiles/ProgmiX/PEX-Form-main/vendor/laravel/framework/src/Illuminate/Pipeline/Pipeline.php(219): Barryvdh/Debugbar/Middleware/InjectDebugbar->handle(Object(Illuminate/Http/Request), Object(Closure))
#66 C:/Users/user/MyFiles/ProgmiX/PEX-Form-main/modules/Backend/Http/Middleware/BlockIpMiddleware.php(31): Illuminate/Pipeline/Pipeline->Illuminate/Pipeline/{closure}(Object(Illuminate/Http/Request))
#67 C:/Users/user/MyFiles/ProgmiX/PEX-Form-main/vendor/laravel/framework/src/Illuminate/Pipeline/Pipeline.php(219): Juzaweb/Backend/Http/Middleware/BlockIpMiddleware->handle(Object(Illuminate/Http/Request), Object(Closure))
#68 C:/Users/user/MyFiles/ProgmiX/PEX-Form-main/modules/Backend/Http/Middleware/SecurityHeaders.php(25): Illuminate/Pipeline/Pipeline->Illuminate/Pipeline/{closure}(Object(Illuminate/Http/Request))
#69 C:/Users/user/MyFiles/ProgmiX/PEX-Form-main/vendor/laravel/framework/src/Illuminate/Pipeline/Pipeline.php(219): Juzaweb/Backend/Http/Middleware/SecurityHeaders->handle(Object(Illuminate/Http/Request), Object(Closure))
#70 C:/Users/user/MyFiles/ProgmiX/PEX-Form-main/vendor/laravel/framework/src/Illuminate/Foundation/Http/Middleware/TransformsRequest.php(21): Illuminate/Pipeline/Pipeline->Illuminate/Pipeline/{closure}(Object(Illuminate/Http/Request))
#71 C:/Users/user/MyFiles/ProgmiX/PEX-Form-main/vendor/laravel/framework/src/Illuminate/Foundation/Http/Middleware/ConvertEmptyStringsToNull.php(31): Illuminate/Foundation/Http/Middleware/TransformsRequest->handle(Object(Illuminate/Http/Request), Object(Closure))
#72 C:/Users/user/MyFiles/ProgmiX/PEX-Form-main/vendor/laravel/framework/src/Illuminate/Pipeline/Pipeline.php(219): Illuminate/Foundation/Http/Middleware/ConvertEmptyStringsToNull->handle(Object(Illuminate/Http/Request), Object(Closure))
#73 C:/Users/user/MyFiles/ProgmiX/PEX-Form-main/vendor/laravel/framework/src/Illuminate/Foundation/Http/Middleware/TransformsRequest.php(21): Illuminate/Pipeline/Pipeline->Illuminate/Pipeline/{closure}(Object(Illuminate/Http/Request))
#74 C:/Users/user/MyFiles/ProgmiX/PEX-Form-main/vendor/laravel/framework/src/Illuminate/Foundation/Http/Middleware/TrimStrings.php(51): Illuminate/Foundation/Http/Middleware/TransformsRequest->handle(Object(Illuminate/Http/Request), Object(Closure))
#75 C:/Users/user/MyFiles/ProgmiX/PEX-Form-main/vendor/laravel/framework/src/Illuminate/Pipeline/Pipeline.php(219): Illuminate/Foundation/Http/Middleware/TrimStrings->handle(Object(Illuminate/Http/Request), Object(Closure))
#76 C:/Users/user/MyFiles/ProgmiX/PEX-Form-main/vendor/laravel/framework/src/Illuminate/Http/Middleware/ValidatePostSize.php(27): Illuminate/Pipeline/Pipeline->Illuminate/Pipeline/{closure}(Object(Illuminate/Http/Request))
#77 C:/Users/user/MyFiles/ProgmiX/PEX-Form-main/vendor/laravel/framework/src/Illuminate/Pipeline/Pipeline.php(219): Illuminate/Http/Middleware/ValidatePostSize->handle(Object(Illuminate/Http/Request), Object(Closure))
#78 C:/Users/user/MyFiles/ProgmiX/PEX-Form-main/vendor/laravel/framework/src/Illuminate/Foundation/Http/Middleware/PreventRequestsDuringMaintenance.php(109): Illuminate/Pipeline/Pipeline->Illuminate/Pipeline/{closure}(Object(Illuminate/Http/Request))
#79 C:/Users/user/MyFiles/ProgmiX/PEX-Form-main/vendor/laravel/framework/src/Illuminate/Pipeline/Pipeline.php(219): Illuminate/Foundation/Http/Middleware/PreventRequestsDuringMaintenance->handle(Object(Illuminate/Http/Request), Object(Closure))
#80 C:/Users/user/MyFiles/ProgmiX/PEX-Form-main/vendor/laravel/framework/src/Illuminate/Http/Middleware/HandleCors.php(61): Illuminate/Pipeline/Pipeline->Illuminate/Pipeline/{closure}(Object(Illuminate/Http/Request))
#81 C:/Users/user/MyFiles/ProgmiX/PEX-Form-main/vendor/laravel/framework/src/Illuminate/Pipeline/Pipeline.php(219): Illuminate/Http/Middleware/HandleCors->handle(Object(Illuminate/Http/Request), Object(Closure))
#82 C:/Users/user/MyFiles/ProgmiX/PEX-Form-main/vendor/laravel/framework/src/Illuminate/Http/Middleware/TrustProxies.php(58): Illuminate/Pipeline/Pipeline->Illuminate/Pipeline/{closure}(Object(Illuminate/Http/Request))
#83 C:/Users/user/MyFiles/ProgmiX/PEX-Form-main/vendor/laravel/framework/src/Illuminate/Pipeline/Pipeline.php(219): Illuminate/Http/Middleware/TrustProxies->handle(Object(Illuminate/Http/Request), Object(Closure))
#84 C:/Users/user/MyFiles/ProgmiX/PEX-Form-main/vendor/laravel/framework/src/Illuminate/Pipeline/Pipeline.php(137): Illuminate/Pipeline/Pipeline->Illuminate/Pipeline/{closure}(Object(Illuminate/Http/Request))
#85 C:/Users/user/MyFiles/ProgmiX/PEX-Form-main/vendor/laravel/framework/src/Illuminate/Foundation/Http/Kernel.php(175): Illuminate/Pipeline/Pipeline->then(Object(Closure))
#86 C:/Users/user/MyFiles/ProgmiX/PEX-Form-main/vendor/laravel/framework/src/Illuminate/Foundation/Http/Kernel.php(144): Illuminate/Foundation/Http/Kernel->sendRequestThroughRouter(Object(Illuminate/Http/Request))
#87 C:/Users/user/MyFiles/ProgmiX/PEX-Form-main/public/index.php(51): Illuminate/Foundation/Http/Kernel->handle(Object(Illuminate/Http/Request))
#88 C:/Users/user/MyFiles/ProgmiX/PEX-Form-main/vendor/laravel/framework/src/Illuminate/Foundation/resources/server.php(23): require_once('C://Users//user//M...')
#89 {main}
"} 
[2026-09-30 09:32:47] local.ERROR: Undefined array key "linkedinLink123" {"userId":1,"exception":"[object] (Spatie\\LaravelIgnition\\Exceptions\\ViewException(code: 0): Undefined array key \"linkedinLink123\" at C:/Users/user/MyFiles/ProgmiX/PEX-Form-main/modules/Frontend/resources/views/templates/homepage/pex/contact.blade.php:15)
[stacktrace]
#0 C:/Users/user/MyFiles/ProgmiX/PEX-Form-main/vendor/laravel/framework/src/Illuminate/Filesystem/Filesystem.php(123): require('C://Users//user//M...')
#1 C:/Users/user/MyFiles/ProgmiX/PEX-Form-main/vendor/laravel/framework/src/Illuminate/Filesystem/Filesystem.php(124): Illuminate/Filesystem/Filesystem::Illuminate/Filesystem/{closure}()
#2 C:/Users/user/MyFiles/ProgmiX/PEX-Form-main/vendor/laravel/framework/src/Illuminate/View/Engines/PhpEngine.php(57): Illuminate/Filesystem/Filesystem->getRequire('C://Users//user//M...', Array)
#3 C:/Users/user/MyFiles/ProgmiX/PEX-Form-main/vendor/laravel/framework/src/Illuminate/View/Engines/CompilerEngine.php(76): Illuminate/View/Engines/PhpEngine->evaluatePath('C://Users//user//M...', Array)
#4 C:/Users/user/MyFiles/ProgmiX/PEX-Form-main/vendor/laravel/framework/src/Illuminate/View/View.php(208): Illuminate/View/Engines/CompilerEngine->get('C://Users//user//M...', Array)
#5 C:/Users/user/MyFiles/ProgmiX/PEX-Form-main/vendor/laravel/framework/src/Illuminate/View/View.php(191): Illuminate/View/View->getContents()
#6 C:/Users/user/MyFiles/ProgmiX/PEX-Form-main/vendor/laravel/framework/src/Illuminate/View/View.php(160): Illuminate/View/View->renderContents()
#7 C:/Users/user/MyFiles/ProgmiX/PEX-Form-main/modules/Frontend/resources/views/home.blade.php(1): Illuminate/View/View->render()
#8 C:/Users/user/MyFiles/ProgmiX/PEX-Form-main/vendor/laravel/framework/src/Illuminate/Filesystem/Filesystem.php(123): require('C://Users//user//M...')
#9 C:/Users/user/MyFiles/ProgmiX/PEX-Form-main/vendor/laravel/framework/src/Illuminate/Filesystem/Filesystem.php(124): Illuminate/Filesystem/Filesystem::Illuminate/Filesystem/{closure}()
#10 C:/Users/user/MyFiles/ProgmiX/PEX-Form-main/vendor/laravel/framework/src/Illuminate/View/Engines/PhpEngine.php(57): Illuminate/Filesystem/Filesystem->getRequire('C://Users//user//M...', Array)
#11 C:/Users/user/MyFiles/ProgmiX/PEX-Form-main/vendor/laravel/framework/src/Illuminate/View/Engines/CompilerEngine.php(76): Illuminate/View/Engines/PhpEngine->evaluatePath('C://Users//user//M...', Array)
#12 C:/Users/user/MyFiles/ProgmiX/PEX-Form-main/vendor/laravel/framework/src/Illuminate/View/View.php(208): Illuminate/View/Engines/CompilerEngine->get('C://Users//user//M...', Array)
#13 C:/Users/user/MyFiles/ProgmiX/PEX-Form-main/vendor/laravel/framework/src/Illuminate/View/View.php(191): Illuminate/View/View->getContents()
#14 C:/Users/user/MyFiles/ProgmiX/PEX-Form-main/vendor/laravel/framework/src/Illuminate/View/View.php(160): Illuminate/View/View->renderContents()
#15 C:/Users/user/MyFiles/ProgmiX/PEX-Form-main/vendor/laravel/framework/src/Illuminate/Http/Response.php(78): Illuminate/View/View->render()
#16 C:/Users/user/MyFiles/ProgmiX/PEX-Form-main/vendor/laravel/framework/src/Illuminate/Http/Response.php(34): Illuminate/Http/Response->setContent(Object(Illuminate/View/View))
#17 C:/Users/user/MyFiles/ProgmiX/PEX-Form-main/vendor/laravel/framework/src/Illuminate/Routing/Router.php(939): Illuminate/Http/Response->__construct(Object(Illuminate/View/View), 200, Array)
#18 C:/Users/user/MyFiles/ProgmiX/PEX-Form-main/vendor/laravel/framework/src/Illuminate/Routing/Router.php(906): Illuminate/Routing/Router::toResponse(Object(Illuminate/Http/Request), Object(Illuminate/View/View))
#19 C:/Users/user/MyFiles/ProgmiX/PEX-Form-main/vendor/laravel/framework/src/Illuminate/Routing/Router.php(821): Illuminate/Routing/Router->prepareResponse(Object(Illuminate/Http/Request), Object(Illuminate/View/View))
#20 C:/Users/user/MyFiles/ProgmiX/PEX-Form-main/vendor/laravel/framework/src/Illuminate/Pipeline/Pipeline.php(180): Illuminate/Routing/Router->Illuminate/Routing/{closure}(Object(Illuminate/Http/Request))
#21 C:/Users/user/MyFiles/ProgmiX/PEX-Form-main/modules/Frontend/Http/Middleware/Locale.php(49): Illuminate/Pipeline/Pipeline->Illuminate/Pipeline/{closure}(Object(Illuminate/Http/Request))
#22 C:/Users/user/MyFiles/ProgmiX/PEX-Form-main/vendor/laravel/framework/src/Illuminate/Pipeline/Pipeline.php(219): Juzaweb/Frontend/Http/Middleware/Locale->handle(Object(Illuminate/Http/Request), Object(Closure))
#23 C:/Users/user/MyFiles/ProgmiX/PEX-Form-main/modules/Backend/Http/Middleware/SecurityHeaders.php(25): Illuminate/Pipeline/Pipeline->Illuminate/Pipeline/{closure}(Object(Illuminate/Http/Request))
#24 C:/Users/user/MyFiles/ProgmiX/PEX-Form-main/vendor/laravel/framework/src/Illuminate/Pipeline/Pipeline.php(219): Juzaweb/Backend/Http/Middleware/SecurityHeaders->handle(Object(Illuminate/Http/Request), Object(Closure))
#25 C:/Users/user/MyFiles/ProgmiX/PEX-Form-main/vendor/laravel/framework/src/Illuminate/Routing/Middleware/ThrottleRequests.php(166): Illuminate/Pipeline/Pipeline->Illuminate/Pipeline/{closure}(Object(Illuminate/Http/Request))
#26 C:/Users/user/MyFiles/ProgmiX/PEX-Form-main/vendor/laravel/framework/src/Illuminate/Routing/Middleware/ThrottleRequests.php(93): Illuminate/Routing/Middleware/ThrottleRequests->handleRequest(Object(Illuminate/Http/Request), Object(Closure), Array)
#27 C:/Users/user/MyFiles/ProgmiX/PEX-Form-main/vendor/laravel/framework/src/Illuminate/Pipeline/Pipeline.php(219): Illuminate/Routing/Middleware/ThrottleRequests->handle(Object(Illuminate/Http/Request), Object(Closure))
#28 C:/Users/user/MyFiles/ProgmiX/PEX-Form-main/modules/Backend/Http/Middleware/PathTraversal.php(57): Illuminate/Pipeline/Pipeline->Illuminate/Pipeline/{closure}(Object(Illuminate/Http/Request))
#29 C:/Users/user/MyFiles/ProgmiX/PEX-Form-main/vendor/laravel/framework/src/Illuminate/Pipeline/Pipeline.php(219): Juzaweb/Backend/Http/Middleware/PathTraversal->handle(Object(Illuminate/Http/Request), Object(Closure))
#30 C:/Users/user/MyFiles/ProgmiX/PEX-Form-main/modules/Backend/Http/Middleware/XssSanitization.php(44): Illuminate/Pipeline/Pipeline->Illuminate/Pipeline/{closure}(Object(Illuminate/Http/Request))
#31 C:/Users/user/MyFiles/ProgmiX/PEX-Form-main/vendor/laravel/framework/src/Illuminate/Pipeline/Pipeline.php(219): Juzaweb/Backend/Http/Middleware/XssSanitization->handle(Object(Illuminate/Http/Request), Object(Closure))
#32 C:/Users/user/MyFiles/ProgmiX/PEX-Form-main/vendor/spatie/laravel-csp/src/AddCspHeaders.php(13): Illuminate/Pipeline/Pipeline->Illuminate/Pipeline/{closure}(Object(Illuminate/Http/Request))
#33 C:/Users/user/MyFiles/ProgmiX/PEX-Form-main/vendor/laravel/framework/src/Illuminate/Pipeline/Pipeline.php(219): Spatie/Csp/AddCspHeaders->handle(Object(Illuminate/Http/Request), Object(Closure))
#34 C:/Users/user/MyFiles/ProgmiX/PEX-Form-main/vendor/barryvdh/laravel-debugbar/src/Middleware/InjectDebugbar.php(59): Illuminate/Pipeline/Pipeline->Illuminate/Pipeline/{closure}(Object(Illuminate/Http/Request))
#35 C:/Users/user/MyFiles/ProgmiX/PEX-Form-main/vendor/laravel/framework/src/Illuminate/Pipeline/Pipeline.php(219): Barryvdh/Debugbar/Middleware/InjectDebugbar->handle(Object(Illuminate/Http/Request), Object(Closure))
#36 C:/Users/user/MyFiles/ProgmiX/PEX-Form-main/modules/CMS/Http/Middleware/XFrameHeadersMiddleware.php(41): Illuminate/Pipeline/Pipeline->Illuminate/Pipeline/{closure}(Object(Illuminate/Http/Request))
#37 C:/Users/user/MyFiles/ProgmiX/PEX-Form-main/vendor/laravel/framework/src/Illuminate/Pipeline/Pipeline.php(219): Juzaweb/CMS/Http/Middleware/XFrameHeadersMiddleware->handle(Object(Illuminate/Http/Request), Object(Closure))
#38 C:/Users/user/MyFiles/ProgmiX/PEX-Form-main/vendor/laravel/framework/src/Illuminate/Routing/Middleware/SubstituteBindings.php(50): Illuminate/Pipeline/Pipeline->Illuminate/Pipeline/{closure}(Object(Illuminate/Http/Request))
#39 C:/Users/user/MyFiles/ProgmiX/PEX-Form-main/vendor/laravel/framework/src/Illuminate/Pipeline/Pipeline.php(219): Illuminate/Routing/Middleware/SubstituteBindings->handle(Object(Illuminate/Http/Request), Object(Closure))
#40 C:/Users/user/MyFiles/ProgmiX/PEX-Form-main/vendor/laravel/framework/src/Illuminate/Cookie/Middleware/AddQueuedCookiesToResponse.php(36): Illuminate/Pipeline/Pipeline->Illuminate/Pipeline/{closure}(Object(Illuminate/Http/Request))
#41 C:/Users/user/MyFiles/ProgmiX/PEX-Form-main/vendor/laravel/framework/src/Illuminate/Pipeline/Pipeline.php(219): Illuminate/Cookie/Middleware/AddQueuedCookiesToResponse->handle(Object(Illuminate/Http/Request), Object(Closure))
#42 C:/Users/user/MyFiles/ProgmiX/PEX-Form-main/vendor/laravel/framework/src/Illuminate/View/Middleware/ShareErrorsFromSession.php(48): Illuminate/Pipeline/Pipeline->Illuminate/Pipeline/{closure}(Object(Illuminate/Http/Request))
#43 C:/Users/user/MyFiles/ProgmiX/PEX-Form-main/modules/Backend/Http/Middleware/ShareErrorsUnlessBot.php(24): Illuminate/View/Middleware/ShareErrorsFromSession->handle(Object(Illuminate/Http/Request), Object(Closure))
#44 C:/Users/user/MyFiles/ProgmiX/PEX-Form-main/vendor/laravel/framework/src/Illuminate/Pipeline/Pipeline.php(219): Juzaweb/Backend/Http/Middleware/ShareErrorsUnlessBot->handle(Object(Illuminate/Http/Request), Object(Closure))
#45 C:/Users/user/MyFiles/ProgmiX/PEX-Form-main/vendor/laravel/framework/src/Illuminate/Session/Middleware/StartSession.php(120): Illuminate/Pipeline/Pipeline->Illuminate/Pipeline/{closure}(Object(Illuminate/Http/Request))
#46 C:/Users/user/MyFiles/ProgmiX/PEX-Form-main/vendor/laravel/framework/src/Illuminate/Session/Middleware/StartSession.php(63): Illuminate/Session/Middleware/StartSession->handleStatefulRequest(Object(Illuminate/Http/Request), Object(Illuminate/Session/Store), Object(Closure))
#47 C:/Users/user/MyFiles/ProgmiX/PEX-Form-main/modules/Backend/Http/Middleware/SkipSessionForBots.php(24): Illuminate/Session/Middleware/StartSession->handle(Object(Illuminate/Http/Request), Object(Closure))
#48 C:/Users/user/MyFiles/ProgmiX/PEX-Form-main/vendor/laravel/framework/src/Illuminate/Pipeline/Pipeline.php(219): Juzaweb/Backend/Http/Middleware/SkipSessionForBots->handle(Object(Illuminate/Http/Request), Object(Closure))
#49 C:/Users/user/MyFiles/ProgmiX/PEX-Form-main/vendor/laravel/framework/src/Illuminate/Cookie/Middleware/EncryptCookies.php(74): Illuminate/Pipeline/Pipeline->Illuminate/Pipeline/{closure}(Object(Illuminate/Http/Request))
#50 C:/Users/user/MyFiles/ProgmiX/PEX-Form-main/vendor/laravel/framework/src/Illuminate/Pipeline/Pipeline.php(219): Illuminate/Cookie/Middleware/EncryptCookies->handle(Object(Illuminate/Http/Request), Object(Closure))
#51 C:/Users/user/MyFiles/ProgmiX/PEX-Form-main/modules/CMS/Http/Middleware/GlobalMiddleware.php(11): Illuminate/Pipeline/Pipeline->Illuminate/Pipeline/{closure}(Object(Illuminate/Http/Request))
#52 C:/Users/user/MyFiles/ProgmiX/PEX-Form-main/vendor/laravel/framework/src/Illuminate/Pipeline/Pipeline.php(219): Juzaweb/CMS/Http/Middleware/GlobalMiddleware->handle(Object(Illuminate/Http/Request), Object(Closure))
#53 C:/Users/user/MyFiles/ProgmiX/PEX-Form-main/modules/Backend/Http/Middleware/DisableSessionForBots.php(30): Illuminate/Pipeline/Pipeline->Illuminate/Pipeline/{closure}(Object(Illuminate/Http/Request))
#54 C:/Users/user/MyFiles/ProgmiX/PEX-Form-main/vendor/laravel/framework/src/Illuminate/Pipeline/Pipeline.php(219): Juzaweb/Backend/Http/Middleware/DisableSessionForBots->handle(Object(Illuminate/Http/Request), Object(Closure))
#55 C:/Users/user/MyFiles/ProgmiX/PEX-Form-main/vendor/laravel/framework/src/Illuminate/Pipeline/Pipeline.php(137): Illuminate/Pipeline/Pipeline->Illuminate/Pipeline/{closure}(Object(Illuminate/Http/Request))
#56 C:/Users/user/MyFiles/ProgmiX/PEX-Form-main/vendor/laravel/framework/src/Illuminate/Routing/Router.php(821): Illuminate/Pipeline/Pipeline->then(Object(Closure))
#57 C:/Users/user/MyFiles/ProgmiX/PEX-Form-main/vendor/laravel/framework/src/Illuminate/Routing/Router.php(800): Illuminate/Routing/Router->runRouteWithinStack(Object(Illuminate/Routing/Route), Object(Illuminate/Http/Request))
#58 C:/Users/user/MyFiles/ProgmiX/PEX-Form-main/vendor/laravel/framework/src/Illuminate/Routing/Router.php(764): Illuminate/Routing/Router->runRoute(Object(Illuminate/Http/Request), Object(Illuminate/Routing/Route))
#59 C:/Users/user/MyFiles/ProgmiX/PEX-Form-main/vendor/laravel/framework/src/Illuminate/Routing/Router.php(753): Illuminate/Routing/Router->dispatchToRoute(Object(Illuminate/Http/Request))
#60 C:/Users/user/MyFiles/ProgmiX/PEX-Form-main/vendor/laravel/framework/src/Illuminate/Foundation/Http/Kernel.php(200): Illuminate/Routing/Router->dispatch(Object(Illuminate/Http/Request))
#61 C:/Users/user/MyFiles/ProgmiX/PEX-Form-main/vendor/laravel/framework/src/Illuminate/Pipeline/Pipeline.php(180): Illuminate/Foundation/Http/Kernel->Illuminate/Foundation/Http/{closure}(Object(Illuminate/Http/Request))
#62 C:/Users/user/MyFiles/ProgmiX/PEX-Form-main/vendor/barryvdh/laravel-debugbar/src/Middleware/InjectDebugbar.php(59): Illuminate/Pipeline/Pipeline->Illuminate/Pipeline/{closure}(Object(Illuminate/Http/Request))
#63 C:/Users/user/MyFiles/ProgmiX/PEX-Form-main/vendor/laravel/framework/src/Illuminate/Pipeline/Pipeline.php(219): Barryvdh/Debugbar/Middleware/InjectDebugbar->handle(Object(Illuminate/Http/Request), Object(Closure))
#64 C:/Users/user/MyFiles/ProgmiX/PEX-Form-main/modules/Backend/Http/Middleware/BlockIpMiddleware.php(31): Illuminate/Pipeline/Pipeline->Illuminate/Pipeline/{closure}(Object(Illuminate/Http/Request))
#65 C:/Users/user/MyFiles/ProgmiX/PEX-Form-main/vendor/laravel/framework/src/Illuminate/Pipeline/Pipeline.php(219): Juzaweb/Backend/Http/Middleware/BlockIpMiddleware->handle(Object(Illuminate/Http/Request), Object(Closure))
#66 C:/Users/user/MyFiles/ProgmiX/PEX-Form-main/modules/Backend/Http/Middleware/SecurityHeaders.php(25): Illuminate/Pipeline/Pipeline->Illuminate/Pipeline/{closure}(Object(Illuminate/Http/Request))
#67 C:/Users/user/MyFiles/ProgmiX/PEX-Form-main/vendor/laravel/framework/src/Illuminate/Pipeline/Pipeline.php(219): Juzaweb/Backend/Http/Middleware/SecurityHeaders->handle(Object(Illuminate/Http/Request), Object(Closure))
#68 C:/Users/user/MyFiles/ProgmiX/PEX-Form-main/vendor/laravel/framework/src/Illuminate/Foundation/Http/Middleware/TransformsRequest.php(21): Illuminate/Pipeline/Pipeline->Illuminate/Pipeline/{closure}(Object(Illuminate/Http/Request))
#69 C:/Users/user/MyFiles/ProgmiX/PEX-Form-main/vendor/laravel/framework/src/Illuminate/Foundation/Http/Middleware/ConvertEmptyStringsToNull.php(31): Illuminate/Foundation/Http/Middleware/TransformsRequest->handle(Object(Illuminate/Http/Request), Object(Closure))
#70 C:/Users/user/MyFiles/ProgmiX/PEX-Form-main/vendor/laravel/framework/src/Illuminate/Pipeline/Pipeline.php(219): Illuminate/Foundation/Http/Middleware/ConvertEmptyStringsToNull->handle(Object(Illuminate/Http/Request), Object(Closure))
#71 C:/Users/user/MyFiles/ProgmiX/PEX-Form-main/vendor/laravel/framework/src/Illuminate/Foundation/Http/Middleware/TransformsRequest.php(21): Illuminate/Pipeline/Pipeline->Illuminate/Pipeline/{closure}(Object(Illuminate/Http/Request))
#72 C:/Users/user/MyFiles/ProgmiX/PEX-Form-main/vendor/laravel/framework/src/Illuminate/Foundation/Http/Middleware/TrimStrings.php(51): Illuminate/Foundation/Http/Middleware/TransformsRequest->handle(Object(Illuminate/Http/Request), Object(Closure))
#73 C:/Users/user/MyFiles/ProgmiX/PEX-Form-main/vendor/laravel/framework/src/Illuminate/Pipeline/Pipeline.php(219): Illuminate/Foundation/Http/Middleware/TrimStrings->handle(Object(Illuminate/Http/Request), Object(Closure))
#74 C:/Users/user/MyFiles/ProgmiX/PEX-Form-main/vendor/laravel/framework/src/Illuminate/Http/Middleware/ValidatePostSize.php(27): Illuminate/Pipeline/Pipeline->Illuminate/Pipeline/{closure}(Object(Illuminate/Http/Request))
#75 C:/Users/user/MyFiles/ProgmiX/PEX-Form-main/vendor/laravel/framework/src/Illuminate/Pipeline/Pipeline.php(219): Illuminate/Http/Middleware/ValidatePostSize->handle(Object(Illuminate/Http/Request), Object(Closure))
#76 C:/Users/user/MyFiles/ProgmiX/PEX-Form-main/vendor/laravel/framework/src/Illuminate/Foundation/Http/Middleware/PreventRequestsDuringMaintenance.php(109): Illuminate/Pipeline/Pipeline->Illuminate/Pipeline/{closure}(Object(Illuminate/Http/Request))
#77 C:/Users/user/MyFiles/ProgmiX/PEX-Form-main/vendor/laravel/framework/src/Illuminate/Pipeline/Pipeline.php(219): Illuminate/Foundation/Http/Middleware/PreventRequestsDuringMaintenance->handle(Object(Illuminate/Http/Request), Object(Closure))
#78 C:/Users/user/MyFiles/ProgmiX/PEX-Form-main/vendor/laravel/framework/src/Illuminate/Http/Middleware/HandleCors.php(61): Illuminate/Pipeline/Pipeline->Illuminate/Pipeline/{closure}(Object(Illuminate/Http/Request))
#79 C:/Users/user/MyFiles/ProgmiX/PEX-Form-main/vendor/laravel/framework/src/Illuminate/Pipeline/Pipeline.php(219): Illuminate/Http/Middleware/HandleCors->handle(Object(Illuminate/Http/Request), Object(Closure))
#80 C:/Users/user/MyFiles/ProgmiX/PEX-Form-main/vendor/laravel/framework/src/Illuminate/Http/Middleware/TrustProxies.php(58): Illuminate/Pipeline/Pipeline->Illuminate/Pipeline/{closure}(Object(Illuminate/Http/Request))
#81 C:/Users/user/MyFiles/ProgmiX/PEX-Form-main/vendor/laravel/framework/src/Illuminate/Pipeline/Pipeline.php(219): Illuminate/Http/Middleware/TrustProxies->handle(Object(Illuminate/Http/Request), Object(Closure))
#82 C:/Users/user/MyFiles/ProgmiX/PEX-Form-main/vendor/laravel/framework/src/Illuminate/Pipeline/Pipeline.php(137): Illuminate/Pipeline/Pipeline->Illuminate/Pipeline/{closure}(Object(Illuminate/Http/Request))
#83 C:/Users/user/MyFiles/ProgmiX/PEX-Form-main/vendor/laravel/framework/src/Illuminate/Foundation/Http/Kernel.php(175): Illuminate/Pipeline/Pipeline->then(Object(Closure))
#84 C:/Users/user/MyFiles/ProgmiX/PEX-Form-main/vendor/laravel/framework/src/Illuminate/Foundation/Http/Kernel.php(144): Illuminate/Foundation/Http/Kernel->sendRequestThroughRouter(Object(Illuminate/Http/Request))
#85 C:/Users/user/MyFiles/ProgmiX/PEX-Form-main/public/index.php(51): Illuminate/Foundation/Http/Kernel->handle(Object(Illuminate/Http/Request))
#86 C:/Users/user/MyFiles/ProgmiX/PEX-Form-main/vendor/laravel/framework/src/Illuminate/Foundation/resources/server.php(23): require_once('C://Users//user//M...')
#87 {main}

[previous exception] [object] (ErrorException(code: 0): Undefined array key \"linkedinLink123\" at C:/Users/user/MyFiles/ProgmiX/PEX-Form-main/storage/framework/views/a84ddf431c771032d0234d77e02450d7.php:15)
[stacktrace]
#0 C:/Users/user/MyFiles/ProgmiX/PEX-Form-main/vendor/laravel/framework/src/Illuminate/Foundation/Bootstrap/HandleExceptions.php(262): Illuminate/Foundation/Bootstrap/HandleExceptions->handleError(2, 'Undefined array...', 'C://Users//user//M...', 15)
#1 C:/Users/user/MyFiles/ProgmiX/PEX-Form-main/storage/framework/views/a84ddf431c771032d0234d77e02450d7.php(15): Illuminate/Foundation/Bootstrap/HandleExceptions->Illuminate/Foundation/Bootstrap/{closure}(2, 'Undefined array...', 'C://Users//user//M...', 15)
#2 C:/Users/user/MyFiles/ProgmiX/PEX-Form-main/vendor/laravel/framework/src/Illuminate/Filesystem/Filesystem.php(123): require('C://Users//user//M...')
#3 C:/Users/user/MyFiles/ProgmiX/PEX-Form-main/vendor/laravel/framework/src/Illuminate/Filesystem/Filesystem.php(124): Illuminate/Filesystem/Filesystem::Illuminate/Filesystem/{closure}()
#4 C:/Users/user/MyFiles/ProgmiX/PEX-Form-main/vendor/laravel/framework/src/Illuminate/View/Engines/PhpEngine.php(57): Illuminate/Filesystem/Filesystem->getRequire('C://Users//user//M...', Array)
#5 C:/Users/user/MyFiles/ProgmiX/PEX-Form-main/vendor/laravel/framework/src/Illuminate/View/Engines/CompilerEngine.php(76): Illuminate/View/Engines/PhpEngine->evaluatePath('C://Users//user//M...', Array)
#6 C:/Users/user/MyFiles/ProgmiX/PEX-Form-main/vendor/laravel/framework/src/Illuminate/View/View.php(208): Illuminate/View/Engines/CompilerEngine->get('C://Users//user//M...', Array)
#7 C:/Users/user/MyFiles/ProgmiX/PEX-Form-main/vendor/laravel/framework/src/Illuminate/View/View.php(191): Illuminate/View/View->getContents()
#8 C:/Users/user/MyFiles/ProgmiX/PEX-Form-main/vendor/laravel/framework/src/Illuminate/View/View.php(160): Illuminate/View/View->renderContents()
#9 C:/Users/user/MyFiles/ProgmiX/PEX-Form-main/storage/framework/views/078e945ecbf82d678121cbf4f8650dce.php(1): Illuminate/View/View->render()
#10 C:/Users/user/MyFiles/ProgmiX/PEX-Form-main/vendor/laravel/framework/src/Illuminate/Filesystem/Filesystem.php(123): require('C://Users//user//M...')
#11 C:/Users/user/MyFiles/ProgmiX/PEX-Form-main/vendor/laravel/framework/src/Illuminate/Filesystem/Filesystem.php(124): Illuminate/Filesystem/Filesystem::Illuminate/Filesystem/{closure}()
#12 C:/Users/user/MyFiles/ProgmiX/PEX-Form-main/vendor/laravel/framework/src/Illuminate/View/Engines/PhpEngine.php(57): Illuminate/Filesystem/Filesystem->getRequire('C://Users//user//M...', Array)
#13 C:/Users/user/MyFiles/ProgmiX/PEX-Form-main/vendor/laravel/framework/src/Illuminate/View/Engines/CompilerEngine.php(76): Illuminate/View/Engines/PhpEngine->evaluatePath('C://Users//user//M...', Array)
#14 C:/Users/user/MyFiles/ProgmiX/PEX-Form-main/vendor/laravel/framework/src/Illuminate/View/View.php(208): Illuminate/View/Engines/CompilerEngine->get('C://Users//user//M...', Array)
#15 C:/Users/user/MyFiles/ProgmiX/PEX-Form-main/vendor/laravel/framework/src/Illuminate/View/View.php(191): Illuminate/View/View->getContents()
#16 C:/Users/user/MyFiles/ProgmiX/PEX-Form-main/vendor/laravel/framework/src/Illuminate/View/View.php(160): Illuminate/View/View->renderContents()
#17 C:/Users/user/MyFiles/ProgmiX/PEX-Form-main/vendor/laravel/framework/src/Illuminate/Http/Response.php(78): Illuminate/View/View->render()
#18 C:/Users/user/MyFiles/ProgmiX/PEX-Form-main/vendor/laravel/framework/src/Illuminate/Http/Response.php(34): Illuminate/Http/Response->setContent(Object(Illuminate/View/View))
#19 C:/Users/user/MyFiles/ProgmiX/PEX-Form-main/vendor/laravel/framework/src/Illuminate/Routing/Router.php(939): Illuminate/Http/Response->__construct(Object(Illuminate/View/View), 200, Array)
#20 C:/Users/user/MyFiles/ProgmiX/PEX-Form-main/vendor/laravel/framework/src/Illuminate/Routing/Router.php(906): Illuminate/Routing/Router::toResponse(Object(Illuminate/Http/Request), Object(Illuminate/View/View))
#21 C:/Users/user/MyFiles/ProgmiX/PEX-Form-main/vendor/laravel/framework/src/Illuminate/Routing/Router.php(821): Illuminate/Routing/Router->prepareResponse(Object(Illuminate/Http/Request), Object(Illuminate/View/View))
#22 C:/Users/user/MyFiles/ProgmiX/PEX-Form-main/vendor/laravel/framework/src/Illuminate/Pipeline/Pipeline.php(180): Illuminate/Routing/Router->Illuminate/Routing/{closure}(Object(Illuminate/Http/Request))
#23 C:/Users/user/MyFiles/ProgmiX/PEX-Form-main/modules/Frontend/Http/Middleware/Locale.php(49): Illuminate/Pipeline/Pipeline->Illuminate/Pipeline/{closure}(Object(Illuminate/Http/Request))
#24 C:/Users/user/MyFiles/ProgmiX/PEX-Form-main/vendor/laravel/framework/src/Illuminate/Pipeline/Pipeline.php(219): Juzaweb/Frontend/Http/Middleware/Locale->handle(Object(Illuminate/Http/Request), Object(Closure))
#25 C:/Users/user/MyFiles/ProgmiX/PEX-Form-main/modules/Backend/Http/Middleware/SecurityHeaders.php(25): Illuminate/Pipeline/Pipeline->Illuminate/Pipeline/{closure}(Object(Illuminate/Http/Request))
#26 C:/Users/user/MyFiles/ProgmiX/PEX-Form-main/vendor/laravel/framework/src/Illuminate/Pipeline/Pipeline.php(219): Juzaweb/Backend/Http/Middleware/SecurityHeaders->handle(Object(Illuminate/Http/Request), Object(Closure))
#27 C:/Users/user/MyFiles/ProgmiX/PEX-Form-main/vendor/laravel/framework/src/Illuminate/Routing/Middleware/ThrottleRequests.php(166): Illuminate/Pipeline/Pipeline->Illuminate/Pipeline/{closure}(Object(Illuminate/Http/Request))
#28 C:/Users/user/MyFiles/ProgmiX/PEX-Form-main/vendor/laravel/framework/src/Illuminate/Routing/Middleware/ThrottleRequests.php(93): Illuminate/Routing/Middleware/ThrottleRequests->handleRequest(Object(Illuminate/Http/Request), Object(Closure), Array)
#29 C:/Users/user/MyFiles/ProgmiX/PEX-Form-main/vendor/laravel/framework/src/Illuminate/Pipeline/Pipeline.php(219): Illuminate/Routing/Middleware/ThrottleRequests->handle(Object(Illuminate/Http/Request), Object(Closure))
#30 C:/Users/user/MyFiles/ProgmiX/PEX-Form-main/modules/Backend/Http/Middleware/PathTraversal.php(57): Illuminate/Pipeline/Pipeline->Illuminate/Pipeline/{closure}(Object(Illuminate/Http/Request))
#31 C:/Users/user/MyFiles/ProgmiX/PEX-Form-main/vendor/laravel/framework/src/Illuminate/Pipeline/Pipeline.php(219): Juzaweb/Backend/Http/Middleware/PathTraversal->handle(Object(Illuminate/Http/Request), Object(Closure))
#32 C:/Users/user/MyFiles/ProgmiX/PEX-Form-main/modules/Backend/Http/Middleware/XssSanitization.php(44): Illuminate/Pipeline/Pipeline->Illuminate/Pipeline/{closure}(Object(Illuminate/Http/Request))
#33 C:/Users/user/MyFiles/ProgmiX/PEX-Form-main/vendor/laravel/framework/src/Illuminate/Pipeline/Pipeline.php(219): Juzaweb/Backend/Http/Middleware/XssSanitization->handle(Object(Illuminate/Http/Request), Object(Closure))
#34 C:/Users/user/MyFiles/ProgmiX/PEX-Form-main/vendor/spatie/laravel-csp/src/AddCspHeaders.php(13): Illuminate/Pipeline/Pipeline->Illuminate/Pipeline/{closure}(Object(Illuminate/Http/Request))
#35 C:/Users/user/MyFiles/ProgmiX/PEX-Form-main/vendor/laravel/framework/src/Illuminate/Pipeline/Pipeline.php(219): Spatie/Csp/AddCspHeaders->handle(Object(Illuminate/Http/Request), Object(Closure))
#36 C:/Users/user/MyFiles/ProgmiX/PEX-Form-main/vendor/barryvdh/laravel-debugbar/src/Middleware/InjectDebugbar.php(59): Illuminate/Pipeline/Pipeline->Illuminate/Pipeline/{closure}(Object(Illuminate/Http/Request))
#37 C:/Users/user/MyFiles/ProgmiX/PEX-Form-main/vendor/laravel/framework/src/Illuminate/Pipeline/Pipeline.php(219): Barryvdh/Debugbar/Middleware/InjectDebugbar->handle(Object(Illuminate/Http/Request), Object(Closure))
#38 C:/Users/user/MyFiles/ProgmiX/PEX-Form-main/modules/CMS/Http/Middleware/XFrameHeadersMiddleware.php(41): Illuminate/Pipeline/Pipeline->Illuminate/Pipeline/{closure}(Object(Illuminate/Http/Request))
#39 C:/Users/user/MyFiles/ProgmiX/PEX-Form-main/vendor/laravel/framework/src/Illuminate/Pipeline/Pipeline.php(219): Juzaweb/CMS/Http/Middleware/XFrameHeadersMiddleware->handle(Object(Illuminate/Http/Request), Object(Closure))
#40 C:/Users/user/MyFiles/ProgmiX/PEX-Form-main/vendor/laravel/framework/src/Illuminate/Routing/Middleware/SubstituteBindings.php(50): Illuminate/Pipeline/Pipeline->Illuminate/Pipeline/{closure}(Object(Illuminate/Http/Request))
#41 C:/Users/user/MyFiles/ProgmiX/PEX-Form-main/vendor/laravel/framework/src/Illuminate/Pipeline/Pipeline.php(219): Illuminate/Routing/Middleware/SubstituteBindings->handle(Object(Illuminate/Http/Request), Object(Closure))
#42 C:/Users/user/MyFiles/ProgmiX/PEX-Form-main/vendor/laravel/framework/src/Illuminate/Cookie/Middleware/AddQueuedCookiesToResponse.php(36): Illuminate/Pipeline/Pipeline->Illuminate/Pipeline/{closure}(Object(Illuminate/Http/Request))
#43 C:/Users/user/MyFiles/ProgmiX/PEX-Form-main/vendor/laravel/framework/src/Illuminate/Pipeline/Pipeline.php(219): Illuminate/Cookie/Middleware/AddQueuedCookiesToResponse->handle(Object(Illuminate/Http/Request), Object(Closure))
#44 C:/Users/user/MyFiles/ProgmiX/PEX-Form-main/vendor/laravel/framework/src/Illuminate/View/Middleware/ShareErrorsFromSession.php(48): Illuminate/Pipeline/Pipeline->Illuminate/Pipeline/{closure}(Object(Illuminate/Http/Request))
#45 C:/Users/user/MyFiles/ProgmiX/PEX-Form-main/modules/Backend/Http/Middleware/ShareErrorsUnlessBot.php(24): Illuminate/View/Middleware/ShareErrorsFromSession->handle(Object(Illuminate/Http/Request), Object(Closure))
#46 C:/Users/user/MyFiles/ProgmiX/PEX-Form-main/vendor/laravel/framework/src/Illuminate/Pipeline/Pipeline.php(219): Juzaweb/Backend/Http/Middleware/ShareErrorsUnlessBot->handle(Object(Illuminate/Http/Request), Object(Closure))
#47 C:/Users/user/MyFiles/ProgmiX/PEX-Form-main/vendor/laravel/framework/src/Illuminate/Session/Middleware/StartSession.php(120): Illuminate/Pipeline/Pipeline->Illuminate/Pipeline/{closure}(Object(Illuminate/Http/Request))
#48 C:/Users/user/MyFiles/ProgmiX/PEX-Form-main/vendor/laravel/framework/src/Illuminate/Session/Middleware/StartSession.php(63): Illuminate/Session/Middleware/StartSession->handleStatefulRequest(Object(Illuminate/Http/Request), Object(Illuminate/Session/Store), Object(Closure))
#49 C:/Users/user/MyFiles/ProgmiX/PEX-Form-main/modules/Backend/Http/Middleware/SkipSessionForBots.php(24): Illuminate/Session/Middleware/StartSession->handle(Object(Illuminate/Http/Request), Object(Closure))
#50 C:/Users/user/MyFiles/ProgmiX/PEX-Form-main/vendor/laravel/framework/src/Illuminate/Pipeline/Pipeline.php(219): Juzaweb/Backend/Http/Middleware/SkipSessionForBots->handle(Object(Illuminate/Http/Request), Object(Closure))
#51 C:/Users/user/MyFiles/ProgmiX/PEX-Form-main/vendor/laravel/framework/src/Illuminate/Cookie/Middleware/EncryptCookies.php(74): Illuminate/Pipeline/Pipeline->Illuminate/Pipeline/{closure}(Object(Illuminate/Http/Request))
#52 C:/Users/user/MyFiles/ProgmiX/PEX-Form-main/vendor/laravel/framework/src/Illuminate/Pipeline/Pipeline.php(219): Illuminate/Cookie/Middleware/EncryptCookies->handle(Object(Illuminate/Http/Request), Object(Closure))
#53 C:/Users/user/MyFiles/ProgmiX/PEX-Form-main/modules/CMS/Http/Middleware/GlobalMiddleware.php(11): Illuminate/Pipeline/Pipeline->Illuminate/Pipeline/{closure}(Object(Illuminate/Http/Request))
#54 C:/Users/user/MyFiles/ProgmiX/PEX-Form-main/vendor/laravel/framework/src/Illuminate/Pipeline/Pipeline.php(219): Juzaweb/CMS/Http/Middleware/GlobalMiddleware->handle(Object(Illuminate/Http/Request), Object(Closure))
#55 C:/Users/user/MyFiles/ProgmiX/PEX-Form-main/modules/Backend/Http/Middleware/DisableSessionForBots.php(30): Illuminate/Pipeline/Pipeline->Illuminate/Pipeline/{closure}(Object(Illuminate/Http/Request))
#56 C:/Users/user/MyFiles/ProgmiX/PEX-Form-main/vendor/laravel/framework/src/Illuminate/Pipeline/Pipeline.php(219): Juzaweb/Backend/Http/Middleware/DisableSessionForBots->handle(Object(Illuminate/Http/Request), Object(Closure))
#57 C:/Users/user/MyFiles/ProgmiX/PEX-Form-main/vendor/laravel/framework/src/Illuminate/Pipeline/Pipeline.php(137): Illuminate/Pipeline/Pipeline->Illuminate/Pipeline/{closure}(Object(Illuminate/Http/Request))
#58 C:/Users/user/MyFiles/ProgmiX/PEX-Form-main/vendor/laravel/framework/src/Illuminate/Routing/Router.php(821): Illuminate/Pipeline/Pipeline->then(Object(Closure))
#59 C:/Users/user/MyFiles/ProgmiX/PEX-Form-main/vendor/laravel/framework/src/Illuminate/Routing/Router.php(800): Illuminate/Routing/Router->runRouteWithinStack(Object(Illuminate/Routing/Route), Object(Illuminate/Http/Request))
#60 C:/Users/user/MyFiles/ProgmiX/PEX-Form-main/vendor/laravel/framework/src/Illuminate/Routing/Router.php(764): Illuminate/Routing/Router->runRoute(Object(Illuminate/Http/Request), Object(Illuminate/Routing/Route))
#61 C:/Users/user/MyFiles/ProgmiX/PEX-Form-main/vendor/laravel/framework/src/Illuminate/Routing/Router.php(753): Illuminate/Routing/Router->dispatchToRoute(Object(Illuminate/Http/Request))
#62 C:/Users/user/MyFiles/ProgmiX/PEX-Form-main/vendor/laravel/framework/src/Illuminate/Foundation/Http/Kernel.php(200): Illuminate/Routing/Router->dispatch(Object(Illuminate/Http/Request))
#63 C:/Users/user/MyFiles/ProgmiX/PEX-Form-main/vendor/laravel/framework/src/Illuminate/Pipeline/Pipeline.php(180): Illuminate/Foundation/Http/Kernel->Illuminate/Foundation/Http/{closure}(Object(Illuminate/Http/Request))
#64 C:/Users/user/MyFiles/ProgmiX/PEX-Form-main/vendor/barryvdh/laravel-debugbar/src/Middleware/InjectDebugbar.php(59): Illuminate/Pipeline/Pipeline->Illuminate/Pipeline/{closure}(Object(Illuminate/Http/Request))
#65 C:/Users/user/MyFiles/ProgmiX/PEX-Form-main/vendor/laravel/framework/src/Illuminate/Pipeline/Pipeline.php(219): Barryvdh/Debugbar/Middleware/InjectDebugbar->handle(Object(Illuminate/Http/Request), Object(Closure))
#66 C:/Users/user/MyFiles/ProgmiX/PEX-Form-main/modules/Backend/Http/Middleware/BlockIpMiddleware.php(31): Illuminate/Pipeline/Pipeline->Illuminate/Pipeline/{closure}(Object(Illuminate/Http/Request))
#67 C:/Users/user/MyFiles/ProgmiX/PEX-Form-main/vendor/laravel/framework/src/Illuminate/Pipeline/Pipeline.php(219): Juzaweb/Backend/Http/Middleware/BlockIpMiddleware->handle(Object(Illuminate/Http/Request), Object(Closure))
#68 C:/Users/user/MyFiles/ProgmiX/PEX-Form-main/modules/Backend/Http/Middleware/SecurityHeaders.php(25): Illuminate/Pipeline/Pipeline->Illuminate/Pipeline/{closure}(Object(Illuminate/Http/Request))
#69 C:/Users/user/MyFiles/ProgmiX/PEX-Form-main/vendor/laravel/framework/src/Illuminate/Pipeline/Pipeline.php(219): Juzaweb/Backend/Http/Middleware/SecurityHeaders->handle(Object(Illuminate/Http/Request), Object(Closure))
#70 C:/Users/user/MyFiles/ProgmiX/PEX-Form-main/vendor/laravel/framework/src/Illuminate/Foundation/Http/Middleware/TransformsRequest.php(21): Illuminate/Pipeline/Pipeline->Illuminate/Pipeline/{closure}(Object(Illuminate/Http/Request))
#71 C:/Users/user/MyFiles/ProgmiX/PEX-Form-main/vendor/laravel/framework/src/Illuminate/Foundation/Http/Middleware/ConvertEmptyStringsToNull.php(31): Illuminate/Foundation/Http/Middleware/TransformsRequest->handle(Object(Illuminate/Http/Request), Object(Closure))
#72 C:/Users/user/MyFiles/ProgmiX/PEX-Form-main/vendor/laravel/framework/src/Illuminate/Pipeline/Pipeline.php(219): Illuminate/Foundation/Http/Middleware/ConvertEmptyStringsToNull->handle(Object(Illuminate/Http/Request), Object(Closure))
#73 C:/Users/user/MyFiles/ProgmiX/PEX-Form-main/vendor/laravel/framework/src/Illuminate/Foundation/Http/Middleware/TransformsRequest.php(21): Illuminate/Pipeline/Pipeline->Illuminate/Pipeline/{closure}(Object(Illuminate/Http/Request))
#74 C:/Users/user/MyFiles/ProgmiX/PEX-Form-main/vendor/laravel/framework/src/Illuminate/Foundation/Http/Middleware/TrimStrings.php(51): Illuminate/Foundation/Http/Middleware/TransformsRequest->handle(Object(Illuminate/Http/Request), Object(Closure))
#75 C:/Users/user/MyFiles/ProgmiX/PEX-Form-main/vendor/laravel/framework/src/Illuminate/Pipeline/Pipeline.php(219): Illuminate/Foundation/Http/Middleware/TrimStrings->handle(Object(Illuminate/Http/Request), Object(Closure))
#76 C:/Users/user/MyFiles/ProgmiX/PEX-Form-main/vendor/laravel/framework/src/Illuminate/Http/Middleware/ValidatePostSize.php(27): Illuminate/Pipeline/Pipeline->Illuminate/Pipeline/{closure}(Object(Illuminate/Http/Request))
#77 C:/Users/user/MyFiles/ProgmiX/PEX-Form-main/vendor/laravel/framework/src/Illuminate/Pipeline/Pipeline.php(219): Illuminate/Http/Middleware/ValidatePostSize->handle(Object(Illuminate/Http/Request), Object(Closure))
#78 C:/Users/user/MyFiles/ProgmiX/PEX-Form-main/vendor/laravel/framework/src/Illuminate/Foundation/Http/Middleware/PreventRequestsDuringMaintenance.php(109): Illuminate/Pipeline/Pipeline->Illuminate/Pipeline/{closure}(Object(Illuminate/Http/Request))
#79 C:/Users/user/MyFiles/ProgmiX/PEX-Form-main/vendor/laravel/framework/src/Illuminate/Pipeline/Pipeline.php(219): Illuminate/Foundation/Http/Middleware/PreventRequestsDuringMaintenance->handle(Object(Illuminate/Http/Request), Object(Closure))
#80 C:/Users/user/MyFiles/ProgmiX/PEX-Form-main/vendor/laravel/framework/src/Illuminate/Http/Middleware/HandleCors.php(61): Illuminate/Pipeline/Pipeline->Illuminate/Pipeline/{closure}(Object(Illuminate/Http/Request))
#81 C:/Users/user/MyFiles/ProgmiX/PEX-Form-main/vendor/laravel/framework/src/Illuminate/Pipeline/Pipeline.php(219): Illuminate/Http/Middleware/HandleCors->handle(Object(Illuminate/Http/Request), Object(Closure))
#82 C:/Users/user/MyFiles/ProgmiX/PEX-Form-main/vendor/laravel/framework/src/Illuminate/Http/Middleware/TrustProxies.php(58): Illuminate/Pipeline/Pipeline->Illuminate/Pipeline/{closure}(Object(Illuminate/Http/Request))
#83 C:/Users/user/MyFiles/ProgmiX/PEX-Form-main/vendor/laravel/framework/src/Illuminate/Pipeline/Pipeline.php(219): Illuminate/Http/Middleware/TrustProxies->handle(Object(Illuminate/Http/Request), Object(Closure))
#84 C:/Users/user/MyFiles/ProgmiX/PEX-Form-main/vendor/laravel/framework/src/Illuminate/Pipeline/Pipeline.php(137): Illuminate/Pipeline/Pipeline->Illuminate/Pipeline/{closure}(Object(Illuminate/Http/Request))
#85 C:/Users/user/MyFiles/ProgmiX/PEX-Form-main/vendor/laravel/framework/src/Illuminate/Foundation/Http/Kernel.php(175): Illuminate/Pipeline/Pipeline->then(Object(Closure))
#86 C:/Users/user/MyFiles/ProgmiX/PEX-Form-main/vendor/laravel/framework/src/Illuminate/Foundation/Http/Kernel.php(144): Illuminate/Foundation/Http/Kernel->sendRequestThroughRouter(Object(Illuminate/Http/Request))
#87 C:/Users/user/MyFiles/ProgmiX/PEX-Form-main/public/index.php(51): Illuminate/Foundation/Http/Kernel->handle(Object(Illuminate/Http/Request))
#88 C:/Users/user/MyFiles/ProgmiX/PEX-Form-main/vendor/laravel/framework/src/Illuminate/Foundation/resources/server.php(23): require_once('C://Users//user//M...')
#89 {main}
"} 
[2026-09-30 09:32:52] local.ERROR: Undefined array key "linkedinLink123" {"userId":1,"exception":"[object] (Spatie\\LaravelIgnition\\Exceptions\\ViewException(code: 0): Undefined array key \"linkedinLink123\" at C:/Users/user/MyFiles/ProgmiX/PEX-Form-main/modules/Frontend/resources/views/templates/homepage/pex/contact.blade.php:15)
[stacktrace]
#0 C:/Users/user/MyFiles/ProgmiX/PEX-Form-main/vendor/laravel/framework/src/Illuminate/Filesystem/Filesystem.php(123): require('C://Users//user//M...')
#1 C:/Users/user/MyFiles/ProgmiX/PEX-Form-main/vendor/laravel/framework/src/Illuminate/Filesystem/Filesystem.php(124): Illuminate/Filesystem/Filesystem::Illuminate/Filesystem/{closure}()
#2 C:/Users/user/MyFiles/ProgmiX/PEX-Form-main/vendor/laravel/framework/src/Illuminate/View/Engines/PhpEngine.php(57): Illuminate/Filesystem/Filesystem->getRequire('C://Users//user//M...', Array)
#3 C:/Users/user/MyFiles/ProgmiX/PEX-Form-main/vendor/laravel/framework/src/Illuminate/View/Engines/CompilerEngine.php(76): Illuminate/View/Engines/PhpEngine->evaluatePath('C://Users//user//M...', Array)
#4 C:/Users/user/MyFiles/ProgmiX/PEX-Form-main/vendor/laravel/framework/src/Illuminate/View/View.php(208): Illuminate/View/Engines/CompilerEngine->get('C://Users//user//M...', Array)
#5 C:/Users/user/MyFiles/ProgmiX/PEX-Form-main/vendor/laravel/framework/src/Illuminate/View/View.php(191): Illuminate/View/View->getContents()
#6 C:/Users/user/MyFiles/ProgmiX/PEX-Form-main/vendor/laravel/framework/src/Illuminate/View/View.php(160): Illuminate/View/View->renderContents()
#7 C:/Users/user/MyFiles/ProgmiX/PEX-Form-main/modules/Frontend/resources/views/home.blade.php(1): Illuminate/View/View->render()
#8 C:/Users/user/MyFiles/ProgmiX/PEX-Form-main/vendor/laravel/framework/src/Illuminate/Filesystem/Filesystem.php(123): require('C://Users//user//M...')
#9 C:/Users/user/MyFiles/ProgmiX/PEX-Form-main/vendor/laravel/framework/src/Illuminate/Filesystem/Filesystem.php(124): Illuminate/Filesystem/Filesystem::Illuminate/Filesystem/{closure}()
#10 C:/Users/user/MyFiles/ProgmiX/PEX-Form-main/vendor/laravel/framework/src/Illuminate/View/Engines/PhpEngine.php(57): Illuminate/Filesystem/Filesystem->getRequire('C://Users//user//M...', Array)
#11 C:/Users/user/MyFiles/ProgmiX/PEX-Form-main/vendor/laravel/framework/src/Illuminate/View/Engines/CompilerEngine.php(76): Illuminate/View/Engines/PhpEngine->evaluatePath('C://Users//user//M...', Array)
#12 C:/Users/user/MyFiles/ProgmiX/PEX-Form-main/vendor/laravel/framework/src/Illuminate/View/View.php(208): Illuminate/View/Engines/CompilerEngine->get('C://Users//user//M...', Array)
#13 C:/Users/user/MyFiles/ProgmiX/PEX-Form-main/vendor/laravel/framework/src/Illuminate/View/View.php(191): Illuminate/View/View->getContents()
#14 C:/Users/user/MyFiles/ProgmiX/PEX-Form-main/vendor/laravel/framework/src/Illuminate/View/View.php(160): Illuminate/View/View->renderContents()
#15 C:/Users/user/MyFiles/ProgmiX/PEX-Form-main/vendor/laravel/framework/src/Illuminate/Http/Response.php(78): Illuminate/View/View->render()
#16 C:/Users/user/MyFiles/ProgmiX/PEX-Form-main/vendor/laravel/framework/src/Illuminate/Http/Response.php(34): Illuminate/Http/Response->setContent(Object(Illuminate/View/View))
#17 C:/Users/user/MyFiles/ProgmiX/PEX-Form-main/vendor/laravel/framework/src/Illuminate/Routing/Router.php(939): Illuminate/Http/Response->__construct(Object(Illuminate/View/View), 200, Array)
#18 C:/Users/user/MyFiles/ProgmiX/PEX-Form-main/vendor/laravel/framework/src/Illuminate/Routing/Router.php(906): Illuminate/Routing/Router::toResponse(Object(Illuminate/Http/Request), Object(Illuminate/View/View))
#19 C:/Users/user/MyFiles/ProgmiX/PEX-Form-main/vendor/laravel/framework/src/Illuminate/Routing/Router.php(821): Illuminate/Routing/Router->prepareResponse(Object(Illuminate/Http/Request), Object(Illuminate/View/View))
#20 C:/Users/user/MyFiles/ProgmiX/PEX-Form-main/vendor/laravel/framework/src/Illuminate/Pipeline/Pipeline.php(180): Illuminate/Routing/Router->Illuminate/Routing/{closure}(Object(Illuminate/Http/Request))
#21 C:/Users/user/MyFiles/ProgmiX/PEX-Form-main/modules/Frontend/Http/Middleware/Locale.php(49): Illuminate/Pipeline/Pipeline->Illuminate/Pipeline/{closure}(Object(Illuminate/Http/Request))
#22 C:/Users/user/MyFiles/ProgmiX/PEX-Form-main/vendor/laravel/framework/src/Illuminate/Pipeline/Pipeline.php(219): Juzaweb/Frontend/Http/Middleware/Locale->handle(Object(Illuminate/Http/Request), Object(Closure))
#23 C:/Users/user/MyFiles/ProgmiX/PEX-Form-main/modules/Backend/Http/Middleware/SecurityHeaders.php(25): Illuminate/Pipeline/Pipeline->Illuminate/Pipeline/{closure}(Object(Illuminate/Http/Request))
#24 C:/Users/user/MyFiles/ProgmiX/PEX-Form-main/vendor/laravel/framework/src/Illuminate/Pipeline/Pipeline.php(219): Juzaweb/Backend/Http/Middleware/SecurityHeaders->handle(Object(Illuminate/Http/Request), Object(Closure))
#25 C:/Users/user/MyFiles/ProgmiX/PEX-Form-main/vendor/laravel/framework/src/Illuminate/Routing/Middleware/ThrottleRequests.php(166): Illuminate/Pipeline/Pipeline->Illuminate/Pipeline/{closure}(Object(Illuminate/Http/Request))
#26 C:/Users/user/MyFiles/ProgmiX/PEX-Form-main/vendor/laravel/framework/src/Illuminate/Routing/Middleware/ThrottleRequests.php(93): Illuminate/Routing/Middleware/ThrottleRequests->handleRequest(Object(Illuminate/Http/Request), Object(Closure), Array)
#27 C:/Users/user/MyFiles/ProgmiX/PEX-Form-main/vendor/laravel/framework/src/Illuminate/Pipeline/Pipeline.php(219): Illuminate/Routing/Middleware/ThrottleRequests->handle(Object(Illuminate/Http/Request), Object(Closure))
#28 C:/Users/user/MyFiles/ProgmiX/PEX-Form-main/modules/Backend/Http/Middleware/PathTraversal.php(57): Illuminate/Pipeline/Pipeline->Illuminate/Pipeline/{closure}(Object(Illuminate/Http/Request))
#29 C:/Users/user/MyFiles/ProgmiX/PEX-Form-main/vendor/laravel/framework/src/Illuminate/Pipeline/Pipeline.php(219): Juzaweb/Backend/Http/Middleware/PathTraversal->handle(Object(Illuminate/Http/Request), Object(Closure))
#30 C:/Users/user/MyFiles/ProgmiX/PEX-Form-main/modules/Backend/Http/Middleware/XssSanitization.php(44): Illuminate/Pipeline/Pipeline->Illuminate/Pipeline/{closure}(Object(Illuminate/Http/Request))
#31 C:/Users/user/MyFiles/ProgmiX/PEX-Form-main/vendor/laravel/framework/src/Illuminate/Pipeline/Pipeline.php(219): Juzaweb/Backend/Http/Middleware/XssSanitization->handle(Object(Illuminate/Http/Request), Object(Closure))
#32 C:/Users/user/MyFiles/ProgmiX/PEX-Form-main/vendor/spatie/laravel-csp/src/AddCspHeaders.php(13): Illuminate/Pipeline/Pipeline->Illuminate/Pipeline/{closure}(Object(Illuminate/Http/Request))
#33 C:/Users/user/MyFiles/ProgmiX/PEX-Form-main/vendor/laravel/framework/src/Illuminate/Pipeline/Pipeline.php(219): Spatie/Csp/AddCspHeaders->handle(Object(Illuminate/Http/Request), Object(Closure))
#34 C:/Users/user/MyFiles/ProgmiX/PEX-Form-main/vendor/barryvdh/laravel-debugbar/src/Middleware/InjectDebugbar.php(59): Illuminate/Pipeline/Pipeline->Illuminate/Pipeline/{closure}(Object(Illuminate/Http/Request))
#35 C:/Users/user/MyFiles/ProgmiX/PEX-Form-main/vendor/laravel/framework/src/Illuminate/Pipeline/Pipeline.php(219): Barryvdh/Debugbar/Middleware/InjectDebugbar->handle(Object(Illuminate/Http/Request), Object(Closure))
#36 C:/Users/user/MyFiles/ProgmiX/PEX-Form-main/modules/CMS/Http/Middleware/XFrameHeadersMiddleware.php(41): Illuminate/Pipeline/Pipeline->Illuminate/Pipeline/{closure}(Object(Illuminate/Http/Request))
#37 C:/Users/user/MyFiles/ProgmiX/PEX-Form-main/vendor/laravel/framework/src/Illuminate/Pipeline/Pipeline.php(219): Juzaweb/CMS/Http/Middleware/XFrameHeadersMiddleware->handle(Object(Illuminate/Http/Request), Object(Closure))
#38 C:/Users/user/MyFiles/ProgmiX/PEX-Form-main/vendor/laravel/framework/src/Illuminate/Routing/Middleware/SubstituteBindings.php(50): Illuminate/Pipeline/Pipeline->Illuminate/Pipeline/{closure}(Object(Illuminate/Http/Request))
#39 C:/Users/user/MyFiles/ProgmiX/PEX-Form-main/vendor/laravel/framework/src/Illuminate/Pipeline/Pipeline.php(219): Illuminate/Routing/Middleware/SubstituteBindings->handle(Object(Illuminate/Http/Request), Object(Closure))
#40 C:/Users/user/MyFiles/ProgmiX/PEX-Form-main/vendor/laravel/framework/src/Illuminate/Cookie/Middleware/AddQueuedCookiesToResponse.php(36): Illuminate/Pipeline/Pipeline->Illuminate/Pipeline/{closure}(Object(Illuminate/Http/Request))
#41 C:/Users/user/MyFiles/ProgmiX/PEX-Form-main/vendor/laravel/framework/src/Illuminate/Pipeline/Pipeline.php(219): Illuminate/Cookie/Middleware/AddQueuedCookiesToResponse->handle(Object(Illuminate/Http/Request), Object(Closure))
#42 C:/Users/user/MyFiles/ProgmiX/PEX-Form-main/vendor/laravel/framework/src/Illuminate/View/Middleware/ShareErrorsFromSession.php(48): Illuminate/Pipeline/Pipeline->Illuminate/Pipeline/{closure}(Object(Illuminate/Http/Request))
#43 C:/Users/user/MyFiles/ProgmiX/PEX-Form-main/modules/Backend/Http/Middleware/ShareErrorsUnlessBot.php(24): Illuminate/View/Middleware/ShareErrorsFromSession->handle(Object(Illuminate/Http/Request), Object(Closure))
#44 C:/Users/user/MyFiles/ProgmiX/PEX-Form-main/vendor/laravel/framework/src/Illuminate/Pipeline/Pipeline.php(219): Juzaweb/Backend/Http/Middleware/ShareErrorsUnlessBot->handle(Object(Illuminate/Http/Request), Object(Closure))
#45 C:/Users/user/MyFiles/ProgmiX/PEX-Form-main/vendor/laravel/framework/src/Illuminate/Session/Middleware/StartSession.php(120): Illuminate/Pipeline/Pipeline->Illuminate/Pipeline/{closure}(Object(Illuminate/Http/Request))
#46 C:/Users/user/MyFiles/ProgmiX/PEX-Form-main/vendor/laravel/framework/src/Illuminate/Session/Middleware/StartSession.php(63): Illuminate/Session/Middleware/StartSession->handleStatefulRequest(Object(Illuminate/Http/Request), Object(Illuminate/Session/Store), Object(Closure))
#47 C:/Users/user/MyFiles/ProgmiX/PEX-Form-main/modules/Backend/Http/Middleware/SkipSessionForBots.php(24): Illuminate/Session/Middleware/StartSession->handle(Object(Illuminate/Http/Request), Object(Closure))
#48 C:/Users/user/MyFiles/ProgmiX/PEX-Form-main/vendor/laravel/framework/src/Illuminate/Pipeline/Pipeline.php(219): Juzaweb/Backend/Http/Middleware/SkipSessionForBots->handle(Object(Illuminate/Http/Request), Object(Closure))
#49 C:/Users/user/MyFiles/ProgmiX/PEX-Form-main/vendor/laravel/framework/src/Illuminate/Cookie/Middleware/EncryptCookies.php(74): Illuminate/Pipeline/Pipeline->Illuminate/Pipeline/{closure}(Object(Illuminate/Http/Request))
#50 C:/Users/user/MyFiles/ProgmiX/PEX-Form-main/vendor/laravel/framework/src/Illuminate/Pipeline/Pipeline.php(219): Illuminate/Cookie/Middleware/EncryptCookies->handle(Object(Illuminate/Http/Request), Object(Closure))
#51 C:/Users/user/MyFiles/ProgmiX/PEX-Form-main/modules/CMS/Http/Middleware/GlobalMiddleware.php(11): Illuminate/Pipeline/Pipeline->Illuminate/Pipeline/{closure}(Object(Illuminate/Http/Request))
#52 C:/Users/user/MyFiles/ProgmiX/PEX-Form-main/vendor/laravel/framework/src/Illuminate/Pipeline/Pipeline.php(219): Juzaweb/CMS/Http/Middleware/GlobalMiddleware->handle(Object(Illuminate/Http/Request), Object(Closure))
#53 C:/Users/user/MyFiles/ProgmiX/PEX-Form-main/modules/Backend/Http/Middleware/DisableSessionForBots.php(30): Illuminate/Pipeline/Pipeline->Illuminate/Pipeline/{closure}(Object(Illuminate/Http/Request))
#54 C:/Users/user/MyFiles/ProgmiX/PEX-Form-main/vendor/laravel/framework/src/Illuminate/Pipeline/Pipeline.php(219): Juzaweb/Backend/Http/Middleware/DisableSessionForBots->handle(Object(Illuminate/Http/Request), Object(Closure))
#55 C:/Users/user/MyFiles/ProgmiX/PEX-Form-main/vendor/laravel/framework/src/Illuminate/Pipeline/Pipeline.php(137): Illuminate/Pipeline/Pipeline->Illuminate/Pipeline/{closure}(Object(Illuminate/Http/Request))
#56 C:/Users/user/MyFiles/ProgmiX/PEX-Form-main/vendor/laravel/framework/src/Illuminate/Routing/Router.php(821): Illuminate/Pipeline/Pipeline->then(Object(Closure))
#57 C:/Users/user/MyFiles/ProgmiX/PEX-Form-main/vendor/laravel/framework/src/Illuminate/Routing/Router.php(800): Illuminate/Routing/Router->runRouteWithinStack(Object(Illuminate/Routing/Route), Object(Illuminate/Http/Request))
#58 C:/Users/user/MyFiles/ProgmiX/PEX-Form-main/vendor/laravel/framework/src/Illuminate/Routing/Router.php(764): Illuminate/Routing/Router->runRoute(Object(Illuminate/Http/Request), Object(Illuminate/Routing/Route))
#59 C:/Users/user/MyFiles/ProgmiX/PEX-Form-main/vendor/laravel/framework/src/Illuminate/Routing/Router.php(753): Illuminate/Routing/Router->dispatchToRoute(Object(Illuminate/Http/Request))
#60 C:/Users/user/MyFiles/ProgmiX/PEX-Form-main/vendor/laravel/framework/src/Illuminate/Foundation/Http/Kernel.php(200): Illuminate/Routing/Router->dispatch(Object(Illuminate/Http/Request))
#61 C:/Users/user/MyFiles/ProgmiX/PEX-Form-main/vendor/laravel/framework/src/Illuminate/Pipeline/Pipeline.php(180): Illuminate/Foundation/Http/Kernel->Illuminate/Foundation/Http/{closure}(Object(Illuminate/Http/Request))
#62 C:/Users/user/MyFiles/ProgmiX/PEX-Form-main/vendor/barryvdh/laravel-debugbar/src/Middleware/InjectDebugbar.php(59): Illuminate/Pipeline/Pipeline->Illuminate/Pipeline/{closure}(Object(Illuminate/Http/Request))
#63 C:/Users/user/MyFiles/ProgmiX/PEX-Form-main/vendor/laravel/framework/src/Illuminate/Pipeline/Pipeline.php(219): Barryvdh/Debugbar/Middleware/InjectDebugbar->handle(Object(Illuminate/Http/Request), Object(Closure))
#64 C:/Users/user/MyFiles/ProgmiX/PEX-Form-main/modules/Backend/Http/Middleware/BlockIpMiddleware.php(31): Illuminate/Pipeline/Pipeline->Illuminate/Pipeline/{closure}(Object(Illuminate/Http/Request))
#65 C:/Users/user/MyFiles/ProgmiX/PEX-Form-main/vendor/laravel/framework/src/Illuminate/Pipeline/Pipeline.php(219): Juzaweb/Backend/Http/Middleware/BlockIpMiddleware->handle(Object(Illuminate/Http/Request), Object(Closure))
#66 C:/Users/user/MyFiles/ProgmiX/PEX-Form-main/modules/Backend/Http/Middleware/SecurityHeaders.php(25): Illuminate/Pipeline/Pipeline->Illuminate/Pipeline/{closure}(Object(Illuminate/Http/Request))
#67 C:/Users/user/MyFiles/ProgmiX/PEX-Form-main/vendor/laravel/framework/src/Illuminate/Pipeline/Pipeline.php(219): Juzaweb/Backend/Http/Middleware/SecurityHeaders->handle(Object(Illuminate/Http/Request), Object(Closure))
#68 C:/Users/user/MyFiles/ProgmiX/PEX-Form-main/vendor/laravel/framework/src/Illuminate/Foundation/Http/Middleware/TransformsRequest.php(21): Illuminate/Pipeline/Pipeline->Illuminate/Pipeline/{closure}(Object(Illuminate/Http/Request))
#69 C:/Users/user/MyFiles/ProgmiX/PEX-Form-main/vendor/laravel/framework/src/Illuminate/Foundation/Http/Middleware/ConvertEmptyStringsToNull.php(31): Illuminate/Foundation/Http/Middleware/TransformsRequest->handle(Object(Illuminate/Http/Request), Object(Closure))
#70 C:/Users/user/MyFiles/ProgmiX/PEX-Form-main/vendor/laravel/framework/src/Illuminate/Pipeline/Pipeline.php(219): Illuminate/Foundation/Http/Middleware/ConvertEmptyStringsToNull->handle(Object(Illuminate/Http/Request), Object(Closure))
#71 C:/Users/user/MyFiles/ProgmiX/PEX-Form-main/vendor/laravel/framework/src/Illuminate/Foundation/Http/Middleware/TransformsRequest.php(21): Illuminate/Pipeline/Pipeline->Illuminate/Pipeline/{closure}(Object(Illuminate/Http/Request))
#72 C:/Users/user/MyFiles/ProgmiX/PEX-Form-main/vendor/laravel/framework/src/Illuminate/Foundation/Http/Middleware/TrimStrings.php(51): Illuminate/Foundation/Http/Middleware/TransformsRequest->handle(Object(Illuminate/Http/Request), Object(Closure))
#73 C:/Users/user/MyFiles/ProgmiX/PEX-Form-main/vendor/laravel/framework/src/Illuminate/Pipeline/Pipeline.php(219): Illuminate/Foundation/Http/Middleware/TrimStrings->handle(Object(Illuminate/Http/Request), Object(Closure))
#74 C:/Users/user/MyFiles/ProgmiX/PEX-Form-main/vendor/laravel/framework/src/Illuminate/Http/Middleware/ValidatePostSize.php(27): Illuminate/Pipeline/Pipeline->Illuminate/Pipeline/{closure}(Object(Illuminate/Http/Request))
#75 C:/Users/user/MyFiles/ProgmiX/PEX-Form-main/vendor/laravel/framework/src/Illuminate/Pipeline/Pipeline.php(219): Illuminate/Http/Middleware/ValidatePostSize->handle(Object(Illuminate/Http/Request), Object(Closure))
#76 C:/Users/user/MyFiles/ProgmiX/PEX-Form-main/vendor/laravel/framework/src/Illuminate/Foundation/Http/Middleware/PreventRequestsDuringMaintenance.php(109): Illuminate/Pipeline/Pipeline->Illuminate/Pipeline/{closure}(Object(Illuminate/Http/Request))
#77 C:/Users/user/MyFiles/ProgmiX/PEX-Form-main/vendor/laravel/framework/src/Illuminate/Pipeline/Pipeline.php(219): Illuminate/Foundation/Http/Middleware/PreventRequestsDuringMaintenance->handle(Object(Illuminate/Http/Request), Object(Closure))
#78 C:/Users/user/MyFiles/ProgmiX/PEX-Form-main/vendor/laravel/framework/src/Illuminate/Http/Middleware/HandleCors.php(61): Illuminate/Pipeline/Pipeline->Illuminate/Pipeline/{closure}(Object(Illuminate/Http/Request))
#79 C:/Users/user/MyFiles/ProgmiX/PEX-Form-main/vendor/laravel/framework/src/Illuminate/Pipeline/Pipeline.php(219): Illuminate/Http/Middleware/HandleCors->handle(Object(Illuminate/Http/Request), Object(Closure))
#80 C:/Users/user/MyFiles/ProgmiX/PEX-Form-main/vendor/laravel/framework/src/Illuminate/Http/Middleware/TrustProxies.php(58): Illuminate/Pipeline/Pipeline->Illuminate/Pipeline/{closure}(Object(Illuminate/Http/Request))
#81 C:/Users/user/MyFiles/ProgmiX/PEX-Form-main/vendor/laravel/framework/src/Illuminate/Pipeline/Pipeline.php(219): Illuminate/Http/Middleware/TrustProxies->handle(Object(Illuminate/Http/Request), Object(Closure))
#82 C:/Users/user/MyFiles/ProgmiX/PEX-Form-main/vendor/laravel/framework/src/Illuminate/Pipeline/Pipeline.php(137): Illuminate/Pipeline/Pipeline->Illuminate/Pipeline/{closure}(Object(Illuminate/Http/Request))
#83 C:/Users/user/MyFiles/ProgmiX/PEX-Form-main/vendor/laravel/framework/src/Illuminate/Foundation/Http/Kernel.php(175): Illuminate/Pipeline/Pipeline->then(Object(Closure))
#84 C:/Users/user/MyFiles/ProgmiX/PEX-Form-main/vendor/laravel/framework/src/Illuminate/Foundation/Http/Kernel.php(144): Illuminate/Foundation/Http/Kernel->sendRequestThroughRouter(Object(Illuminate/Http/Request))
#85 C:/Users/user/MyFiles/ProgmiX/PEX-Form-main/public/index.php(51): Illuminate/Foundation/Http/Kernel->handle(Object(Illuminate/Http/Request))
#86 C:/Users/user/MyFiles/ProgmiX/PEX-Form-main/vendor/laravel/framework/src/Illuminate/Foundation/resources/server.php(23): require_once('C://Users//user//M...')
#87 {main}

[previous exception] [object] (ErrorException(code: 0): Undefined array key \"linkedinLink123\" at C:/Users/user/MyFiles/ProgmiX/PEX-Form-main/storage/framework/views/a84ddf431c771032d0234d77e02450d7.php:15)
[stacktrace]
#0 C:/Users/user/MyFiles/ProgmiX/PEX-Form-main/vendor/laravel/framework/src/Illuminate/Foundation/Bootstrap/HandleExceptions.php(262): Illuminate/Foundation/Bootstrap/HandleExceptions->handleError(2, 'Undefined array...', 'C://Users//user//M...', 15)
#1 C:/Users/user/MyFiles/ProgmiX/PEX-Form-main/storage/framework/views/a84ddf431c771032d0234d77e02450d7.php(15): Illuminate/Foundation/Bootstrap/HandleExceptions->Illuminate/Foundation/Bootstrap/{closure}(2, 'Undefined array...', 'C://Users//user//M...', 15)
#2 C:/Users/user/MyFiles/ProgmiX/PEX-Form-main/vendor/laravel/framework/src/Illuminate/Filesystem/Filesystem.php(123): require('C://Users//user//M...')
#3 C:/Users/user/MyFiles/ProgmiX/PEX-Form-main/vendor/laravel/framework/src/Illuminate/Filesystem/Filesystem.php(124): Illuminate/Filesystem/Filesystem::Illuminate/Filesystem/{closure}()
#4 C:/Users/user/MyFiles/ProgmiX/PEX-Form-main/vendor/laravel/framework/src/Illuminate/View/Engines/PhpEngine.php(57): Illuminate/Filesystem/Filesystem->getRequire('C://Users//user//M...', Array)
#5 C:/Users/user/MyFiles/ProgmiX/PEX-Form-main/vendor/laravel/framework/src/Illuminate/View/Engines/CompilerEngine.php(76): Illuminate/View/Engines/PhpEngine->evaluatePath('C://Users//user//M...', Array)
#6 C:/Users/user/MyFiles/ProgmiX/PEX-Form-main/vendor/laravel/framework/src/Illuminate/View/View.php(208): Illuminate/View/Engines/CompilerEngine->get('C://Users//user//M...', Array)
#7 C:/Users/user/MyFiles/ProgmiX/PEX-Form-main/vendor/laravel/framework/src/Illuminate/View/View.php(191): Illuminate/View/View->getContents()
#8 C:/Users/user/MyFiles/ProgmiX/PEX-Form-main/vendor/laravel/framework/src/Illuminate/View/View.php(160): Illuminate/View/View->renderContents()
#9 C:/Users/user/MyFiles/ProgmiX/PEX-Form-main/storage/framework/views/078e945ecbf82d678121cbf4f8650dce.php(1): Illuminate/View/View->render()
#10 C:/Users/user/MyFiles/ProgmiX/PEX-Form-main/vendor/laravel/framework/src/Illuminate/Filesystem/Filesystem.php(123): require('C://Users//user//M...')
#11 C:/Users/user/MyFiles/ProgmiX/PEX-Form-main/vendor/laravel/framework/src/Illuminate/Filesystem/Filesystem.php(124): Illuminate/Filesystem/Filesystem::Illuminate/Filesystem/{closure}()
#12 C:/Users/user/MyFiles/ProgmiX/PEX-Form-main/vendor/laravel/framework/src/Illuminate/View/Engines/PhpEngine.php(57): Illuminate/Filesystem/Filesystem->getRequire('C://Users//user//M...', Array)
#13 C:/Users/user/MyFiles/ProgmiX/PEX-Form-main/vendor/laravel/framework/src/Illuminate/View/Engines/CompilerEngine.php(76): Illuminate/View/Engines/PhpEngine->evaluatePath('C://Users//user//M...', Array)
#14 C:/Users/user/MyFiles/ProgmiX/PEX-Form-main/vendor/laravel/framework/src/Illuminate/View/View.php(208): Illuminate/View/Engines/CompilerEngine->get('C://Users//user//M...', Array)
#15 C:/Users/user/MyFiles/ProgmiX/PEX-Form-main/vendor/laravel/framework/src/Illuminate/View/View.php(191): Illuminate/View/View->getContents()
#16 C:/Users/user/MyFiles/ProgmiX/PEX-Form-main/vendor/laravel/framework/src/Illuminate/View/View.php(160): Illuminate/View/View->renderContents()
#17 C:/Users/user/MyFiles/ProgmiX/PEX-Form-main/vendor/laravel/framework/src/Illuminate/Http/Response.php(78): Illuminate/View/View->render()
#18 C:/Users/user/MyFiles/ProgmiX/PEX-Form-main/vendor/laravel/framework/src/Illuminate/Http/Response.php(34): Illuminate/Http/Response->setContent(Object(Illuminate/View/View))
#19 C:/Users/user/MyFiles/ProgmiX/PEX-Form-main/vendor/laravel/framework/src/Illuminate/Routing/Router.php(939): Illuminate/Http/Response->__construct(Object(Illuminate/View/View), 200, Array)
#20 C:/Users/user/MyFiles/ProgmiX/PEX-Form-main/vendor/laravel/framework/src/Illuminate/Routing/Router.php(906): Illuminate/Routing/Router::toResponse(Object(Illuminate/Http/Request), Object(Illuminate/View/View))
#21 C:/Users/user/MyFiles/ProgmiX/PEX-Form-main/vendor/laravel/framework/src/Illuminate/Routing/Router.php(821): Illuminate/Routing/Router->prepareResponse(Object(Illuminate/Http/Request), Object(Illuminate/View/View))
#22 C:/Users/user/MyFiles/ProgmiX/PEX-Form-main/vendor/laravel/framework/src/Illuminate/Pipeline/Pipeline.php(180): Illuminate/Routing/Router->Illuminate/Routing/{closure}(Object(Illuminate/Http/Request))
#23 C:/Users/user/MyFiles/ProgmiX/PEX-Form-main/modules/Frontend/Http/Middleware/Locale.php(49): Illuminate/Pipeline/Pipeline->Illuminate/Pipeline/{closure}(Object(Illuminate/Http/Request))
#24 C:/Users/user/MyFiles/ProgmiX/PEX-Form-main/vendor/laravel/framework/src/Illuminate/Pipeline/Pipeline.php(219): Juzaweb/Frontend/Http/Middleware/Locale->handle(Object(Illuminate/Http/Request), Object(Closure))
#25 C:/Users/user/MyFiles/ProgmiX/PEX-Form-main/modules/Backend/Http/Middleware/SecurityHeaders.php(25): Illuminate/Pipeline/Pipeline->Illuminate/Pipeline/{closure}(Object(Illuminate/Http/Request))
#26 C:/Users/user/MyFiles/ProgmiX/PEX-Form-main/vendor/laravel/framework/src/Illuminate/Pipeline/Pipeline.php(219): Juzaweb/Backend/Http/Middleware/SecurityHeaders->handle(Object(Illuminate/Http/Request), Object(Closure))
#27 C:/Users/user/MyFiles/ProgmiX/PEX-Form-main/vendor/laravel/framework/src/Illuminate/Routing/Middleware/ThrottleRequests.php(166): Illuminate/Pipeline/Pipeline->Illuminate/Pipeline/{closure}(Object(Illuminate/Http/Request))
#28 C:/Users/user/MyFiles/ProgmiX/PEX-Form-main/vendor/laravel/framework/src/Illuminate/Routing/Middleware/ThrottleRequests.php(93): Illuminate/Routing/Middleware/ThrottleRequests->handleRequest(Object(Illuminate/Http/Request), Object(Closure), Array)
#29 C:/Users/user/MyFiles/ProgmiX/PEX-Form-main/vendor/laravel/framework/src/Illuminate/Pipeline/Pipeline.php(219): Illuminate/Routing/Middleware/ThrottleRequests->handle(Object(Illuminate/Http/Request), Object(Closure))
#30 C:/Users/user/MyFiles/ProgmiX/PEX-Form-main/modules/Backend/Http/Middleware/PathTraversal.php(57): Illuminate/Pipeline/Pipeline->Illuminate/Pipeline/{closure}(Object(Illuminate/Http/Request))
#31 C:/Users/user/MyFiles/ProgmiX/PEX-Form-main/vendor/laravel/framework/src/Illuminate/Pipeline/Pipeline.php(219): Juzaweb/Backend/Http/Middleware/PathTraversal->handle(Object(Illuminate/Http/Request), Object(Closure))
#32 C:/Users/user/MyFiles/ProgmiX/PEX-Form-main/modules/Backend/Http/Middleware/XssSanitization.php(44): Illuminate/Pipeline/Pipeline->Illuminate/Pipeline/{closure}(Object(Illuminate/Http/Request))
#33 C:/Users/user/MyFiles/ProgmiX/PEX-Form-main/vendor/laravel/framework/src/Illuminate/Pipeline/Pipeline.php(219): Juzaweb/Backend/Http/Middleware/XssSanitization->handle(Object(Illuminate/Http/Request), Object(Closure))
#34 C:/Users/user/MyFiles/ProgmiX/PEX-Form-main/vendor/spatie/laravel-csp/src/AddCspHeaders.php(13): Illuminate/Pipeline/Pipeline->Illuminate/Pipeline/{closure}(Object(Illuminate/Http/Request))
#35 C:/Users/user/MyFiles/ProgmiX/PEX-Form-main/vendor/laravel/framework/src/Illuminate/Pipeline/Pipeline.php(219): Spatie/Csp/AddCspHeaders->handle(Object(Illuminate/Http/Request), Object(Closure))
#36 C:/Users/user/MyFiles/ProgmiX/PEX-Form-main/vendor/barryvdh/laravel-debugbar/src/Middleware/InjectDebugbar.php(59): Illuminate/Pipeline/Pipeline->Illuminate/Pipeline/{closure}(Object(Illuminate/Http/Request))
#37 C:/Users/user/MyFiles/ProgmiX/PEX-Form-main/vendor/laravel/framework/src/Illuminate/Pipeline/Pipeline.php(219): Barryvdh/Debugbar/Middleware/InjectDebugbar->handle(Object(Illuminate/Http/Request), Object(Closure))
#38 C:/Users/user/MyFiles/ProgmiX/PEX-Form-main/modules/CMS/Http/Middleware/XFrameHeadersMiddleware.php(41): Illuminate/Pipeline/Pipeline->Illuminate/Pipeline/{closure}(Object(Illuminate/Http/Request))
#39 C:/Users/user/MyFiles/ProgmiX/PEX-Form-main/vendor/laravel/framework/src/Illuminate/Pipeline/Pipeline.php(219): Juzaweb/CMS/Http/Middleware/XFrameHeadersMiddleware->handle(Object(Illuminate/Http/Request), Object(Closure))
#40 C:/Users/user/MyFiles/ProgmiX/PEX-Form-main/vendor/laravel/framework/src/Illuminate/Routing/Middleware/SubstituteBindings.php(50): Illuminate/Pipeline/Pipeline->Illuminate/Pipeline/{closure}(Object(Illuminate/Http/Request))
#41 C:/Users/user/MyFiles/ProgmiX/PEX-Form-main/vendor/laravel/framework/src/Illuminate/Pipeline/Pipeline.php(219): Illuminate/Routing/Middleware/SubstituteBindings->handle(Object(Illuminate/Http/Request), Object(Closure))
#42 C:/Users/user/MyFiles/ProgmiX/PEX-Form-main/vendor/laravel/framework/src/Illuminate/Cookie/Middleware/AddQueuedCookiesToResponse.php(36): Illuminate/Pipeline/Pipeline->Illuminate/Pipeline/{closure}(Object(Illuminate/Http/Request))
#43 C:/Users/user/MyFiles/ProgmiX/PEX-Form-main/vendor/laravel/framework/src/Illuminate/Pipeline/Pipeline.php(219): Illuminate/Cookie/Middleware/AddQueuedCookiesToResponse->handle(Object(Illuminate/Http/Request), Object(Closure))
#44 C:/Users/user/MyFiles/ProgmiX/PEX-Form-main/vendor/laravel/framework/src/Illuminate/View/Middleware/ShareErrorsFromSession.php(48): Illuminate/Pipeline/Pipeline->Illuminate/Pipeline/{closure}(Object(Illuminate/Http/Request))
#45 C:/Users/user/MyFiles/ProgmiX/PEX-Form-main/modules/Backend/Http/Middleware/ShareErrorsUnlessBot.php(24): Illuminate/View/Middleware/ShareErrorsFromSession->handle(Object(Illuminate/Http/Request), Object(Closure))
#46 C:/Users/user/MyFiles/ProgmiX/PEX-Form-main/vendor/laravel/framework/src/Illuminate/Pipeline/Pipeline.php(219): Juzaweb/Backend/Http/Middleware/ShareErrorsUnlessBot->handle(Object(Illuminate/Http/Request), Object(Closure))
#47 C:/Users/user/MyFiles/ProgmiX/PEX-Form-main/vendor/laravel/framework/src/Illuminate/Session/Middleware/StartSession.php(120): Illuminate/Pipeline/Pipeline->Illuminate/Pipeline/{closure}(Object(Illuminate/Http/Request))
#48 C:/Users/user/MyFiles/ProgmiX/PEX-Form-main/vendor/laravel/framework/src/Illuminate/Session/Middleware/StartSession.php(63): Illuminate/Session/Middleware/StartSession->handleStatefulRequest(Object(Illuminate/Http/Request), Object(Illuminate/Session/Store), Object(Closure))
#49 C:/Users/user/MyFiles/ProgmiX/PEX-Form-main/modules/Backend/Http/Middleware/SkipSessionForBots.php(24): Illuminate/Session/Middleware/StartSession->handle(Object(Illuminate/Http/Request), Object(Closure))
#50 C:/Users/user/MyFiles/ProgmiX/PEX-Form-main/vendor/laravel/framework/src/Illuminate/Pipeline/Pipeline.php(219): Juzaweb/Backend/Http/Middleware/SkipSessionForBots->handle(Object(Illuminate/Http/Request), Object(Closure))
#51 C:/Users/user/MyFiles/ProgmiX/PEX-Form-main/vendor/laravel/framework/src/Illuminate/Cookie/Middleware/EncryptCookies.php(74): Illuminate/Pipeline/Pipeline->Illuminate/Pipeline/{closure}(Object(Illuminate/Http/Request))
#52 C:/Users/user/MyFiles/ProgmiX/PEX-Form-main/vendor/laravel/framework/src/Illuminate/Pipeline/Pipeline.php(219): Illuminate/Cookie/Middleware/EncryptCookies->handle(Object(Illuminate/Http/Request), Object(Closure))
#53 C:/Users/user/MyFiles/ProgmiX/PEX-Form-main/modules/CMS/Http/Middleware/GlobalMiddleware.php(11): Illuminate/Pipeline/Pipeline->Illuminate/Pipeline/{closure}(Object(Illuminate/Http/Request))
#54 C:/Users/user/MyFiles/ProgmiX/PEX-Form-main/vendor/laravel/framework/src/Illuminate/Pipeline/Pipeline.php(219): Juzaweb/CMS/Http/Middleware/GlobalMiddleware->handle(Object(Illuminate/Http/Request), Object(Closure))
#55 C:/Users/user/MyFiles/ProgmiX/PEX-Form-main/modules/Backend/Http/Middleware/DisableSessionForBots.php(30): Illuminate/Pipeline/Pipeline->Illuminate/Pipeline/{closure}(Object(Illuminate/Http/Request))
#56 C:/Users/user/MyFiles/ProgmiX/PEX-Form-main/vendor/laravel/framework/src/Illuminate/Pipeline/Pipeline.php(219): Juzaweb/Backend/Http/Middleware/DisableSessionForBots->handle(Object(Illuminate/Http/Request), Object(Closure))
#57 C:/Users/user/MyFiles/ProgmiX/PEX-Form-main/vendor/laravel/framework/src/Illuminate/Pipeline/Pipeline.php(137): Illuminate/Pipeline/Pipeline->Illuminate/Pipeline/{closure}(Object(Illuminate/Http/Request))
#58 C:/Users/user/MyFiles/ProgmiX/PEX-Form-main/vendor/laravel/framework/src/Illuminate/Routing/Router.php(821): Illuminate/Pipeline/Pipeline->then(Object(Closure))
#59 C:/Users/user/MyFiles/ProgmiX/PEX-Form-main/vendor/laravel/framework/src/Illuminate/Routing/Router.php(800): Illuminate/Routing/Router->runRouteWithinStack(Object(Illuminate/Routing/Route), Object(Illuminate/Http/Request))
#60 C:/Users/user/MyFiles/ProgmiX/PEX-Form-main/vendor/laravel/framework/src/Illuminate/Routing/Router.php(764): Illuminate/Routing/Router->runRoute(Object(Illuminate/Http/Request), Object(Illuminate/Routing/Route))
#61 C:/Users/user/MyFiles/ProgmiX/PEX-Form-main/vendor/laravel/framework/src/Illuminate/Routing/Router.php(753): Illuminate/Routing/Router->dispatchToRoute(Object(Illuminate/Http/Request))
#62 C:/Users/user/MyFiles/ProgmiX/PEX-Form-main/vendor/laravel/framework/src/Illuminate/Foundation/Http/Kernel.php(200): Illuminate/Routing/Router->dispatch(Object(Illuminate/Http/Request))
#63 C:/Users/user/MyFiles/ProgmiX/PEX-Form-main/vendor/laravel/framework/src/Illuminate/Pipeline/Pipeline.php(180): Illuminate/Foundation/Http/Kernel->Illuminate/Foundation/Http/{closure}(Object(Illuminate/Http/Request))
#64 C:/Users/user/MyFiles/ProgmiX/PEX-Form-main/vendor/barryvdh/laravel-debugbar/src/Middleware/InjectDebugbar.php(59): Illuminate/Pipeline/Pipeline->Illuminate/Pipeline/{closure}(Object(Illuminate/Http/Request))
#65 C:/Users/user/MyFiles/ProgmiX/PEX-Form-main/vendor/laravel/framework/src/Illuminate/Pipeline/Pipeline.php(219): Barryvdh/Debugbar/Middleware/InjectDebugbar->handle(Object(Illuminate/Http/Request), Object(Closure))
#66 C:/Users/user/MyFiles/ProgmiX/PEX-Form-main/modules/Backend/Http/Middleware/BlockIpMiddleware.php(31): Illuminate/Pipeline/Pipeline->Illuminate/Pipeline/{closure}(Object(Illuminate/Http/Request))
#67 C:/Users/user/MyFiles/ProgmiX/PEX-Form-main/vendor/laravel/framework/src/Illuminate/Pipeline/Pipeline.php(219): Juzaweb/Backend/Http/Middleware/BlockIpMiddleware->handle(Object(Illuminate/Http/Request), Object(Closure))
#68 C:/Users/user/MyFiles/ProgmiX/PEX-Form-main/modules/Backend/Http/Middleware/SecurityHeaders.php(25): Illuminate/Pipeline/Pipeline->Illuminate/Pipeline/{closure}(Object(Illuminate/Http/Request))
#69 C:/Users/user/MyFiles/ProgmiX/PEX-Form-main/vendor/laravel/framework/src/Illuminate/Pipeline/Pipeline.php(219): Juzaweb/Backend/Http/Middleware/SecurityHeaders->handle(Object(Illuminate/Http/Request), Object(Closure))
#70 C:/Users/user/MyFiles/ProgmiX/PEX-Form-main/vendor/laravel/framework/src/Illuminate/Foundation/Http/Middleware/TransformsRequest.php(21): Illuminate/Pipeline/Pipeline->Illuminate/Pipeline/{closure}(Object(Illuminate/Http/Request))
#71 C:/Users/user/MyFiles/ProgmiX/PEX-Form-main/vendor/laravel/framework/src/Illuminate/Foundation/Http/Middleware/ConvertEmptyStringsToNull.php(31): Illuminate/Foundation/Http/Middleware/TransformsRequest->handle(Object(Illuminate/Http/Request), Object(Closure))
#72 C:/Users/user/MyFiles/ProgmiX/PEX-Form-main/vendor/laravel/framework/src/Illuminate/Pipeline/Pipeline.php(219): Illuminate/Foundation/Http/Middleware/ConvertEmptyStringsToNull->handle(Object(Illuminate/Http/Request), Object(Closure))
#73 C:/Users/user/MyFiles/ProgmiX/PEX-Form-main/vendor/laravel/framework/src/Illuminate/Foundation/Http/Middleware/TransformsRequest.php(21): Illuminate/Pipeline/Pipeline->Illuminate/Pipeline/{closure}(Object(Illuminate/Http/Request))
#74 C:/Users/user/MyFiles/ProgmiX/PEX-Form-main/vendor/laravel/framework/src/Illuminate/Foundation/Http/Middleware/TrimStrings.php(51): Illuminate/Foundation/Http/Middleware/TransformsRequest->handle(Object(Illuminate/Http/Request), Object(Closure))
#75 C:/Users/user/MyFiles/ProgmiX/PEX-Form-main/vendor/laravel/framework/src/Illuminate/Pipeline/Pipeline.php(219): Illuminate/Foundation/Http/Middleware/TrimStrings->handle(Object(Illuminate/Http/Request), Object(Closure))
#76 C:/Users/user/MyFiles/ProgmiX/PEX-Form-main/vendor/laravel/framework/src/Illuminate/Http/Middleware/ValidatePostSize.php(27): Illuminate/Pipeline/Pipeline->Illuminate/Pipeline/{closure}(Object(Illuminate/Http/Request))
#77 C:/Users/user/MyFiles/ProgmiX/PEX-Form-main/vendor/laravel/framework/src/Illuminate/Pipeline/Pipeline.php(219): Illuminate/Http/Middleware/ValidatePostSize->handle(Object(Illuminate/Http/Request), Object(Closure))
#78 C:/Users/user/MyFiles/ProgmiX/PEX-Form-main/vendor/laravel/framework/src/Illuminate/Foundation/Http/Middleware/PreventRequestsDuringMaintenance.php(109): Illuminate/Pipeline/Pipeline->Illuminate/Pipeline/{closure}(Object(Illuminate/Http/Request))
#79 C:/Users/user/MyFiles/ProgmiX/PEX-Form-main/vendor/laravel/framework/src/Illuminate/Pipeline/Pipeline.php(219): Illuminate/Foundation/Http/Middleware/PreventRequestsDuringMaintenance->handle(Object(Illuminate/Http/Request), Object(Closure))
#80 C:/Users/user/MyFiles/ProgmiX/PEX-Form-main/vendor/laravel/framework/src/Illuminate/Http/Middleware/HandleCors.php(61): Illuminate/Pipeline/Pipeline->Illuminate/Pipeline/{closure}(Object(Illuminate/Http/Request))
#81 C:/Users/user/MyFiles/ProgmiX/PEX-Form-main/vendor/laravel/framework/src/Illuminate/Pipeline/Pipeline.php(219): Illuminate/Http/Middleware/HandleCors->handle(Object(Illuminate/Http/Request), Object(Closure))
#82 C:/Users/user/MyFiles/ProgmiX/PEX-Form-main/vendor/laravel/framework/src/Illuminate/Http/Middleware/TrustProxies.php(58): Illuminate/Pipeline/Pipeline->Illuminate/Pipeline/{closure}(Object(Illuminate/Http/Request))
#83 C:/Users/user/MyFiles/ProgmiX/PEX-Form-main/vendor/laravel/framework/src/Illuminate/Pipeline/Pipeline.php(219): Illuminate/Http/Middleware/TrustProxies->handle(Object(Illuminate/Http/Request), Object(Closure))
#84 C:/Users/user/MyFiles/ProgmiX/PEX-Form-main/vendor/laravel/framework/src/Illuminate/Pipeline/Pipeline.php(137): Illuminate/Pipeline/Pipeline->Illuminate/Pipeline/{closure}(Object(Illuminate/Http/Request))
#85 C:/Users/user/MyFiles/ProgmiX/PEX-Form-main/vendor/laravel/framework/src/Illuminate/Foundation/Http/Kernel.php(175): Illuminate/Pipeline/Pipeline->then(Object(Closure))
#86 C:/Users/user/MyFiles/ProgmiX/PEX-Form-main/vendor/laravel/framework/src/Illuminate/Foundation/Http/Kernel.php(144): Illuminate/Foundation/Http/Kernel->sendRequestThroughRouter(Object(Illuminate/Http/Request))
#87 C:/Users/user/MyFiles/ProgmiX/PEX-Form-main/public/index.php(51): Illuminate/Foundation/Http/Kernel->handle(Object(Illuminate/Http/Request))
#88 C:/Users/user/MyFiles/ProgmiX/PEX-Form-main/vendor/laravel/framework/src/Illuminate/Foundation/resources/server.php(23): require_once('C://Users//user//M...')
#89 {main}
"} 
[2026-09-30 10:17:09] local.ERROR: Maximum execution time of 60 seconds exceeded {"exception":"[object] (Symfony\\Component\\ErrorHandler\\Error\\FatalError(code: 0): Maximum execution time of 60 seconds exceeded at C:/Users/user/MyFiles/ProgmiX/PEX-Form-main/modules/CMS/Support/HookAction.php:20)
[stacktrace]
#0 {main}
"} 
[2026-09-30 10:20:07] local.ERROR: syntax error, unexpected token "endif", expecting end of file {"userId":1,"exception":"[object] (Spatie\\LaravelIgnition\\Exceptions\\ViewException(code: 0): syntax error, unexpected token \"endif\", expecting end of file at C:/Users/user/MyFiles/ProgmiX/PEX-Form-main/modules/Frontend/resources/views/templates/homepage/pex/contact.blade.php:15)
[stacktrace]
#0 C:/Users/user/MyFiles/ProgmiX/PEX-Form-main/vendor/laravel/framework/src/Illuminate/Filesystem/Filesystem.php(123): require('C://Users//user//M...')
#1 C:/Users/user/MyFiles/ProgmiX/PEX-Form-main/vendor/laravel/framework/src/Illuminate/Filesystem/Filesystem.php(124): Illuminate/Filesystem/Filesystem::Illuminate/Filesystem/{closure}()
#2 C:/Users/user/MyFiles/ProgmiX/PEX-Form-main/vendor/laravel/framework/src/Illuminate/View/Engines/PhpEngine.php(57): Illuminate/Filesystem/Filesystem->getRequire('C://Users//user//M...', Array)
#3 C:/Users/user/MyFiles/ProgmiX/PEX-Form-main/vendor/laravel/framework/src/Illuminate/View/Engines/CompilerEngine.php(76): Illuminate/View/Engines/PhpEngine->evaluatePath('C://Users//user//M...', Array)
#4 C:/Users/user/MyFiles/ProgmiX/PEX-Form-main/vendor/laravel/framework/src/Illuminate/View/View.php(208): Illuminate/View/Engines/CompilerEngine->get('C://Users//user//M...', Array)
#5 C:/Users/user/MyFiles/ProgmiX/PEX-Form-main/vendor/laravel/framework/src/Illuminate/View/View.php(191): Illuminate/View/View->getContents()
#6 C:/Users/user/MyFiles/ProgmiX/PEX-Form-main/vendor/laravel/framework/src/Illuminate/View/View.php(160): Illuminate/View/View->renderContents()
#7 C:/Users/user/MyFiles/ProgmiX/PEX-Form-main/vendor/laravel/framework/src/Illuminate/Http/Response.php(78): Illuminate/View/View->render()
#8 C:/Users/user/MyFiles/ProgmiX/PEX-Form-main/vendor/laravel/framework/src/Illuminate/Http/Response.php(34): Illuminate/Http/Response->setContent(Object(Illuminate/View/View))
#9 C:/Users/user/MyFiles/ProgmiX/PEX-Form-main/vendor/laravel/framework/src/Illuminate/Routing/Router.php(939): Illuminate/Http/Response->__construct(Object(Illuminate/View/View), 200, Array)
#10 C:/Users/user/MyFiles/ProgmiX/PEX-Form-main/vendor/laravel/framework/src/Illuminate/Routing/Router.php(906): Illuminate/Routing/Router::toResponse(Object(Illuminate/Http/Request), Object(Illuminate/View/View))
#11 C:/Users/user/MyFiles/ProgmiX/PEX-Form-main/vendor/laravel/framework/src/Illuminate/Routing/Router.php(821): Illuminate/Routing/Router->prepareResponse(Object(Illuminate/Http/Request), Object(Illuminate/View/View))
#12 C:/Users/user/MyFiles/ProgmiX/PEX-Form-main/vendor/laravel/framework/src/Illuminate/Pipeline/Pipeline.php(180): Illuminate/Routing/Router->Illuminate/Routing/{closure}(Object(Illuminate/Http/Request))
#13 C:/Users/user/MyFiles/ProgmiX/PEX-Form-main/modules/Frontend/Http/Middleware/Locale.php(49): Illuminate/Pipeline/Pipeline->Illuminate/Pipeline/{closure}(Object(Illuminate/Http/Request))
#14 C:/Users/user/MyFiles/ProgmiX/PEX-Form-main/vendor/laravel/framework/src/Illuminate/Pipeline/Pipeline.php(219): Juzaweb/Frontend/Http/Middleware/Locale->handle(Object(Illuminate/Http/Request), Object(Closure))
#15 C:/Users/user/MyFiles/ProgmiX/PEX-Form-main/modules/Backend/Http/Middleware/SecurityHeaders.php(25): Illuminate/Pipeline/Pipeline->Illuminate/Pipeline/{closure}(Object(Illuminate/Http/Request))
#16 C:/Users/user/MyFiles/ProgmiX/PEX-Form-main/vendor/laravel/framework/src/Illuminate/Pipeline/Pipeline.php(219): Juzaweb/Backend/Http/Middleware/SecurityHeaders->handle(Object(Illuminate/Http/Request), Object(Closure))
#17 C:/Users/user/MyFiles/ProgmiX/PEX-Form-main/vendor/laravel/framework/src/Illuminate/Routing/Middleware/ThrottleRequests.php(166): Illuminate/Pipeline/Pipeline->Illuminate/Pipeline/{closure}(Object(Illuminate/Http/Request))
#18 C:/Users/user/MyFiles/ProgmiX/PEX-Form-main/vendor/laravel/framework/src/Illuminate/Routing/Middleware/ThrottleRequests.php(93): Illuminate/Routing/Middleware/ThrottleRequests->handleRequest(Object(Illuminate/Http/Request), Object(Closure), Array)
#19 C:/Users/user/MyFiles/ProgmiX/PEX-Form-main/vendor/laravel/framework/src/Illuminate/Pipeline/Pipeline.php(219): Illuminate/Routing/Middleware/ThrottleRequests->handle(Object(Illuminate/Http/Request), Object(Closure))
#20 C:/Users/user/MyFiles/ProgmiX/PEX-Form-main/modules/Backend/Http/Middleware/PathTraversal.php(57): Illuminate/Pipeline/Pipeline->Illuminate/Pipeline/{closure}(Object(Illuminate/Http/Request))
#21 C:/Users/user/MyFiles/ProgmiX/PEX-Form-main/vendor/laravel/framework/src/Illuminate/Pipeline/Pipeline.php(219): Juzaweb/Backend/Http/Middleware/PathTraversal->handle(Object(Illuminate/Http/Request), Object(Closure))
#22 C:/Users/user/MyFiles/ProgmiX/PEX-Form-main/modules/Backend/Http/Middleware/XssSanitization.php(44): Illuminate/Pipeline/Pipeline->Illuminate/Pipeline/{closure}(Object(Illuminate/Http/Request))
#23 C:/Users/user/MyFiles/ProgmiX/PEX-Form-main/vendor/laravel/framework/src/Illuminate/Pipeline/Pipeline.php(219): Juzaweb/Backend/Http/Middleware/XssSanitization->handle(Object(Illuminate/Http/Request), Object(Closure))
#24 C:/Users/user/MyFiles/ProgmiX/PEX-Form-main/vendor/spatie/laravel-csp/src/AddCspHeaders.php(13): Illuminate/Pipeline/Pipeline->Illuminate/Pipeline/{closure}(Object(Illuminate/Http/Request))
#25 C:/Users/user/MyFiles/ProgmiX/PEX-Form-main/vendor/laravel/framework/src/Illuminate/Pipeline/Pipeline.php(219): Spatie/Csp/AddCspHeaders->handle(Object(Illuminate/Http/Request), Object(Closure))
#26 C:/Users/user/MyFiles/ProgmiX/PEX-Form-main/vendor/barryvdh/laravel-debugbar/src/Middleware/InjectDebugbar.php(59): Illuminate/Pipeline/Pipeline->Illuminate/Pipeline/{closure}(Object(Illuminate/Http/Request))
#27 C:/Users/user/MyFiles/ProgmiX/PEX-Form-main/vendor/laravel/framework/src/Illuminate/Pipeline/Pipeline.php(219): Barryvdh/Debugbar/Middleware/InjectDebugbar->handle(Object(Illuminate/Http/Request), Object(Closure))
#28 C:/Users/user/MyFiles/ProgmiX/PEX-Form-main/modules/CMS/Http/Middleware/XFrameHeadersMiddleware.php(41): Illuminate/Pipeline/Pipeline->Illuminate/Pipeline/{closure}(Object(Illuminate/Http/Request))
#29 C:/Users/user/MyFiles/ProgmiX/PEX-Form-main/vendor/laravel/framework/src/Illuminate/Pipeline/Pipeline.php(219): Juzaweb/CMS/Http/Middleware/XFrameHeadersMiddleware->handle(Object(Illuminate/Http/Request), Object(Closure))
#30 C:/Users/user/MyFiles/ProgmiX/PEX-Form-main/vendor/laravel/framework/src/Illuminate/Routing/Middleware/SubstituteBindings.php(50): Illuminate/Pipeline/Pipeline->Illuminate/Pipeline/{closure}(Object(Illuminate/Http/Request))
#31 C:/Users/user/MyFiles/ProgmiX/PEX-Form-main/vendor/laravel/framework/src/Illuminate/Pipeline/Pipeline.php(219): Illuminate/Routing/Middleware/SubstituteBindings->handle(Object(Illuminate/Http/Request), Object(Closure))
#32 C:/Users/user/MyFiles/ProgmiX/PEX-Form-main/vendor/laravel/framework/src/Illuminate/Cookie/Middleware/AddQueuedCookiesToResponse.php(36): Illuminate/Pipeline/Pipeline->Illuminate/Pipeline/{closure}(Object(Illuminate/Http/Request))
#33 C:/Users/user/MyFiles/ProgmiX/PEX-Form-main/vendor/laravel/framework/src/Illuminate/Pipeline/Pipeline.php(219): Illuminate/Cookie/Middleware/AddQueuedCookiesToResponse->handle(Object(Illuminate/Http/Request), Object(Closure))
#34 C:/Users/user/MyFiles/ProgmiX/PEX-Form-main/vendor/laravel/framework/src/Illuminate/View/Middleware/ShareErrorsFromSession.php(48): Illuminate/Pipeline/Pipeline->Illuminate/Pipeline/{closure}(Object(Illuminate/Http/Request))
#35 C:/Users/user/MyFiles/ProgmiX/PEX-Form-main/modules/Backend/Http/Middleware/ShareErrorsUnlessBot.php(24): Illuminate/View/Middleware/ShareErrorsFromSession->handle(Object(Illuminate/Http/Request), Object(Closure))
#36 C:/Users/user/MyFiles/ProgmiX/PEX-Form-main/vendor/laravel/framework/src/Illuminate/Pipeline/Pipeline.php(219): Juzaweb/Backend/Http/Middleware/ShareErrorsUnlessBot->handle(Object(Illuminate/Http/Request), Object(Closure))
#37 C:/Users/user/MyFiles/ProgmiX/PEX-Form-main/vendor/laravel/framework/src/Illuminate/Session/Middleware/StartSession.php(120): Illuminate/Pipeline/Pipeline->Illuminate/Pipeline/{closure}(Object(Illuminate/Http/Request))
#38 C:/Users/user/MyFiles/ProgmiX/PEX-Form-main/vendor/laravel/framework/src/Illuminate/Session/Middleware/StartSession.php(63): Illuminate/Session/Middleware/StartSession->handleStatefulRequest(Object(Illuminate/Http/Request), Object(Illuminate/Session/Store), Object(Closure))
#39 C:/Users/user/MyFiles/ProgmiX/PEX-Form-main/modules/Backend/Http/Middleware/SkipSessionForBots.php(24): Illuminate/Session/Middleware/StartSession->handle(Object(Illuminate/Http/Request), Object(Closure))
#40 C:/Users/user/MyFiles/ProgmiX/PEX-Form-main/vendor/laravel/framework/src/Illuminate/Pipeline/Pipeline.php(219): Juzaweb/Backend/Http/Middleware/SkipSessionForBots->handle(Object(Illuminate/Http/Request), Object(Closure))
#41 C:/Users/user/MyFiles/ProgmiX/PEX-Form-main/vendor/laravel/framework/src/Illuminate/Cookie/Middleware/EncryptCookies.php(74): Illuminate/Pipeline/Pipeline->Illuminate/Pipeline/{closure}(Object(Illuminate/Http/Request))
#42 C:/Users/user/MyFiles/ProgmiX/PEX-Form-main/vendor/laravel/framework/src/Illuminate/Pipeline/Pipeline.php(219): Illuminate/Cookie/Middleware/EncryptCookies->handle(Object(Illuminate/Http/Request), Object(Closure))
#43 C:/Users/user/MyFiles/ProgmiX/PEX-Form-main/modules/CMS/Http/Middleware/GlobalMiddleware.php(11): Illuminate/Pipeline/Pipeline->Illuminate/Pipeline/{closure}(Object(Illuminate/Http/Request))
#44 C:/Users/user/MyFiles/ProgmiX/PEX-Form-main/vendor/laravel/framework/src/Illuminate/Pipeline/Pipeline.php(219): Juzaweb/CMS/Http/Middleware/GlobalMiddleware->handle(Object(Illuminate/Http/Request), Object(Closure))
#45 C:/Users/user/MyFiles/ProgmiX/PEX-Form-main/modules/Backend/Http/Middleware/DisableSessionForBots.php(30): Illuminate/Pipeline/Pipeline->Illuminate/Pipeline/{closure}(Object(Illuminate/Http/Request))
#46 C:/Users/user/MyFiles/ProgmiX/PEX-Form-main/vendor/laravel/framework/src/Illuminate/Pipeline/Pipeline.php(219): Juzaweb/Backend/Http/Middleware/DisableSessionForBots->handle(Object(Illuminate/Http/Request), Object(Closure))
#47 C:/Users/user/MyFiles/ProgmiX/PEX-Form-main/vendor/laravel/framework/src/Illuminate/Pipeline/Pipeline.php(137): Illuminate/Pipeline/Pipeline->Illuminate/Pipeline/{closure}(Object(Illuminate/Http/Request))
#48 C:/Users/user/MyFiles/ProgmiX/PEX-Form-main/vendor/laravel/framework/src/Illuminate/Routing/Router.php(821): Illuminate/Pipeline/Pipeline->then(Object(Closure))
#49 C:/Users/user/MyFiles/ProgmiX/PEX-Form-main/vendor/laravel/framework/src/Illuminate/Routing/Router.php(800): Illuminate/Routing/Router->runRouteWithinStack(Object(Illuminate/Routing/Route), Object(Illuminate/Http/Request))
#50 C:/Users/user/MyFiles/ProgmiX/PEX-Form-main/vendor/laravel/framework/src/Illuminate/Routing/Router.php(764): Illuminate/Routing/Router->runRoute(Object(Illuminate/Http/Request), Object(Illuminate/Routing/Route))
#51 C:/Users/user/MyFiles/ProgmiX/PEX-Form-main/vendor/laravel/framework/src/Illuminate/Routing/Router.php(753): Illuminate/Routing/Router->dispatchToRoute(Object(Illuminate/Http/Request))
#52 C:/Users/user/MyFiles/ProgmiX/PEX-Form-main/vendor/laravel/framework/src/Illuminate/Foundation/Http/Kernel.php(200): Illuminate/Routing/Router->dispatch(Object(Illuminate/Http/Request))
#53 C:/Users/user/MyFiles/ProgmiX/PEX-Form-main/vendor/laravel/framework/src/Illuminate/Pipeline/Pipeline.php(180): Illuminate/Foundation/Http/Kernel->Illuminate/Foundation/Http/{closure}(Object(Illuminate/Http/Request))
#54 C:/Users/user/MyFiles/ProgmiX/PEX-Form-main/vendor/barryvdh/laravel-debugbar/src/Middleware/InjectDebugbar.php(59): Illuminate/Pipeline/Pipeline->Illuminate/Pipeline/{closure}(Object(Illuminate/Http/Request))
#55 C:/Users/user/MyFiles/ProgmiX/PEX-Form-main/vendor/laravel/framework/src/Illuminate/Pipeline/Pipeline.php(219): Barryvdh/Debugbar/Middleware/InjectDebugbar->handle(Object(Illuminate/Http/Request), Object(Closure))
#56 C:/Users/user/MyFiles/ProgmiX/PEX-Form-main/modules/Backend/Http/Middleware/BlockIpMiddleware.php(31): Illuminate/Pipeline/Pipeline->Illuminate/Pipeline/{closure}(Object(Illuminate/Http/Request))
#57 C:/Users/user/MyFiles/ProgmiX/PEX-Form-main/vendor/laravel/framework/src/Illuminate/Pipeline/Pipeline.php(219): Juzaweb/Backend/Http/Middleware/BlockIpMiddleware->handle(Object(Illuminate/Http/Request), Object(Closure))
#58 C:/Users/user/MyFiles/ProgmiX/PEX-Form-main/modules/Backend/Http/Middleware/SecurityHeaders.php(25): Illuminate/Pipeline/Pipeline->Illuminate/Pipeline/{closure}(Object(Illuminate/Http/Request))
#59 C:/Users/user/MyFiles/ProgmiX/PEX-Form-main/vendor/laravel/framework/src/Illuminate/Pipeline/Pipeline.php(219): Juzaweb/Backend/Http/Middleware/SecurityHeaders->handle(Object(Illuminate/Http/Request), Object(Closure))
#60 C:/Users/user/MyFiles/ProgmiX/PEX-Form-main/vendor/laravel/framework/src/Illuminate/Foundation/Http/Middleware/TransformsRequest.php(21): Illuminate/Pipeline/Pipeline->Illuminate/Pipeline/{closure}(Object(Illuminate/Http/Request))
#61 C:/Users/user/MyFiles/ProgmiX/PEX-Form-main/vendor/laravel/framework/src/Illuminate/Foundation/Http/Middleware/ConvertEmptyStringsToNull.php(31): Illuminate/Foundation/Http/Middleware/TransformsRequest->handle(Object(Illuminate/Http/Request), Object(Closure))
#62 C:/Users/user/MyFiles/ProgmiX/PEX-Form-main/vendor/laravel/framework/src/Illuminate/Pipeline/Pipeline.php(219): Illuminate/Foundation/Http/Middleware/ConvertEmptyStringsToNull->handle(Object(Illuminate/Http/Request), Object(Closure))
#63 C:/Users/user/MyFiles/ProgmiX/PEX-Form-main/vendor/laravel/framework/src/Illuminate/Foundation/Http/Middleware/TransformsRequest.php(21): Illuminate/Pipeline/Pipeline->Illuminate/Pipeline/{closure}(Object(Illuminate/Http/Request))
#64 C:/Users/user/MyFiles/ProgmiX/PEX-Form-main/vendor/laravel/framework/src/Illuminate/Foundation/Http/Middleware/TrimStrings.php(51): Illuminate/Foundation/Http/Middleware/TransformsRequest->handle(Object(Illuminate/Http/Request), Object(Closure))
#65 C:/Users/user/MyFiles/ProgmiX/PEX-Form-main/vendor/laravel/framework/src/Illuminate/Pipeline/Pipeline.php(219): Illuminate/Foundation/Http/Middleware/TrimStrings->handle(Object(Illuminate/Http/Request), Object(Closure))
#66 C:/Users/user/MyFiles/ProgmiX/PEX-Form-main/vendor/laravel/framework/src/Illuminate/Http/Middleware/ValidatePostSize.php(27): Illuminate/Pipeline/Pipeline->Illuminate/Pipeline/{closure}(Object(Illuminate/Http/Request))
#67 C:/Users/user/MyFiles/ProgmiX/PEX-Form-main/vendor/laravel/framework/src/Illuminate/Pipeline/Pipeline.php(219): Illuminate/Http/Middleware/ValidatePostSize->handle(Object(Illuminate/Http/Request), Object(Closure))
#68 C:/Users/user/MyFiles/ProgmiX/PEX-Form-main/vendor/laravel/framework/src/Illuminate/Foundation/Http/Middleware/PreventRequestsDuringMaintenance.php(109): Illuminate/Pipeline/Pipeline->Illuminate/Pipeline/{closure}(Object(Illuminate/Http/Request))
#69 C:/Users/user/MyFiles/ProgmiX/PEX-Form-main/vendor/laravel/framework/src/Illuminate/Pipeline/Pipeline.php(219): Illuminate/Foundation/Http/Middleware/PreventRequestsDuringMaintenance->handle(Object(Illuminate/Http/Request), Object(Closure))
#70 C:/Users/user/MyFiles/ProgmiX/PEX-Form-main/vendor/laravel/framework/src/Illuminate/Http/Middleware/HandleCors.php(61): Illuminate/Pipeline/Pipeline->Illuminate/Pipeline/{closure}(Object(Illuminate/Http/Request))
#71 C:/Users/user/MyFiles/ProgmiX/PEX-Form-main/vendor/laravel/framework/src/Illuminate/Pipeline/Pipeline.php(219): Illuminate/Http/Middleware/HandleCors->handle(Object(Illuminate/Http/Request), Object(Closure))
#72 C:/Users/user/MyFiles/ProgmiX/PEX-Form-main/vendor/laravel/framework/src/Illuminate/Http/Middleware/TrustProxies.php(58): Illuminate/Pipeline/Pipeline->Illuminate/Pipeline/{closure}(Object(Illuminate/Http/Request))
#73 C:/Users/user/MyFiles/ProgmiX/PEX-Form-main/vendor/laravel/framework/src/Illuminate/Pipeline/Pipeline.php(219): Illuminate/Http/Middleware/TrustProxies->handle(Object(Illuminate/Http/Request), Object(Closure))
#74 C:/Users/user/MyFiles/ProgmiX/PEX-Form-main/vendor/laravel/framework/src/Illuminate/Pipeline/Pipeline.php(137): Illuminate/Pipeline/Pipeline->Illuminate/Pipeline/{closure}(Object(Illuminate/Http/Request))
#75 C:/Users/user/MyFiles/ProgmiX/PEX-Form-main/vendor/laravel/framework/src/Illuminate/Foundation/Http/Kernel.php(175): Illuminate/Pipeline/Pipeline->then(Object(Closure))
#76 C:/Users/user/MyFiles/ProgmiX/PEX-Form-main/vendor/laravel/framework/src/Illuminate/Foundation/Http/Kernel.php(144): Illuminate/Foundation/Http/Kernel->sendRequestThroughRouter(Object(Illuminate/Http/Request))
#77 C:/Users/user/MyFiles/ProgmiX/PEX-Form-main/public/index.php(51): Illuminate/Foundation/Http/Kernel->handle(Object(Illuminate/Http/Request))
#78 C:/Users/user/MyFiles/ProgmiX/PEX-Form-main/vendor/laravel/framework/src/Illuminate/Foundation/resources/server.php(23): require_once('C://Users//user//M...')
#79 {main}

[previous exception] [object] (ParseError(code: 0): syntax error, unexpected token \"endif\", expecting end of file at C:/Users/user/MyFiles/ProgmiX/PEX-Form-main/storage/framework/views/a84ddf431c771032d0234d77e02450d7.php:15)
[stacktrace]
#0 C:/Users/user/MyFiles/ProgmiX/PEX-Form-main/vendor/laravel/framework/src/Illuminate/Filesystem/Filesystem.php(124): Illuminate/Filesystem/Filesystem::Illuminate/Filesystem/{closure}()
#1 C:/Users/user/MyFiles/ProgmiX/PEX-Form-main/vendor/laravel/framework/src/Illuminate/View/Engines/PhpEngine.php(57): Illuminate/Filesystem/Filesystem->getRequire('C://Users//user//M...', Array)
#2 C:/Users/user/MyFiles/ProgmiX/PEX-Form-main/vendor/laravel/framework/src/Illuminate/View/Engines/CompilerEngine.php(76): Illuminate/View/Engines/PhpEngine->evaluatePath('C://Users//user//M...', Array)
#3 C:/Users/user/MyFiles/ProgmiX/PEX-Form-main/vendor/laravel/framework/src/Illuminate/View/View.php(208): Illuminate/View/Engines/CompilerEngine->get('C://Users//user//M...', Array)
#4 C:/Users/user/MyFiles/ProgmiX/PEX-Form-main/vendor/laravel/framework/src/Illuminate/View/View.php(191): Illuminate/View/View->getContents()
#5 C:/Users/user/MyFiles/ProgmiX/PEX-Form-main/vendor/laravel/framework/src/Illuminate/View/View.php(160): Illuminate/View/View->renderContents()
#6 C:/Users/user/MyFiles/ProgmiX/PEX-Form-main/storage/framework/views/078e945ecbf82d678121cbf4f8650dce.php(1): Illuminate/View/View->render()
#7 C:/Users/user/MyFiles/ProgmiX/PEX-Form-main/vendor/laravel/framework/src/Illuminate/Filesystem/Filesystem.php(123): require('C://Users//user//M...')
#8 C:/Users/user/MyFiles/ProgmiX/PEX-Form-main/vendor/laravel/framework/src/Illuminate/Filesystem/Filesystem.php(124): Illuminate/Filesystem/Filesystem::Illuminate/Filesystem/{closure}()
#9 C:/Users/user/MyFiles/ProgmiX/PEX-Form-main/vendor/laravel/framework/src/Illuminate/View/Engines/PhpEngine.php(57): Illuminate/Filesystem/Filesystem->getRequire('C://Users//user//M...', Array)
#10 C:/Users/user/MyFiles/ProgmiX/PEX-Form-main/vendor/laravel/framework/src/Illuminate/View/Engines/CompilerEngine.php(76): Illuminate/View/Engines/PhpEngine->evaluatePath('C://Users//user//M...', Array)
#11 C:/Users/user/MyFiles/ProgmiX/PEX-Form-main/vendor/laravel/framework/src/Illuminate/View/View.php(208): Illuminate/View/Engines/CompilerEngine->get('C://Users//user//M...', Array)
#12 C:/Users/user/MyFiles/ProgmiX/PEX-Form-main/vendor/laravel/framework/src/Illuminate/View/View.php(191): Illuminate/View/View->getContents()
#13 C:/Users/user/MyFiles/ProgmiX/PEX-Form-main/vendor/laravel/framework/src/Illuminate/View/View.php(160): Illuminate/View/View->renderContents()
#14 C:/Users/user/MyFiles/ProgmiX/PEX-Form-main/vendor/laravel/framework/src/Illuminate/Http/Response.php(78): Illuminate/View/View->render()
#15 C:/Users/user/MyFiles/ProgmiX/PEX-Form-main/vendor/laravel/framework/src/Illuminate/Http/Response.php(34): Illuminate/Http/Response->setContent(Object(Illuminate/View/View))
#16 C:/Users/user/MyFiles/ProgmiX/PEX-Form-main/vendor/laravel/framework/src/Illuminate/Routing/Router.php(939): Illuminate/Http/Response->__construct(Object(Illuminate/View/View), 200, Array)
#17 C:/Users/user/MyFiles/ProgmiX/PEX-Form-main/vendor/laravel/framework/src/Illuminate/Routing/Router.php(906): Illuminate/Routing/Router::toResponse(Object(Illuminate/Http/Request), Object(Illuminate/View/View))
#18 C:/Users/user/MyFiles/ProgmiX/PEX-Form-main/vendor/laravel/framework/src/Illuminate/Routing/Router.php(821): Illuminate/Routing/Router->prepareResponse(Object(Illuminate/Http/Request), Object(Illuminate/View/View))
#19 C:/Users/user/MyFiles/ProgmiX/PEX-Form-main/vendor/laravel/framework/src/Illuminate/Pipeline/Pipeline.php(180): Illuminate/Routing/Router->Illuminate/Routing/{closure}(Object(Illuminate/Http/Request))
#20 C:/Users/user/MyFiles/ProgmiX/PEX-Form-main/modules/Frontend/Http/Middleware/Locale.php(49): Illuminate/Pipeline/Pipeline->Illuminate/Pipeline/{closure}(Object(Illuminate/Http/Request))
#21 C:/Users/user/MyFiles/ProgmiX/PEX-Form-main/vendor/laravel/framework/src/Illuminate/Pipeline/Pipeline.php(219): Juzaweb/Frontend/Http/Middleware/Locale->handle(Object(Illuminate/Http/Request), Object(Closure))
#22 C:/Users/user/MyFiles/ProgmiX/PEX-Form-main/modules/Backend/Http/Middleware/SecurityHeaders.php(25): Illuminate/Pipeline/Pipeline->Illuminate/Pipeline/{closure}(Object(Illuminate/Http/Request))
#23 C:/Users/user/MyFiles/ProgmiX/PEX-Form-main/vendor/laravel/framework/src/Illuminate/Pipeline/Pipeline.php(219): Juzaweb/Backend/Http/Middleware/SecurityHeaders->handle(Object(Illuminate/Http/Request), Object(Closure))
#24 C:/Users/user/MyFiles/ProgmiX/PEX-Form-main/vendor/laravel/framework/src/Illuminate/Routing/Middleware/ThrottleRequests.php(166): Illuminate/Pipeline/Pipeline->Illuminate/Pipeline/{closure}(Object(Illuminate/Http/Request))
#25 C:/Users/user/MyFiles/ProgmiX/PEX-Form-main/vendor/laravel/framework/src/Illuminate/Routing/Middleware/ThrottleRequests.php(93): Illuminate/Routing/Middleware/ThrottleRequests->handleRequest(Object(Illuminate/Http/Request), Object(Closure), Array)
#26 C:/Users/user/MyFiles/ProgmiX/PEX-Form-main/vendor/laravel/framework/src/Illuminate/Pipeline/Pipeline.php(219): Illuminate/Routing/Middleware/ThrottleRequests->handle(Object(Illuminate/Http/Request), Object(Closure))
#27 C:/Users/user/MyFiles/ProgmiX/PEX-Form-main/modules/Backend/Http/Middleware/PathTraversal.php(57): Illuminate/Pipeline/Pipeline->Illuminate/Pipeline/{closure}(Object(Illuminate/Http/Request))
#28 C:/Users/user/MyFiles/ProgmiX/PEX-Form-main/vendor/laravel/framework/src/Illuminate/Pipeline/Pipeline.php(219): Juzaweb/Backend/Http/Middleware/PathTraversal->handle(Object(Illuminate/Http/Request), Object(Closure))
#29 C:/Users/user/MyFiles/ProgmiX/PEX-Form-main/modules/Backend/Http/Middleware/XssSanitization.php(44): Illuminate/Pipeline/Pipeline->Illuminate/Pipeline/{closure}(Object(Illuminate/Http/Request))
#30 C:/Users/user/MyFiles/ProgmiX/PEX-Form-main/vendor/laravel/framework/src/Illuminate/Pipeline/Pipeline.php(219): Juzaweb/Backend/Http/Middleware/XssSanitization->handle(Object(Illuminate/Http/Request), Object(Closure))
#31 C:/Users/user/MyFiles/ProgmiX/PEX-Form-main/vendor/spatie/laravel-csp/src/AddCspHeaders.php(13): Illuminate/Pipeline/Pipeline->Illuminate/Pipeline/{closure}(Object(Illuminate/Http/Request))
#32 C:/Users/user/MyFiles/ProgmiX/PEX-Form-main/vendor/laravel/framework/src/Illuminate/Pipeline/Pipeline.php(219): Spatie/Csp/AddCspHeaders->handle(Object(Illuminate/Http/Request), Object(Closure))
#33 C:/Users/user/MyFiles/ProgmiX/PEX-Form-main/vendor/barryvdh/laravel-debugbar/src/Middleware/InjectDebugbar.php(59): Illuminate/Pipeline/Pipeline->Illuminate/Pipeline/{closure}(Object(Illuminate/Http/Request))
#34 C:/Users/user/MyFiles/ProgmiX/PEX-Form-main/vendor/laravel/framework/src/Illuminate/Pipeline/Pipeline.php(219): Barryvdh/Debugbar/Middleware/InjectDebugbar->handle(Object(Illuminate/Http/Request), Object(Closure))
#35 C:/Users/user/MyFiles/ProgmiX/PEX-Form-main/modules/CMS/Http/Middleware/XFrameHeadersMiddleware.php(41): Illuminate/Pipeline/Pipeline->Illuminate/Pipeline/{closure}(Object(Illuminate/Http/Request))
#36 C:/Users/user/MyFiles/ProgmiX/PEX-Form-main/vendor/laravel/framework/src/Illuminate/Pipeline/Pipeline.php(219): Juzaweb/CMS/Http/Middleware/XFrameHeadersMiddleware->handle(Object(Illuminate/Http/Request), Object(Closure))
#37 C:/Users/user/MyFiles/ProgmiX/PEX-Form-main/vendor/laravel/framework/src/Illuminate/Routing/Middleware/SubstituteBindings.php(50): Illuminate/Pipeline/Pipeline->Illuminate/Pipeline/{closure}(Object(Illuminate/Http/Request))
#38 C:/Users/user/MyFiles/ProgmiX/PEX-Form-main/vendor/laravel/framework/src/Illuminate/Pipeline/Pipeline.php(219): Illuminate/Routing/Middleware/SubstituteBindings->handle(Object(Illuminate/Http/Request), Object(Closure))
#39 C:/Users/user/MyFiles/ProgmiX/PEX-Form-main/vendor/laravel/framework/src/Illuminate/Cookie/Middleware/AddQueuedCookiesToResponse.php(36): Illuminate/Pipeline/Pipeline->Illuminate/Pipeline/{closure}(Object(Illuminate/Http/Request))
#40 C:/Users/user/MyFiles/ProgmiX/PEX-Form-main/vendor/laravel/framework/src/Illuminate/Pipeline/Pipeline.php(219): Illuminate/Cookie/Middleware/AddQueuedCookiesToResponse->handle(Object(Illuminate/Http/Request), Object(Closure))
#41 C:/Users/user/MyFiles/ProgmiX/PEX-Form-main/vendor/laravel/framework/src/Illuminate/View/Middleware/ShareErrorsFromSession.php(48): Illuminate/Pipeline/Pipeline->Illuminate/Pipeline/{closure}(Object(Illuminate/Http/Request))
#42 C:/Users/user/MyFiles/ProgmiX/PEX-Form-main/modules/Backend/Http/Middleware/ShareErrorsUnlessBot.php(24): Illuminate/View/Middleware/ShareErrorsFromSession->handle(Object(Illuminate/Http/Request), Object(Closure))
#43 C:/Users/user/MyFiles/ProgmiX/PEX-Form-main/vendor/laravel/framework/src/Illuminate/Pipeline/Pipeline.php(219): Juzaweb/Backend/Http/Middleware/ShareErrorsUnlessBot->handle(Object(Illuminate/Http/Request), Object(Closure))
#44 C:/Users/user/MyFiles/ProgmiX/PEX-Form-main/vendor/laravel/framework/src/Illuminate/Session/Middleware/StartSession.php(120): Illuminate/Pipeline/Pipeline->Illuminate/Pipeline/{closure}(Object(Illuminate/Http/Request))
#45 C:/Users/user/MyFiles/ProgmiX/PEX-Form-main/vendor/laravel/framework/src/Illuminate/Session/Middleware/StartSession.php(63): Illuminate/Session/Middleware/StartSession->handleStatefulRequest(Object(Illuminate/Http/Request), Object(Illuminate/Session/Store), Object(Closure))
#46 C:/Users/user/MyFiles/ProgmiX/PEX-Form-main/modules/Backend/Http/Middleware/SkipSessionForBots.php(24): Illuminate/Session/Middleware/StartSession->handle(Object(Illuminate/Http/Request), Object(Closure))
#47 C:/Users/user/MyFiles/ProgmiX/PEX-Form-main/vendor/laravel/framework/src/Illuminate/Pipeline/Pipeline.php(219): Juzaweb/Backend/Http/Middleware/SkipSessionForBots->handle(Object(Illuminate/Http/Request), Object(Closure))
#48 C:/Users/user/MyFiles/ProgmiX/PEX-Form-main/vendor/laravel/framework/src/Illuminate/Cookie/Middleware/EncryptCookies.php(74): Illuminate/Pipeline/Pipeline->Illuminate/Pipeline/{closure}(Object(Illuminate/Http/Request))
#49 C:/Users/user/MyFiles/ProgmiX/PEX-Form-main/vendor/laravel/framework/src/Illuminate/Pipeline/Pipeline.php(219): Illuminate/Cookie/Middleware/EncryptCookies->handle(Object(Illuminate/Http/Request), Object(Closure))
#50 C:/Users/user/MyFiles/ProgmiX/PEX-Form-main/modules/CMS/Http/Middleware/GlobalMiddleware.php(11): Illuminate/Pipeline/Pipeline->Illuminate/Pipeline/{closure}(Object(Illuminate/Http/Request))
#51 C:/Users/user/MyFiles/ProgmiX/PEX-Form-main/vendor/laravel/framework/src/Illuminate/Pipeline/Pipeline.php(219): Juzaweb/CMS/Http/Middleware/GlobalMiddleware->handle(Object(Illuminate/Http/Request), Object(Closure))
#52 C:/Users/user/MyFiles/ProgmiX/PEX-Form-main/modules/Backend/Http/Middleware/DisableSessionForBots.php(30): Illuminate/Pipeline/Pipeline->Illuminate/Pipeline/{closure}(Object(Illuminate/Http/Request))
#53 C:/Users/user/MyFiles/ProgmiX/PEX-Form-main/vendor/laravel/framework/src/Illuminate/Pipeline/Pipeline.php(219): Juzaweb/Backend/Http/Middleware/DisableSessionForBots->handle(Object(Illuminate/Http/Request), Object(Closure))
#54 C:/Users/user/MyFiles/ProgmiX/PEX-Form-main/vendor/laravel/framework/src/Illuminate/Pipeline/Pipeline.php(137): Illuminate/Pipeline/Pipeline->Illuminate/Pipeline/{closure}(Object(Illuminate/Http/Request))
#55 C:/Users/user/MyFiles/ProgmiX/PEX-Form-main/vendor/laravel/framework/src/Illuminate/Routing/Router.php(821): Illuminate/Pipeline/Pipeline->then(Object(Closure))
#56 C:/Users/user/MyFiles/ProgmiX/PEX-Form-main/vendor/laravel/framework/src/Illuminate/Routing/Router.php(800): Illuminate/Routing/Router->runRouteWithinStack(Object(Illuminate/Routing/Route), Object(Illuminate/Http/Request))
#57 C:/Users/user/MyFiles/ProgmiX/PEX-Form-main/vendor/laravel/framework/src/Illuminate/Routing/Router.php(764): Illuminate/Routing/Router->runRoute(Object(Illuminate/Http/Request), Object(Illuminate/Routing/Route))
#58 C:/Users/user/MyFiles/ProgmiX/PEX-Form-main/vendor/laravel/framework/src/Illuminate/Routing/Router.php(753): Illuminate/Routing/Router->dispatchToRoute(Object(Illuminate/Http/Request))
#59 C:/Users/user/MyFiles/ProgmiX/PEX-Form-main/vendor/laravel/framework/src/Illuminate/Foundation/Http/Kernel.php(200): Illuminate/Routing/Router->dispatch(Object(Illuminate/Http/Request))
#60 C:/Users/user/MyFiles/ProgmiX/PEX-Form-main/vendor/laravel/framework/src/Illuminate/Pipeline/Pipeline.php(180): Illuminate/Foundation/Http/Kernel->Illuminate/Foundation/Http/{closure}(Object(Illuminate/Http/Request))
#61 C:/Users/user/MyFiles/ProgmiX/PEX-Form-main/vendor/barryvdh/laravel-debugbar/src/Middleware/InjectDebugbar.php(59): Illuminate/Pipeline/Pipeline->Illuminate/Pipeline/{closure}(Object(Illuminate/Http/Request))
#62 C:/Users/user/MyFiles/ProgmiX/PEX-Form-main/vendor/laravel/framework/src/Illuminate/Pipeline/Pipeline.php(219): Barryvdh/Debugbar/Middleware/InjectDebugbar->handle(Object(Illuminate/Http/Request), Object(Closure))
#63 C:/Users/user/MyFiles/ProgmiX/PEX-Form-main/modules/Backend/Http/Middleware/BlockIpMiddleware.php(31): Illuminate/Pipeline/Pipeline->Illuminate/Pipeline/{closure}(Object(Illuminate/Http/Request))
#64 C:/Users/user/MyFiles/ProgmiX/PEX-Form-main/vendor/laravel/framework/src/Illuminate/Pipeline/Pipeline.php(219): Juzaweb/Backend/Http/Middleware/BlockIpMiddleware->handle(Object(Illuminate/Http/Request), Object(Closure))
#65 C:/Users/user/MyFiles/ProgmiX/PEX-Form-main/modules/Backend/Http/Middleware/SecurityHeaders.php(25): Illuminate/Pipeline/Pipeline->Illuminate/Pipeline/{closure}(Object(Illuminate/Http/Request))
#66 C:/Users/user/MyFiles/ProgmiX/PEX-Form-main/vendor/laravel/framework/src/Illuminate/Pipeline/Pipeline.php(219): Juzaweb/Backend/Http/Middleware/SecurityHeaders->handle(Object(Illuminate/Http/Request), Object(Closure))
#67 C:/Users/user/MyFiles/ProgmiX/PEX-Form-main/vendor/laravel/framework/src/Illuminate/Foundation/Http/Middleware/TransformsRequest.php(21): Illuminate/Pipeline/Pipeline->Illuminate/Pipeline/{closure}(Object(Illuminate/Http/Request))
#68 C:/Users/user/MyFiles/ProgmiX/PEX-Form-main/vendor/laravel/framework/src/Illuminate/Foundation/Http/Middleware/ConvertEmptyStringsToNull.php(31): Illuminate/Foundation/Http/Middleware/TransformsRequest->handle(Object(Illuminate/Http/Request), Object(Closure))
#69 C:/Users/user/MyFiles/ProgmiX/PEX-Form-main/vendor/laravel/framework/src/Illuminate/Pipeline/Pipeline.php(219): Illuminate/Foundation/Http/Middleware/ConvertEmptyStringsToNull->handle(Object(Illuminate/Http/Request), Object(Closure))
#70 C:/Users/user/MyFiles/ProgmiX/PEX-Form-main/vendor/laravel/framework/src/Illuminate/Foundation/Http/Middleware/TransformsRequest.php(21): Illuminate/Pipeline/Pipeline->Illuminate/Pipeline/{closure}(Object(Illuminate/Http/Request))
#71 C:/Users/user/MyFiles/ProgmiX/PEX-Form-main/vendor/laravel/framework/src/Illuminate/Foundation/Http/Middleware/TrimStrings.php(51): Illuminate/Foundation/Http/Middleware/TransformsRequest->handle(Object(Illuminate/Http/Request), Object(Closure))
#72 C:/Users/user/MyFiles/ProgmiX/PEX-Form-main/vendor/laravel/framework/src/Illuminate/Pipeline/Pipeline.php(219): Illuminate/Foundation/Http/Middleware/TrimStrings->handle(Object(Illuminate/Http/Request), Object(Closure))
#73 C:/Users/user/MyFiles/ProgmiX/PEX-Form-main/vendor/laravel/framework/src/Illuminate/Http/Middleware/ValidatePostSize.php(27): Illuminate/Pipeline/Pipeline->Illuminate/Pipeline/{closure}(Object(Illuminate/Http/Request))
#74 C:/Users/user/MyFiles/ProgmiX/PEX-Form-main/vendor/laravel/framework/src/Illuminate/Pipeline/Pipeline.php(219): Illuminate/Http/Middleware/ValidatePostSize->handle(Object(Illuminate/Http/Request), Object(Closure))
#75 C:/Users/user/MyFiles/ProgmiX/PEX-Form-main/vendor/laravel/framework/src/Illuminate/Foundation/Http/Middleware/PreventRequestsDuringMaintenance.php(109): Illuminate/Pipeline/Pipeline->Illuminate/Pipeline/{closure}(Object(Illuminate/Http/Request))
#76 C:/Users/user/MyFiles/ProgmiX/PEX-Form-main/vendor/laravel/framework/src/Illuminate/Pipeline/Pipeline.php(219): Illuminate/Foundation/Http/Middleware/PreventRequestsDuringMaintenance->handle(Object(Illuminate/Http/Request), Object(Closure))
#77 C:/Users/user/MyFiles/ProgmiX/PEX-Form-main/vendor/laravel/framework/src/Illuminate/Http/Middleware/HandleCors.php(61): Illuminate/Pipeline/Pipeline->Illuminate/Pipeline/{closure}(Object(Illuminate/Http/Request))
#78 C:/Users/user/MyFiles/ProgmiX/PEX-Form-main/vendor/laravel/framework/src/Illuminate/Pipeline/Pipeline.php(219): Illuminate/Http/Middleware/HandleCors->handle(Object(Illuminate/Http/Request), Object(Closure))
#79 C:/Users/user/MyFiles/ProgmiX/PEX-Form-main/vendor/laravel/framework/src/Illuminate/Http/Middleware/TrustProxies.php(58): Illuminate/Pipeline/Pipeline->Illuminate/Pipeline/{closure}(Object(Illuminate/Http/Request))
#80 C:/Users/user/MyFiles/ProgmiX/PEX-Form-main/vendor/laravel/framework/src/Illuminate/Pipeline/Pipeline.php(219): Illuminate/Http/Middleware/TrustProxies->handle(Object(Illuminate/Http/Request), Object(Closure))
#81 C:/Users/user/MyFiles/ProgmiX/PEX-Form-main/vendor/laravel/framework/src/Illuminate/Pipeline/Pipeline.php(137): Illuminate/Pipeline/Pipeline->Illuminate/Pipeline/{closure}(Object(Illuminate/Http/Request))
#82 C:/Users/user/MyFiles/ProgmiX/PEX-Form-main/vendor/laravel/framework/src/Illuminate/Foundation/Http/Kernel.php(175): Illuminate/Pipeline/Pipeline->then(Object(Closure))
#83 C:/Users/user/MyFiles/ProgmiX/PEX-Form-main/vendor/laravel/framework/src/Illuminate/Foundation/Http/Kernel.php(144): Illuminate/Foundation/Http/Kernel->sendRequestThroughRouter(Object(Illuminate/Http/Request))
#84 C:/Users/user/MyFiles/ProgmiX/PEX-Form-main/public/index.php(51): Illuminate/Foundation/Http/Kernel->handle(Object(Illuminate/Http/Request))
#85 C:/Users/user/MyFiles/ProgmiX/PEX-Form-main/vendor/laravel/framework/src/Illuminate/Foundation/resources/server.php(23): require_once('C://Users//user//M...')
#86 {main}
"} 
[2026-09-30 10:20:16] local.ERROR: syntax error, unexpected token "endif", expecting end of file {"userId":1,"exception":"[object] (Spatie\\LaravelIgnition\\Exceptions\\ViewException(code: 0): syntax error, unexpected token \"endif\", expecting end of file at C:/Users/user/MyFiles/ProgmiX/PEX-Form-main/modules/Frontend/resources/views/templates/homepage/pex/contact.blade.php:15)
[stacktrace]
#0 C:/Users/user/MyFiles/ProgmiX/PEX-Form-main/vendor/laravel/framework/src/Illuminate/Filesystem/Filesystem.php(123): require('C://Users//user//M...')
#1 C:/Users/user/MyFiles/ProgmiX/PEX-Form-main/vendor/laravel/framework/src/Illuminate/Filesystem/Filesystem.php(124): Illuminate/Filesystem/Filesystem::Illuminate/Filesystem/{closure}()
#2 C:/Users/user/MyFiles/ProgmiX/PEX-Form-main/vendor/laravel/framework/src/Illuminate/View/Engines/PhpEngine.php(57): Illuminate/Filesystem/Filesystem->getRequire('C://Users//user//M...', Array)
#3 C:/Users/user/MyFiles/ProgmiX/PEX-Form-main/vendor/laravel/framework/src/Illuminate/View/Engines/CompilerEngine.php(76): Illuminate/View/Engines/PhpEngine->evaluatePath('C://Users//user//M...', Array)
#4 C:/Users/user/MyFiles/ProgmiX/PEX-Form-main/vendor/laravel/framework/src/Illuminate/View/View.php(208): Illuminate/View/Engines/CompilerEngine->get('C://Users//user//M...', Array)
#5 C:/Users/user/MyFiles/ProgmiX/PEX-Form-main/vendor/laravel/framework/src/Illuminate/View/View.php(191): Illuminate/View/View->getContents()
#6 C:/Users/user/MyFiles/ProgmiX/PEX-Form-main/vendor/laravel/framework/src/Illuminate/View/View.php(160): Illuminate/View/View->renderContents()
#7 C:/Users/user/MyFiles/ProgmiX/PEX-Form-main/vendor/laravel/framework/src/Illuminate/Http/Response.php(78): Illuminate/View/View->render()
#8 C:/Users/user/MyFiles/ProgmiX/PEX-Form-main/vendor/laravel/framework/src/Illuminate/Http/Response.php(34): Illuminate/Http/Response->setContent(Object(Illuminate/View/View))
#9 C:/Users/user/MyFiles/ProgmiX/PEX-Form-main/vendor/laravel/framework/src/Illuminate/Routing/Router.php(939): Illuminate/Http/Response->__construct(Object(Illuminate/View/View), 200, Array)
#10 C:/Users/user/MyFiles/ProgmiX/PEX-Form-main/vendor/laravel/framework/src/Illuminate/Routing/Router.php(906): Illuminate/Routing/Router::toResponse(Object(Illuminate/Http/Request), Object(Illuminate/View/View))
#11 C:/Users/user/MyFiles/ProgmiX/PEX-Form-main/vendor/laravel/framework/src/Illuminate/Routing/Router.php(821): Illuminate/Routing/Router->prepareResponse(Object(Illuminate/Http/Request), Object(Illuminate/View/View))
#12 C:/Users/user/MyFiles/ProgmiX/PEX-Form-main/vendor/laravel/framework/src/Illuminate/Pipeline/Pipeline.php(180): Illuminate/Routing/Router->Illuminate/Routing/{closure}(Object(Illuminate/Http/Request))
#13 C:/Users/user/MyFiles/ProgmiX/PEX-Form-main/modules/Frontend/Http/Middleware/Locale.php(49): Illuminate/Pipeline/Pipeline->Illuminate/Pipeline/{closure}(Object(Illuminate/Http/Request))
#14 C:/Users/user/MyFiles/ProgmiX/PEX-Form-main/vendor/laravel/framework/src/Illuminate/Pipeline/Pipeline.php(219): Juzaweb/Frontend/Http/Middleware/Locale->handle(Object(Illuminate/Http/Request), Object(Closure))
#15 C:/Users/user/MyFiles/ProgmiX/PEX-Form-main/modules/Backend/Http/Middleware/SecurityHeaders.php(25): Illuminate/Pipeline/Pipeline->Illuminate/Pipeline/{closure}(Object(Illuminate/Http/Request))
#16 C:/Users/user/MyFiles/ProgmiX/PEX-Form-main/vendor/laravel/framework/src/Illuminate/Pipeline/Pipeline.php(219): Juzaweb/Backend/Http/Middleware/SecurityHeaders->handle(Object(Illuminate/Http/Request), Object(Closure))
#17 C:/Users/user/MyFiles/ProgmiX/PEX-Form-main/vendor/laravel/framework/src/Illuminate/Routing/Middleware/ThrottleRequests.php(166): Illuminate/Pipeline/Pipeline->Illuminate/Pipeline/{closure}(Object(Illuminate/Http/Request))
#18 C:/Users/user/MyFiles/ProgmiX/PEX-Form-main/vendor/laravel/framework/src/Illuminate/Routing/Middleware/ThrottleRequests.php(93): Illuminate/Routing/Middleware/ThrottleRequests->handleRequest(Object(Illuminate/Http/Request), Object(Closure), Array)
#19 C:/Users/user/MyFiles/ProgmiX/PEX-Form-main/vendor/laravel/framework/src/Illuminate/Pipeline/Pipeline.php(219): Illuminate/Routing/Middleware/ThrottleRequests->handle(Object(Illuminate/Http/Request), Object(Closure))
#20 C:/Users/user/MyFiles/ProgmiX/PEX-Form-main/modules/Backend/Http/Middleware/PathTraversal.php(57): Illuminate/Pipeline/Pipeline->Illuminate/Pipeline/{closure}(Object(Illuminate/Http/Request))
#21 C:/Users/user/MyFiles/ProgmiX/PEX-Form-main/vendor/laravel/framework/src/Illuminate/Pipeline/Pipeline.php(219): Juzaweb/Backend/Http/Middleware/PathTraversal->handle(Object(Illuminate/Http/Request), Object(Closure))
#22 C:/Users/user/MyFiles/ProgmiX/PEX-Form-main/modules/Backend/Http/Middleware/XssSanitization.php(44): Illuminate/Pipeline/Pipeline->Illuminate/Pipeline/{closure}(Object(Illuminate/Http/Request))
#23 C:/Users/user/MyFiles/ProgmiX/PEX-Form-main/vendor/laravel/framework/src/Illuminate/Pipeline/Pipeline.php(219): Juzaweb/Backend/Http/Middleware/XssSanitization->handle(Object(Illuminate/Http/Request), Object(Closure))
#24 C:/Users/user/MyFiles/ProgmiX/PEX-Form-main/vendor/spatie/laravel-csp/src/AddCspHeaders.php(13): Illuminate/Pipeline/Pipeline->Illuminate/Pipeline/{closure}(Object(Illuminate/Http/Request))
#25 C:/Users/user/MyFiles/ProgmiX/PEX-Form-main/vendor/laravel/framework/src/Illuminate/Pipeline/Pipeline.php(219): Spatie/Csp/AddCspHeaders->handle(Object(Illuminate/Http/Request), Object(Closure))
#26 C:/Users/user/MyFiles/ProgmiX/PEX-Form-main/vendor/barryvdh/laravel-debugbar/src/Middleware/InjectDebugbar.php(59): Illuminate/Pipeline/Pipeline->Illuminate/Pipeline/{closure}(Object(Illuminate/Http/Request))
#27 C:/Users/user/MyFiles/ProgmiX/PEX-Form-main/vendor/laravel/framework/src/Illuminate/Pipeline/Pipeline.php(219): Barryvdh/Debugbar/Middleware/InjectDebugbar->handle(Object(Illuminate/Http/Request), Object(Closure))
#28 C:/Users/user/MyFiles/ProgmiX/PEX-Form-main/modules/CMS/Http/Middleware/XFrameHeadersMiddleware.php(41): Illuminate/Pipeline/Pipeline->Illuminate/Pipeline/{closure}(Object(Illuminate/Http/Request))
#29 C:/Users/user/MyFiles/ProgmiX/PEX-Form-main/vendor/laravel/framework/src/Illuminate/Pipeline/Pipeline.php(219): Juzaweb/CMS/Http/Middleware/XFrameHeadersMiddleware->handle(Object(Illuminate/Http/Request), Object(Closure))
#30 C:/Users/user/MyFiles/ProgmiX/PEX-Form-main/vendor/laravel/framework/src/Illuminate/Routing/Middleware/SubstituteBindings.php(50): Illuminate/Pipeline/Pipeline->Illuminate/Pipeline/{closure}(Object(Illuminate/Http/Request))
#31 C:/Users/user/MyFiles/ProgmiX/PEX-Form-main/vendor/laravel/framework/src/Illuminate/Pipeline/Pipeline.php(219): Illuminate/Routing/Middleware/SubstituteBindings->handle(Object(Illuminate/Http/Request), Object(Closure))
#32 C:/Users/user/MyFiles/ProgmiX/PEX-Form-main/vendor/laravel/framework/src/Illuminate/Cookie/Middleware/AddQueuedCookiesToResponse.php(36): Illuminate/Pipeline/Pipeline->Illuminate/Pipeline/{closure}(Object(Illuminate/Http/Request))
#33 C:/Users/user/MyFiles/ProgmiX/PEX-Form-main/vendor/laravel/framework/src/Illuminate/Pipeline/Pipeline.php(219): Illuminate/Cookie/Middleware/AddQueuedCookiesToResponse->handle(Object(Illuminate/Http/Request), Object(Closure))
#34 C:/Users/user/MyFiles/ProgmiX/PEX-Form-main/vendor/laravel/framework/src/Illuminate/View/Middleware/ShareErrorsFromSession.php(48): Illuminate/Pipeline/Pipeline->Illuminate/Pipeline/{closure}(Object(Illuminate/Http/Request))
#35 C:/Users/user/MyFiles/ProgmiX/PEX-Form-main/modules/Backend/Http/Middleware/ShareErrorsUnlessBot.php(24): Illuminate/View/Middleware/ShareErrorsFromSession->handle(Object(Illuminate/Http/Request), Object(Closure))
#36 C:/Users/user/MyFiles/ProgmiX/PEX-Form-main/vendor/laravel/framework/src/Illuminate/Pipeline/Pipeline.php(219): Juzaweb/Backend/Http/Middleware/ShareErrorsUnlessBot->handle(Object(Illuminate/Http/Request), Object(Closure))
#37 C:/Users/user/MyFiles/ProgmiX/PEX-Form-main/vendor/laravel/framework/src/Illuminate/Session/Middleware/StartSession.php(120): Illuminate/Pipeline/Pipeline->Illuminate/Pipeline/{closure}(Object(Illuminate/Http/Request))
#38 C:/Users/user/MyFiles/ProgmiX/PEX-Form-main/vendor/laravel/framework/src/Illuminate/Session/Middleware/StartSession.php(63): Illuminate/Session/Middleware/StartSession->handleStatefulRequest(Object(Illuminate/Http/Request), Object(Illuminate/Session/Store), Object(Closure))
#39 C:/Users/user/MyFiles/ProgmiX/PEX-Form-main/modules/Backend/Http/Middleware/SkipSessionForBots.php(24): Illuminate/Session/Middleware/StartSession->handle(Object(Illuminate/Http/Request), Object(Closure))
#40 C:/Users/user/MyFiles/ProgmiX/PEX-Form-main/vendor/laravel/framework/src/Illuminate/Pipeline/Pipeline.php(219): Juzaweb/Backend/Http/Middleware/SkipSessionForBots->handle(Object(Illuminate/Http/Request), Object(Closure))
#41 C:/Users/user/MyFiles/ProgmiX/PEX-Form-main/vendor/laravel/framework/src/Illuminate/Cookie/Middleware/EncryptCookies.php(74): Illuminate/Pipeline/Pipeline->Illuminate/Pipeline/{closure}(Object(Illuminate/Http/Request))
#42 C:/Users/user/MyFiles/ProgmiX/PEX-Form-main/vendor/laravel/framework/src/Illuminate/Pipeline/Pipeline.php(219): Illuminate/Cookie/Middleware/EncryptCookies->handle(Object(Illuminate/Http/Request), Object(Closure))
#43 C:/Users/user/MyFiles/ProgmiX/PEX-Form-main/modules/CMS/Http/Middleware/GlobalMiddleware.php(11): Illuminate/Pipeline/Pipeline->Illuminate/Pipeline/{closure}(Object(Illuminate/Http/Request))
#44 C:/Users/user/MyFiles/ProgmiX/PEX-Form-main/vendor/laravel/framework/src/Illuminate/Pipeline/Pipeline.php(219): Juzaweb/CMS/Http/Middleware/GlobalMiddleware->handle(Object(Illuminate/Http/Request), Object(Closure))
#45 C:/Users/user/MyFiles/ProgmiX/PEX-Form-main/modules/Backend/Http/Middleware/DisableSessionForBots.php(30): Illuminate/Pipeline/Pipeline->Illuminate/Pipeline/{closure}(Object(Illuminate/Http/Request))
#46 C:/Users/user/MyFiles/ProgmiX/PEX-Form-main/vendor/laravel/framework/src/Illuminate/Pipeline/Pipeline.php(219): Juzaweb/Backend/Http/Middleware/DisableSessionForBots->handle(Object(Illuminate/Http/Request), Object(Closure))
#47 C:/Users/user/MyFiles/ProgmiX/PEX-Form-main/vendor/laravel/framework/src/Illuminate/Pipeline/Pipeline.php(137): Illuminate/Pipeline/Pipeline->Illuminate/Pipeline/{closure}(Object(Illuminate/Http/Request))
#48 C:/Users/user/MyFiles/ProgmiX/PEX-Form-main/vendor/laravel/framework/src/Illuminate/Routing/Router.php(821): Illuminate/Pipeline/Pipeline->then(Object(Closure))
#49 C:/Users/user/MyFiles/ProgmiX/PEX-Form-main/vendor/laravel/framework/src/Illuminate/Routing/Router.php(800): Illuminate/Routing/Router->runRouteWithinStack(Object(Illuminate/Routing/Route), Object(Illuminate/Http/Request))
#50 C:/Users/user/MyFiles/ProgmiX/PEX-Form-main/vendor/laravel/framework/src/Illuminate/Routing/Router.php(764): Illuminate/Routing/Router->runRoute(Object(Illuminate/Http/Request), Object(Illuminate/Routing/Route))
#51 C:/Users/user/MyFiles/ProgmiX/PEX-Form-main/vendor/laravel/framework/src/Illuminate/Routing/Router.php(753): Illuminate/Routing/Router->dispatchToRoute(Object(Illuminate/Http/Request))
#52 C:/Users/user/MyFiles/ProgmiX/PEX-Form-main/vendor/laravel/framework/src/Illuminate/Foundation/Http/Kernel.php(200): Illuminate/Routing/Router->dispatch(Object(Illuminate/Http/Request))
#53 C:/Users/user/MyFiles/ProgmiX/PEX-Form-main/vendor/laravel/framework/src/Illuminate/Pipeline/Pipeline.php(180): Illuminate/Foundation/Http/Kernel->Illuminate/Foundation/Http/{closure}(Object(Illuminate/Http/Request))
#54 C:/Users/user/MyFiles/ProgmiX/PEX-Form-main/vendor/barryvdh/laravel-debugbar/src/Middleware/InjectDebugbar.php(59): Illuminate/Pipeline/Pipeline->Illuminate/Pipeline/{closure}(Object(Illuminate/Http/Request))
#55 C:/Users/user/MyFiles/ProgmiX/PEX-Form-main/vendor/laravel/framework/src/Illuminate/Pipeline/Pipeline.php(219): Barryvdh/Debugbar/Middleware/InjectDebugbar->handle(Object(Illuminate/Http/Request), Object(Closure))
#56 C:/Users/user/MyFiles/ProgmiX/PEX-Form-main/modules/Backend/Http/Middleware/BlockIpMiddleware.php(31): Illuminate/Pipeline/Pipeline->Illuminate/Pipeline/{closure}(Object(Illuminate/Http/Request))
#57 C:/Users/user/MyFiles/ProgmiX/PEX-Form-main/vendor/laravel/framework/src/Illuminate/Pipeline/Pipeline.php(219): Juzaweb/Backend/Http/Middleware/BlockIpMiddleware->handle(Object(Illuminate/Http/Request), Object(Closure))
#58 C:/Users/user/MyFiles/ProgmiX/PEX-Form-main/modules/Backend/Http/Middleware/SecurityHeaders.php(25): Illuminate/Pipeline/Pipeline->Illuminate/Pipeline/{closure}(Object(Illuminate/Http/Request))
#59 C:/Users/user/MyFiles/ProgmiX/PEX-Form-main/vendor/laravel/framework/src/Illuminate/Pipeline/Pipeline.php(219): Juzaweb/Backend/Http/Middleware/SecurityHeaders->handle(Object(Illuminate/Http/Request), Object(Closure))
#60 C:/Users/user/MyFiles/ProgmiX/PEX-Form-main/vendor/laravel/framework/src/Illuminate/Foundation/Http/Middleware/TransformsRequest.php(21): Illuminate/Pipeline/Pipeline->Illuminate/Pipeline/{closure}(Object(Illuminate/Http/Request))
#61 C:/Users/user/MyFiles/ProgmiX/PEX-Form-main/vendor/laravel/framework/src/Illuminate/Foundation/Http/Middleware/ConvertEmptyStringsToNull.php(31): Illuminate/Foundation/Http/Middleware/TransformsRequest->handle(Object(Illuminate/Http/Request), Object(Closure))
#62 C:/Users/user/MyFiles/ProgmiX/PEX-Form-main/vendor/laravel/framework/src/Illuminate/Pipeline/Pipeline.php(219): Illuminate/Foundation/Http/Middleware/ConvertEmptyStringsToNull->handle(Object(Illuminate/Http/Request), Object(Closure))
#63 C:/Users/user/MyFiles/ProgmiX/PEX-Form-main/vendor/laravel/framework/src/Illuminate/Foundation/Http/Middleware/TransformsRequest.php(21): Illuminate/Pipeline/Pipeline->Illuminate/Pipeline/{closure}(Object(Illuminate/Http/Request))
#64 C:/Users/user/MyFiles/ProgmiX/PEX-Form-main/vendor/laravel/framework/src/Illuminate/Foundation/Http/Middleware/TrimStrings.php(51): Illuminate/Foundation/Http/Middleware/TransformsRequest->handle(Object(Illuminate/Http/Request), Object(Closure))
#65 C:/Users/user/MyFiles/ProgmiX/PEX-Form-main/vendor/laravel/framework/src/Illuminate/Pipeline/Pipeline.php(219): Illuminate/Foundation/Http/Middleware/TrimStrings->handle(Object(Illuminate/Http/Request), Object(Closure))
#66 C:/Users/user/MyFiles/ProgmiX/PEX-Form-main/vendor/laravel/framework/src/Illuminate/Http/Middleware/ValidatePostSize.php(27): Illuminate/Pipeline/Pipeline->Illuminate/Pipeline/{closure}(Object(Illuminate/Http/Request))
#67 C:/Users/user/MyFiles/ProgmiX/PEX-Form-main/vendor/laravel/framework/src/Illuminate/Pipeline/Pipeline.php(219): Illuminate/Http/Middleware/ValidatePostSize->handle(Object(Illuminate/Http/Request), Object(Closure))
#68 C:/Users/user/MyFiles/ProgmiX/PEX-Form-main/vendor/laravel/framework/src/Illuminate/Foundation/Http/Middleware/PreventRequestsDuringMaintenance.php(109): Illuminate/Pipeline/Pipeline->Illuminate/Pipeline/{closure}(Object(Illuminate/Http/Request))
#69 C:/Users/user/MyFiles/ProgmiX/PEX-Form-main/vendor/laravel/framework/src/Illuminate/Pipeline/Pipeline.php(219): Illuminate/Foundation/Http/Middleware/PreventRequestsDuringMaintenance->handle(Object(Illuminate/Http/Request), Object(Closure))
#70 C:/Users/user/MyFiles/ProgmiX/PEX-Form-main/vendor/laravel/framework/src/Illuminate/Http/Middleware/HandleCors.php(61): Illuminate/Pipeline/Pipeline->Illuminate/Pipeline/{closure}(Object(Illuminate/Http/Request))
#71 C:/Users/user/MyFiles/ProgmiX/PEX-Form-main/vendor/laravel/framework/src/Illuminate/Pipeline/Pipeline.php(219): Illuminate/Http/Middleware/HandleCors->handle(Object(Illuminate/Http/Request), Object(Closure))
#72 C:/Users/user/MyFiles/ProgmiX/PEX-Form-main/vendor/laravel/framework/src/Illuminate/Http/Middleware/TrustProxies.php(58): Illuminate/Pipeline/Pipeline->Illuminate/Pipeline/{closure}(Object(Illuminate/Http/Request))
#73 C:/Users/user/MyFiles/ProgmiX/PEX-Form-main/vendor/laravel/framework/src/Illuminate/Pipeline/Pipeline.php(219): Illuminate/Http/Middleware/TrustProxies->handle(Object(Illuminate/Http/Request), Object(Closure))
#74 C:/Users/user/MyFiles/ProgmiX/PEX-Form-main/vendor/laravel/framework/src/Illuminate/Pipeline/Pipeline.php(137): Illuminate/Pipeline/Pipeline->Illuminate/Pipeline/{closure}(Object(Illuminate/Http/Request))
#75 C:/Users/user/MyFiles/ProgmiX/PEX-Form-main/vendor/laravel/framework/src/Illuminate/Foundation/Http/Kernel.php(175): Illuminate/Pipeline/Pipeline->then(Object(Closure))
#76 C:/Users/user/MyFiles/ProgmiX/PEX-Form-main/vendor/laravel/framework/src/Illuminate/Foundation/Http/Kernel.php(144): Illuminate/Foundation/Http/Kernel->sendRequestThroughRouter(Object(Illuminate/Http/Request))
#77 C:/Users/user/MyFiles/ProgmiX/PEX-Form-main/public/index.php(51): Illuminate/Foundation/Http/Kernel->handle(Object(Illuminate/Http/Request))
#78 C:/Users/user/MyFiles/ProgmiX/PEX-Form-main/vendor/laravel/framework/src/Illuminate/Foundation/resources/server.php(23): require_once('C://Users//user//M...')
#79 {main}

[previous exception] [object] (ParseError(code: 0): syntax error, unexpected token \"endif\", expecting end of file at C:/Users/user/MyFiles/ProgmiX/PEX-Form-main/storage/framework/views/a84ddf431c771032d0234d77e02450d7.php:15)
[stacktrace]
#0 C:/Users/user/MyFiles/ProgmiX/PEX-Form-main/vendor/laravel/framework/src/Illuminate/Filesystem/Filesystem.php(124): Illuminate/Filesystem/Filesystem::Illuminate/Filesystem/{closure}()
#1 C:/Users/user/MyFiles/ProgmiX/PEX-Form-main/vendor/laravel/framework/src/Illuminate/View/Engines/PhpEngine.php(57): Illuminate/Filesystem/Filesystem->getRequire('C://Users//user//M...', Array)
#2 C:/Users/user/MyFiles/ProgmiX/PEX-Form-main/vendor/laravel/framework/src/Illuminate/View/Engines/CompilerEngine.php(76): Illuminate/View/Engines/PhpEngine->evaluatePath('C://Users//user//M...', Array)
#3 C:/Users/user/MyFiles/ProgmiX/PEX-Form-main/vendor/laravel/framework/src/Illuminate/View/View.php(208): Illuminate/View/Engines/CompilerEngine->get('C://Users//user//M...', Array)
#4 C:/Users/user/MyFiles/ProgmiX/PEX-Form-main/vendor/laravel/framework/src/Illuminate/View/View.php(191): Illuminate/View/View->getContents()
#5 C:/Users/user/MyFiles/ProgmiX/PEX-Form-main/vendor/laravel/framework/src/Illuminate/View/View.php(160): Illuminate/View/View->renderContents()
#6 C:/Users/user/MyFiles/ProgmiX/PEX-Form-main/storage/framework/views/078e945ecbf82d678121cbf4f8650dce.php(1): Illuminate/View/View->render()
#7 C:/Users/user/MyFiles/ProgmiX/PEX-Form-main/vendor/laravel/framework/src/Illuminate/Filesystem/Filesystem.php(123): require('C://Users//user//M...')
#8 C:/Users/user/MyFiles/ProgmiX/PEX-Form-main/vendor/laravel/framework/src/Illuminate/Filesystem/Filesystem.php(124): Illuminate/Filesystem/Filesystem::Illuminate/Filesystem/{closure}()
#9 C:/Users/user/MyFiles/ProgmiX/PEX-Form-main/vendor/laravel/framework/src/Illuminate/View/Engines/PhpEngine.php(57): Illuminate/Filesystem/Filesystem->getRequire('C://Users//user//M...', Array)
#10 C:/Users/user/MyFiles/ProgmiX/PEX-Form-main/vendor/laravel/framework/src/Illuminate/View/Engines/CompilerEngine.php(76): Illuminate/View/Engines/PhpEngine->evaluatePath('C://Users//user//M...', Array)
#11 C:/Users/user/MyFiles/ProgmiX/PEX-Form-main/vendor/laravel/framework/src/Illuminate/View/View.php(208): Illuminate/View/Engines/CompilerEngine->get('C://Users//user//M...', Array)
#12 C:/Users/user/MyFiles/ProgmiX/PEX-Form-main/vendor/laravel/framework/src/Illuminate/View/View.php(191): Illuminate/View/View->getContents()
#13 C:/Users/user/MyFiles/ProgmiX/PEX-Form-main/vendor/laravel/framework/src/Illuminate/View/View.php(160): Illuminate/View/View->renderContents()
#14 C:/Users/user/MyFiles/ProgmiX/PEX-Form-main/vendor/laravel/framework/src/Illuminate/Http/Response.php(78): Illuminate/View/View->render()
#15 C:/Users/user/MyFiles/ProgmiX/PEX-Form-main/vendor/laravel/framework/src/Illuminate/Http/Response.php(34): Illuminate/Http/Response->setContent(Object(Illuminate/View/View))
#16 C:/Users/user/MyFiles/ProgmiX/PEX-Form-main/vendor/laravel/framework/src/Illuminate/Routing/Router.php(939): Illuminate/Http/Response->__construct(Object(Illuminate/View/View), 200, Array)
#17 C:/Users/user/MyFiles/ProgmiX/PEX-Form-main/vendor/laravel/framework/src/Illuminate/Routing/Router.php(906): Illuminate/Routing/Router::toResponse(Object(Illuminate/Http/Request), Object(Illuminate/View/View))
#18 C:/Users/user/MyFiles/ProgmiX/PEX-Form-main/vendor/laravel/framework/src/Illuminate/Routing/Router.php(821): Illuminate/Routing/Router->prepareResponse(Object(Illuminate/Http/Request), Object(Illuminate/View/View))
#19 C:/Users/user/MyFiles/ProgmiX/PEX-Form-main/vendor/laravel/framework/src/Illuminate/Pipeline/Pipeline.php(180): Illuminate/Routing/Router->Illuminate/Routing/{closure}(Object(Illuminate/Http/Request))
#20 C:/Users/user/MyFiles/ProgmiX/PEX-Form-main/modules/Frontend/Http/Middleware/Locale.php(49): Illuminate/Pipeline/Pipeline->Illuminate/Pipeline/{closure}(Object(Illuminate/Http/Request))
#21 C:/Users/user/MyFiles/ProgmiX/PEX-Form-main/vendor/laravel/framework/src/Illuminate/Pipeline/Pipeline.php(219): Juzaweb/Frontend/Http/Middleware/Locale->handle(Object(Illuminate/Http/Request), Object(Closure))
#22 C:/Users/user/MyFiles/ProgmiX/PEX-Form-main/modules/Backend/Http/Middleware/SecurityHeaders.php(25): Illuminate/Pipeline/Pipeline->Illuminate/Pipeline/{closure}(Object(Illuminate/Http/Request))
#23 C:/Users/user/MyFiles/ProgmiX/PEX-Form-main/vendor/laravel/framework/src/Illuminate/Pipeline/Pipeline.php(219): Juzaweb/Backend/Http/Middleware/SecurityHeaders->handle(Object(Illuminate/Http/Request), Object(Closure))
#24 C:/Users/user/MyFiles/ProgmiX/PEX-Form-main/vendor/laravel/framework/src/Illuminate/Routing/Middleware/ThrottleRequests.php(166): Illuminate/Pipeline/Pipeline->Illuminate/Pipeline/{closure}(Object(Illuminate/Http/Request))
#25 C:/Users/user/MyFiles/ProgmiX/PEX-Form-main/vendor/laravel/framework/src/Illuminate/Routing/Middleware/ThrottleRequests.php(93): Illuminate/Routing/Middleware/ThrottleRequests->handleRequest(Object(Illuminate/Http/Request), Object(Closure), Array)
#26 C:/Users/user/MyFiles/ProgmiX/PEX-Form-main/vendor/laravel/framework/src/Illuminate/Pipeline/Pipeline.php(219): Illuminate/Routing/Middleware/ThrottleRequests->handle(Object(Illuminate/Http/Request), Object(Closure))
#27 C:/Users/user/MyFiles/ProgmiX/PEX-Form-main/modules/Backend/Http/Middleware/PathTraversal.php(57): Illuminate/Pipeline/Pipeline->Illuminate/Pipeline/{closure}(Object(Illuminate/Http/Request))
#28 C:/Users/user/MyFiles/ProgmiX/PEX-Form-main/vendor/laravel/framework/src/Illuminate/Pipeline/Pipeline.php(219): Juzaweb/Backend/Http/Middleware/PathTraversal->handle(Object(Illuminate/Http/Request), Object(Closure))
#29 C:/Users/user/MyFiles/ProgmiX/PEX-Form-main/modules/Backend/Http/Middleware/XssSanitization.php(44): Illuminate/Pipeline/Pipeline->Illuminate/Pipeline/{closure}(Object(Illuminate/Http/Request))
#30 C:/Users/user/MyFiles/ProgmiX/PEX-Form-main/vendor/laravel/framework/src/Illuminate/Pipeline/Pipeline.php(219): Juzaweb/Backend/Http/Middleware/XssSanitization->handle(Object(Illuminate/Http/Request), Object(Closure))
#31 C:/Users/user/MyFiles/ProgmiX/PEX-Form-main/vendor/spatie/laravel-csp/src/AddCspHeaders.php(13): Illuminate/Pipeline/Pipeline->Illuminate/Pipeline/{closure}(Object(Illuminate/Http/Request))
#32 C:/Users/user/MyFiles/ProgmiX/PEX-Form-main/vendor/laravel/framework/src/Illuminate/Pipeline/Pipeline.php(219): Spatie/Csp/AddCspHeaders->handle(Object(Illuminate/Http/Request), Object(Closure))
#33 C:/Users/user/MyFiles/ProgmiX/PEX-Form-main/vendor/barryvdh/laravel-debugbar/src/Middleware/InjectDebugbar.php(59): Illuminate/Pipeline/Pipeline->Illuminate/Pipeline/{closure}(Object(Illuminate/Http/Request))
#34 C:/Users/user/MyFiles/ProgmiX/PEX-Form-main/vendor/laravel/framework/src/Illuminate/Pipeline/Pipeline.php(219): Barryvdh/Debugbar/Middleware/InjectDebugbar->handle(Object(Illuminate/Http/Request), Object(Closure))
#35 C:/Users/user/MyFiles/ProgmiX/PEX-Form-main/modules/CMS/Http/Middleware/XFrameHeadersMiddleware.php(41): Illuminate/Pipeline/Pipeline->Illuminate/Pipeline/{closure}(Object(Illuminate/Http/Request))
#36 C:/Users/user/MyFiles/ProgmiX/PEX-Form-main/vendor/laravel/framework/src/Illuminate/Pipeline/Pipeline.php(219): Juzaweb/CMS/Http/Middleware/XFrameHeadersMiddleware->handle(Object(Illuminate/Http/Request), Object(Closure))
#37 C:/Users/user/MyFiles/ProgmiX/PEX-Form-main/vendor/laravel/framework/src/Illuminate/Routing/Middleware/SubstituteBindings.php(50): Illuminate/Pipeline/Pipeline->Illuminate/Pipeline/{closure}(Object(Illuminate/Http/Request))
#38 C:/Users/user/MyFiles/ProgmiX/PEX-Form-main/vendor/laravel/framework/src/Illuminate/Pipeline/Pipeline.php(219): Illuminate/Routing/Middleware/SubstituteBindings->handle(Object(Illuminate/Http/Request), Object(Closure))
#39 C:/Users/user/MyFiles/ProgmiX/PEX-Form-main/vendor/laravel/framework/src/Illuminate/Cookie/Middleware/AddQueuedCookiesToResponse.php(36): Illuminate/Pipeline/Pipeline->Illuminate/Pipeline/{closure}(Object(Illuminate/Http/Request))
#40 C:/Users/user/MyFiles/ProgmiX/PEX-Form-main/vendor/laravel/framework/src/Illuminate/Pipeline/Pipeline.php(219): Illuminate/Cookie/Middleware/AddQueuedCookiesToResponse->handle(Object(Illuminate/Http/Request), Object(Closure))
#41 C:/Users/user/MyFiles/ProgmiX/PEX-Form-main/vendor/laravel/framework/src/Illuminate/View/Middleware/ShareErrorsFromSession.php(48): Illuminate/Pipeline/Pipeline->Illuminate/Pipeline/{closure}(Object(Illuminate/Http/Request))
#42 C:/Users/user/MyFiles/ProgmiX/PEX-Form-main/modules/Backend/Http/Middleware/ShareErrorsUnlessBot.php(24): Illuminate/View/Middleware/ShareErrorsFromSession->handle(Object(Illuminate/Http/Request), Object(Closure))
#43 C:/Users/user/MyFiles/ProgmiX/PEX-Form-main/vendor/laravel/framework/src/Illuminate/Pipeline/Pipeline.php(219): Juzaweb/Backend/Http/Middleware/ShareErrorsUnlessBot->handle(Object(Illuminate/Http/Request), Object(Closure))
#44 C:/Users/user/MyFiles/ProgmiX/PEX-Form-main/vendor/laravel/framework/src/Illuminate/Session/Middleware/StartSession.php(120): Illuminate/Pipeline/Pipeline->Illuminate/Pipeline/{closure}(Object(Illuminate/Http/Request))
#45 C:/Users/user/MyFiles/ProgmiX/PEX-Form-main/vendor/laravel/framework/src/Illuminate/Session/Middleware/StartSession.php(63): Illuminate/Session/Middleware/StartSession->handleStatefulRequest(Object(Illuminate/Http/Request), Object(Illuminate/Session/Store), Object(Closure))
#46 C:/Users/user/MyFiles/ProgmiX/PEX-Form-main/modules/Backend/Http/Middleware/SkipSessionForBots.php(24): Illuminate/Session/Middleware/StartSession->handle(Object(Illuminate/Http/Request), Object(Closure))
#47 C:/Users/user/MyFiles/ProgmiX/PEX-Form-main/vendor/laravel/framework/src/Illuminate/Pipeline/Pipeline.php(219): Juzaweb/Backend/Http/Middleware/SkipSessionForBots->handle(Object(Illuminate/Http/Request), Object(Closure))
#48 C:/Users/user/MyFiles/ProgmiX/PEX-Form-main/vendor/laravel/framework/src/Illuminate/Cookie/Middleware/EncryptCookies.php(74): Illuminate/Pipeline/Pipeline->Illuminate/Pipeline/{closure}(Object(Illuminate/Http/Request))
#49 C:/Users/user/MyFiles/ProgmiX/PEX-Form-main/vendor/laravel/framework/src/Illuminate/Pipeline/Pipeline.php(219): Illuminate/Cookie/Middleware/EncryptCookies->handle(Object(Illuminate/Http/Request), Object(Closure))
#50 C:/Users/user/MyFiles/ProgmiX/PEX-Form-main/modules/CMS/Http/Middleware/GlobalMiddleware.php(11): Illuminate/Pipeline/Pipeline->Illuminate/Pipeline/{closure}(Object(Illuminate/Http/Request))
#51 C:/Users/user/MyFiles/ProgmiX/PEX-Form-main/vendor/laravel/framework/src/Illuminate/Pipeline/Pipeline.php(219): Juzaweb/CMS/Http/Middleware/GlobalMiddleware->handle(Object(Illuminate/Http/Request), Object(Closure))
#52 C:/Users/user/MyFiles/ProgmiX/PEX-Form-main/modules/Backend/Http/Middleware/DisableSessionForBots.php(30): Illuminate/Pipeline/Pipeline->Illuminate/Pipeline/{closure}(Object(Illuminate/Http/Request))
#53 C:/Users/user/MyFiles/ProgmiX/PEX-Form-main/vendor/laravel/framework/src/Illuminate/Pipeline/Pipeline.php(219): Juzaweb/Backend/Http/Middleware/DisableSessionForBots->handle(Object(Illuminate/Http/Request), Object(Closure))
#54 C:/Users/user/MyFiles/ProgmiX/PEX-Form-main/vendor/laravel/framework/src/Illuminate/Pipeline/Pipeline.php(137): Illuminate/Pipeline/Pipeline->Illuminate/Pipeline/{closure}(Object(Illuminate/Http/Request))
#55 C:/Users/user/MyFiles/ProgmiX/PEX-Form-main/vendor/laravel/framework/src/Illuminate/Routing/Router.php(821): Illuminate/Pipeline/Pipeline->then(Object(Closure))
#56 C:/Users/user/MyFiles/ProgmiX/PEX-Form-main/vendor/laravel/framework/src/Illuminate/Routing/Router.php(800): Illuminate/Routing/Router->runRouteWithinStack(Object(Illuminate/Routing/Route), Object(Illuminate/Http/Request))
#57 C:/Users/user/MyFiles/ProgmiX/PEX-Form-main/vendor/laravel/framework/src/Illuminate/Routing/Router.php(764): Illuminate/Routing/Router->runRoute(Object(Illuminate/Http/Request), Object(Illuminate/Routing/Route))
#58 C:/Users/user/MyFiles/ProgmiX/PEX-Form-main/vendor/laravel/framework/src/Illuminate/Routing/Router.php(753): Illuminate/Routing/Router->dispatchToRoute(Object(Illuminate/Http/Request))
#59 C:/Users/user/MyFiles/ProgmiX/PEX-Form-main/vendor/laravel/framework/src/Illuminate/Foundation/Http/Kernel.php(200): Illuminate/Routing/Router->dispatch(Object(Illuminate/Http/Request))
#60 C:/Users/user/MyFiles/ProgmiX/PEX-Form-main/vendor/laravel/framework/src/Illuminate/Pipeline/Pipeline.php(180): Illuminate/Foundation/Http/Kernel->Illuminate/Foundation/Http/{closure}(Object(Illuminate/Http/Request))
#61 C:/Users/user/MyFiles/ProgmiX/PEX-Form-main/vendor/barryvdh/laravel-debugbar/src/Middleware/InjectDebugbar.php(59): Illuminate/Pipeline/Pipeline->Illuminate/Pipeline/{closure}(Object(Illuminate/Http/Request))
#62 C:/Users/user/MyFiles/ProgmiX/PEX-Form-main/vendor/laravel/framework/src/Illuminate/Pipeline/Pipeline.php(219): Barryvdh/Debugbar/Middleware/InjectDebugbar->handle(Object(Illuminate/Http/Request), Object(Closure))
#63 C:/Users/user/MyFiles/ProgmiX/PEX-Form-main/modules/Backend/Http/Middleware/BlockIpMiddleware.php(31): Illuminate/Pipeline/Pipeline->Illuminate/Pipeline/{closure}(Object(Illuminate/Http/Request))
#64 C:/Users/user/MyFiles/ProgmiX/PEX-Form-main/vendor/laravel/framework/src/Illuminate/Pipeline/Pipeline.php(219): Juzaweb/Backend/Http/Middleware/BlockIpMiddleware->handle(Object(Illuminate/Http/Request), Object(Closure))
#65 C:/Users/user/MyFiles/ProgmiX/PEX-Form-main/modules/Backend/Http/Middleware/SecurityHeaders.php(25): Illuminate/Pipeline/Pipeline->Illuminate/Pipeline/{closure}(Object(Illuminate/Http/Request))
#66 C:/Users/user/MyFiles/ProgmiX/PEX-Form-main/vendor/laravel/framework/src/Illuminate/Pipeline/Pipeline.php(219): Juzaweb/Backend/Http/Middleware/SecurityHeaders->handle(Object(Illuminate/Http/Request), Object(Closure))
#67 C:/Users/user/MyFiles/ProgmiX/PEX-Form-main/vendor/laravel/framework/src/Illuminate/Foundation/Http/Middleware/TransformsRequest.php(21): Illuminate/Pipeline/Pipeline->Illuminate/Pipeline/{closure}(Object(Illuminate/Http/Request))
#68 C:/Users/user/MyFiles/ProgmiX/PEX-Form-main/vendor/laravel/framework/src/Illuminate/Foundation/Http/Middleware/ConvertEmptyStringsToNull.php(31): Illuminate/Foundation/Http/Middleware/TransformsRequest->handle(Object(Illuminate/Http/Request), Object(Closure))
#69 C:/Users/user/MyFiles/ProgmiX/PEX-Form-main/vendor/laravel/framework/src/Illuminate/Pipeline/Pipeline.php(219): Illuminate/Foundation/Http/Middleware/ConvertEmptyStringsToNull->handle(Object(Illuminate/Http/Request), Object(Closure))
#70 C:/Users/user/MyFiles/ProgmiX/PEX-Form-main/vendor/laravel/framework/src/Illuminate/Foundation/Http/Middleware/TransformsRequest.php(21): Illuminate/Pipeline/Pipeline->Illuminate/Pipeline/{closure}(Object(Illuminate/Http/Request))
#71 C:/Users/user/MyFiles/ProgmiX/PEX-Form-main/vendor/laravel/framework/src/Illuminate/Foundation/Http/Middleware/TrimStrings.php(51): Illuminate/Foundation/Http/Middleware/TransformsRequest->handle(Object(Illuminate/Http/Request), Object(Closure))
#72 C:/Users/user/MyFiles/ProgmiX/PEX-Form-main/vendor/laravel/framework/src/Illuminate/Pipeline/Pipeline.php(219): Illuminate/Foundation/Http/Middleware/TrimStrings->handle(Object(Illuminate/Http/Request), Object(Closure))
#73 C:/Users/user/MyFiles/ProgmiX/PEX-Form-main/vendor/laravel/framework/src/Illuminate/Http/Middleware/ValidatePostSize.php(27): Illuminate/Pipeline/Pipeline->Illuminate/Pipeline/{closure}(Object(Illuminate/Http/Request))
#74 C:/Users/user/MyFiles/ProgmiX/PEX-Form-main/vendor/laravel/framework/src/Illuminate/Pipeline/Pipeline.php(219): Illuminate/Http/Middleware/ValidatePostSize->handle(Object(Illuminate/Http/Request), Object(Closure))
#75 C:/Users/user/MyFiles/ProgmiX/PEX-Form-main/vendor/laravel/framework/src/Illuminate/Foundation/Http/Middleware/PreventRequestsDuringMaintenance.php(109): Illuminate/Pipeline/Pipeline->Illuminate/Pipeline/{closure}(Object(Illuminate/Http/Request))
#76 C:/Users/user/MyFiles/ProgmiX/PEX-Form-main/vendor/laravel/framework/src/Illuminate/Pipeline/Pipeline.php(219): Illuminate/Foundation/Http/Middleware/PreventRequestsDuringMaintenance->handle(Object(Illuminate/Http/Request), Object(Closure))
#77 C:/Users/user/MyFiles/ProgmiX/PEX-Form-main/vendor/laravel/framework/src/Illuminate/Http/Middleware/HandleCors.php(61): Illuminate/Pipeline/Pipeline->Illuminate/Pipeline/{closure}(Object(Illuminate/Http/Request))
#78 C:/Users/user/MyFiles/ProgmiX/PEX-Form-main/vendor/laravel/framework/src/Illuminate/Pipeline/Pipeline.php(219): Illuminate/Http/Middleware/HandleCors->handle(Object(Illuminate/Http/Request), Object(Closure))
#79 C:/Users/user/MyFiles/ProgmiX/PEX-Form-main/vendor/laravel/framework/src/Illuminate/Http/Middleware/TrustProxies.php(58): Illuminate/Pipeline/Pipeline->Illuminate/Pipeline/{closure}(Object(Illuminate/Http/Request))
#80 C:/Users/user/MyFiles/ProgmiX/PEX-Form-main/vendor/laravel/framework/src/Illuminate/Pipeline/Pipeline.php(219): Illuminate/Http/Middleware/TrustProxies->handle(Object(Illuminate/Http/Request), Object(Closure))
#81 C:/Users/user/MyFiles/ProgmiX/PEX-Form-main/vendor/laravel/framework/src/Illuminate/Pipeline/Pipeline.php(137): Illuminate/Pipeline/Pipeline->Illuminate/Pipeline/{closure}(Object(Illuminate/Http/Request))
#82 C:/Users/user/MyFiles/ProgmiX/PEX-Form-main/vendor/laravel/framework/src/Illuminate/Foundation/Http/Kernel.php(175): Illuminate/Pipeline/Pipeline->then(Object(Closure))
#83 C:/Users/user/MyFiles/ProgmiX/PEX-Form-main/vendor/laravel/framework/src/Illuminate/Foundation/Http/Kernel.php(144): Illuminate/Foundation/Http/Kernel->sendRequestThroughRouter(Object(Illuminate/Http/Request))
#84 C:/Users/user/MyFiles/ProgmiX/PEX-Form-main/public/index.php(51): Illuminate/Foundation/Http/Kernel->handle(Object(Illuminate/Http/Request))
#85 C:/Users/user/MyFiles/ProgmiX/PEX-Form-main/vendor/laravel/framework/src/Illuminate/Foundation/resources/server.php(23): require_once('C://Users//user//M...')
#86 {main}
"} 
[2026-09-30 10:20:24] local.ERROR: syntax error, unexpected token "endif", expecting end of file {"userId":1,"exception":"[object] (Spatie\\LaravelIgnition\\Exceptions\\ViewException(code: 0): syntax error, unexpected token \"endif\", expecting end of file at C:/Users/user/MyFiles/ProgmiX/PEX-Form-main/modules/Frontend/resources/views/templates/homepage/pex/contact.blade.php:15)
[stacktrace]
#0 C:/Users/user/MyFiles/ProgmiX/PEX-Form-main/vendor/laravel/framework/src/Illuminate/Filesystem/Filesystem.php(123): require('C://Users//user//M...')
#1 C:/Users/user/MyFiles/ProgmiX/PEX-Form-main/vendor/laravel/framework/src/Illuminate/Filesystem/Filesystem.php(124): Illuminate/Filesystem/Filesystem::Illuminate/Filesystem/{closure}()
#2 C:/Users/user/MyFiles/ProgmiX/PEX-Form-main/vendor/laravel/framework/src/Illuminate/View/Engines/PhpEngine.php(57): Illuminate/Filesystem/Filesystem->getRequire('C://Users//user//M...', Array)
#3 C:/Users/user/MyFiles/ProgmiX/PEX-Form-main/vendor/laravel/framework/src/Illuminate/View/Engines/CompilerEngine.php(76): Illuminate/View/Engines/PhpEngine->evaluatePath('C://Users//user//M...', Array)
#4 C:/Users/user/MyFiles/ProgmiX/PEX-Form-main/vendor/laravel/framework/src/Illuminate/View/View.php(208): Illuminate/View/Engines/CompilerEngine->get('C://Users//user//M...', Array)
#5 C:/Users/user/MyFiles/ProgmiX/PEX-Form-main/vendor/laravel/framework/src/Illuminate/View/View.php(191): Illuminate/View/View->getContents()
#6 C:/Users/user/MyFiles/ProgmiX/PEX-Form-main/vendor/laravel/framework/src/Illuminate/View/View.php(160): Illuminate/View/View->renderContents()
#7 C:/Users/user/MyFiles/ProgmiX/PEX-Form-main/vendor/laravel/framework/src/Illuminate/Http/Response.php(78): Illuminate/View/View->render()
#8 C:/Users/user/MyFiles/ProgmiX/PEX-Form-main/vendor/laravel/framework/src/Illuminate/Http/Response.php(34): Illuminate/Http/Response->setContent(Object(Illuminate/View/View))
#9 C:/Users/user/MyFiles/ProgmiX/PEX-Form-main/vendor/laravel/framework/src/Illuminate/Routing/Router.php(939): Illuminate/Http/Response->__construct(Object(Illuminate/View/View), 200, Array)
#10 C:/Users/user/MyFiles/ProgmiX/PEX-Form-main/vendor/laravel/framework/src/Illuminate/Routing/Router.php(906): Illuminate/Routing/Router::toResponse(Object(Illuminate/Http/Request), Object(Illuminate/View/View))
#11 C:/Users/user/MyFiles/ProgmiX/PEX-Form-main/vendor/laravel/framework/src/Illuminate/Routing/Router.php(821): Illuminate/Routing/Router->prepareResponse(Object(Illuminate/Http/Request), Object(Illuminate/View/View))
#12 C:/Users/user/MyFiles/ProgmiX/PEX-Form-main/vendor/laravel/framework/src/Illuminate/Pipeline/Pipeline.php(180): Illuminate/Routing/Router->Illuminate/Routing/{closure}(Object(Illuminate/Http/Request))
#13 C:/Users/user/MyFiles/ProgmiX/PEX-Form-main/modules/Frontend/Http/Middleware/Locale.php(49): Illuminate/Pipeline/Pipeline->Illuminate/Pipeline/{closure}(Object(Illuminate/Http/Request))
#14 C:/Users/user/MyFiles/ProgmiX/PEX-Form-main/vendor/laravel/framework/src/Illuminate/Pipeline/Pipeline.php(219): Juzaweb/Frontend/Http/Middleware/Locale->handle(Object(Illuminate/Http/Request), Object(Closure))
#15 C:/Users/user/MyFiles/ProgmiX/PEX-Form-main/modules/Backend/Http/Middleware/SecurityHeaders.php(25): Illuminate/Pipeline/Pipeline->Illuminate/Pipeline/{closure}(Object(Illuminate/Http/Request))
#16 C:/Users/user/MyFiles/ProgmiX/PEX-Form-main/vendor/laravel/framework/src/Illuminate/Pipeline/Pipeline.php(219): Juzaweb/Backend/Http/Middleware/SecurityHeaders->handle(Object(Illuminate/Http/Request), Object(Closure))
#17 C:/Users/user/MyFiles/ProgmiX/PEX-Form-main/vendor/laravel/framework/src/Illuminate/Routing/Middleware/ThrottleRequests.php(166): Illuminate/Pipeline/Pipeline->Illuminate/Pipeline/{closure}(Object(Illuminate/Http/Request))
#18 C:/Users/user/MyFiles/ProgmiX/PEX-Form-main/vendor/laravel/framework/src/Illuminate/Routing/Middleware/ThrottleRequests.php(93): Illuminate/Routing/Middleware/ThrottleRequests->handleRequest(Object(Illuminate/Http/Request), Object(Closure), Array)
#19 C:/Users/user/MyFiles/ProgmiX/PEX-Form-main/vendor/laravel/framework/src/Illuminate/Pipeline/Pipeline.php(219): Illuminate/Routing/Middleware/ThrottleRequests->handle(Object(Illuminate/Http/Request), Object(Closure))
#20 C:/Users/user/MyFiles/ProgmiX/PEX-Form-main/modules/Backend/Http/Middleware/PathTraversal.php(57): Illuminate/Pipeline/Pipeline->Illuminate/Pipeline/{closure}(Object(Illuminate/Http/Request))
#21 C:/Users/user/MyFiles/ProgmiX/PEX-Form-main/vendor/laravel/framework/src/Illuminate/Pipeline/Pipeline.php(219): Juzaweb/Backend/Http/Middleware/PathTraversal->handle(Object(Illuminate/Http/Request), Object(Closure))
#22 C:/Users/user/MyFiles/ProgmiX/PEX-Form-main/modules/Backend/Http/Middleware/XssSanitization.php(44): Illuminate/Pipeline/Pipeline->Illuminate/Pipeline/{closure}(Object(Illuminate/Http/Request))
#23 C:/Users/user/MyFiles/ProgmiX/PEX-Form-main/vendor/laravel/framework/src/Illuminate/Pipeline/Pipeline.php(219): Juzaweb/Backend/Http/Middleware/XssSanitization->handle(Object(Illuminate/Http/Request), Object(Closure))
#24 C:/Users/user/MyFiles/ProgmiX/PEX-Form-main/vendor/spatie/laravel-csp/src/AddCspHeaders.php(13): Illuminate/Pipeline/Pipeline->Illuminate/Pipeline/{closure}(Object(Illuminate/Http/Request))
#25 C:/Users/user/MyFiles/ProgmiX/PEX-Form-main/vendor/laravel/framework/src/Illuminate/Pipeline/Pipeline.php(219): Spatie/Csp/AddCspHeaders->handle(Object(Illuminate/Http/Request), Object(Closure))
#26 C:/Users/user/MyFiles/ProgmiX/PEX-Form-main/vendor/barryvdh/laravel-debugbar/src/Middleware/InjectDebugbar.php(59): Illuminate/Pipeline/Pipeline->Illuminate/Pipeline/{closure}(Object(Illuminate/Http/Request))
#27 C:/Users/user/MyFiles/ProgmiX/PEX-Form-main/vendor/laravel/framework/src/Illuminate/Pipeline/Pipeline.php(219): Barryvdh/Debugbar/Middleware/InjectDebugbar->handle(Object(Illuminate/Http/Request), Object(Closure))
#28 C:/Users/user/MyFiles/ProgmiX/PEX-Form-main/modules/CMS/Http/Middleware/XFrameHeadersMiddleware.php(41): Illuminate/Pipeline/Pipeline->Illuminate/Pipeline/{closure}(Object(Illuminate/Http/Request))
#29 C:/Users/user/MyFiles/ProgmiX/PEX-Form-main/vendor/laravel/framework/src/Illuminate/Pipeline/Pipeline.php(219): Juzaweb/CMS/Http/Middleware/XFrameHeadersMiddleware->handle(Object(Illuminate/Http/Request), Object(Closure))
#30 C:/Users/user/MyFiles/ProgmiX/PEX-Form-main/vendor/laravel/framework/src/Illuminate/Routing/Middleware/SubstituteBindings.php(50): Illuminate/Pipeline/Pipeline->Illuminate/Pipeline/{closure}(Object(Illuminate/Http/Request))
#31 C:/Users/user/MyFiles/ProgmiX/PEX-Form-main/vendor/laravel/framework/src/Illuminate/Pipeline/Pipeline.php(219): Illuminate/Routing/Middleware/SubstituteBindings->handle(Object(Illuminate/Http/Request), Object(Closure))
#32 C:/Users/user/MyFiles/ProgmiX/PEX-Form-main/vendor/laravel/framework/src/Illuminate/Cookie/Middleware/AddQueuedCookiesToResponse.php(36): Illuminate/Pipeline/Pipeline->Illuminate/Pipeline/{closure}(Object(Illuminate/Http/Request))
#33 C:/Users/user/MyFiles/ProgmiX/PEX-Form-main/vendor/laravel/framework/src/Illuminate/Pipeline/Pipeline.php(219): Illuminate/Cookie/Middleware/AddQueuedCookiesToResponse->handle(Object(Illuminate/Http/Request), Object(Closure))
#34 C:/Users/user/MyFiles/ProgmiX/PEX-Form-main/vendor/laravel/framework/src/Illuminate/View/Middleware/ShareErrorsFromSession.php(48): Illuminate/Pipeline/Pipeline->Illuminate/Pipeline/{closure}(Object(Illuminate/Http/Request))
#35 C:/Users/user/MyFiles/ProgmiX/PEX-Form-main/modules/Backend/Http/Middleware/ShareErrorsUnlessBot.php(24): Illuminate/View/Middleware/ShareErrorsFromSession->handle(Object(Illuminate/Http/Request), Object(Closure))
#36 C:/Users/user/MyFiles/ProgmiX/PEX-Form-main/vendor/laravel/framework/src/Illuminate/Pipeline/Pipeline.php(219): Juzaweb/Backend/Http/Middleware/ShareErrorsUnlessBot->handle(Object(Illuminate/Http/Request), Object(Closure))
#37 C:/Users/user/MyFiles/ProgmiX/PEX-Form-main/vendor/laravel/framework/src/Illuminate/Session/Middleware/StartSession.php(120): Illuminate/Pipeline/Pipeline->Illuminate/Pipeline/{closure}(Object(Illuminate/Http/Request))
#38 C:/Users/user/MyFiles/ProgmiX/PEX-Form-main/vendor/laravel/framework/src/Illuminate/Session/Middleware/StartSession.php(63): Illuminate/Session/Middleware/StartSession->handleStatefulRequest(Object(Illuminate/Http/Request), Object(Illuminate/Session/Store), Object(Closure))
#39 C:/Users/user/MyFiles/ProgmiX/PEX-Form-main/modules/Backend/Http/Middleware/SkipSessionForBots.php(24): Illuminate/Session/Middleware/StartSession->handle(Object(Illuminate/Http/Request), Object(Closure))
#40 C:/Users/user/MyFiles/ProgmiX/PEX-Form-main/vendor/laravel/framework/src/Illuminate/Pipeline/Pipeline.php(219): Juzaweb/Backend/Http/Middleware/SkipSessionForBots->handle(Object(Illuminate/Http/Request), Object(Closure))
#41 C:/Users/user/MyFiles/ProgmiX/PEX-Form-main/vendor/laravel/framework/src/Illuminate/Cookie/Middleware/EncryptCookies.php(74): Illuminate/Pipeline/Pipeline->Illuminate/Pipeline/{closure}(Object(Illuminate/Http/Request))
#42 C:/Users/user/MyFiles/ProgmiX/PEX-Form-main/vendor/laravel/framework/src/Illuminate/Pipeline/Pipeline.php(219): Illuminate/Cookie/Middleware/EncryptCookies->handle(Object(Illuminate/Http/Request), Object(Closure))
#43 C:/Users/user/MyFiles/ProgmiX/PEX-Form-main/modules/CMS/Http/Middleware/GlobalMiddleware.php(11): Illuminate/Pipeline/Pipeline->Illuminate/Pipeline/{closure}(Object(Illuminate/Http/Request))
#44 C:/Users/user/MyFiles/ProgmiX/PEX-Form-main/vendor/laravel/framework/src/Illuminate/Pipeline/Pipeline.php(219): Juzaweb/CMS/Http/Middleware/GlobalMiddleware->handle(Object(Illuminate/Http/Request), Object(Closure))
#45 C:/Users/user/MyFiles/ProgmiX/PEX-Form-main/modules/Backend/Http/Middleware/DisableSessionForBots.php(30): Illuminate/Pipeline/Pipeline->Illuminate/Pipeline/{closure}(Object(Illuminate/Http/Request))
#46 C:/Users/user/MyFiles/ProgmiX/PEX-Form-main/vendor/laravel/framework/src/Illuminate/Pipeline/Pipeline.php(219): Juzaweb/Backend/Http/Middleware/DisableSessionForBots->handle(Object(Illuminate/Http/Request), Object(Closure))
#47 C:/Users/user/MyFiles/ProgmiX/PEX-Form-main/vendor/laravel/framework/src/Illuminate/Pipeline/Pipeline.php(137): Illuminate/Pipeline/Pipeline->Illuminate/Pipeline/{closure}(Object(Illuminate/Http/Request))
#48 C:/Users/user/MyFiles/ProgmiX/PEX-Form-main/vendor/laravel/framework/src/Illuminate/Routing/Router.php(821): Illuminate/Pipeline/Pipeline->then(Object(Closure))
#49 C:/Users/user/MyFiles/ProgmiX/PEX-Form-main/vendor/laravel/framework/src/Illuminate/Routing/Router.php(800): Illuminate/Routing/Router->runRouteWithinStack(Object(Illuminate/Routing/Route), Object(Illuminate/Http/Request))
#50 C:/Users/user/MyFiles/ProgmiX/PEX-Form-main/vendor/laravel/framework/src/Illuminate/Routing/Router.php(764): Illuminate/Routing/Router->runRoute(Object(Illuminate/Http/Request), Object(Illuminate/Routing/Route))
#51 C:/Users/user/MyFiles/ProgmiX/PEX-Form-main/vendor/laravel/framework/src/Illuminate/Routing/Router.php(753): Illuminate/Routing/Router->dispatchToRoute(Object(Illuminate/Http/Request))
#52 C:/Users/user/MyFiles/ProgmiX/PEX-Form-main/vendor/laravel/framework/src/Illuminate/Foundation/Http/Kernel.php(200): Illuminate/Routing/Router->dispatch(Object(Illuminate/Http/Request))
#53 C:/Users/user/MyFiles/ProgmiX/PEX-Form-main/vendor/laravel/framework/src/Illuminate/Pipeline/Pipeline.php(180): Illuminate/Foundation/Http/Kernel->Illuminate/Foundation/Http/{closure}(Object(Illuminate/Http/Request))
#54 C:/Users/user/MyFiles/ProgmiX/PEX-Form-main/vendor/barryvdh/laravel-debugbar/src/Middleware/InjectDebugbar.php(59): Illuminate/Pipeline/Pipeline->Illuminate/Pipeline/{closure}(Object(Illuminate/Http/Request))
#55 C:/Users/user/MyFiles/ProgmiX/PEX-Form-main/vendor/laravel/framework/src/Illuminate/Pipeline/Pipeline.php(219): Barryvdh/Debugbar/Middleware/InjectDebugbar->handle(Object(Illuminate/Http/Request), Object(Closure))
#56 C:/Users/user/MyFiles/ProgmiX/PEX-Form-main/modules/Backend/Http/Middleware/BlockIpMiddleware.php(31): Illuminate/Pipeline/Pipeline->Illuminate/Pipeline/{closure}(Object(Illuminate/Http/Request))
#57 C:/Users/user/MyFiles/ProgmiX/PEX-Form-main/vendor/laravel/framework/src/Illuminate/Pipeline/Pipeline.php(219): Juzaweb/Backend/Http/Middleware/BlockIpMiddleware->handle(Object(Illuminate/Http/Request), Object(Closure))
#58 C:/Users/user/MyFiles/ProgmiX/PEX-Form-main/modules/Backend/Http/Middleware/SecurityHeaders.php(25): Illuminate/Pipeline/Pipeline->Illuminate/Pipeline/{closure}(Object(Illuminate/Http/Request))
#59 C:/Users/user/MyFiles/ProgmiX/PEX-Form-main/vendor/laravel/framework/src/Illuminate/Pipeline/Pipeline.php(219): Juzaweb/Backend/Http/Middleware/SecurityHeaders->handle(Object(Illuminate/Http/Request), Object(Closure))
#60 C:/Users/user/MyFiles/ProgmiX/PEX-Form-main/vendor/laravel/framework/src/Illuminate/Foundation/Http/Middleware/TransformsRequest.php(21): Illuminate/Pipeline/Pipeline->Illuminate/Pipeline/{closure}(Object(Illuminate/Http/Request))
#61 C:/Users/user/MyFiles/ProgmiX/PEX-Form-main/vendor/laravel/framework/src/Illuminate/Foundation/Http/Middleware/ConvertEmptyStringsToNull.php(31): Illuminate/Foundation/Http/Middleware/TransformsRequest->handle(Object(Illuminate/Http/Request), Object(Closure))
#62 C:/Users/user/MyFiles/ProgmiX/PEX-Form-main/vendor/laravel/framework/src/Illuminate/Pipeline/Pipeline.php(219): Illuminate/Foundation/Http/Middleware/ConvertEmptyStringsToNull->handle(Object(Illuminate/Http/Request), Object(Closure))
#63 C:/Users/user/MyFiles/ProgmiX/PEX-Form-main/vendor/laravel/framework/src/Illuminate/Foundation/Http/Middleware/TransformsRequest.php(21): Illuminate/Pipeline/Pipeline->Illuminate/Pipeline/{closure}(Object(Illuminate/Http/Request))
#64 C:/Users/user/MyFiles/ProgmiX/PEX-Form-main/vendor/laravel/framework/src/Illuminate/Foundation/Http/Middleware/TrimStrings.php(51): Illuminate/Foundation/Http/Middleware/TransformsRequest->handle(Object(Illuminate/Http/Request), Object(Closure))
#65 C:/Users/user/MyFiles/ProgmiX/PEX-Form-main/vendor/laravel/framework/src/Illuminate/Pipeline/Pipeline.php(219): Illuminate/Foundation/Http/Middleware/TrimStrings->handle(Object(Illuminate/Http/Request), Object(Closure))
#66 C:/Users/user/MyFiles/ProgmiX/PEX-Form-main/vendor/laravel/framework/src/Illuminate/Http/Middleware/ValidatePostSize.php(27): Illuminate/Pipeline/Pipeline->Illuminate/Pipeline/{closure}(Object(Illuminate/Http/Request))
#67 C:/Users/user/MyFiles/ProgmiX/PEX-Form-main/vendor/laravel/framework/src/Illuminate/Pipeline/Pipeline.php(219): Illuminate/Http/Middleware/ValidatePostSize->handle(Object(Illuminate/Http/Request), Object(Closure))
#68 C:/Users/user/MyFiles/ProgmiX/PEX-Form-main/vendor/laravel/framework/src/Illuminate/Foundation/Http/Middleware/PreventRequestsDuringMaintenance.php(109): Illuminate/Pipeline/Pipeline->Illuminate/Pipeline/{closure}(Object(Illuminate/Http/Request))
#69 C:/Users/user/MyFiles/ProgmiX/PEX-Form-main/vendor/laravel/framework/src/Illuminate/Pipeline/Pipeline.php(219): Illuminate/Foundation/Http/Middleware/PreventRequestsDuringMaintenance->handle(Object(Illuminate/Http/Request), Object(Closure))
#70 C:/Users/user/MyFiles/ProgmiX/PEX-Form-main/vendor/laravel/framework/src/Illuminate/Http/Middleware/HandleCors.php(61): Illuminate/Pipeline/Pipeline->Illuminate/Pipeline/{closure}(Object(Illuminate/Http/Request))
#71 C:/Users/user/MyFiles/ProgmiX/PEX-Form-main/vendor/laravel/framework/src/Illuminate/Pipeline/Pipeline.php(219): Illuminate/Http/Middleware/HandleCors->handle(Object(Illuminate/Http/Request), Object(Closure))
#72 C:/Users/user/MyFiles/ProgmiX/PEX-Form-main/vendor/laravel/framework/src/Illuminate/Http/Middleware/TrustProxies.php(58): Illuminate/Pipeline/Pipeline->Illuminate/Pipeline/{closure}(Object(Illuminate/Http/Request))
#73 C:/Users/user/MyFiles/ProgmiX/PEX-Form-main/vendor/laravel/framework/src/Illuminate/Pipeline/Pipeline.php(219): Illuminate/Http/Middleware/TrustProxies->handle(Object(Illuminate/Http/Request), Object(Closure))
#74 C:/Users/user/MyFiles/ProgmiX/PEX-Form-main/vendor/laravel/framework/src/Illuminate/Pipeline/Pipeline.php(137): Illuminate/Pipeline/Pipeline->Illuminate/Pipeline/{closure}(Object(Illuminate/Http/Request))
#75 C:/Users/user/MyFiles/ProgmiX/PEX-Form-main/vendor/laravel/framework/src/Illuminate/Foundation/Http/Kernel.php(175): Illuminate/Pipeline/Pipeline->then(Object(Closure))
#76 C:/Users/user/MyFiles/ProgmiX/PEX-Form-main/vendor/laravel/framework/src/Illuminate/Foundation/Http/Kernel.php(144): Illuminate/Foundation/Http/Kernel->sendRequestThroughRouter(Object(Illuminate/Http/Request))
#77 C:/Users/user/MyFiles/ProgmiX/PEX-Form-main/public/index.php(51): Illuminate/Foundation/Http/Kernel->handle(Object(Illuminate/Http/Request))
#78 C:/Users/user/MyFiles/ProgmiX/PEX-Form-main/vendor/laravel/framework/src/Illuminate/Foundation/resources/server.php(23): require_once('C://Users//user//M...')
#79 {main}

[previous exception] [object] (ParseError(code: 0): syntax error, unexpected token \"endif\", expecting end of file at C:/Users/user/MyFiles/ProgmiX/PEX-Form-main/storage/framework/views/a84ddf431c771032d0234d77e02450d7.php:15)
[stacktrace]
#0 C:/Users/user/MyFiles/ProgmiX/PEX-Form-main/vendor/laravel/framework/src/Illuminate/Filesystem/Filesystem.php(124): Illuminate/Filesystem/Filesystem::Illuminate/Filesystem/{closure}()
#1 C:/Users/user/MyFiles/ProgmiX/PEX-Form-main/vendor/laravel/framework/src/Illuminate/View/Engines/PhpEngine.php(57): Illuminate/Filesystem/Filesystem->getRequire('C://Users//user//M...', Array)
#2 C:/Users/user/MyFiles/ProgmiX/PEX-Form-main/vendor/laravel/framework/src/Illuminate/View/Engines/CompilerEngine.php(76): Illuminate/View/Engines/PhpEngine->evaluatePath('C://Users//user//M...', Array)
#3 C:/Users/user/MyFiles/ProgmiX/PEX-Form-main/vendor/laravel/framework/src/Illuminate/View/View.php(208): Illuminate/View/Engines/CompilerEngine->get('C://Users//user//M...', Array)
#4 C:/Users/user/MyFiles/ProgmiX/PEX-Form-main/vendor/laravel/framework/src/Illuminate/View/View.php(191): Illuminate/View/View->getContents()
#5 C:/Users/user/MyFiles/ProgmiX/PEX-Form-main/vendor/laravel/framework/src/Illuminate/View/View.php(160): Illuminate/View/View->renderContents()
#6 C:/Users/user/MyFiles/ProgmiX/PEX-Form-main/storage/framework/views/078e945ecbf82d678121cbf4f8650dce.php(1): Illuminate/View/View->render()
#7 C:/Users/user/MyFiles/ProgmiX/PEX-Form-main/vendor/laravel/framework/src/Illuminate/Filesystem/Filesystem.php(123): require('C://Users//user//M...')
#8 C:/Users/user/MyFiles/ProgmiX/PEX-Form-main/vendor/laravel/framework/src/Illuminate/Filesystem/Filesystem.php(124): Illuminate/Filesystem/Filesystem::Illuminate/Filesystem/{closure}()
#9 C:/Users/user/MyFiles/ProgmiX/PEX-Form-main/vendor/laravel/framework/src/Illuminate/View/Engines/PhpEngine.php(57): Illuminate/Filesystem/Filesystem->getRequire('C://Users//user//M...', Array)
#10 C:/Users/user/MyFiles/ProgmiX/PEX-Form-main/vendor/laravel/framework/src/Illuminate/View/Engines/CompilerEngine.php(76): Illuminate/View/Engines/PhpEngine->evaluatePath('C://Users//user//M...', Array)
#11 C:/Users/user/MyFiles/ProgmiX/PEX-Form-main/vendor/laravel/framework/src/Illuminate/View/View.php(208): Illuminate/View/Engines/CompilerEngine->get('C://Users//user//M...', Array)
#12 C:/Users/user/MyFiles/ProgmiX/PEX-Form-main/vendor/laravel/framework/src/Illuminate/View/View.php(191): Illuminate/View/View->getContents()
#13 C:/Users/user/MyFiles/ProgmiX/PEX-Form-main/vendor/laravel/framework/src/Illuminate/View/View.php(160): Illuminate/View/View->renderContents()
#14 C:/Users/user/MyFiles/ProgmiX/PEX-Form-main/vendor/laravel/framework/src/Illuminate/Http/Response.php(78): Illuminate/View/View->render()
#15 C:/Users/user/MyFiles/ProgmiX/PEX-Form-main/vendor/laravel/framework/src/Illuminate/Http/Response.php(34): Illuminate/Http/Response->setContent(Object(Illuminate/View/View))
#16 C:/Users/user/MyFiles/ProgmiX/PEX-Form-main/vendor/laravel/framework/src/Illuminate/Routing/Router.php(939): Illuminate/Http/Response->__construct(Object(Illuminate/View/View), 200, Array)
#17 C:/Users/user/MyFiles/ProgmiX/PEX-Form-main/vendor/laravel/framework/src/Illuminate/Routing/Router.php(906): Illuminate/Routing/Router::toResponse(Object(Illuminate/Http/Request), Object(Illuminate/View/View))
#18 C:/Users/user/MyFiles/ProgmiX/PEX-Form-main/vendor/laravel/framework/src/Illuminate/Routing/Router.php(821): Illuminate/Routing/Router->prepareResponse(Object(Illuminate/Http/Request), Object(Illuminate/View/View))
#19 C:/Users/user/MyFiles/ProgmiX/PEX-Form-main/vendor/laravel/framework/src/Illuminate/Pipeline/Pipeline.php(180): Illuminate/Routing/Router->Illuminate/Routing/{closure}(Object(Illuminate/Http/Request))
#20 C:/Users/user/MyFiles/ProgmiX/PEX-Form-main/modules/Frontend/Http/Middleware/Locale.php(49): Illuminate/Pipeline/Pipeline->Illuminate/Pipeline/{closure}(Object(Illuminate/Http/Request))
#21 C:/Users/user/MyFiles/ProgmiX/PEX-Form-main/vendor/laravel/framework/src/Illuminate/Pipeline/Pipeline.php(219): Juzaweb/Frontend/Http/Middleware/Locale->handle(Object(Illuminate/Http/Request), Object(Closure))
#22 C:/Users/user/MyFiles/ProgmiX/PEX-Form-main/modules/Backend/Http/Middleware/SecurityHeaders.php(25): Illuminate/Pipeline/Pipeline->Illuminate/Pipeline/{closure}(Object(Illuminate/Http/Request))
#23 C:/Users/user/MyFiles/ProgmiX/PEX-Form-main/vendor/laravel/framework/src/Illuminate/Pipeline/Pipeline.php(219): Juzaweb/Backend/Http/Middleware/SecurityHeaders->handle(Object(Illuminate/Http/Request), Object(Closure))
#24 C:/Users/user/MyFiles/ProgmiX/PEX-Form-main/vendor/laravel/framework/src/Illuminate/Routing/Middleware/ThrottleRequests.php(166): Illuminate/Pipeline/Pipeline->Illuminate/Pipeline/{closure}(Object(Illuminate/Http/Request))
#25 C:/Users/user/MyFiles/ProgmiX/PEX-Form-main/vendor/laravel/framework/src/Illuminate/Routing/Middleware/ThrottleRequests.php(93): Illuminate/Routing/Middleware/ThrottleRequests->handleRequest(Object(Illuminate/Http/Request), Object(Closure), Array)
#26 C:/Users/user/MyFiles/ProgmiX/PEX-Form-main/vendor/laravel/framework/src/Illuminate/Pipeline/Pipeline.php(219): Illuminate/Routing/Middleware/ThrottleRequests->handle(Object(Illuminate/Http/Request), Object(Closure))
#27 C:/Users/user/MyFiles/ProgmiX/PEX-Form-main/modules/Backend/Http/Middleware/PathTraversal.php(57): Illuminate/Pipeline/Pipeline->Illuminate/Pipeline/{closure}(Object(Illuminate/Http/Request))
#28 C:/Users/user/MyFiles/ProgmiX/PEX-Form-main/vendor/laravel/framework/src/Illuminate/Pipeline/Pipeline.php(219): Juzaweb/Backend/Http/Middleware/PathTraversal->handle(Object(Illuminate/Http/Request), Object(Closure))
#29 C:/Users/user/MyFiles/ProgmiX/PEX-Form-main/modules/Backend/Http/Middleware/XssSanitization.php(44): Illuminate/Pipeline/Pipeline->Illuminate/Pipeline/{closure}(Object(Illuminate/Http/Request))
#30 C:/Users/user/MyFiles/ProgmiX/PEX-Form-main/vendor/laravel/framework/src/Illuminate/Pipeline/Pipeline.php(219): Juzaweb/Backend/Http/Middleware/XssSanitization->handle(Object(Illuminate/Http/Request), Object(Closure))
#31 C:/Users/user/MyFiles/ProgmiX/PEX-Form-main/vendor/spatie/laravel-csp/src/AddCspHeaders.php(13): Illuminate/Pipeline/Pipeline->Illuminate/Pipeline/{closure}(Object(Illuminate/Http/Request))
#32 C:/Users/user/MyFiles/ProgmiX/PEX-Form-main/vendor/laravel/framework/src/Illuminate/Pipeline/Pipeline.php(219): Spatie/Csp/AddCspHeaders->handle(Object(Illuminate/Http/Request), Object(Closure))
#33 C:/Users/user/MyFiles/ProgmiX/PEX-Form-main/vendor/barryvdh/laravel-debugbar/src/Middleware/InjectDebugbar.php(59): Illuminate/Pipeline/Pipeline->Illuminate/Pipeline/{closure}(Object(Illuminate/Http/Request))
#34 C:/Users/user/MyFiles/ProgmiX/PEX-Form-main/vendor/laravel/framework/src/Illuminate/Pipeline/Pipeline.php(219): Barryvdh/Debugbar/Middleware/InjectDebugbar->handle(Object(Illuminate/Http/Request), Object(Closure))
#35 C:/Users/user/MyFiles/ProgmiX/PEX-Form-main/modules/CMS/Http/Middleware/XFrameHeadersMiddleware.php(41): Illuminate/Pipeline/Pipeline->Illuminate/Pipeline/{closure}(Object(Illuminate/Http/Request))
#36 C:/Users/user/MyFiles/ProgmiX/PEX-Form-main/vendor/laravel/framework/src/Illuminate/Pipeline/Pipeline.php(219): Juzaweb/CMS/Http/Middleware/XFrameHeadersMiddleware->handle(Object(Illuminate/Http/Request), Object(Closure))
#37 C:/Users/user/MyFiles/ProgmiX/PEX-Form-main/vendor/laravel/framework/src/Illuminate/Routing/Middleware/SubstituteBindings.php(50): Illuminate/Pipeline/Pipeline->Illuminate/Pipeline/{closure}(Object(Illuminate/Http/Request))
#38 C:/Users/user/MyFiles/ProgmiX/PEX-Form-main/vendor/laravel/framework/src/Illuminate/Pipeline/Pipeline.php(219): Illuminate/Routing/Middleware/SubstituteBindings->handle(Object(Illuminate/Http/Request), Object(Closure))
#39 C:/Users/user/MyFiles/ProgmiX/PEX-Form-main/vendor/laravel/framework/src/Illuminate/Cookie/Middleware/AddQueuedCookiesToResponse.php(36): Illuminate/Pipeline/Pipeline->Illuminate/Pipeline/{closure}(Object(Illuminate/Http/Request))
#40 C:/Users/user/MyFiles/ProgmiX/PEX-Form-main/vendor/laravel/framework/src/Illuminate/Pipeline/Pipeline.php(219): Illuminate/Cookie/Middleware/AddQueuedCookiesToResponse->handle(Object(Illuminate/Http/Request), Object(Closure))
#41 C:/Users/user/MyFiles/ProgmiX/PEX-Form-main/vendor/laravel/framework/src/Illuminate/View/Middleware/ShareErrorsFromSession.php(48): Illuminate/Pipeline/Pipeline->Illuminate/Pipeline/{closure}(Object(Illuminate/Http/Request))
#42 C:/Users/user/MyFiles/ProgmiX/PEX-Form-main/modules/Backend/Http/Middleware/ShareErrorsUnlessBot.php(24): Illuminate/View/Middleware/ShareErrorsFromSession->handle(Object(Illuminate/Http/Request), Object(Closure))
#43 C:/Users/user/MyFiles/ProgmiX/PEX-Form-main/vendor/laravel/framework/src/Illuminate/Pipeline/Pipeline.php(219): Juzaweb/Backend/Http/Middleware/ShareErrorsUnlessBot->handle(Object(Illuminate/Http/Request), Object(Closure))
#44 C:/Users/user/MyFiles/ProgmiX/PEX-Form-main/vendor/laravel/framework/src/Illuminate/Session/Middleware/StartSession.php(120): Illuminate/Pipeline/Pipeline->Illuminate/Pipeline/{closure}(Object(Illuminate/Http/Request))
#45 C:/Users/user/MyFiles/ProgmiX/PEX-Form-main/vendor/laravel/framework/src/Illuminate/Session/Middleware/StartSession.php(63): Illuminate/Session/Middleware/StartSession->handleStatefulRequest(Object(Illuminate/Http/Request), Object(Illuminate/Session/Store), Object(Closure))
#46 C:/Users/user/MyFiles/ProgmiX/PEX-Form-main/modules/Backend/Http/Middleware/SkipSessionForBots.php(24): Illuminate/Session/Middleware/StartSession->handle(Object(Illuminate/Http/Request), Object(Closure))
#47 C:/Users/user/MyFiles/ProgmiX/PEX-Form-main/vendor/laravel/framework/src/Illuminate/Pipeline/Pipeline.php(219): Juzaweb/Backend/Http/Middleware/SkipSessionForBots->handle(Object(Illuminate/Http/Request), Object(Closure))
#48 C:/Users/user/MyFiles/ProgmiX/PEX-Form-main/vendor/laravel/framework/src/Illuminate/Cookie/Middleware/EncryptCookies.php(74): Illuminate/Pipeline/Pipeline->Illuminate/Pipeline/{closure}(Object(Illuminate/Http/Request))
#49 C:/Users/user/MyFiles/ProgmiX/PEX-Form-main/vendor/laravel/framework/src/Illuminate/Pipeline/Pipeline.php(219): Illuminate/Cookie/Middleware/EncryptCookies->handle(Object(Illuminate/Http/Request), Object(Closure))
#50 C:/Users/user/MyFiles/ProgmiX/PEX-Form-main/modules/CMS/Http/Middleware/GlobalMiddleware.php(11): Illuminate/Pipeline/Pipeline->Illuminate/Pipeline/{closure}(Object(Illuminate/Http/Request))
#51 C:/Users/user/MyFiles/ProgmiX/PEX-Form-main/vendor/laravel/framework/src/Illuminate/Pipeline/Pipeline.php(219): Juzaweb/CMS/Http/Middleware/GlobalMiddleware->handle(Object(Illuminate/Http/Request), Object(Closure))
#52 C:/Users/user/MyFiles/ProgmiX/PEX-Form-main/modules/Backend/Http/Middleware/DisableSessionForBots.php(30): Illuminate/Pipeline/Pipeline->Illuminate/Pipeline/{closure}(Object(Illuminate/Http/Request))
#53 C:/Users/user/MyFiles/ProgmiX/PEX-Form-main/vendor/laravel/framework/src/Illuminate/Pipeline/Pipeline.php(219): Juzaweb/Backend/Http/Middleware/DisableSessionForBots->handle(Object(Illuminate/Http/Request), Object(Closure))
#54 C:/Users/user/MyFiles/ProgmiX/PEX-Form-main/vendor/laravel/framework/src/Illuminate/Pipeline/Pipeline.php(137): Illuminate/Pipeline/Pipeline->Illuminate/Pipeline/{closure}(Object(Illuminate/Http/Request))
#55 C:/Users/user/MyFiles/ProgmiX/PEX-Form-main/vendor/laravel/framework/src/Illuminate/Routing/Router.php(821): Illuminate/Pipeline/Pipeline->then(Object(Closure))
#56 C:/Users/user/MyFiles/ProgmiX/PEX-Form-main/vendor/laravel/framework/src/Illuminate/Routing/Router.php(800): Illuminate/Routing/Router->runRouteWithinStack(Object(Illuminate/Routing/Route), Object(Illuminate/Http/Request))
#57 C:/Users/user/MyFiles/ProgmiX/PEX-Form-main/vendor/laravel/framework/src/Illuminate/Routing/Router.php(764): Illuminate/Routing/Router->runRoute(Object(Illuminate/Http/Request), Object(Illuminate/Routing/Route))
#58 C:/Users/user/MyFiles/ProgmiX/PEX-Form-main/vendor/laravel/framework/src/Illuminate/Routing/Router.php(753): Illuminate/Routing/Router->dispatchToRoute(Object(Illuminate/Http/Request))
#59 C:/Users/user/MyFiles/ProgmiX/PEX-Form-main/vendor/laravel/framework/src/Illuminate/Foundation/Http/Kernel.php(200): Illuminate/Routing/Router->dispatch(Object(Illuminate/Http/Request))
#60 C:/Users/user/MyFiles/ProgmiX/PEX-Form-main/vendor/laravel/framework/src/Illuminate/Pipeline/Pipeline.php(180): Illuminate/Foundation/Http/Kernel->Illuminate/Foundation/Http/{closure}(Object(Illuminate/Http/Request))
#61 C:/Users/user/MyFiles/ProgmiX/PEX-Form-main/vendor/barryvdh/laravel-debugbar/src/Middleware/InjectDebugbar.php(59): Illuminate/Pipeline/Pipeline->Illuminate/Pipeline/{closure}(Object(Illuminate/Http/Request))
#62 C:/Users/user/MyFiles/ProgmiX/PEX-Form-main/vendor/laravel/framework/src/Illuminate/Pipeline/Pipeline.php(219): Barryvdh/Debugbar/Middleware/InjectDebugbar->handle(Object(Illuminate/Http/Request), Object(Closure))
#63 C:/Users/user/MyFiles/ProgmiX/PEX-Form-main/modules/Backend/Http/Middleware/BlockIpMiddleware.php(31): Illuminate/Pipeline/Pipeline->Illuminate/Pipeline/{closure}(Object(Illuminate/Http/Request))
#64 C:/Users/user/MyFiles/ProgmiX/PEX-Form-main/vendor/laravel/framework/src/Illuminate/Pipeline/Pipeline.php(219): Juzaweb/Backend/Http/Middleware/BlockIpMiddleware->handle(Object(Illuminate/Http/Request), Object(Closure))
#65 C:/Users/user/MyFiles/ProgmiX/PEX-Form-main/modules/Backend/Http/Middleware/SecurityHeaders.php(25): Illuminate/Pipeline/Pipeline->Illuminate/Pipeline/{closure}(Object(Illuminate/Http/Request))
#66 C:/Users/user/MyFiles/ProgmiX/PEX-Form-main/vendor/laravel/framework/src/Illuminate/Pipeline/Pipeline.php(219): Juzaweb/Backend/Http/Middleware/SecurityHeaders->handle(Object(Illuminate/Http/Request), Object(Closure))
#67 C:/Users/user/MyFiles/ProgmiX/PEX-Form-main/vendor/laravel/framework/src/Illuminate/Foundation/Http/Middleware/TransformsRequest.php(21): Illuminate/Pipeline/Pipeline->Illuminate/Pipeline/{closure}(Object(Illuminate/Http/Request))
#68 C:/Users/user/MyFiles/ProgmiX/PEX-Form-main/vendor/laravel/framework/src/Illuminate/Foundation/Http/Middleware/ConvertEmptyStringsToNull.php(31): Illuminate/Foundation/Http/Middleware/TransformsRequest->handle(Object(Illuminate/Http/Request), Object(Closure))
#69 C:/Users/user/MyFiles/ProgmiX/PEX-Form-main/vendor/laravel/framework/src/Illuminate/Pipeline/Pipeline.php(219): Illuminate/Foundation/Http/Middleware/ConvertEmptyStringsToNull->handle(Object(Illuminate/Http/Request), Object(Closure))
#70 C:/Users/user/MyFiles/ProgmiX/PEX-Form-main/vendor/laravel/framework/src/Illuminate/Foundation/Http/Middleware/TransformsRequest.php(21): Illuminate/Pipeline/Pipeline->Illuminate/Pipeline/{closure}(Object(Illuminate/Http/Request))
#71 C:/Users/user/MyFiles/ProgmiX/PEX-Form-main/vendor/laravel/framework/src/Illuminate/Foundation/Http/Middleware/TrimStrings.php(51): Illuminate/Foundation/Http/Middleware/TransformsRequest->handle(Object(Illuminate/Http/Request), Object(Closure))
#72 C:/Users/user/MyFiles/ProgmiX/PEX-Form-main/vendor/laravel/framework/src/Illuminate/Pipeline/Pipeline.php(219): Illuminate/Foundation/Http/Middleware/TrimStrings->handle(Object(Illuminate/Http/Request), Object(Closure))
#73 C:/Users/user/MyFiles/ProgmiX/PEX-Form-main/vendor/laravel/framework/src/Illuminate/Http/Middleware/ValidatePostSize.php(27): Illuminate/Pipeline/Pipeline->Illuminate/Pipeline/{closure}(Object(Illuminate/Http/Request))
#74 C:/Users/user/MyFiles/ProgmiX/PEX-Form-main/vendor/laravel/framework/src/Illuminate/Pipeline/Pipeline.php(219): Illuminate/Http/Middleware/ValidatePostSize->handle(Object(Illuminate/Http/Request), Object(Closure))
#75 C:/Users/user/MyFiles/ProgmiX/PEX-Form-main/vendor/laravel/framework/src/Illuminate/Foundation/Http/Middleware/PreventRequestsDuringMaintenance.php(109): Illuminate/Pipeline/Pipeline->Illuminate/Pipeline/{closure}(Object(Illuminate/Http/Request))
#76 C:/Users/user/MyFiles/ProgmiX/PEX-Form-main/vendor/laravel/framework/src/Illuminate/Pipeline/Pipeline.php(219): Illuminate/Foundation/Http/Middleware/PreventRequestsDuringMaintenance->handle(Object(Illuminate/Http/Request), Object(Closure))
#77 C:/Users/user/MyFiles/ProgmiX/PEX-Form-main/vendor/laravel/framework/src/Illuminate/Http/Middleware/HandleCors.php(61): Illuminate/Pipeline/Pipeline->Illuminate/Pipeline/{closure}(Object(Illuminate/Http/Request))
#78 C:/Users/user/MyFiles/ProgmiX/PEX-Form-main/vendor/laravel/framework/src/Illuminate/Pipeline/Pipeline.php(219): Illuminate/Http/Middleware/HandleCors->handle(Object(Illuminate/Http/Request), Object(Closure))
#79 C:/Users/user/MyFiles/ProgmiX/PEX-Form-main/vendor/laravel/framework/src/Illuminate/Http/Middleware/TrustProxies.php(58): Illuminate/Pipeline/Pipeline->Illuminate/Pipeline/{closure}(Object(Illuminate/Http/Request))
#80 C:/Users/user/MyFiles/ProgmiX/PEX-Form-main/vendor/laravel/framework/src/Illuminate/Pipeline/Pipeline.php(219): Illuminate/Http/Middleware/TrustProxies->handle(Object(Illuminate/Http/Request), Object(Closure))
#81 C:/Users/user/MyFiles/ProgmiX/PEX-Form-main/vendor/laravel/framework/src/Illuminate/Pipeline/Pipeline.php(137): Illuminate/Pipeline/Pipeline->Illuminate/Pipeline/{closure}(Object(Illuminate/Http/Request))
#82 C:/Users/user/MyFiles/ProgmiX/PEX-Form-main/vendor/laravel/framework/src/Illuminate/Foundation/Http/Kernel.php(175): Illuminate/Pipeline/Pipeline->then(Object(Closure))
#83 C:/Users/user/MyFiles/ProgmiX/PEX-Form-main/vendor/laravel/framework/src/Illuminate/Foundation/Http/Kernel.php(144): Illuminate/Foundation/Http/Kernel->sendRequestThroughRouter(Object(Illuminate/Http/Request))
#84 C:/Users/user/MyFiles/ProgmiX/PEX-Form-main/public/index.php(51): Illuminate/Foundation/Http/Kernel->handle(Object(Illuminate/Http/Request))
#85 C:/Users/user/MyFiles/ProgmiX/PEX-Form-main/vendor/laravel/framework/src/Illuminate/Foundation/resources/server.php(23): require_once('C://Users//user//M...')
#86 {main}
"} 
[2026-09-30 14:13:17] local.ERROR: Undefined variable $agendaData {"userId":1,"exception":"[object] (Spatie\\LaravelIgnition\\Exceptions\\ViewException(code: 0): Undefined variable $agendaData at C:/Users/user/MyFiles/ProgmiX/PEX-Form-main/modules/Frontend/resources/views/templates/homepage/pex/agenda.blade.php:42)
[stacktrace]
#0 C:/Users/user/MyFiles/ProgmiX/PEX-Form-main/vendor/laravel/framework/src/Illuminate/Filesystem/Filesystem.php(123): require('C://Users//user//M...')
#1 C:/Users/user/MyFiles/ProgmiX/PEX-Form-main/vendor/laravel/framework/src/Illuminate/Filesystem/Filesystem.php(124): Illuminate/Filesystem/Filesystem::Illuminate/Filesystem/{closure}()
#2 C:/Users/user/MyFiles/ProgmiX/PEX-Form-main/vendor/laravel/framework/src/Illuminate/View/Engines/PhpEngine.php(57): Illuminate/Filesystem/Filesystem->getRequire('C://Users//user//M...', Array)
#3 C:/Users/user/MyFiles/ProgmiX/PEX-Form-main/vendor/laravel/framework/src/Illuminate/View/Engines/CompilerEngine.php(76): Illuminate/View/Engines/PhpEngine->evaluatePath('C://Users//user//M...', Array)
#4 C:/Users/user/MyFiles/ProgmiX/PEX-Form-main/vendor/laravel/framework/src/Illuminate/View/View.php(208): Illuminate/View/Engines/CompilerEngine->get('C://Users//user//M...', Array)
#5 C:/Users/user/MyFiles/ProgmiX/PEX-Form-main/vendor/laravel/framework/src/Illuminate/View/View.php(191): Illuminate/View/View->getContents()
#6 C:/Users/user/MyFiles/ProgmiX/PEX-Form-main/vendor/laravel/framework/src/Illuminate/View/View.php(160): Illuminate/View/View->renderContents()
#7 C:/Users/user/MyFiles/ProgmiX/PEX-Form-main/modules/Frontend/resources/views/home.blade.php(1): Illuminate/View/View->render()
#8 C:/Users/user/MyFiles/ProgmiX/PEX-Form-main/vendor/laravel/framework/src/Illuminate/Filesystem/Filesystem.php(123): require('C://Users//user//M...')
#9 C:/Users/user/MyFiles/ProgmiX/PEX-Form-main/vendor/laravel/framework/src/Illuminate/Filesystem/Filesystem.php(124): Illuminate/Filesystem/Filesystem::Illuminate/Filesystem/{closure}()
#10 C:/Users/user/MyFiles/ProgmiX/PEX-Form-main/vendor/laravel/framework/src/Illuminate/View/Engines/PhpEngine.php(57): Illuminate/Filesystem/Filesystem->getRequire('C://Users//user//M...', Array)
#11 C:/Users/user/MyFiles/ProgmiX/PEX-Form-main/vendor/laravel/framework/src/Illuminate/View/Engines/CompilerEngine.php(76): Illuminate/View/Engines/PhpEngine->evaluatePath('C://Users//user//M...', Array)
#12 C:/Users/user/MyFiles/ProgmiX/PEX-Form-main/vendor/laravel/framework/src/Illuminate/View/View.php(208): Illuminate/View/Engines/CompilerEngine->get('C://Users//user//M...', Array)
#13 C:/Users/user/MyFiles/ProgmiX/PEX-Form-main/vendor/laravel/framework/src/Illuminate/View/View.php(191): Illuminate/View/View->getContents()
#14 C:/Users/user/MyFiles/ProgmiX/PEX-Form-main/vendor/laravel/framework/src/Illuminate/View/View.php(160): Illuminate/View/View->renderContents()
#15 C:/Users/user/MyFiles/ProgmiX/PEX-Form-main/vendor/laravel/framework/src/Illuminate/Http/Response.php(78): Illuminate/View/View->render()
#16 C:/Users/user/MyFiles/ProgmiX/PEX-Form-main/vendor/laravel/framework/src/Illuminate/Http/Response.php(34): Illuminate/Http/Response->setContent(Object(Illuminate/View/View))
#17 C:/Users/user/MyFiles/ProgmiX/PEX-Form-main/vendor/laravel/framework/src/Illuminate/Routing/Router.php(939): Illuminate/Http/Response->__construct(Object(Illuminate/View/View), 200, Array)
#18 C:/Users/user/MyFiles/ProgmiX/PEX-Form-main/vendor/laravel/framework/src/Illuminate/Routing/Router.php(906): Illuminate/Routing/Router::toResponse(Object(Illuminate/Http/Request), Object(Illuminate/View/View))
#19 C:/Users/user/MyFiles/ProgmiX/PEX-Form-main/vendor/laravel/framework/src/Illuminate/Routing/Router.php(821): Illuminate/Routing/Router->prepareResponse(Object(Illuminate/Http/Request), Object(Illuminate/View/View))
#20 C:/Users/user/MyFiles/ProgmiX/PEX-Form-main/vendor/laravel/framework/src/Illuminate/Pipeline/Pipeline.php(180): Illuminate/Routing/Router->Illuminate/Routing/{closure}(Object(Illuminate/Http/Request))
#21 C:/Users/user/MyFiles/ProgmiX/PEX-Form-main/modules/Frontend/Http/Middleware/Locale.php(49): Illuminate/Pipeline/Pipeline->Illuminate/Pipeline/{closure}(Object(Illuminate/Http/Request))
#22 C:/Users/user/MyFiles/ProgmiX/PEX-Form-main/vendor/laravel/framework/src/Illuminate/Pipeline/Pipeline.php(219): Juzaweb/Frontend/Http/Middleware/Locale->handle(Object(Illuminate/Http/Request), Object(Closure))
#23 C:/Users/user/MyFiles/ProgmiX/PEX-Form-main/modules/Backend/Http/Middleware/SecurityHeaders.php(25): Illuminate/Pipeline/Pipeline->Illuminate/Pipeline/{closure}(Object(Illuminate/Http/Request))
#24 C:/Users/user/MyFiles/ProgmiX/PEX-Form-main/vendor/laravel/framework/src/Illuminate/Pipeline/Pipeline.php(219): Juzaweb/Backend/Http/Middleware/SecurityHeaders->handle(Object(Illuminate/Http/Request), Object(Closure))
#25 C:/Users/user/MyFiles/ProgmiX/PEX-Form-main/vendor/laravel/framework/src/Illuminate/Routing/Middleware/ThrottleRequests.php(166): Illuminate/Pipeline/Pipeline->Illuminate/Pipeline/{closure}(Object(Illuminate/Http/Request))
#26 C:/Users/user/MyFiles/ProgmiX/PEX-Form-main/vendor/laravel/framework/src/Illuminate/Routing/Middleware/ThrottleRequests.php(93): Illuminate/Routing/Middleware/ThrottleRequests->handleRequest(Object(Illuminate/Http/Request), Object(Closure), Array)
#27 C:/Users/user/MyFiles/ProgmiX/PEX-Form-main/vendor/laravel/framework/src/Illuminate/Pipeline/Pipeline.php(219): Illuminate/Routing/Middleware/ThrottleRequests->handle(Object(Illuminate/Http/Request), Object(Closure))
#28 C:/Users/user/MyFiles/ProgmiX/PEX-Form-main/modules/Backend/Http/Middleware/PathTraversal.php(57): Illuminate/Pipeline/Pipeline->Illuminate/Pipeline/{closure}(Object(Illuminate/Http/Request))
#29 C:/Users/user/MyFiles/ProgmiX/PEX-Form-main/vendor/laravel/framework/src/Illuminate/Pipeline/Pipeline.php(219): Juzaweb/Backend/Http/Middleware/PathTraversal->handle(Object(Illuminate/Http/Request), Object(Closure))
#30 C:/Users/user/MyFiles/ProgmiX/PEX-Form-main/modules/Backend/Http/Middleware/XssSanitization.php(44): Illuminate/Pipeline/Pipeline->Illuminate/Pipeline/{closure}(Object(Illuminate/Http/Request))
#31 C:/Users/user/MyFiles/ProgmiX/PEX-Form-main/vendor/laravel/framework/src/Illuminate/Pipeline/Pipeline.php(219): Juzaweb/Backend/Http/Middleware/XssSanitization->handle(Object(Illuminate/Http/Request), Object(Closure))
#32 C:/Users/user/MyFiles/ProgmiX/PEX-Form-main/vendor/spatie/laravel-csp/src/AddCspHeaders.php(13): Illuminate/Pipeline/Pipeline->Illuminate/Pipeline/{closure}(Object(Illuminate/Http/Request))
#33 C:/Users/user/MyFiles/ProgmiX/PEX-Form-main/vendor/laravel/framework/src/Illuminate/Pipeline/Pipeline.php(219): Spatie/Csp/AddCspHeaders->handle(Object(Illuminate/Http/Request), Object(Closure))
#34 C:/Users/user/MyFiles/ProgmiX/PEX-Form-main/vendor/barryvdh/laravel-debugbar/src/Middleware/InjectDebugbar.php(59): Illuminate/Pipeline/Pipeline->Illuminate/Pipeline/{closure}(Object(Illuminate/Http/Request))
#35 C:/Users/user/MyFiles/ProgmiX/PEX-Form-main/vendor/laravel/framework/src/Illuminate/Pipeline/Pipeline.php(219): Barryvdh/Debugbar/Middleware/InjectDebugbar->handle(Object(Illuminate/Http/Request), Object(Closure))
#36 C:/Users/user/MyFiles/ProgmiX/PEX-Form-main/modules/CMS/Http/Middleware/XFrameHeadersMiddleware.php(41): Illuminate/Pipeline/Pipeline->Illuminate/Pipeline/{closure}(Object(Illuminate/Http/Request))
#37 C:/Users/user/MyFiles/ProgmiX/PEX-Form-main/vendor/laravel/framework/src/Illuminate/Pipeline/Pipeline.php(219): Juzaweb/CMS/Http/Middleware/XFrameHeadersMiddleware->handle(Object(Illuminate/Http/Request), Object(Closure))
#38 C:/Users/user/MyFiles/ProgmiX/PEX-Form-main/vendor/laravel/framework/src/Illuminate/Routing/Middleware/SubstituteBindings.php(50): Illuminate/Pipeline/Pipeline->Illuminate/Pipeline/{closure}(Object(Illuminate/Http/Request))
#39 C:/Users/user/MyFiles/ProgmiX/PEX-Form-main/vendor/laravel/framework/src/Illuminate/Pipeline/Pipeline.php(219): Illuminate/Routing/Middleware/SubstituteBindings->handle(Object(Illuminate/Http/Request), Object(Closure))
#40 C:/Users/user/MyFiles/ProgmiX/PEX-Form-main/vendor/laravel/framework/src/Illuminate/Cookie/Middleware/AddQueuedCookiesToResponse.php(36): Illuminate/Pipeline/Pipeline->Illuminate/Pipeline/{closure}(Object(Illuminate/Http/Request))
#41 C:/Users/user/MyFiles/ProgmiX/PEX-Form-main/vendor/laravel/framework/src/Illuminate/Pipeline/Pipeline.php(219): Illuminate/Cookie/Middleware/AddQueuedCookiesToResponse->handle(Object(Illuminate/Http/Request), Object(Closure))
#42 C:/Users/user/MyFiles/ProgmiX/PEX-Form-main/vendor/laravel/framework/src/Illuminate/View/Middleware/ShareErrorsFromSession.php(48): Illuminate/Pipeline/Pipeline->Illuminate/Pipeline/{closure}(Object(Illuminate/Http/Request))
#43 C:/Users/user/MyFiles/ProgmiX/PEX-Form-main/modules/Backend/Http/Middleware/ShareErrorsUnlessBot.php(24): Illuminate/View/Middleware/ShareErrorsFromSession->handle(Object(Illuminate/Http/Request), Object(Closure))
#44 C:/Users/user/MyFiles/ProgmiX/PEX-Form-main/vendor/laravel/framework/src/Illuminate/Pipeline/Pipeline.php(219): Juzaweb/Backend/Http/Middleware/ShareErrorsUnlessBot->handle(Object(Illuminate/Http/Request), Object(Closure))
#45 C:/Users/user/MyFiles/ProgmiX/PEX-Form-main/vendor/laravel/framework/src/Illuminate/Session/Middleware/StartSession.php(120): Illuminate/Pipeline/Pipeline->Illuminate/Pipeline/{closure}(Object(Illuminate/Http/Request))
#46 C:/Users/user/MyFiles/ProgmiX/PEX-Form-main/vendor/laravel/framework/src/Illuminate/Session/Middleware/StartSession.php(63): Illuminate/Session/Middleware/StartSession->handleStatefulRequest(Object(Illuminate/Http/Request), Object(Illuminate/Session/Store), Object(Closure))
#47 C:/Users/user/MyFiles/ProgmiX/PEX-Form-main/modules/Backend/Http/Middleware/SkipSessionForBots.php(24): Illuminate/Session/Middleware/StartSession->handle(Object(Illuminate/Http/Request), Object(Closure))
#48 C:/Users/user/MyFiles/ProgmiX/PEX-Form-main/vendor/laravel/framework/src/Illuminate/Pipeline/Pipeline.php(219): Juzaweb/Backend/Http/Middleware/SkipSessionForBots->handle(Object(Illuminate/Http/Request), Object(Closure))
#49 C:/Users/user/MyFiles/ProgmiX/PEX-Form-main/vendor/laravel/framework/src/Illuminate/Cookie/Middleware/EncryptCookies.php(74): Illuminate/Pipeline/Pipeline->Illuminate/Pipeline/{closure}(Object(Illuminate/Http/Request))
#50 C:/Users/user/MyFiles/ProgmiX/PEX-Form-main/vendor/laravel/framework/src/Illuminate/Pipeline/Pipeline.php(219): Illuminate/Cookie/Middleware/EncryptCookies->handle(Object(Illuminate/Http/Request), Object(Closure))
#51 C:/Users/user/MyFiles/ProgmiX/PEX-Form-main/modules/CMS/Http/Middleware/GlobalMiddleware.php(11): Illuminate/Pipeline/Pipeline->Illuminate/Pipeline/{closure}(Object(Illuminate/Http/Request))
#52 C:/Users/user/MyFiles/ProgmiX/PEX-Form-main/vendor/laravel/framework/src/Illuminate/Pipeline/Pipeline.php(219): Juzaweb/CMS/Http/Middleware/GlobalMiddleware->handle(Object(Illuminate/Http/Request), Object(Closure))
#53 C:/Users/user/MyFiles/ProgmiX/PEX-Form-main/modules/Backend/Http/Middleware/DisableSessionForBots.php(30): Illuminate/Pipeline/Pipeline->Illuminate/Pipeline/{closure}(Object(Illuminate/Http/Request))
#54 C:/Users/user/MyFiles/ProgmiX/PEX-Form-main/vendor/laravel/framework/src/Illuminate/Pipeline/Pipeline.php(219): Juzaweb/Backend/Http/Middleware/DisableSessionForBots->handle(Object(Illuminate/Http/Request), Object(Closure))
#55 C:/Users/user/MyFiles/ProgmiX/PEX-Form-main/vendor/laravel/framework/src/Illuminate/Pipeline/Pipeline.php(137): Illuminate/Pipeline/Pipeline->Illuminate/Pipeline/{closure}(Object(Illuminate/Http/Request))
#56 C:/Users/user/MyFiles/ProgmiX/PEX-Form-main/vendor/laravel/framework/src/Illuminate/Routing/Router.php(821): Illuminate/Pipeline/Pipeline->then(Object(Closure))
#57 C:/Users/user/MyFiles/ProgmiX/PEX-Form-main/vendor/laravel/framework/src/Illuminate/Routing/Router.php(800): Illuminate/Routing/Router->runRouteWithinStack(Object(Illuminate/Routing/Route), Object(Illuminate/Http/Request))
#58 C:/Users/user/MyFiles/ProgmiX/PEX-Form-main/vendor/laravel/framework/src/Illuminate/Routing/Router.php(764): Illuminate/Routing/Router->runRoute(Object(Illuminate/Http/Request), Object(Illuminate/Routing/Route))
#59 C:/Users/user/MyFiles/ProgmiX/PEX-Form-main/vendor/laravel/framework/src/Illuminate/Routing/Router.php(753): Illuminate/Routing/Router->dispatchToRoute(Object(Illuminate/Http/Request))
#60 C:/Users/user/MyFiles/ProgmiX/PEX-Form-main/vendor/laravel/framework/src/Illuminate/Foundation/Http/Kernel.php(200): Illuminate/Routing/Router->dispatch(Object(Illuminate/Http/Request))
#61 C:/Users/user/MyFiles/ProgmiX/PEX-Form-main/vendor/laravel/framework/src/Illuminate/Pipeline/Pipeline.php(180): Illuminate/Foundation/Http/Kernel->Illuminate/Foundation/Http/{closure}(Object(Illuminate/Http/Request))
#62 C:/Users/user/MyFiles/ProgmiX/PEX-Form-main/vendor/barryvdh/laravel-debugbar/src/Middleware/InjectDebugbar.php(59): Illuminate/Pipeline/Pipeline->Illuminate/Pipeline/{closure}(Object(Illuminate/Http/Request))
#63 C:/Users/user/MyFiles/ProgmiX/PEX-Form-main/vendor/laravel/framework/src/Illuminate/Pipeline/Pipeline.php(219): Barryvdh/Debugbar/Middleware/InjectDebugbar->handle(Object(Illuminate/Http/Request), Object(Closure))
#64 C:/Users/user/MyFiles/ProgmiX/PEX-Form-main/modules/Backend/Http/Middleware/BlockIpMiddleware.php(31): Illuminate/Pipeline/Pipeline->Illuminate/Pipeline/{closure}(Object(Illuminate/Http/Request))
#65 C:/Users/user/MyFiles/ProgmiX/PEX-Form-main/vendor/laravel/framework/src/Illuminate/Pipeline/Pipeline.php(219): Juzaweb/Backend/Http/Middleware/BlockIpMiddleware->handle(Object(Illuminate/Http/Request), Object(Closure))
#66 C:/Users/user/MyFiles/ProgmiX/PEX-Form-main/modules/Backend/Http/Middleware/SecurityHeaders.php(25): Illuminate/Pipeline/Pipeline->Illuminate/Pipeline/{closure}(Object(Illuminate/Http/Request))
#67 C:/Users/user/MyFiles/ProgmiX/PEX-Form-main/vendor/laravel/framework/src/Illuminate/Pipeline/Pipeline.php(219): Juzaweb/Backend/Http/Middleware/SecurityHeaders->handle(Object(Illuminate/Http/Request), Object(Closure))
#68 C:/Users/user/MyFiles/ProgmiX/PEX-Form-main/vendor/laravel/framework/src/Illuminate/Foundation/Http/Middleware/TransformsRequest.php(21): Illuminate/Pipeline/Pipeline->Illuminate/Pipeline/{closure}(Object(Illuminate/Http/Request))
#69 C:/Users/user/MyFiles/ProgmiX/PEX-Form-main/vendor/laravel/framework/src/Illuminate/Foundation/Http/Middleware/ConvertEmptyStringsToNull.php(31): Illuminate/Foundation/Http/Middleware/TransformsRequest->handle(Object(Illuminate/Http/Request), Object(Closure))
#70 C:/Users/user/MyFiles/ProgmiX/PEX-Form-main/vendor/laravel/framework/src/Illuminate/Pipeline/Pipeline.php(219): Illuminate/Foundation/Http/Middleware/ConvertEmptyStringsToNull->handle(Object(Illuminate/Http/Request), Object(Closure))
#71 C:/Users/user/MyFiles/ProgmiX/PEX-Form-main/vendor/laravel/framework/src/Illuminate/Foundation/Http/Middleware/TransformsRequest.php(21): Illuminate/Pipeline/Pipeline->Illuminate/Pipeline/{closure}(Object(Illuminate/Http/Request))
#72 C:/Users/user/MyFiles/ProgmiX/PEX-Form-main/vendor/laravel/framework/src/Illuminate/Foundation/Http/Middleware/TrimStrings.php(51): Illuminate/Foundation/Http/Middleware/TransformsRequest->handle(Object(Illuminate/Http/Request), Object(Closure))
#73 C:/Users/user/MyFiles/ProgmiX/PEX-Form-main/vendor/laravel/framework/src/Illuminate/Pipeline/Pipeline.php(219): Illuminate/Foundation/Http/Middleware/TrimStrings->handle(Object(Illuminate/Http/Request), Object(Closure))
#74 C:/Users/user/MyFiles/ProgmiX/PEX-Form-main/vendor/laravel/framework/src/Illuminate/Http/Middleware/ValidatePostSize.php(27): Illuminate/Pipeline/Pipeline->Illuminate/Pipeline/{closure}(Object(Illuminate/Http/Request))
#75 C:/Users/user/MyFiles/ProgmiX/PEX-Form-main/vendor/laravel/framework/src/Illuminate/Pipeline/Pipeline.php(219): Illuminate/Http/Middleware/ValidatePostSize->handle(Object(Illuminate/Http/Request), Object(Closure))
#76 C:/Users/user/MyFiles/ProgmiX/PEX-Form-main/vendor/laravel/framework/src/Illuminate/Foundation/Http/Middleware/PreventRequestsDuringMaintenance.php(109): Illuminate/Pipeline/Pipeline->Illuminate/Pipeline/{closure}(Object(Illuminate/Http/Request))
#77 C:/Users/user/MyFiles/ProgmiX/PEX-Form-main/vendor/laravel/framework/src/Illuminate/Pipeline/Pipeline.php(219): Illuminate/Foundation/Http/Middleware/PreventRequestsDuringMaintenance->handle(Object(Illuminate/Http/Request), Object(Closure))
#78 C:/Users/user/MyFiles/ProgmiX/PEX-Form-main/vendor/laravel/framework/src/Illuminate/Http/Middleware/HandleCors.php(61): Illuminate/Pipeline/Pipeline->Illuminate/Pipeline/{closure}(Object(Illuminate/Http/Request))
#79 C:/Users/user/MyFiles/ProgmiX/PEX-Form-main/vendor/laravel/framework/src/Illuminate/Pipeline/Pipeline.php(219): Illuminate/Http/Middleware/HandleCors->handle(Object(Illuminate/Http/Request), Object(Closure))
#80 C:/Users/user/MyFiles/ProgmiX/PEX-Form-main/vendor/laravel/framework/src/Illuminate/Http/Middleware/TrustProxies.php(58): Illuminate/Pipeline/Pipeline->Illuminate/Pipeline/{closure}(Object(Illuminate/Http/Request))
#81 C:/Users/user/MyFiles/ProgmiX/PEX-Form-main/vendor/laravel/framework/src/Illuminate/Pipeline/Pipeline.php(219): Illuminate/Http/Middleware/TrustProxies->handle(Object(Illuminate/Http/Request), Object(Closure))
#82 C:/Users/user/MyFiles/ProgmiX/PEX-Form-main/vendor/laravel/framework/src/Illuminate/Pipeline/Pipeline.php(137): Illuminate/Pipeline/Pipeline->Illuminate/Pipeline/{closure}(Object(Illuminate/Http/Request))
#83 C:/Users/user/MyFiles/ProgmiX/PEX-Form-main/vendor/laravel/framework/src/Illuminate/Foundation/Http/Kernel.php(175): Illuminate/Pipeline/Pipeline->then(Object(Closure))
#84 C:/Users/user/MyFiles/ProgmiX/PEX-Form-main/vendor/laravel/framework/src/Illuminate/Foundation/Http/Kernel.php(144): Illuminate/Foundation/Http/Kernel->sendRequestThroughRouter(Object(Illuminate/Http/Request))
#85 C:/Users/user/MyFiles/ProgmiX/PEX-Form-main/public/index.php(51): Illuminate/Foundation/Http/Kernel->handle(Object(Illuminate/Http/Request))
#86 C:/Users/user/MyFiles/ProgmiX/PEX-Form-main/vendor/laravel/framework/src/Illuminate/Foundation/resources/server.php(23): require_once('C://Users//user//M...')
#87 {main}

[previous exception] [object] (ErrorException(code: 0): Undefined variable $agendaData at C:/Users/user/MyFiles/ProgmiX/PEX-Form-main/storage/framework/views/e957588816674c7d6bc884ad75301905.php:42)
[stacktrace]
#0 C:/Users/user/MyFiles/ProgmiX/PEX-Form-main/vendor/laravel/framework/src/Illuminate/Foundation/Bootstrap/HandleExceptions.php(262): Illuminate/Foundation/Bootstrap/HandleExceptions->handleError(2, 'Undefined varia...', 'C://Users//user//M...', 42)
#1 C:/Users/user/MyFiles/ProgmiX/PEX-Form-main/storage/framework/views/e957588816674c7d6bc884ad75301905.php(42): Illuminate/Foundation/Bootstrap/HandleExceptions->Illuminate/Foundation/Bootstrap/{closure}(2, 'Undefined varia...', 'C://Users//user//M...', 42)
#2 C:/Users/user/MyFiles/ProgmiX/PEX-Form-main/vendor/laravel/framework/src/Illuminate/Filesystem/Filesystem.php(123): require('C://Users//user//M...')
#3 C:/Users/user/MyFiles/ProgmiX/PEX-Form-main/vendor/laravel/framework/src/Illuminate/Filesystem/Filesystem.php(124): Illuminate/Filesystem/Filesystem::Illuminate/Filesystem/{closure}()
#4 C:/Users/user/MyFiles/ProgmiX/PEX-Form-main/vendor/laravel/framework/src/Illuminate/View/Engines/PhpEngine.php(57): Illuminate/Filesystem/Filesystem->getRequire('C://Users//user//M...', Array)
#5 C:/Users/user/MyFiles/ProgmiX/PEX-Form-main/vendor/laravel/framework/src/Illuminate/View/Engines/CompilerEngine.php(76): Illuminate/View/Engines/PhpEngine->evaluatePath('C://Users//user//M...', Array)
#6 C:/Users/user/MyFiles/ProgmiX/PEX-Form-main/vendor/laravel/framework/src/Illuminate/View/View.php(208): Illuminate/View/Engines/CompilerEngine->get('C://Users//user//M...', Array)
#7 C:/Users/user/MyFiles/ProgmiX/PEX-Form-main/vendor/laravel/framework/src/Illuminate/View/View.php(191): Illuminate/View/View->getContents()
#8 C:/Users/user/MyFiles/ProgmiX/PEX-Form-main/vendor/laravel/framework/src/Illuminate/View/View.php(160): Illuminate/View/View->renderContents()
#9 C:/Users/user/MyFiles/ProgmiX/PEX-Form-main/storage/framework/views/078e945ecbf82d678121cbf4f8650dce.php(1): Illuminate/View/View->render()
#10 C:/Users/user/MyFiles/ProgmiX/PEX-Form-main/vendor/laravel/framework/src/Illuminate/Filesystem/Filesystem.php(123): require('C://Users//user//M...')
#11 C:/Users/user/MyFiles/ProgmiX/PEX-Form-main/vendor/laravel/framework/src/Illuminate/Filesystem/Filesystem.php(124): Illuminate/Filesystem/Filesystem::Illuminate/Filesystem/{closure}()
#12 C:/Users/user/MyFiles/ProgmiX/PEX-Form-main/vendor/laravel/framework/src/Illuminate/View/Engines/PhpEngine.php(57): Illuminate/Filesystem/Filesystem->getRequire('C://Users//user//M...', Array)
#13 C:/Users/user/MyFiles/ProgmiX/PEX-Form-main/vendor/laravel/framework/src/Illuminate/View/Engines/CompilerEngine.php(76): Illuminate/View/Engines/PhpEngine->evaluatePath('C://Users//user//M...', Array)
#14 C:/Users/user/MyFiles/ProgmiX/PEX-Form-main/vendor/laravel/framework/src/Illuminate/View/View.php(208): Illuminate/View/Engines/CompilerEngine->get('C://Users//user//M...', Array)
#15 C:/Users/user/MyFiles/ProgmiX/PEX-Form-main/vendor/laravel/framework/src/Illuminate/View/View.php(191): Illuminate/View/View->getContents()
#16 C:/Users/user/MyFiles/ProgmiX/PEX-Form-main/vendor/laravel/framework/src/Illuminate/View/View.php(160): Illuminate/View/View->renderContents()
#17 C:/Users/user/MyFiles/ProgmiX/PEX-Form-main/vendor/laravel/framework/src/Illuminate/Http/Response.php(78): Illuminate/View/View->render()
#18 C:/Users/user/MyFiles/ProgmiX/PEX-Form-main/vendor/laravel/framework/src/Illuminate/Http/Response.php(34): Illuminate/Http/Response->setContent(Object(Illuminate/View/View))
#19 C:/Users/user/MyFiles/ProgmiX/PEX-Form-main/vendor/laravel/framework/src/Illuminate/Routing/Router.php(939): Illuminate/Http/Response->__construct(Object(Illuminate/View/View), 200, Array)
#20 C:/Users/user/MyFiles/ProgmiX/PEX-Form-main/vendor/laravel/framework/src/Illuminate/Routing/Router.php(906): Illuminate/Routing/Router::toResponse(Object(Illuminate/Http/Request), Object(Illuminate/View/View))
#21 C:/Users/user/MyFiles/ProgmiX/PEX-Form-main/vendor/laravel/framework/src/Illuminate/Routing/Router.php(821): Illuminate/Routing/Router->prepareResponse(Object(Illuminate/Http/Request), Object(Illuminate/View/View))
#22 C:/Users/user/MyFiles/ProgmiX/PEX-Form-main/vendor/laravel/framework/src/Illuminate/Pipeline/Pipeline.php(180): Illuminate/Routing/Router->Illuminate/Routing/{closure}(Object(Illuminate/Http/Request))
#23 C:/Users/user/MyFiles/ProgmiX/PEX-Form-main/modules/Frontend/Http/Middleware/Locale.php(49): Illuminate/Pipeline/Pipeline->Illuminate/Pipeline/{closure}(Object(Illuminate/Http/Request))
#24 C:/Users/user/MyFiles/ProgmiX/PEX-Form-main/vendor/laravel/framework/src/Illuminate/Pipeline/Pipeline.php(219): Juzaweb/Frontend/Http/Middleware/Locale->handle(Object(Illuminate/Http/Request), Object(Closure))
#25 C:/Users/user/MyFiles/ProgmiX/PEX-Form-main/modules/Backend/Http/Middleware/SecurityHeaders.php(25): Illuminate/Pipeline/Pipeline->Illuminate/Pipeline/{closure}(Object(Illuminate/Http/Request))
#26 C:/Users/user/MyFiles/ProgmiX/PEX-Form-main/vendor/laravel/framework/src/Illuminate/Pipeline/Pipeline.php(219): Juzaweb/Backend/Http/Middleware/SecurityHeaders->handle(Object(Illuminate/Http/Request), Object(Closure))
#27 C:/Users/user/MyFiles/ProgmiX/PEX-Form-main/vendor/laravel/framework/src/Illuminate/Routing/Middleware/ThrottleRequests.php(166): Illuminate/Pipeline/Pipeline->Illuminate/Pipeline/{closure}(Object(Illuminate/Http/Request))
#28 C:/Users/user/MyFiles/ProgmiX/PEX-Form-main/vendor/laravel/framework/src/Illuminate/Routing/Middleware/ThrottleRequests.php(93): Illuminate/Routing/Middleware/ThrottleRequests->handleRequest(Object(Illuminate/Http/Request), Object(Closure), Array)
#29 C:/Users/user/MyFiles/ProgmiX/PEX-Form-main/vendor/laravel/framework/src/Illuminate/Pipeline/Pipeline.php(219): Illuminate/Routing/Middleware/ThrottleRequests->handle(Object(Illuminate/Http/Request), Object(Closure))
#30 C:/Users/user/MyFiles/ProgmiX/PEX-Form-main/modules/Backend/Http/Middleware/PathTraversal.php(57): Illuminate/Pipeline/Pipeline->Illuminate/Pipeline/{closure}(Object(Illuminate/Http/Request))
#31 C:/Users/user/MyFiles/ProgmiX/PEX-Form-main/vendor/laravel/framework/src/Illuminate/Pipeline/Pipeline.php(219): Juzaweb/Backend/Http/Middleware/PathTraversal->handle(Object(Illuminate/Http/Request), Object(Closure))
#32 C:/Users/user/MyFiles/ProgmiX/PEX-Form-main/modules/Backend/Http/Middleware/XssSanitization.php(44): Illuminate/Pipeline/Pipeline->Illuminate/Pipeline/{closure}(Object(Illuminate/Http/Request))
#33 C:/Users/user/MyFiles/ProgmiX/PEX-Form-main/vendor/laravel/framework/src/Illuminate/Pipeline/Pipeline.php(219): Juzaweb/Backend/Http/Middleware/XssSanitization->handle(Object(Illuminate/Http/Request), Object(Closure))
#34 C:/Users/user/MyFiles/ProgmiX/PEX-Form-main/vendor/spatie/laravel-csp/src/AddCspHeaders.php(13): Illuminate/Pipeline/Pipeline->Illuminate/Pipeline/{closure}(Object(Illuminate/Http/Request))
#35 C:/Users/user/MyFiles/ProgmiX/PEX-Form-main/vendor/laravel/framework/src/Illuminate/Pipeline/Pipeline.php(219): Spatie/Csp/AddCspHeaders->handle(Object(Illuminate/Http/Request), Object(Closure))
#36 C:/Users/user/MyFiles/ProgmiX/PEX-Form-main/vendor/barryvdh/laravel-debugbar/src/Middleware/InjectDebugbar.php(59): Illuminate/Pipeline/Pipeline->Illuminate/Pipeline/{closure}(Object(Illuminate/Http/Request))
#37 C:/Users/user/MyFiles/ProgmiX/PEX-Form-main/vendor/laravel/framework/src/Illuminate/Pipeline/Pipeline.php(219): Barryvdh/Debugbar/Middleware/InjectDebugbar->handle(Object(Illuminate/Http/Request), Object(Closure))
#38 C:/Users/user/MyFiles/ProgmiX/PEX-Form-main/modules/CMS/Http/Middleware/XFrameHeadersMiddleware.php(41): Illuminate/Pipeline/Pipeline->Illuminate/Pipeline/{closure}(Object(Illuminate/Http/Request))
#39 C:/Users/user/MyFiles/ProgmiX/PEX-Form-main/vendor/laravel/framework/src/Illuminate/Pipeline/Pipeline.php(219): Juzaweb/CMS/Http/Middleware/XFrameHeadersMiddleware->handle(Object(Illuminate/Http/Request), Object(Closure))
#40 C:/Users/user/MyFiles/ProgmiX/PEX-Form-main/vendor/laravel/framework/src/Illuminate/Routing/Middleware/SubstituteBindings.php(50): Illuminate/Pipeline/Pipeline->Illuminate/Pipeline/{closure}(Object(Illuminate/Http/Request))
#41 C:/Users/user/MyFiles/ProgmiX/PEX-Form-main/vendor/laravel/framework/src/Illuminate/Pipeline/Pipeline.php(219): Illuminate/Routing/Middleware/SubstituteBindings->handle(Object(Illuminate/Http/Request), Object(Closure))
#42 C:/Users/user/MyFiles/ProgmiX/PEX-Form-main/vendor/laravel/framework/src/Illuminate/Cookie/Middleware/AddQueuedCookiesToResponse.php(36): Illuminate/Pipeline/Pipeline->Illuminate/Pipeline/{closure}(Object(Illuminate/Http/Request))
#43 C:/Users/user/MyFiles/ProgmiX/PEX-Form-main/vendor/laravel/framework/src/Illuminate/Pipeline/Pipeline.php(219): Illuminate/Cookie/Middleware/AddQueuedCookiesToResponse->handle(Object(Illuminate/Http/Request), Object(Closure))
#44 C:/Users/user/MyFiles/ProgmiX/PEX-Form-main/vendor/laravel/framework/src/Illuminate/View/Middleware/ShareErrorsFromSession.php(48): Illuminate/Pipeline/Pipeline->Illuminate/Pipeline/{closure}(Object(Illuminate/Http/Request))
#45 C:/Users/user/MyFiles/ProgmiX/PEX-Form-main/modules/Backend/Http/Middleware/ShareErrorsUnlessBot.php(24): Illuminate/View/Middleware/ShareErrorsFromSession->handle(Object(Illuminate/Http/Request), Object(Closure))
#46 C:/Users/user/MyFiles/ProgmiX/PEX-Form-main/vendor/laravel/framework/src/Illuminate/Pipeline/Pipeline.php(219): Juzaweb/Backend/Http/Middleware/ShareErrorsUnlessBot->handle(Object(Illuminate/Http/Request), Object(Closure))
#47 C:/Users/user/MyFiles/ProgmiX/PEX-Form-main/vendor/laravel/framework/src/Illuminate/Session/Middleware/StartSession.php(120): Illuminate/Pipeline/Pipeline->Illuminate/Pipeline/{closure}(Object(Illuminate/Http/Request))
#48 C:/Users/user/MyFiles/ProgmiX/PEX-Form-main/vendor/laravel/framework/src/Illuminate/Session/Middleware/StartSession.php(63): Illuminate/Session/Middleware/StartSession->handleStatefulRequest(Object(Illuminate/Http/Request), Object(Illuminate/Session/Store), Object(Closure))
#49 C:/Users/user/MyFiles/ProgmiX/PEX-Form-main/modules/Backend/Http/Middleware/SkipSessionForBots.php(24): Illuminate/Session/Middleware/StartSession->handle(Object(Illuminate/Http/Request), Object(Closure))
#50 C:/Users/user/MyFiles/ProgmiX/PEX-Form-main/vendor/laravel/framework/src/Illuminate/Pipeline/Pipeline.php(219): Juzaweb/Backend/Http/Middleware/SkipSessionForBots->handle(Object(Illuminate/Http/Request), Object(Closure))
#51 C:/Users/user/MyFiles/ProgmiX/PEX-Form-main/vendor/laravel/framework/src/Illuminate/Cookie/Middleware/EncryptCookies.php(74): Illuminate/Pipeline/Pipeline->Illuminate/Pipeline/{closure}(Object(Illuminate/Http/Request))
#52 C:/Users/user/MyFiles/ProgmiX/PEX-Form-main/vendor/laravel/framework/src/Illuminate/Pipeline/Pipeline.php(219): Illuminate/Cookie/Middleware/EncryptCookies->handle(Object(Illuminate/Http/Request), Object(Closure))
#53 C:/Users/user/MyFiles/ProgmiX/PEX-Form-main/modules/CMS/Http/Middleware/GlobalMiddleware.php(11): Illuminate/Pipeline/Pipeline->Illuminate/Pipeline/{closure}(Object(Illuminate/Http/Request))
#54 C:/Users/user/MyFiles/ProgmiX/PEX-Form-main/vendor/laravel/framework/src/Illuminate/Pipeline/Pipeline.php(219): Juzaweb/CMS/Http/Middleware/GlobalMiddleware->handle(Object(Illuminate/Http/Request), Object(Closure))
#55 C:/Users/user/MyFiles/ProgmiX/PEX-Form-main/modules/Backend/Http/Middleware/DisableSessionForBots.php(30): Illuminate/Pipeline/Pipeline->Illuminate/Pipeline/{closure}(Object(Illuminate/Http/Request))
#56 C:/Users/user/MyFiles/ProgmiX/PEX-Form-main/vendor/laravel/framework/src/Illuminate/Pipeline/Pipeline.php(219): Juzaweb/Backend/Http/Middleware/DisableSessionForBots->handle(Object(Illuminate/Http/Request), Object(Closure))
#57 C:/Users/user/MyFiles/ProgmiX/PEX-Form-main/vendor/laravel/framework/src/Illuminate/Pipeline/Pipeline.php(137): Illuminate/Pipeline/Pipeline->Illuminate/Pipeline/{closure}(Object(Illuminate/Http/Request))
#58 C:/Users/user/MyFiles/ProgmiX/PEX-Form-main/vendor/laravel/framework/src/Illuminate/Routing/Router.php(821): Illuminate/Pipeline/Pipeline->then(Object(Closure))
#59 C:/Users/user/MyFiles/ProgmiX/PEX-Form-main/vendor/laravel/framework/src/Illuminate/Routing/Router.php(800): Illuminate/Routing/Router->runRouteWithinStack(Object(Illuminate/Routing/Route), Object(Illuminate/Http/Request))
#60 C:/Users/user/MyFiles/ProgmiX/PEX-Form-main/vendor/laravel/framework/src/Illuminate/Routing/Router.php(764): Illuminate/Routing/Router->runRoute(Object(Illuminate/Http/Request), Object(Illuminate/Routing/Route))
#61 C:/Users/user/MyFiles/ProgmiX/PEX-Form-main/vendor/laravel/framework/src/Illuminate/Routing/Router.php(753): Illuminate/Routing/Router->dispatchToRoute(Object(Illuminate/Http/Request))
#62 C:/Users/user/MyFiles/ProgmiX/PEX-Form-main/vendor/laravel/framework/src/Illuminate/Foundation/Http/Kernel.php(200): Illuminate/Routing/Router->dispatch(Object(Illuminate/Http/Request))
#63 C:/Users/user/MyFiles/ProgmiX/PEX-Form-main/vendor/laravel/framework/src/Illuminate/Pipeline/Pipeline.php(180): Illuminate/Foundation/Http/Kernel->Illuminate/Foundation/Http/{closure}(Object(Illuminate/Http/Request))
#64 C:/Users/user/MyFiles/ProgmiX/PEX-Form-main/vendor/barryvdh/laravel-debugbar/src/Middleware/InjectDebugbar.php(59): Illuminate/Pipeline/Pipeline->Illuminate/Pipeline/{closure}(Object(Illuminate/Http/Request))
#65 C:/Users/user/MyFiles/ProgmiX/PEX-Form-main/vendor/laravel/framework/src/Illuminate/Pipeline/Pipeline.php(219): Barryvdh/Debugbar/Middleware/InjectDebugbar->handle(Object(Illuminate/Http/Request), Object(Closure))
#66 C:/Users/user/MyFiles/ProgmiX/PEX-Form-main/modules/Backend/Http/Middleware/BlockIpMiddleware.php(31): Illuminate/Pipeline/Pipeline->Illuminate/Pipeline/{closure}(Object(Illuminate/Http/Request))
#67 C:/Users/user/MyFiles/ProgmiX/PEX-Form-main/vendor/laravel/framework/src/Illuminate/Pipeline/Pipeline.php(219): Juzaweb/Backend/Http/Middleware/BlockIpMiddleware->handle(Object(Illuminate/Http/Request), Object(Closure))
#68 C:/Users/user/MyFiles/ProgmiX/PEX-Form-main/modules/Backend/Http/Middleware/SecurityHeaders.php(25): Illuminate/Pipeline/Pipeline->Illuminate/Pipeline/{closure}(Object(Illuminate/Http/Request))
#69 C:/Users/user/MyFiles/ProgmiX/PEX-Form-main/vendor/laravel/framework/src/Illuminate/Pipeline/Pipeline.php(219): Juzaweb/Backend/Http/Middleware/SecurityHeaders->handle(Object(Illuminate/Http/Request), Object(Closure))
#70 C:/Users/user/MyFiles/ProgmiX/PEX-Form-main/vendor/laravel/framework/src/Illuminate/Foundation/Http/Middleware/TransformsRequest.php(21): Illuminate/Pipeline/Pipeline->Illuminate/Pipeline/{closure}(Object(Illuminate/Http/Request))
#71 C:/Users/user/MyFiles/ProgmiX/PEX-Form-main/vendor/laravel/framework/src/Illuminate/Foundation/Http/Middleware/ConvertEmptyStringsToNull.php(31): Illuminate/Foundation/Http/Middleware/TransformsRequest->handle(Object(Illuminate/Http/Request), Object(Closure))
#72 C:/Users/user/MyFiles/ProgmiX/PEX-Form-main/vendor/laravel/framework/src/Illuminate/Pipeline/Pipeline.php(219): Illuminate/Foundation/Http/Middleware/ConvertEmptyStringsToNull->handle(Object(Illuminate/Http/Request), Object(Closure))
#73 C:/Users/user/MyFiles/ProgmiX/PEX-Form-main/vendor/laravel/framework/src/Illuminate/Foundation/Http/Middleware/TransformsRequest.php(21): Illuminate/Pipeline/Pipeline->Illuminate/Pipeline/{closure}(Object(Illuminate/Http/Request))
#74 C:/Users/user/MyFiles/ProgmiX/PEX-Form-main/vendor/laravel/framework/src/Illuminate/Foundation/Http/Middleware/TrimStrings.php(51): Illuminate/Foundation/Http/Middleware/TransformsRequest->handle(Object(Illuminate/Http/Request), Object(Closure))
#75 C:/Users/user/MyFiles/ProgmiX/PEX-Form-main/vendor/laravel/framework/src/Illuminate/Pipeline/Pipeline.php(219): Illuminate/Foundation/Http/Middleware/TrimStrings->handle(Object(Illuminate/Http/Request), Object(Closure))
#76 C:/Users/user/MyFiles/ProgmiX/PEX-Form-main/vendor/laravel/framework/src/Illuminate/Http/Middleware/ValidatePostSize.php(27): Illuminate/Pipeline/Pipeline->Illuminate/Pipeline/{closure}(Object(Illuminate/Http/Request))
#77 C:/Users/user/MyFiles/ProgmiX/PEX-Form-main/vendor/laravel/framework/src/Illuminate/Pipeline/Pipeline.php(219): Illuminate/Http/Middleware/ValidatePostSize->handle(Object(Illuminate/Http/Request), Object(Closure))
#78 C:/Users/user/MyFiles/ProgmiX/PEX-Form-main/vendor/laravel/framework/src/Illuminate/Foundation/Http/Middleware/PreventRequestsDuringMaintenance.php(109): Illuminate/Pipeline/Pipeline->Illuminate/Pipeline/{closure}(Object(Illuminate/Http/Request))
#79 C:/Users/user/MyFiles/ProgmiX/PEX-Form-main/vendor/laravel/framework/src/Illuminate/Pipeline/Pipeline.php(219): Illuminate/Foundation/Http/Middleware/PreventRequestsDuringMaintenance->handle(Object(Illuminate/Http/Request), Object(Closure))
#80 C:/Users/user/MyFiles/ProgmiX/PEX-Form-main/vendor/laravel/framework/src/Illuminate/Http/Middleware/HandleCors.php(61): Illuminate/Pipeline/Pipeline->Illuminate/Pipeline/{closure}(Object(Illuminate/Http/Request))
#81 C:/Users/user/MyFiles/ProgmiX/PEX-Form-main/vendor/laravel/framework/src/Illuminate/Pipeline/Pipeline.php(219): Illuminate/Http/Middleware/HandleCors->handle(Object(Illuminate/Http/Request), Object(Closure))
#82 C:/Users/user/MyFiles/ProgmiX/PEX-Form-main/vendor/laravel/framework/src/Illuminate/Http/Middleware/TrustProxies.php(58): Illuminate/Pipeline/Pipeline->Illuminate/Pipeline/{closure}(Object(Illuminate/Http/Request))
#83 C:/Users/user/MyFiles/ProgmiX/PEX-Form-main/vendor/laravel/framework/src/Illuminate/Pipeline/Pipeline.php(219): Illuminate/Http/Middleware/TrustProxies->handle(Object(Illuminate/Http/Request), Object(Closure))
#84 C:/Users/user/MyFiles/ProgmiX/PEX-Form-main/vendor/laravel/framework/src/Illuminate/Pipeline/Pipeline.php(137): Illuminate/Pipeline/Pipeline->Illuminate/Pipeline/{closure}(Object(Illuminate/Http/Request))
#85 C:/Users/user/MyFiles/ProgmiX/PEX-Form-main/vendor/laravel/framework/src/Illuminate/Foundation/Http/Kernel.php(175): Illuminate/Pipeline/Pipeline->then(Object(Closure))
#86 C:/Users/user/MyFiles/ProgmiX/PEX-Form-main/vendor/laravel/framework/src/Illuminate/Foundation/Http/Kernel.php(144): Illuminate/Foundation/Http/Kernel->sendRequestThroughRouter(Object(Illuminate/Http/Request))
#87 C:/Users/user/MyFiles/ProgmiX/PEX-Form-main/public/index.php(51): Illuminate/Foundation/Http/Kernel->handle(Object(Illuminate/Http/Request))
#88 C:/Users/user/MyFiles/ProgmiX/PEX-Form-main/vendor/laravel/framework/src/Illuminate/Foundation/resources/server.php(23): require_once('C://Users//user//M...')
#89 {main}
"} 
[2026-09-30 15:14:57] local.ERROR: Undefined variable $sponsorsPage {"userId":1,"exception":"[object] (Spatie\\LaravelIgnition\\Exceptions\\ViewException(code: 0): Undefined variable $sponsorsPage at C:/Users/user/MyFiles/ProgmiX/PEX-Form-main/modules/Frontend/resources/views/templates/homepage/pex/sponsorship.blade.php:28)
[stacktrace]
#0 C:/Users/user/MyFiles/ProgmiX/PEX-Form-main/vendor/laravel/framework/src/Illuminate/Filesystem/Filesystem.php(123): require('C://Users//user//M...')
#1 C:/Users/user/MyFiles/ProgmiX/PEX-Form-main/vendor/laravel/framework/src/Illuminate/Filesystem/Filesystem.php(124): Illuminate/Filesystem/Filesystem::Illuminate/Filesystem/{closure}()
#2 C:/Users/user/MyFiles/ProgmiX/PEX-Form-main/vendor/laravel/framework/src/Illuminate/View/Engines/PhpEngine.php(57): Illuminate/Filesystem/Filesystem->getRequire('C://Users//user//M...', Array)
#3 C:/Users/user/MyFiles/ProgmiX/PEX-Form-main/vendor/laravel/framework/src/Illuminate/View/Engines/CompilerEngine.php(76): Illuminate/View/Engines/PhpEngine->evaluatePath('C://Users//user//M...', Array)
#4 C:/Users/user/MyFiles/ProgmiX/PEX-Form-main/vendor/laravel/framework/src/Illuminate/View/View.php(208): Illuminate/View/Engines/CompilerEngine->get('C://Users//user//M...', Array)
#5 C:/Users/user/MyFiles/ProgmiX/PEX-Form-main/vendor/laravel/framework/src/Illuminate/View/View.php(191): Illuminate/View/View->getContents()
#6 C:/Users/user/MyFiles/ProgmiX/PEX-Form-main/vendor/laravel/framework/src/Illuminate/View/View.php(160): Illuminate/View/View->renderContents()
#7 C:/Users/user/MyFiles/ProgmiX/PEX-Form-main/modules/Frontend/resources/views/home.blade.php(1): Illuminate/View/View->render()
#8 C:/Users/user/MyFiles/ProgmiX/PEX-Form-main/vendor/laravel/framework/src/Illuminate/Filesystem/Filesystem.php(123): require('C://Users//user//M...')
#9 C:/Users/user/MyFiles/ProgmiX/PEX-Form-main/vendor/laravel/framework/src/Illuminate/Filesystem/Filesystem.php(124): Illuminate/Filesystem/Filesystem::Illuminate/Filesystem/{closure}()
#10 C:/Users/user/MyFiles/ProgmiX/PEX-Form-main/vendor/laravel/framework/src/Illuminate/View/Engines/PhpEngine.php(57): Illuminate/Filesystem/Filesystem->getRequire('C://Users//user//M...', Array)
#11 C:/Users/user/MyFiles/ProgmiX/PEX-Form-main/vendor/laravel/framework/src/Illuminate/View/Engines/CompilerEngine.php(76): Illuminate/View/Engines/PhpEngine->evaluatePath('C://Users//user//M...', Array)
#12 C:/Users/user/MyFiles/ProgmiX/PEX-Form-main/vendor/laravel/framework/src/Illuminate/View/View.php(208): Illuminate/View/Engines/CompilerEngine->get('C://Users//user//M...', Array)
#13 C:/Users/user/MyFiles/ProgmiX/PEX-Form-main/vendor/laravel/framework/src/Illuminate/View/View.php(191): Illuminate/View/View->getContents()
#14 C:/Users/user/MyFiles/ProgmiX/PEX-Form-main/vendor/laravel/framework/src/Illuminate/View/View.php(160): Illuminate/View/View->renderContents()
#15 C:/Users/user/MyFiles/ProgmiX/PEX-Form-main/vendor/laravel/framework/src/Illuminate/Http/Response.php(78): Illuminate/View/View->render()
#16 C:/Users/user/MyFiles/ProgmiX/PEX-Form-main/vendor/laravel/framework/src/Illuminate/Http/Response.php(34): Illuminate/Http/Response->setContent(Object(Illuminate/View/View))
#17 C:/Users/user/MyFiles/ProgmiX/PEX-Form-main/vendor/laravel/framework/src/Illuminate/Routing/Router.php(939): Illuminate/Http/Response->__construct(Object(Illuminate/View/View), 200, Array)
#18 C:/Users/user/MyFiles/ProgmiX/PEX-Form-main/vendor/laravel/framework/src/Illuminate/Routing/Router.php(906): Illuminate/Routing/Router::toResponse(Object(Illuminate/Http/Request), Object(Illuminate/View/View))
#19 C:/Users/user/MyFiles/ProgmiX/PEX-Form-main/vendor/laravel/framework/src/Illuminate/Routing/Router.php(821): Illuminate/Routing/Router->prepareResponse(Object(Illuminate/Http/Request), Object(Illuminate/View/View))
#20 C:/Users/user/MyFiles/ProgmiX/PEX-Form-main/vendor/laravel/framework/src/Illuminate/Pipeline/Pipeline.php(180): Illuminate/Routing/Router->Illuminate/Routing/{closure}(Object(Illuminate/Http/Request))
#21 C:/Users/user/MyFiles/ProgmiX/PEX-Form-main/modules/Frontend/Http/Middleware/Locale.php(49): Illuminate/Pipeline/Pipeline->Illuminate/Pipeline/{closure}(Object(Illuminate/Http/Request))
#22 C:/Users/user/MyFiles/ProgmiX/PEX-Form-main/vendor/laravel/framework/src/Illuminate/Pipeline/Pipeline.php(219): Juzaweb/Frontend/Http/Middleware/Locale->handle(Object(Illuminate/Http/Request), Object(Closure))
#23 C:/Users/user/MyFiles/ProgmiX/PEX-Form-main/modules/Backend/Http/Middleware/SecurityHeaders.php(25): Illuminate/Pipeline/Pipeline->Illuminate/Pipeline/{closure}(Object(Illuminate/Http/Request))
#24 C:/Users/user/MyFiles/ProgmiX/PEX-Form-main/vendor/laravel/framework/src/Illuminate/Pipeline/Pipeline.php(219): Juzaweb/Backend/Http/Middleware/SecurityHeaders->handle(Object(Illuminate/Http/Request), Object(Closure))
#25 C:/Users/user/MyFiles/ProgmiX/PEX-Form-main/vendor/laravel/framework/src/Illuminate/Routing/Middleware/ThrottleRequests.php(166): Illuminate/Pipeline/Pipeline->Illuminate/Pipeline/{closure}(Object(Illuminate/Http/Request))
#26 C:/Users/user/MyFiles/ProgmiX/PEX-Form-main/vendor/laravel/framework/src/Illuminate/Routing/Middleware/ThrottleRequests.php(93): Illuminate/Routing/Middleware/ThrottleRequests->handleRequest(Object(Illuminate/Http/Request), Object(Closure), Array)
#27 C:/Users/user/MyFiles/ProgmiX/PEX-Form-main/vendor/laravel/framework/src/Illuminate/Pipeline/Pipeline.php(219): Illuminate/Routing/Middleware/ThrottleRequests->handle(Object(Illuminate/Http/Request), Object(Closure))
#28 C:/Users/user/MyFiles/ProgmiX/PEX-Form-main/modules/Backend/Http/Middleware/PathTraversal.php(57): Illuminate/Pipeline/Pipeline->Illuminate/Pipeline/{closure}(Object(Illuminate/Http/Request))
#29 C:/Users/user/MyFiles/ProgmiX/PEX-Form-main/vendor/laravel/framework/src/Illuminate/Pipeline/Pipeline.php(219): Juzaweb/Backend/Http/Middleware/PathTraversal->handle(Object(Illuminate/Http/Request), Object(Closure))
#30 C:/Users/user/MyFiles/ProgmiX/PEX-Form-main/modules/Backend/Http/Middleware/XssSanitization.php(44): Illuminate/Pipeline/Pipeline->Illuminate/Pipeline/{closure}(Object(Illuminate/Http/Request))
#31 C:/Users/user/MyFiles/ProgmiX/PEX-Form-main/vendor/laravel/framework/src/Illuminate/Pipeline/Pipeline.php(219): Juzaweb/Backend/Http/Middleware/XssSanitization->handle(Object(Illuminate/Http/Request), Object(Closure))
#32 C:/Users/user/MyFiles/ProgmiX/PEX-Form-main/vendor/spatie/laravel-csp/src/AddCspHeaders.php(13): Illuminate/Pipeline/Pipeline->Illuminate/Pipeline/{closure}(Object(Illuminate/Http/Request))
#33 C:/Users/user/MyFiles/ProgmiX/PEX-Form-main/vendor/laravel/framework/src/Illuminate/Pipeline/Pipeline.php(219): Spatie/Csp/AddCspHeaders->handle(Object(Illuminate/Http/Request), Object(Closure))
#34 C:/Users/user/MyFiles/ProgmiX/PEX-Form-main/vendor/barryvdh/laravel-debugbar/src/Middleware/InjectDebugbar.php(59): Illuminate/Pipeline/Pipeline->Illuminate/Pipeline/{closure}(Object(Illuminate/Http/Request))
#35 C:/Users/user/MyFiles/ProgmiX/PEX-Form-main/vendor/laravel/framework/src/Illuminate/Pipeline/Pipeline.php(219): Barryvdh/Debugbar/Middleware/InjectDebugbar->handle(Object(Illuminate/Http/Request), Object(Closure))
#36 C:/Users/user/MyFiles/ProgmiX/PEX-Form-main/modules/CMS/Http/Middleware/XFrameHeadersMiddleware.php(41): Illuminate/Pipeline/Pipeline->Illuminate/Pipeline/{closure}(Object(Illuminate/Http/Request))
#37 C:/Users/user/MyFiles/ProgmiX/PEX-Form-main/vendor/laravel/framework/src/Illuminate/Pipeline/Pipeline.php(219): Juzaweb/CMS/Http/Middleware/XFrameHeadersMiddleware->handle(Object(Illuminate/Http/Request), Object(Closure))
#38 C:/Users/user/MyFiles/ProgmiX/PEX-Form-main/vendor/laravel/framework/src/Illuminate/Routing/Middleware/SubstituteBindings.php(50): Illuminate/Pipeline/Pipeline->Illuminate/Pipeline/{closure}(Object(Illuminate/Http/Request))
#39 C:/Users/user/MyFiles/ProgmiX/PEX-Form-main/vendor/laravel/framework/src/Illuminate/Pipeline/Pipeline.php(219): Illuminate/Routing/Middleware/SubstituteBindings->handle(Object(Illuminate/Http/Request), Object(Closure))
#40 C:/Users/user/MyFiles/ProgmiX/PEX-Form-main/vendor/laravel/framework/src/Illuminate/Cookie/Middleware/AddQueuedCookiesToResponse.php(36): Illuminate/Pipeline/Pipeline->Illuminate/Pipeline/{closure}(Object(Illuminate/Http/Request))
#41 C:/Users/user/MyFiles/ProgmiX/PEX-Form-main/vendor/laravel/framework/src/Illuminate/Pipeline/Pipeline.php(219): Illuminate/Cookie/Middleware/AddQueuedCookiesToResponse->handle(Object(Illuminate/Http/Request), Object(Closure))
#42 C:/Users/user/MyFiles/ProgmiX/PEX-Form-main/vendor/laravel/framework/src/Illuminate/View/Middleware/ShareErrorsFromSession.php(48): Illuminate/Pipeline/Pipeline->Illuminate/Pipeline/{closure}(Object(Illuminate/Http/Request))
#43 C:/Users/user/MyFiles/ProgmiX/PEX-Form-main/modules/Backend/Http/Middleware/ShareErrorsUnlessBot.php(24): Illuminate/View/Middleware/ShareErrorsFromSession->handle(Object(Illuminate/Http/Request), Object(Closure))
#44 C:/Users/user/MyFiles/ProgmiX/PEX-Form-main/vendor/laravel/framework/src/Illuminate/Pipeline/Pipeline.php(219): Juzaweb/Backend/Http/Middleware/ShareErrorsUnlessBot->handle(Object(Illuminate/Http/Request), Object(Closure))
#45 C:/Users/user/MyFiles/ProgmiX/PEX-Form-main/vendor/laravel/framework/src/Illuminate/Session/Middleware/StartSession.php(120): Illuminate/Pipeline/Pipeline->Illuminate/Pipeline/{closure}(Object(Illuminate/Http/Request))
#46 C:/Users/user/MyFiles/ProgmiX/PEX-Form-main/vendor/laravel/framework/src/Illuminate/Session/Middleware/StartSession.php(63): Illuminate/Session/Middleware/StartSession->handleStatefulRequest(Object(Illuminate/Http/Request), Object(Illuminate/Session/Store), Object(Closure))
#47 C:/Users/user/MyFiles/ProgmiX/PEX-Form-main/modules/Backend/Http/Middleware/SkipSessionForBots.php(24): Illuminate/Session/Middleware/StartSession->handle(Object(Illuminate/Http/Request), Object(Closure))
#48 C:/Users/user/MyFiles/ProgmiX/PEX-Form-main/vendor/laravel/framework/src/Illuminate/Pipeline/Pipeline.php(219): Juzaweb/Backend/Http/Middleware/SkipSessionForBots->handle(Object(Illuminate/Http/Request), Object(Closure))
#49 C:/Users/user/MyFiles/ProgmiX/PEX-Form-main/vendor/laravel/framework/src/Illuminate/Cookie/Middleware/EncryptCookies.php(74): Illuminate/Pipeline/Pipeline->Illuminate/Pipeline/{closure}(Object(Illuminate/Http/Request))
#50 C:/Users/user/MyFiles/ProgmiX/PEX-Form-main/vendor/laravel/framework/src/Illuminate/Pipeline/Pipeline.php(219): Illuminate/Cookie/Middleware/EncryptCookies->handle(Object(Illuminate/Http/Request), Object(Closure))
#51 C:/Users/user/MyFiles/ProgmiX/PEX-Form-main/modules/CMS/Http/Middleware/GlobalMiddleware.php(11): Illuminate/Pipeline/Pipeline->Illuminate/Pipeline/{closure}(Object(Illuminate/Http/Request))
#52 C:/Users/user/MyFiles/ProgmiX/PEX-Form-main/vendor/laravel/framework/src/Illuminate/Pipeline/Pipeline.php(219): Juzaweb/CMS/Http/Middleware/GlobalMiddleware->handle(Object(Illuminate/Http/Request), Object(Closure))
#53 C:/Users/user/MyFiles/ProgmiX/PEX-Form-main/modules/Backend/Http/Middleware/DisableSessionForBots.php(30): Illuminate/Pipeline/Pipeline->Illuminate/Pipeline/{closure}(Object(Illuminate/Http/Request))
#54 C:/Users/user/MyFiles/ProgmiX/PEX-Form-main/vendor/laravel/framework/src/Illuminate/Pipeline/Pipeline.php(219): Juzaweb/Backend/Http/Middleware/DisableSessionForBots->handle(Object(Illuminate/Http/Request), Object(Closure))
#55 C:/Users/user/MyFiles/ProgmiX/PEX-Form-main/vendor/laravel/framework/src/Illuminate/Pipeline/Pipeline.php(137): Illuminate/Pipeline/Pipeline->Illuminate/Pipeline/{closure}(Object(Illuminate/Http/Request))
#56 C:/Users/user/MyFiles/ProgmiX/PEX-Form-main/vendor/laravel/framework/src/Illuminate/Routing/Router.php(821): Illuminate/Pipeline/Pipeline->then(Object(Closure))
#57 C:/Users/user/MyFiles/ProgmiX/PEX-Form-main/vendor/laravel/framework/src/Illuminate/Routing/Router.php(800): Illuminate/Routing/Router->runRouteWithinStack(Object(Illuminate/Routing/Route), Object(Illuminate/Http/Request))
#58 C:/Users/user/MyFiles/ProgmiX/PEX-Form-main/vendor/laravel/framework/src/Illuminate/Routing/Router.php(764): Illuminate/Routing/Router->runRoute(Object(Illuminate/Http/Request), Object(Illuminate/Routing/Route))
#59 C:/Users/user/MyFiles/ProgmiX/PEX-Form-main/vendor/laravel/framework/src/Illuminate/Routing/Router.php(753): Illuminate/Routing/Router->dispatchToRoute(Object(Illuminate/Http/Request))
#60 C:/Users/user/MyFiles/ProgmiX/PEX-Form-main/vendor/laravel/framework/src/Illuminate/Foundation/Http/Kernel.php(200): Illuminate/Routing/Router->dispatch(Object(Illuminate/Http/Request))
#61 C:/Users/user/MyFiles/ProgmiX/PEX-Form-main/vendor/laravel/framework/src/Illuminate/Pipeline/Pipeline.php(180): Illuminate/Foundation/Http/Kernel->Illuminate/Foundation/Http/{closure}(Object(Illuminate/Http/Request))
#62 C:/Users/user/MyFiles/ProgmiX/PEX-Form-main/vendor/barryvdh/laravel-debugbar/src/Middleware/InjectDebugbar.php(59): Illuminate/Pipeline/Pipeline->Illuminate/Pipeline/{closure}(Object(Illuminate/Http/Request))
#63 C:/Users/user/MyFiles/ProgmiX/PEX-Form-main/vendor/laravel/framework/src/Illuminate/Pipeline/Pipeline.php(219): Barryvdh/Debugbar/Middleware/InjectDebugbar->handle(Object(Illuminate/Http/Request), Object(Closure))
#64 C:/Users/user/MyFiles/ProgmiX/PEX-Form-main/modules/Backend/Http/Middleware/BlockIpMiddleware.php(31): Illuminate/Pipeline/Pipeline->Illuminate/Pipeline/{closure}(Object(Illuminate/Http/Request))
#65 C:/Users/user/MyFiles/ProgmiX/PEX-Form-main/vendor/laravel/framework/src/Illuminate/Pipeline/Pipeline.php(219): Juzaweb/Backend/Http/Middleware/BlockIpMiddleware->handle(Object(Illuminate/Http/Request), Object(Closure))
#66 C:/Users/user/MyFiles/ProgmiX/PEX-Form-main/modules/Backend/Http/Middleware/SecurityHeaders.php(25): Illuminate/Pipeline/Pipeline->Illuminate/Pipeline/{closure}(Object(Illuminate/Http/Request))
#67 C:/Users/user/MyFiles/ProgmiX/PEX-Form-main/vendor/laravel/framework/src/Illuminate/Pipeline/Pipeline.php(219): Juzaweb/Backend/Http/Middleware/SecurityHeaders->handle(Object(Illuminate/Http/Request), Object(Closure))
#68 C:/Users/user/MyFiles/ProgmiX/PEX-Form-main/vendor/laravel/framework/src/Illuminate/Foundation/Http/Middleware/TransformsRequest.php(21): Illuminate/Pipeline/Pipeline->Illuminate/Pipeline/{closure}(Object(Illuminate/Http/Request))
#69 C:/Users/user/MyFiles/ProgmiX/PEX-Form-main/vendor/laravel/framework/src/Illuminate/Foundation/Http/Middleware/ConvertEmptyStringsToNull.php(31): Illuminate/Foundation/Http/Middleware/TransformsRequest->handle(Object(Illuminate/Http/Request), Object(Closure))
#70 C:/Users/user/MyFiles/ProgmiX/PEX-Form-main/vendor/laravel/framework/src/Illuminate/Pipeline/Pipeline.php(219): Illuminate/Foundation/Http/Middleware/ConvertEmptyStringsToNull->handle(Object(Illuminate/Http/Request), Object(Closure))
#71 C:/Users/user/MyFiles/ProgmiX/PEX-Form-main/vendor/laravel/framework/src/Illuminate/Foundation/Http/Middleware/TransformsRequest.php(21): Illuminate/Pipeline/Pipeline->Illuminate/Pipeline/{closure}(Object(Illuminate/Http/Request))
#72 C:/Users/user/MyFiles/ProgmiX/PEX-Form-main/vendor/laravel/framework/src/Illuminate/Foundation/Http/Middleware/TrimStrings.php(51): Illuminate/Foundation/Http/Middleware/TransformsRequest->handle(Object(Illuminate/Http/Request), Object(Closure))
#73 C:/Users/user/MyFiles/ProgmiX/PEX-Form-main/vendor/laravel/framework/src/Illuminate/Pipeline/Pipeline.php(219): Illuminate/Foundation/Http/Middleware/TrimStrings->handle(Object(Illuminate/Http/Request), Object(Closure))
#74 C:/Users/user/MyFiles/ProgmiX/PEX-Form-main/vendor/laravel/framework/src/Illuminate/Http/Middleware/ValidatePostSize.php(27): Illuminate/Pipeline/Pipeline->Illuminate/Pipeline/{closure}(Object(Illuminate/Http/Request))
#75 C:/Users/user/MyFiles/ProgmiX/PEX-Form-main/vendor/laravel/framework/src/Illuminate/Pipeline/Pipeline.php(219): Illuminate/Http/Middleware/ValidatePostSize->handle(Object(Illuminate/Http/Request), Object(Closure))
#76 C:/Users/user/MyFiles/ProgmiX/PEX-Form-main/vendor/laravel/framework/src/Illuminate/Foundation/Http/Middleware/PreventRequestsDuringMaintenance.php(109): Illuminate/Pipeline/Pipeline->Illuminate/Pipeline/{closure}(Object(Illuminate/Http/Request))
#77 C:/Users/user/MyFiles/ProgmiX/PEX-Form-main/vendor/laravel/framework/src/Illuminate/Pipeline/Pipeline.php(219): Illuminate/Foundation/Http/Middleware/PreventRequestsDuringMaintenance->handle(Object(Illuminate/Http/Request), Object(Closure))
#78 C:/Users/user/MyFiles/ProgmiX/PEX-Form-main/vendor/laravel/framework/src/Illuminate/Http/Middleware/HandleCors.php(61): Illuminate/Pipeline/Pipeline->Illuminate/Pipeline/{closure}(Object(Illuminate/Http/Request))
#79 C:/Users/user/MyFiles/ProgmiX/PEX-Form-main/vendor/laravel/framework/src/Illuminate/Pipeline/Pipeline.php(219): Illuminate/Http/Middleware/HandleCors->handle(Object(Illuminate/Http/Request), Object(Closure))
#80 C:/Users/user/MyFiles/ProgmiX/PEX-Form-main/vendor/laravel/framework/src/Illuminate/Http/Middleware/TrustProxies.php(58): Illuminate/Pipeline/Pipeline->Illuminate/Pipeline/{closure}(Object(Illuminate/Http/Request))
#81 C:/Users/user/MyFiles/ProgmiX/PEX-Form-main/vendor/laravel/framework/src/Illuminate/Pipeline/Pipeline.php(219): Illuminate/Http/Middleware/TrustProxies->handle(Object(Illuminate/Http/Request), Object(Closure))
#82 C:/Users/user/MyFiles/ProgmiX/PEX-Form-main/vendor/laravel/framework/src/Illuminate/Pipeline/Pipeline.php(137): Illuminate/Pipeline/Pipeline->Illuminate/Pipeline/{closure}(Object(Illuminate/Http/Request))
#83 C:/Users/user/MyFiles/ProgmiX/PEX-Form-main/vendor/laravel/framework/src/Illuminate/Foundation/Http/Kernel.php(175): Illuminate/Pipeline/Pipeline->then(Object(Closure))
#84 C:/Users/user/MyFiles/ProgmiX/PEX-Form-main/vendor/laravel/framework/src/Illuminate/Foundation/Http/Kernel.php(144): Illuminate/Foundation/Http/Kernel->sendRequestThroughRouter(Object(Illuminate/Http/Request))
#85 C:/Users/user/MyFiles/ProgmiX/PEX-Form-main/public/index.php(51): Illuminate/Foundation/Http/Kernel->handle(Object(Illuminate/Http/Request))
#86 C:/Users/user/MyFiles/ProgmiX/PEX-Form-main/vendor/laravel/framework/src/Illuminate/Foundation/resources/server.php(23): require_once('C://Users//user//M...')
#87 {main}

[previous exception] [object] (ErrorException(code: 0): Undefined variable $sponsorsPage at C:/Users/user/MyFiles/ProgmiX/PEX-Form-main/storage/framework/views/059a14fb5fde1dab7022048cc46ad544.php:28)
[stacktrace]
#0 C:/Users/user/MyFiles/ProgmiX/PEX-Form-main/vendor/laravel/framework/src/Illuminate/Foundation/Bootstrap/HandleExceptions.php(262): Illuminate/Foundation/Bootstrap/HandleExceptions->handleError(2, 'Undefined varia...', 'C://Users//user//M...', 28)
#1 C:/Users/user/MyFiles/ProgmiX/PEX-Form-main/storage/framework/views/059a14fb5fde1dab7022048cc46ad544.php(28): Illuminate/Foundation/Bootstrap/HandleExceptions->Illuminate/Foundation/Bootstrap/{closure}(2, 'Undefined varia...', 'C://Users//user//M...', 28)
#2 C:/Users/user/MyFiles/ProgmiX/PEX-Form-main/vendor/laravel/framework/src/Illuminate/Filesystem/Filesystem.php(123): require('C://Users//user//M...')
#3 C:/Users/user/MyFiles/ProgmiX/PEX-Form-main/vendor/laravel/framework/src/Illuminate/Filesystem/Filesystem.php(124): Illuminate/Filesystem/Filesystem::Illuminate/Filesystem/{closure}()
#4 C:/Users/user/MyFiles/ProgmiX/PEX-Form-main/vendor/laravel/framework/src/Illuminate/View/Engines/PhpEngine.php(57): Illuminate/Filesystem/Filesystem->getRequire('C://Users//user//M...', Array)
#5 C:/Users/user/MyFiles/ProgmiX/PEX-Form-main/vendor/laravel/framework/src/Illuminate/View/Engines/CompilerEngine.php(76): Illuminate/View/Engines/PhpEngine->evaluatePath('C://Users//user//M...', Array)
#6 C:/Users/user/MyFiles/ProgmiX/PEX-Form-main/vendor/laravel/framework/src/Illuminate/View/View.php(208): Illuminate/View/Engines/CompilerEngine->get('C://Users//user//M...', Array)
#7 C:/Users/user/MyFiles/ProgmiX/PEX-Form-main/vendor/laravel/framework/src/Illuminate/View/View.php(191): Illuminate/View/View->getContents()
#8 C:/Users/user/MyFiles/ProgmiX/PEX-Form-main/vendor/laravel/framework/src/Illuminate/View/View.php(160): Illuminate/View/View->renderContents()
#9 C:/Users/user/MyFiles/ProgmiX/PEX-Form-main/storage/framework/views/078e945ecbf82d678121cbf4f8650dce.php(1): Illuminate/View/View->render()
#10 C:/Users/user/MyFiles/ProgmiX/PEX-Form-main/vendor/laravel/framework/src/Illuminate/Filesystem/Filesystem.php(123): require('C://Users//user//M...')
#11 C:/Users/user/MyFiles/ProgmiX/PEX-Form-main/vendor/laravel/framework/src/Illuminate/Filesystem/Filesystem.php(124): Illuminate/Filesystem/Filesystem::Illuminate/Filesystem/{closure}()
#12 C:/Users/user/MyFiles/ProgmiX/PEX-Form-main/vendor/laravel/framework/src/Illuminate/View/Engines/PhpEngine.php(57): Illuminate/Filesystem/Filesystem->getRequire('C://Users//user//M...', Array)
#13 C:/Users/user/MyFiles/ProgmiX/PEX-Form-main/vendor/laravel/framework/src/Illuminate/View/Engines/CompilerEngine.php(76): Illuminate/View/Engines/PhpEngine->evaluatePath('C://Users//user//M...', Array)
#14 C:/Users/user/MyFiles/ProgmiX/PEX-Form-main/vendor/laravel/framework/src/Illuminate/View/View.php(208): Illuminate/View/Engines/CompilerEngine->get('C://Users//user//M...', Array)
#15 C:/Users/user/MyFiles/ProgmiX/PEX-Form-main/vendor/laravel/framework/src/Illuminate/View/View.php(191): Illuminate/View/View->getContents()
#16 C:/Users/user/MyFiles/ProgmiX/PEX-Form-main/vendor/laravel/framework/src/Illuminate/View/View.php(160): Illuminate/View/View->renderContents()
#17 C:/Users/user/MyFiles/ProgmiX/PEX-Form-main/vendor/laravel/framework/src/Illuminate/Http/Response.php(78): Illuminate/View/View->render()
#18 C:/Users/user/MyFiles/ProgmiX/PEX-Form-main/vendor/laravel/framework/src/Illuminate/Http/Response.php(34): Illuminate/Http/Response->setContent(Object(Illuminate/View/View))
#19 C:/Users/user/MyFiles/ProgmiX/PEX-Form-main/vendor/laravel/framework/src/Illuminate/Routing/Router.php(939): Illuminate/Http/Response->__construct(Object(Illuminate/View/View), 200, Array)
#20 C:/Users/user/MyFiles/ProgmiX/PEX-Form-main/vendor/laravel/framework/src/Illuminate/Routing/Router.php(906): Illuminate/Routing/Router::toResponse(Object(Illuminate/Http/Request), Object(Illuminate/View/View))
#21 C:/Users/user/MyFiles/ProgmiX/PEX-Form-main/vendor/laravel/framework/src/Illuminate/Routing/Router.php(821): Illuminate/Routing/Router->prepareResponse(Object(Illuminate/Http/Request), Object(Illuminate/View/View))
#22 C:/Users/user/MyFiles/ProgmiX/PEX-Form-main/vendor/laravel/framework/src/Illuminate/Pipeline/Pipeline.php(180): Illuminate/Routing/Router->Illuminate/Routing/{closure}(Object(Illuminate/Http/Request))
#23 C:/Users/user/MyFiles/ProgmiX/PEX-Form-main/modules/Frontend/Http/Middleware/Locale.php(49): Illuminate/Pipeline/Pipeline->Illuminate/Pipeline/{closure}(Object(Illuminate/Http/Request))
#24 C:/Users/user/MyFiles/ProgmiX/PEX-Form-main/vendor/laravel/framework/src/Illuminate/Pipeline/Pipeline.php(219): Juzaweb/Frontend/Http/Middleware/Locale->handle(Object(Illuminate/Http/Request), Object(Closure))
#25 C:/Users/user/MyFiles/ProgmiX/PEX-Form-main/modules/Backend/Http/Middleware/SecurityHeaders.php(25): Illuminate/Pipeline/Pipeline->Illuminate/Pipeline/{closure}(Object(Illuminate/Http/Request))
#26 C:/Users/user/MyFiles/ProgmiX/PEX-Form-main/vendor/laravel/framework/src/Illuminate/Pipeline/Pipeline.php(219): Juzaweb/Backend/Http/Middleware/SecurityHeaders->handle(Object(Illuminate/Http/Request), Object(Closure))
#27 C:/Users/user/MyFiles/ProgmiX/PEX-Form-main/vendor/laravel/framework/src/Illuminate/Routing/Middleware/ThrottleRequests.php(166): Illuminate/Pipeline/Pipeline->Illuminate/Pipeline/{closure}(Object(Illuminate/Http/Request))
#28 C:/Users/user/MyFiles/ProgmiX/PEX-Form-main/vendor/laravel/framework/src/Illuminate/Routing/Middleware/ThrottleRequests.php(93): Illuminate/Routing/Middleware/ThrottleRequests->handleRequest(Object(Illuminate/Http/Request), Object(Closure), Array)
#29 C:/Users/user/MyFiles/ProgmiX/PEX-Form-main/vendor/laravel/framework/src/Illuminate/Pipeline/Pipeline.php(219): Illuminate/Routing/Middleware/ThrottleRequests->handle(Object(Illuminate/Http/Request), Object(Closure))
#30 C:/Users/user/MyFiles/ProgmiX/PEX-Form-main/modules/Backend/Http/Middleware/PathTraversal.php(57): Illuminate/Pipeline/Pipeline->Illuminate/Pipeline/{closure}(Object(Illuminate/Http/Request))
#31 C:/Users/user/MyFiles/ProgmiX/PEX-Form-main/vendor/laravel/framework/src/Illuminate/Pipeline/Pipeline.php(219): Juzaweb/Backend/Http/Middleware/PathTraversal->handle(Object(Illuminate/Http/Request), Object(Closure))
#32 C:/Users/user/MyFiles/ProgmiX/PEX-Form-main/modules/Backend/Http/Middleware/XssSanitization.php(44): Illuminate/Pipeline/Pipeline->Illuminate/Pipeline/{closure}(Object(Illuminate/Http/Request))
#33 C:/Users/user/MyFiles/ProgmiX/PEX-Form-main/vendor/laravel/framework/src/Illuminate/Pipeline/Pipeline.php(219): Juzaweb/Backend/Http/Middleware/XssSanitization->handle(Object(Illuminate/Http/Request), Object(Closure))
#34 C:/Users/user/MyFiles/ProgmiX/PEX-Form-main/vendor/spatie/laravel-csp/src/AddCspHeaders.php(13): Illuminate/Pipeline/Pipeline->Illuminate/Pipeline/{closure}(Object(Illuminate/Http/Request))
#35 C:/Users/user/MyFiles/ProgmiX/PEX-Form-main/vendor/laravel/framework/src/Illuminate/Pipeline/Pipeline.php(219): Spatie/Csp/AddCspHeaders->handle(Object(Illuminate/Http/Request), Object(Closure))
#36 C:/Users/user/MyFiles/ProgmiX/PEX-Form-main/vendor/barryvdh/laravel-debugbar/src/Middleware/InjectDebugbar.php(59): Illuminate/Pipeline/Pipeline->Illuminate/Pipeline/{closure}(Object(Illuminate/Http/Request))
#37 C:/Users/user/MyFiles/ProgmiX/PEX-Form-main/vendor/laravel/framework/src/Illuminate/Pipeline/Pipeline.php(219): Barryvdh/Debugbar/Middleware/InjectDebugbar->handle(Object(Illuminate/Http/Request), Object(Closure))
#38 C:/Users/user/MyFiles/ProgmiX/PEX-Form-main/modules/CMS/Http/Middleware/XFrameHeadersMiddleware.php(41): Illuminate/Pipeline/Pipeline->Illuminate/Pipeline/{closure}(Object(Illuminate/Http/Request))
#39 C:/Users/user/MyFiles/ProgmiX/PEX-Form-main/vendor/laravel/framework/src/Illuminate/Pipeline/Pipeline.php(219): Juzaweb/CMS/Http/Middleware/XFrameHeadersMiddleware->handle(Object(Illuminate/Http/Request), Object(Closure))
#40 C:/Users/user/MyFiles/ProgmiX/PEX-Form-main/vendor/laravel/framework/src/Illuminate/Routing/Middleware/SubstituteBindings.php(50): Illuminate/Pipeline/Pipeline->Illuminate/Pipeline/{closure}(Object(Illuminate/Http/Request))
#41 C:/Users/user/MyFiles/ProgmiX/PEX-Form-main/vendor/laravel/framework/src/Illuminate/Pipeline/Pipeline.php(219): Illuminate/Routing/Middleware/SubstituteBindings->handle(Object(Illuminate/Http/Request), Object(Closure))
#42 C:/Users/user/MyFiles/ProgmiX/PEX-Form-main/vendor/laravel/framework/src/Illuminate/Cookie/Middleware/AddQueuedCookiesToResponse.php(36): Illuminate/Pipeline/Pipeline->Illuminate/Pipeline/{closure}(Object(Illuminate/Http/Request))
#43 C:/Users/user/MyFiles/ProgmiX/PEX-Form-main/vendor/laravel/framework/src/Illuminate/Pipeline/Pipeline.php(219): Illuminate/Cookie/Middleware/AddQueuedCookiesToResponse->handle(Object(Illuminate/Http/Request), Object(Closure))
#44 C:/Users/user/MyFiles/ProgmiX/PEX-Form-main/vendor/laravel/framework/src/Illuminate/View/Middleware/ShareErrorsFromSession.php(48): Illuminate/Pipeline/Pipeline->Illuminate/Pipeline/{closure}(Object(Illuminate/Http/Request))
#45 C:/Users/user/MyFiles/ProgmiX/PEX-Form-main/modules/Backend/Http/Middleware/ShareErrorsUnlessBot.php(24): Illuminate/View/Middleware/ShareErrorsFromSession->handle(Object(Illuminate/Http/Request), Object(Closure))
#46 C:/Users/user/MyFiles/ProgmiX/PEX-Form-main/vendor/laravel/framework/src/Illuminate/Pipeline/Pipeline.php(219): Juzaweb/Backend/Http/Middleware/ShareErrorsUnlessBot->handle(Object(Illuminate/Http/Request), Object(Closure))
#47 C:/Users/user/MyFiles/ProgmiX/PEX-Form-main/vendor/laravel/framework/src/Illuminate/Session/Middleware/StartSession.php(120): Illuminate/Pipeline/Pipeline->Illuminate/Pipeline/{closure}(Object(Illuminate/Http/Request))
#48 C:/Users/user/MyFiles/ProgmiX/PEX-Form-main/vendor/laravel/framework/src/Illuminate/Session/Middleware/StartSession.php(63): Illuminate/Session/Middleware/StartSession->handleStatefulRequest(Object(Illuminate/Http/Request), Object(Illuminate/Session/Store), Object(Closure))
#49 C:/Users/user/MyFiles/ProgmiX/PEX-Form-main/modules/Backend/Http/Middleware/SkipSessionForBots.php(24): Illuminate/Session/Middleware/StartSession->handle(Object(Illuminate/Http/Request), Object(Closure))
#50 C:/Users/user/MyFiles/ProgmiX/PEX-Form-main/vendor/laravel/framework/src/Illuminate/Pipeline/Pipeline.php(219): Juzaweb/Backend/Http/Middleware/SkipSessionForBots->handle(Object(Illuminate/Http/Request), Object(Closure))
#51 C:/Users/user/MyFiles/ProgmiX/PEX-Form-main/vendor/laravel/framework/src/Illuminate/Cookie/Middleware/EncryptCookies.php(74): Illuminate/Pipeline/Pipeline->Illuminate/Pipeline/{closure}(Object(Illuminate/Http/Request))
#52 C:/Users/user/MyFiles/ProgmiX/PEX-Form-main/vendor/laravel/framework/src/Illuminate/Pipeline/Pipeline.php(219): Illuminate/Cookie/Middleware/EncryptCookies->handle(Object(Illuminate/Http/Request), Object(Closure))
#53 C:/Users/user/MyFiles/ProgmiX/PEX-Form-main/modules/CMS/Http/Middleware/GlobalMiddleware.php(11): Illuminate/Pipeline/Pipeline->Illuminate/Pipeline/{closure}(Object(Illuminate/Http/Request))
#54 C:/Users/user/MyFiles/ProgmiX/PEX-Form-main/vendor/laravel/framework/src/Illuminate/Pipeline/Pipeline.php(219): Juzaweb/CMS/Http/Middleware/GlobalMiddleware->handle(Object(Illuminate/Http/Request), Object(Closure))
#55 C:/Users/user/MyFiles/ProgmiX/PEX-Form-main/modules/Backend/Http/Middleware/DisableSessionForBots.php(30): Illuminate/Pipeline/Pipeline->Illuminate/Pipeline/{closure}(Object(Illuminate/Http/Request))
#56 C:/Users/user/MyFiles/ProgmiX/PEX-Form-main/vendor/laravel/framework/src/Illuminate/Pipeline/Pipeline.php(219): Juzaweb/Backend/Http/Middleware/DisableSessionForBots->handle(Object(Illuminate/Http/Request), Object(Closure))
#57 C:/Users/user/MyFiles/ProgmiX/PEX-Form-main/vendor/laravel/framework/src/Illuminate/Pipeline/Pipeline.php(137): Illuminate/Pipeline/Pipeline->Illuminate/Pipeline/{closure}(Object(Illuminate/Http/Request))
#58 C:/Users/user/MyFiles/ProgmiX/PEX-Form-main/vendor/laravel/framework/src/Illuminate/Routing/Router.php(821): Illuminate/Pipeline/Pipeline->then(Object(Closure))
#59 C:/Users/user/MyFiles/ProgmiX/PEX-Form-main/vendor/laravel/framework/src/Illuminate/Routing/Router.php(800): Illuminate/Routing/Router->runRouteWithinStack(Object(Illuminate/Routing/Route), Object(Illuminate/Http/Request))
#60 C:/Users/user/MyFiles/ProgmiX/PEX-Form-main/vendor/laravel/framework/src/Illuminate/Routing/Router.php(764): Illuminate/Routing/Router->runRoute(Object(Illuminate/Http/Request), Object(Illuminate/Routing/Route))
#61 C:/Users/user/MyFiles/ProgmiX/PEX-Form-main/vendor/laravel/framework/src/Illuminate/Routing/Router.php(753): Illuminate/Routing/Router->dispatchToRoute(Object(Illuminate/Http/Request))
#62 C:/Users/user/MyFiles/ProgmiX/PEX-Form-main/vendor/laravel/framework/src/Illuminate/Foundation/Http/Kernel.php(200): Illuminate/Routing/Router->dispatch(Object(Illuminate/Http/Request))
#63 C:/Users/user/MyFiles/ProgmiX/PEX-Form-main/vendor/laravel/framework/src/Illuminate/Pipeline/Pipeline.php(180): Illuminate/Foundation/Http/Kernel->Illuminate/Foundation/Http/{closure}(Object(Illuminate/Http/Request))
#64 C:/Users/user/MyFiles/ProgmiX/PEX-Form-main/vendor/barryvdh/laravel-debugbar/src/Middleware/InjectDebugbar.php(59): Illuminate/Pipeline/Pipeline->Illuminate/Pipeline/{closure}(Object(Illuminate/Http/Request))
#65 C:/Users/user/MyFiles/ProgmiX/PEX-Form-main/vendor/laravel/framework/src/Illuminate/Pipeline/Pipeline.php(219): Barryvdh/Debugbar/Middleware/InjectDebugbar->handle(Object(Illuminate/Http/Request), Object(Closure))
#66 C:/Users/user/MyFiles/ProgmiX/PEX-Form-main/modules/Backend/Http/Middleware/BlockIpMiddleware.php(31): Illuminate/Pipeline/Pipeline->Illuminate/Pipeline/{closure}(Object(Illuminate/Http/Request))
#67 C:/Users/user/MyFiles/ProgmiX/PEX-Form-main/vendor/laravel/framework/src/Illuminate/Pipeline/Pipeline.php(219): Juzaweb/Backend/Http/Middleware/BlockIpMiddleware->handle(Object(Illuminate/Http/Request), Object(Closure))
#68 C:/Users/user/MyFiles/ProgmiX/PEX-Form-main/modules/Backend/Http/Middleware/SecurityHeaders.php(25): Illuminate/Pipeline/Pipeline->Illuminate/Pipeline/{closure}(Object(Illuminate/Http/Request))
#69 C:/Users/user/MyFiles/ProgmiX/PEX-Form-main/vendor/laravel/framework/src/Illuminate/Pipeline/Pipeline.php(219): Juzaweb/Backend/Http/Middleware/SecurityHeaders->handle(Object(Illuminate/Http/Request), Object(Closure))
#70 C:/Users/user/MyFiles/ProgmiX/PEX-Form-main/vendor/laravel/framework/src/Illuminate/Foundation/Http/Middleware/TransformsRequest.php(21): Illuminate/Pipeline/Pipeline->Illuminate/Pipeline/{closure}(Object(Illuminate/Http/Request))
#71 C:/Users/user/MyFiles/ProgmiX/PEX-Form-main/vendor/laravel/framework/src/Illuminate/Foundation/Http/Middleware/ConvertEmptyStringsToNull.php(31): Illuminate/Foundation/Http/Middleware/TransformsRequest->handle(Object(Illuminate/Http/Request), Object(Closure))
#72 C:/Users/user/MyFiles/ProgmiX/PEX-Form-main/vendor/laravel/framework/src/Illuminate/Pipeline/Pipeline.php(219): Illuminate/Foundation/Http/Middleware/ConvertEmptyStringsToNull->handle(Object(Illuminate/Http/Request), Object(Closure))
#73 C:/Users/user/MyFiles/ProgmiX/PEX-Form-main/vendor/laravel/framework/src/Illuminate/Foundation/Http/Middleware/TransformsRequest.php(21): Illuminate/Pipeline/Pipeline->Illuminate/Pipeline/{closure}(Object(Illuminate/Http/Request))
#74 C:/Users/user/MyFiles/ProgmiX/PEX-Form-main/vendor/laravel/framework/src/Illuminate/Foundation/Http/Middleware/TrimStrings.php(51): Illuminate/Foundation/Http/Middleware/TransformsRequest->handle(Object(Illuminate/Http/Request), Object(Closure))
#75 C:/Users/user/MyFiles/ProgmiX/PEX-Form-main/vendor/laravel/framework/src/Illuminate/Pipeline/Pipeline.php(219): Illuminate/Foundation/Http/Middleware/TrimStrings->handle(Object(Illuminate/Http/Request), Object(Closure))
#76 C:/Users/user/MyFiles/ProgmiX/PEX-Form-main/vendor/laravel/framework/src/Illuminate/Http/Middleware/ValidatePostSize.php(27): Illuminate/Pipeline/Pipeline->Illuminate/Pipeline/{closure}(Object(Illuminate/Http/Request))
#77 C:/Users/user/MyFiles/ProgmiX/PEX-Form-main/vendor/laravel/framework/src/Illuminate/Pipeline/Pipeline.php(219): Illuminate/Http/Middleware/ValidatePostSize->handle(Object(Illuminate/Http/Request), Object(Closure))
#78 C:/Users/user/MyFiles/ProgmiX/PEX-Form-main/vendor/laravel/framework/src/Illuminate/Foundation/Http/Middleware/PreventRequestsDuringMaintenance.php(109): Illuminate/Pipeline/Pipeline->Illuminate/Pipeline/{closure}(Object(Illuminate/Http/Request))
#79 C:/Users/user/MyFiles/ProgmiX/PEX-Form-main/vendor/laravel/framework/src/Illuminate/Pipeline/Pipeline.php(219): Illuminate/Foundation/Http/Middleware/PreventRequestsDuringMaintenance->handle(Object(Illuminate/Http/Request), Object(Closure))
#80 C:/Users/user/MyFiles/ProgmiX/PEX-Form-main/vendor/laravel/framework/src/Illuminate/Http/Middleware/HandleCors.php(61): Illuminate/Pipeline/Pipeline->Illuminate/Pipeline/{closure}(Object(Illuminate/Http/Request))
#81 C:/Users/user/MyFiles/ProgmiX/PEX-Form-main/vendor/laravel/framework/src/Illuminate/Pipeline/Pipeline.php(219): Illuminate/Http/Middleware/HandleCors->handle(Object(Illuminate/Http/Request), Object(Closure))
#82 C:/Users/user/MyFiles/ProgmiX/PEX-Form-main/vendor/laravel/framework/src/Illuminate/Http/Middleware/TrustProxies.php(58): Illuminate/Pipeline/Pipeline->Illuminate/Pipeline/{closure}(Object(Illuminate/Http/Request))
#83 C:/Users/user/MyFiles/ProgmiX/PEX-Form-main/vendor/laravel/framework/src/Illuminate/Pipeline/Pipeline.php(219): Illuminate/Http/Middleware/TrustProxies->handle(Object(Illuminate/Http/Request), Object(Closure))
#84 C:/Users/user/MyFiles/ProgmiX/PEX-Form-main/vendor/laravel/framework/src/Illuminate/Pipeline/Pipeline.php(137): Illuminate/Pipeline/Pipeline->Illuminate/Pipeline/{closure}(Object(Illuminate/Http/Request))
#85 C:/Users/user/MyFiles/ProgmiX/PEX-Form-main/vendor/laravel/framework/src/Illuminate/Foundation/Http/Kernel.php(175): Illuminate/Pipeline/Pipeline->then(Object(Closure))
#86 C:/Users/user/MyFiles/ProgmiX/PEX-Form-main/vendor/laravel/framework/src/Illuminate/Foundation/Http/Kernel.php(144): Illuminate/Foundation/Http/Kernel->sendRequestThroughRouter(Object(Illuminate/Http/Request))
#87 C:/Users/user/MyFiles/ProgmiX/PEX-Form-main/public/index.php(51): Illuminate/Foundation/Http/Kernel->handle(Object(Illuminate/Http/Request))
#88 C:/Users/user/MyFiles/ProgmiX/PEX-Form-main/vendor/laravel/framework/src/Illuminate/Foundation/resources/server.php(23): require_once('C://Users//user//M...')
#89 {main}
"} 
[2026-09-30 15:19:07] local.ERROR: Undefined variable $sponsorPosts {"userId":1,"exception":"[object] (Spatie\\LaravelIgnition\\Exceptions\\ViewException(code: 0): Undefined variable $sponsorPosts at C:/Users/user/MyFiles/ProgmiX/PEX-Form-main/modules/Frontend/resources/views/templates/homepage/pex/sponsorship.blade.php:1)
[stacktrace]
#0 C:/Users/user/MyFiles/ProgmiX/PEX-Form-main/vendor/laravel/framework/src/Illuminate/Filesystem/Filesystem.php(123): require('C://Users//user//M...')
#1 C:/Users/user/MyFiles/ProgmiX/PEX-Form-main/vendor/laravel/framework/src/Illuminate/Filesystem/Filesystem.php(124): Illuminate/Filesystem/Filesystem::Illuminate/Filesystem/{closure}()
#2 C:/Users/user/MyFiles/ProgmiX/PEX-Form-main/vendor/laravel/framework/src/Illuminate/View/Engines/PhpEngine.php(57): Illuminate/Filesystem/Filesystem->getRequire('C://Users//user//M...', Array)
#3 C:/Users/user/MyFiles/ProgmiX/PEX-Form-main/vendor/laravel/framework/src/Illuminate/View/Engines/CompilerEngine.php(76): Illuminate/View/Engines/PhpEngine->evaluatePath('C://Users//user//M...', Array)
#4 C:/Users/user/MyFiles/ProgmiX/PEX-Form-main/vendor/laravel/framework/src/Illuminate/View/View.php(208): Illuminate/View/Engines/CompilerEngine->get('C://Users//user//M...', Array)
#5 C:/Users/user/MyFiles/ProgmiX/PEX-Form-main/vendor/laravel/framework/src/Illuminate/View/View.php(191): Illuminate/View/View->getContents()
#6 C:/Users/user/MyFiles/ProgmiX/PEX-Form-main/vendor/laravel/framework/src/Illuminate/View/View.php(160): Illuminate/View/View->renderContents()
#7 C:/Users/user/MyFiles/ProgmiX/PEX-Form-main/modules/Frontend/resources/views/home.blade.php(1): Illuminate/View/View->render()
#8 C:/Users/user/MyFiles/ProgmiX/PEX-Form-main/vendor/laravel/framework/src/Illuminate/Filesystem/Filesystem.php(123): require('C://Users//user//M...')
#9 C:/Users/user/MyFiles/ProgmiX/PEX-Form-main/vendor/laravel/framework/src/Illuminate/Filesystem/Filesystem.php(124): Illuminate/Filesystem/Filesystem::Illuminate/Filesystem/{closure}()
#10 C:/Users/user/MyFiles/ProgmiX/PEX-Form-main/vendor/laravel/framework/src/Illuminate/View/Engines/PhpEngine.php(57): Illuminate/Filesystem/Filesystem->getRequire('C://Users//user//M...', Array)
#11 C:/Users/user/MyFiles/ProgmiX/PEX-Form-main/vendor/laravel/framework/src/Illuminate/View/Engines/CompilerEngine.php(76): Illuminate/View/Engines/PhpEngine->evaluatePath('C://Users//user//M...', Array)
#12 C:/Users/user/MyFiles/ProgmiX/PEX-Form-main/vendor/laravel/framework/src/Illuminate/View/View.php(208): Illuminate/View/Engines/CompilerEngine->get('C://Users//user//M...', Array)
#13 C:/Users/user/MyFiles/ProgmiX/PEX-Form-main/vendor/laravel/framework/src/Illuminate/View/View.php(191): Illuminate/View/View->getContents()
#14 C:/Users/user/MyFiles/ProgmiX/PEX-Form-main/vendor/laravel/framework/src/Illuminate/View/View.php(160): Illuminate/View/View->renderContents()
#15 C:/Users/user/MyFiles/ProgmiX/PEX-Form-main/vendor/laravel/framework/src/Illuminate/Http/Response.php(78): Illuminate/View/View->render()
#16 C:/Users/user/MyFiles/ProgmiX/PEX-Form-main/vendor/laravel/framework/src/Illuminate/Http/Response.php(34): Illuminate/Http/Response->setContent(Object(Illuminate/View/View))
#17 C:/Users/user/MyFiles/ProgmiX/PEX-Form-main/vendor/laravel/framework/src/Illuminate/Routing/Router.php(939): Illuminate/Http/Response->__construct(Object(Illuminate/View/View), 200, Array)
#18 C:/Users/user/MyFiles/ProgmiX/PEX-Form-main/vendor/laravel/framework/src/Illuminate/Routing/Router.php(906): Illuminate/Routing/Router::toResponse(Object(Illuminate/Http/Request), Object(Illuminate/View/View))
#19 C:/Users/user/MyFiles/ProgmiX/PEX-Form-main/vendor/laravel/framework/src/Illuminate/Routing/Router.php(821): Illuminate/Routing/Router->prepareResponse(Object(Illuminate/Http/Request), Object(Illuminate/View/View))
#20 C:/Users/user/MyFiles/ProgmiX/PEX-Form-main/vendor/laravel/framework/src/Illuminate/Pipeline/Pipeline.php(180): Illuminate/Routing/Router->Illuminate/Routing/{closure}(Object(Illuminate/Http/Request))
#21 C:/Users/user/MyFiles/ProgmiX/PEX-Form-main/modules/Frontend/Http/Middleware/Locale.php(49): Illuminate/Pipeline/Pipeline->Illuminate/Pipeline/{closure}(Object(Illuminate/Http/Request))
#22 C:/Users/user/MyFiles/ProgmiX/PEX-Form-main/vendor/laravel/framework/src/Illuminate/Pipeline/Pipeline.php(219): Juzaweb/Frontend/Http/Middleware/Locale->handle(Object(Illuminate/Http/Request), Object(Closure))
#23 C:/Users/user/MyFiles/ProgmiX/PEX-Form-main/modules/Backend/Http/Middleware/SecurityHeaders.php(25): Illuminate/Pipeline/Pipeline->Illuminate/Pipeline/{closure}(Object(Illuminate/Http/Request))
#24 C:/Users/user/MyFiles/ProgmiX/PEX-Form-main/vendor/laravel/framework/src/Illuminate/Pipeline/Pipeline.php(219): Juzaweb/Backend/Http/Middleware/SecurityHeaders->handle(Object(Illuminate/Http/Request), Object(Closure))
#25 C:/Users/user/MyFiles/ProgmiX/PEX-Form-main/vendor/laravel/framework/src/Illuminate/Routing/Middleware/ThrottleRequests.php(166): Illuminate/Pipeline/Pipeline->Illuminate/Pipeline/{closure}(Object(Illuminate/Http/Request))
#26 C:/Users/user/MyFiles/ProgmiX/PEX-Form-main/vendor/laravel/framework/src/Illuminate/Routing/Middleware/ThrottleRequests.php(93): Illuminate/Routing/Middleware/ThrottleRequests->handleRequest(Object(Illuminate/Http/Request), Object(Closure), Array)
#27 C:/Users/user/MyFiles/ProgmiX/PEX-Form-main/vendor/laravel/framework/src/Illuminate/Pipeline/Pipeline.php(219): Illuminate/Routing/Middleware/ThrottleRequests->handle(Object(Illuminate/Http/Request), Object(Closure))
#28 C:/Users/user/MyFiles/ProgmiX/PEX-Form-main/modules/Backend/Http/Middleware/PathTraversal.php(57): Illuminate/Pipeline/Pipeline->Illuminate/Pipeline/{closure}(Object(Illuminate/Http/Request))
#29 C:/Users/user/MyFiles/ProgmiX/PEX-Form-main/vendor/laravel/framework/src/Illuminate/Pipeline/Pipeline.php(219): Juzaweb/Backend/Http/Middleware/PathTraversal->handle(Object(Illuminate/Http/Request), Object(Closure))
#30 C:/Users/user/MyFiles/ProgmiX/PEX-Form-main/modules/Backend/Http/Middleware/XssSanitization.php(44): Illuminate/Pipeline/Pipeline->Illuminate/Pipeline/{closure}(Object(Illuminate/Http/Request))
#31 C:/Users/user/MyFiles/ProgmiX/PEX-Form-main/vendor/laravel/framework/src/Illuminate/Pipeline/Pipeline.php(219): Juzaweb/Backend/Http/Middleware/XssSanitization->handle(Object(Illuminate/Http/Request), Object(Closure))
#32 C:/Users/user/MyFiles/ProgmiX/PEX-Form-main/vendor/spatie/laravel-csp/src/AddCspHeaders.php(13): Illuminate/Pipeline/Pipeline->Illuminate/Pipeline/{closure}(Object(Illuminate/Http/Request))
#33 C:/Users/user/MyFiles/ProgmiX/PEX-Form-main/vendor/laravel/framework/src/Illuminate/Pipeline/Pipeline.php(219): Spatie/Csp/AddCspHeaders->handle(Object(Illuminate/Http/Request), Object(Closure))
#34 C:/Users/user/MyFiles/ProgmiX/PEX-Form-main/vendor/barryvdh/laravel-debugbar/src/Middleware/InjectDebugbar.php(59): Illuminate/Pipeline/Pipeline->Illuminate/Pipeline/{closure}(Object(Illuminate/Http/Request))
#35 C:/Users/user/MyFiles/ProgmiX/PEX-Form-main/vendor/laravel/framework/src/Illuminate/Pipeline/Pipeline.php(219): Barryvdh/Debugbar/Middleware/InjectDebugbar->handle(Object(Illuminate/Http/Request), Object(Closure))
#36 C:/Users/user/MyFiles/ProgmiX/PEX-Form-main/modules/CMS/Http/Middleware/XFrameHeadersMiddleware.php(41): Illuminate/Pipeline/Pipeline->Illuminate/Pipeline/{closure}(Object(Illuminate/Http/Request))
#37 C:/Users/user/MyFiles/ProgmiX/PEX-Form-main/vendor/laravel/framework/src/Illuminate/Pipeline/Pipeline.php(219): Juzaweb/CMS/Http/Middleware/XFrameHeadersMiddleware->handle(Object(Illuminate/Http/Request), Object(Closure))
#38 C:/Users/user/MyFiles/ProgmiX/PEX-Form-main/vendor/laravel/framework/src/Illuminate/Routing/Middleware/SubstituteBindings.php(50): Illuminate/Pipeline/Pipeline->Illuminate/Pipeline/{closure}(Object(Illuminate/Http/Request))
#39 C:/Users/user/MyFiles/ProgmiX/PEX-Form-main/vendor/laravel/framework/src/Illuminate/Pipeline/Pipeline.php(219): Illuminate/Routing/Middleware/SubstituteBindings->handle(Object(Illuminate/Http/Request), Object(Closure))
#40 C:/Users/user/MyFiles/ProgmiX/PEX-Form-main/vendor/laravel/framework/src/Illuminate/Cookie/Middleware/AddQueuedCookiesToResponse.php(36): Illuminate/Pipeline/Pipeline->Illuminate/Pipeline/{closure}(Object(Illuminate/Http/Request))
#41 C:/Users/user/MyFiles/ProgmiX/PEX-Form-main/vendor/laravel/framework/src/Illuminate/Pipeline/Pipeline.php(219): Illuminate/Cookie/Middleware/AddQueuedCookiesToResponse->handle(Object(Illuminate/Http/Request), Object(Closure))
#42 C:/Users/user/MyFiles/ProgmiX/PEX-Form-main/vendor/laravel/framework/src/Illuminate/View/Middleware/ShareErrorsFromSession.php(48): Illuminate/Pipeline/Pipeline->Illuminate/Pipeline/{closure}(Object(Illuminate/Http/Request))
#43 C:/Users/user/MyFiles/ProgmiX/PEX-Form-main/modules/Backend/Http/Middleware/ShareErrorsUnlessBot.php(24): Illuminate/View/Middleware/ShareErrorsFromSession->handle(Object(Illuminate/Http/Request), Object(Closure))
#44 C:/Users/user/MyFiles/ProgmiX/PEX-Form-main/vendor/laravel/framework/src/Illuminate/Pipeline/Pipeline.php(219): Juzaweb/Backend/Http/Middleware/ShareErrorsUnlessBot->handle(Object(Illuminate/Http/Request), Object(Closure))
#45 C:/Users/user/MyFiles/ProgmiX/PEX-Form-main/vendor/laravel/framework/src/Illuminate/Session/Middleware/StartSession.php(120): Illuminate/Pipeline/Pipeline->Illuminate/Pipeline/{closure}(Object(Illuminate/Http/Request))
#46 C:/Users/user/MyFiles/ProgmiX/PEX-Form-main/vendor/laravel/framework/src/Illuminate/Session/Middleware/StartSession.php(63): Illuminate/Session/Middleware/StartSession->handleStatefulRequest(Object(Illuminate/Http/Request), Object(Illuminate/Session/Store), Object(Closure))
#47 C:/Users/user/MyFiles/ProgmiX/PEX-Form-main/modules/Backend/Http/Middleware/SkipSessionForBots.php(24): Illuminate/Session/Middleware/StartSession->handle(Object(Illuminate/Http/Request), Object(Closure))
#48 C:/Users/user/MyFiles/ProgmiX/PEX-Form-main/vendor/laravel/framework/src/Illuminate/Pipeline/Pipeline.php(219): Juzaweb/Backend/Http/Middleware/SkipSessionForBots->handle(Object(Illuminate/Http/Request), Object(Closure))
#49 C:/Users/user/MyFiles/ProgmiX/PEX-Form-main/vendor/laravel/framework/src/Illuminate/Cookie/Middleware/EncryptCookies.php(74): Illuminate/Pipeline/Pipeline->Illuminate/Pipeline/{closure}(Object(Illuminate/Http/Request))
#50 C:/Users/user/MyFiles/ProgmiX/PEX-Form-main/vendor/laravel/framework/src/Illuminate/Pipeline/Pipeline.php(219): Illuminate/Cookie/Middleware/EncryptCookies->handle(Object(Illuminate/Http/Request), Object(Closure))
#51 C:/Users/user/MyFiles/ProgmiX/PEX-Form-main/modules/CMS/Http/Middleware/GlobalMiddleware.php(11): Illuminate/Pipeline/Pipeline->Illuminate/Pipeline/{closure}(Object(Illuminate/Http/Request))
#52 C:/Users/user/MyFiles/ProgmiX/PEX-Form-main/vendor/laravel/framework/src/Illuminate/Pipeline/Pipeline.php(219): Juzaweb/CMS/Http/Middleware/GlobalMiddleware->handle(Object(Illuminate/Http/Request), Object(Closure))
#53 C:/Users/user/MyFiles/ProgmiX/PEX-Form-main/modules/Backend/Http/Middleware/DisableSessionForBots.php(30): Illuminate/Pipeline/Pipeline->Illuminate/Pipeline/{closure}(Object(Illuminate/Http/Request))
#54 C:/Users/user/MyFiles/ProgmiX/PEX-Form-main/vendor/laravel/framework/src/Illuminate/Pipeline/Pipeline.php(219): Juzaweb/Backend/Http/Middleware/DisableSessionForBots->handle(Object(Illuminate/Http/Request), Object(Closure))
#55 C:/Users/user/MyFiles/ProgmiX/PEX-Form-main/vendor/laravel/framework/src/Illuminate/Pipeline/Pipeline.php(137): Illuminate/Pipeline/Pipeline->Illuminate/Pipeline/{closure}(Object(Illuminate/Http/Request))
#56 C:/Users/user/MyFiles/ProgmiX/PEX-Form-main/vendor/laravel/framework/src/Illuminate/Routing/Router.php(821): Illuminate/Pipeline/Pipeline->then(Object(Closure))
#57 C:/Users/user/MyFiles/ProgmiX/PEX-Form-main/vendor/laravel/framework/src/Illuminate/Routing/Router.php(800): Illuminate/Routing/Router->runRouteWithinStack(Object(Illuminate/Routing/Route), Object(Illuminate/Http/Request))
#58 C:/Users/user/MyFiles/ProgmiX/PEX-Form-main/vendor/laravel/framework/src/Illuminate/Routing/Router.php(764): Illuminate/Routing/Router->runRoute(Object(Illuminate/Http/Request), Object(Illuminate/Routing/Route))
#59 C:/Users/user/MyFiles/ProgmiX/PEX-Form-main/vendor/laravel/framework/src/Illuminate/Routing/Router.php(753): Illuminate/Routing/Router->dispatchToRoute(Object(Illuminate/Http/Request))
#60 C:/Users/user/MyFiles/ProgmiX/PEX-Form-main/vendor/laravel/framework/src/Illuminate/Foundation/Http/Kernel.php(200): Illuminate/Routing/Router->dispatch(Object(Illuminate/Http/Request))
#61 C:/Users/user/MyFiles/ProgmiX/PEX-Form-main/vendor/laravel/framework/src/Illuminate/Pipeline/Pipeline.php(180): Illuminate/Foundation/Http/Kernel->Illuminate/Foundation/Http/{closure}(Object(Illuminate/Http/Request))
#62 C:/Users/user/MyFiles/ProgmiX/PEX-Form-main/vendor/barryvdh/laravel-debugbar/src/Middleware/InjectDebugbar.php(59): Illuminate/Pipeline/Pipeline->Illuminate/Pipeline/{closure}(Object(Illuminate/Http/Request))
#63 C:/Users/user/MyFiles/ProgmiX/PEX-Form-main/vendor/laravel/framework/src/Illuminate/Pipeline/Pipeline.php(219): Barryvdh/Debugbar/Middleware/InjectDebugbar->handle(Object(Illuminate/Http/Request), Object(Closure))
#64 C:/Users/user/MyFiles/ProgmiX/PEX-Form-main/modules/Backend/Http/Middleware/BlockIpMiddleware.php(31): Illuminate/Pipeline/Pipeline->Illuminate/Pipeline/{closure}(Object(Illuminate/Http/Request))
#65 C:/Users/user/MyFiles/ProgmiX/PEX-Form-main/vendor/laravel/framework/src/Illuminate/Pipeline/Pipeline.php(219): Juzaweb/Backend/Http/Middleware/BlockIpMiddleware->handle(Object(Illuminate/Http/Request), Object(Closure))
#66 C:/Users/user/MyFiles/ProgmiX/PEX-Form-main/modules/Backend/Http/Middleware/SecurityHeaders.php(25): Illuminate/Pipeline/Pipeline->Illuminate/Pipeline/{closure}(Object(Illuminate/Http/Request))
#67 C:/Users/user/MyFiles/ProgmiX/PEX-Form-main/vendor/laravel/framework/src/Illuminate/Pipeline/Pipeline.php(219): Juzaweb/Backend/Http/Middleware/SecurityHeaders->handle(Object(Illuminate/Http/Request), Object(Closure))
#68 C:/Users/user/MyFiles/ProgmiX/PEX-Form-main/vendor/laravel/framework/src/Illuminate/Foundation/Http/Middleware/TransformsRequest.php(21): Illuminate/Pipeline/Pipeline->Illuminate/Pipeline/{closure}(Object(Illuminate/Http/Request))
#69 C:/Users/user/MyFiles/ProgmiX/PEX-Form-main/vendor/laravel/framework/src/Illuminate/Foundation/Http/Middleware/ConvertEmptyStringsToNull.php(31): Illuminate/Foundation/Http/Middleware/TransformsRequest->handle(Object(Illuminate/Http/Request), Object(Closure))
#70 C:/Users/user/MyFiles/ProgmiX/PEX-Form-main/vendor/laravel/framework/src/Illuminate/Pipeline/Pipeline.php(219): Illuminate/Foundation/Http/Middleware/ConvertEmptyStringsToNull->handle(Object(Illuminate/Http/Request), Object(Closure))
#71 C:/Users/user/MyFiles/ProgmiX/PEX-Form-main/vendor/laravel/framework/src/Illuminate/Foundation/Http/Middleware/TransformsRequest.php(21): Illuminate/Pipeline/Pipeline->Illuminate/Pipeline/{closure}(Object(Illuminate/Http/Request))
#72 C:/Users/user/MyFiles/ProgmiX/PEX-Form-main/vendor/laravel/framework/src/Illuminate/Foundation/Http/Middleware/TrimStrings.php(51): Illuminate/Foundation/Http/Middleware/TransformsRequest->handle(Object(Illuminate/Http/Request), Object(Closure))
#73 C:/Users/user/MyFiles/ProgmiX/PEX-Form-main/vendor/laravel/framework/src/Illuminate/Pipeline/Pipeline.php(219): Illuminate/Foundation/Http/Middleware/TrimStrings->handle(Object(Illuminate/Http/Request), Object(Closure))
#74 C:/Users/user/MyFiles/ProgmiX/PEX-Form-main/vendor/laravel/framework/src/Illuminate/Http/Middleware/ValidatePostSize.php(27): Illuminate/Pipeline/Pipeline->Illuminate/Pipeline/{closure}(Object(Illuminate/Http/Request))
#75 C:/Users/user/MyFiles/ProgmiX/PEX-Form-main/vendor/laravel/framework/src/Illuminate/Pipeline/Pipeline.php(219): Illuminate/Http/Middleware/ValidatePostSize->handle(Object(Illuminate/Http/Request), Object(Closure))
#76 C:/Users/user/MyFiles/ProgmiX/PEX-Form-main/vendor/laravel/framework/src/Illuminate/Foundation/Http/Middleware/PreventRequestsDuringMaintenance.php(109): Illuminate/Pipeline/Pipeline->Illuminate/Pipeline/{closure}(Object(Illuminate/Http/Request))
#77 C:/Users/user/MyFiles/ProgmiX/PEX-Form-main/vendor/laravel/framework/src/Illuminate/Pipeline/Pipeline.php(219): Illuminate/Foundation/Http/Middleware/PreventRequestsDuringMaintenance->handle(Object(Illuminate/Http/Request), Object(Closure))
#78 C:/Users/user/MyFiles/ProgmiX/PEX-Form-main/vendor/laravel/framework/src/Illuminate/Http/Middleware/HandleCors.php(61): Illuminate/Pipeline/Pipeline->Illuminate/Pipeline/{closure}(Object(Illuminate/Http/Request))
#79 C:/Users/user/MyFiles/ProgmiX/PEX-Form-main/vendor/laravel/framework/src/Illuminate/Pipeline/Pipeline.php(219): Illuminate/Http/Middleware/HandleCors->handle(Object(Illuminate/Http/Request), Object(Closure))
#80 C:/Users/user/MyFiles/ProgmiX/PEX-Form-main/vendor/laravel/framework/src/Illuminate/Http/Middleware/TrustProxies.php(58): Illuminate/Pipeline/Pipeline->Illuminate/Pipeline/{closure}(Object(Illuminate/Http/Request))
#81 C:/Users/user/MyFiles/ProgmiX/PEX-Form-main/vendor/laravel/framework/src/Illuminate/Pipeline/Pipeline.php(219): Illuminate/Http/Middleware/TrustProxies->handle(Object(Illuminate/Http/Request), Object(Closure))
#82 C:/Users/user/MyFiles/ProgmiX/PEX-Form-main/vendor/laravel/framework/src/Illuminate/Pipeline/Pipeline.php(137): Illuminate/Pipeline/Pipeline->Illuminate/Pipeline/{closure}(Object(Illuminate/Http/Request))
#83 C:/Users/user/MyFiles/ProgmiX/PEX-Form-main/vendor/laravel/framework/src/Illuminate/Foundation/Http/Kernel.php(175): Illuminate/Pipeline/Pipeline->then(Object(Closure))
#84 C:/Users/user/MyFiles/ProgmiX/PEX-Form-main/vendor/laravel/framework/src/Illuminate/Foundation/Http/Kernel.php(144): Illuminate/Foundation/Http/Kernel->sendRequestThroughRouter(Object(Illuminate/Http/Request))
#85 C:/Users/user/MyFiles/ProgmiX/PEX-Form-main/public/index.php(51): Illuminate/Foundation/Http/Kernel->handle(Object(Illuminate/Http/Request))
#86 C:/Users/user/MyFiles/ProgmiX/PEX-Form-main/vendor/laravel/framework/src/Illuminate/Foundation/resources/server.php(23): require_once('C://Users//user//M...')
#87 {main}

[previous exception] [object] (ErrorException(code: 0): Undefined variable $sponsorPosts at C:/Users/user/MyFiles/ProgmiX/PEX-Form-main/storage/framework/views/059a14fb5fde1dab7022048cc46ad544.php:11)
[stacktrace]
#0 C:/Users/user/MyFiles/ProgmiX/PEX-Form-main/vendor/laravel/framework/src/Illuminate/Foundation/Bootstrap/HandleExceptions.php(262): Illuminate/Foundation/Bootstrap/HandleExceptions->handleError(2, 'Undefined varia...', 'C://Users//user//M...', 11)
#1 C:/Users/user/MyFiles/ProgmiX/PEX-Form-main/storage/framework/views/059a14fb5fde1dab7022048cc46ad544.php(11): Illuminate/Foundation/Bootstrap/HandleExceptions->Illuminate/Foundation/Bootstrap/{closure}(2, 'Undefined varia...', 'C://Users//user//M...', 11)
#2 C:/Users/user/MyFiles/ProgmiX/PEX-Form-main/vendor/laravel/framework/src/Illuminate/Filesystem/Filesystem.php(123): require('C://Users//user//M...')
#3 C:/Users/user/MyFiles/ProgmiX/PEX-Form-main/vendor/laravel/framework/src/Illuminate/Filesystem/Filesystem.php(124): Illuminate/Filesystem/Filesystem::Illuminate/Filesystem/{closure}()
#4 C:/Users/user/MyFiles/ProgmiX/PEX-Form-main/vendor/laravel/framework/src/Illuminate/View/Engines/PhpEngine.php(57): Illuminate/Filesystem/Filesystem->getRequire('C://Users//user//M...', Array)
#5 C:/Users/user/MyFiles/ProgmiX/PEX-Form-main/vendor/laravel/framework/src/Illuminate/View/Engines/CompilerEngine.php(76): Illuminate/View/Engines/PhpEngine->evaluatePath('C://Users//user//M...', Array)
#6 C:/Users/user/MyFiles/ProgmiX/PEX-Form-main/vendor/laravel/framework/src/Illuminate/View/View.php(208): Illuminate/View/Engines/CompilerEngine->get('C://Users//user//M...', Array)
#7 C:/Users/user/MyFiles/ProgmiX/PEX-Form-main/vendor/laravel/framework/src/Illuminate/View/View.php(191): Illuminate/View/View->getContents()
#8 C:/Users/user/MyFiles/ProgmiX/PEX-Form-main/vendor/laravel/framework/src/Illuminate/View/View.php(160): Illuminate/View/View->renderContents()
#9 C:/Users/user/MyFiles/ProgmiX/PEX-Form-main/storage/framework/views/078e945ecbf82d678121cbf4f8650dce.php(1): Illuminate/View/View->render()
#10 C:/Users/user/MyFiles/ProgmiX/PEX-Form-main/vendor/laravel/framework/src/Illuminate/Filesystem/Filesystem.php(123): require('C://Users//user//M...')
#11 C:/Users/user/MyFiles/ProgmiX/PEX-Form-main/vendor/laravel/framework/src/Illuminate/Filesystem/Filesystem.php(124): Illuminate/Filesystem/Filesystem::Illuminate/Filesystem/{closure}()
#12 C:/Users/user/MyFiles/ProgmiX/PEX-Form-main/vendor/laravel/framework/src/Illuminate/View/Engines/PhpEngine.php(57): Illuminate/Filesystem/Filesystem->getRequire('C://Users//user//M...', Array)
#13 C:/Users/user/MyFiles/ProgmiX/PEX-Form-main/vendor/laravel/framework/src/Illuminate/View/Engines/CompilerEngine.php(76): Illuminate/View/Engines/PhpEngine->evaluatePath('C://Users//user//M...', Array)
#14 C:/Users/user/MyFiles/ProgmiX/PEX-Form-main/vendor/laravel/framework/src/Illuminate/View/View.php(208): Illuminate/View/Engines/CompilerEngine->get('C://Users//user//M...', Array)
#15 C:/Users/user/MyFiles/ProgmiX/PEX-Form-main/vendor/laravel/framework/src/Illuminate/View/View.php(191): Illuminate/View/View->getContents()
#16 C:/Users/user/MyFiles/ProgmiX/PEX-Form-main/vendor/laravel/framework/src/Illuminate/View/View.php(160): Illuminate/View/View->renderContents()
#17 C:/Users/user/MyFiles/ProgmiX/PEX-Form-main/vendor/laravel/framework/src/Illuminate/Http/Response.php(78): Illuminate/View/View->render()
#18 C:/Users/user/MyFiles/ProgmiX/PEX-Form-main/vendor/laravel/framework/src/Illuminate/Http/Response.php(34): Illuminate/Http/Response->setContent(Object(Illuminate/View/View))
#19 C:/Users/user/MyFiles/ProgmiX/PEX-Form-main/vendor/laravel/framework/src/Illuminate/Routing/Router.php(939): Illuminate/Http/Response->__construct(Object(Illuminate/View/View), 200, Array)
#20 C:/Users/user/MyFiles/ProgmiX/PEX-Form-main/vendor/laravel/framework/src/Illuminate/Routing/Router.php(906): Illuminate/Routing/Router::toResponse(Object(Illuminate/Http/Request), Object(Illuminate/View/View))
#21 C:/Users/user/MyFiles/ProgmiX/PEX-Form-main/vendor/laravel/framework/src/Illuminate/Routing/Router.php(821): Illuminate/Routing/Router->prepareResponse(Object(Illuminate/Http/Request), Object(Illuminate/View/View))
#22 C:/Users/user/MyFiles/ProgmiX/PEX-Form-main/vendor/laravel/framework/src/Illuminate/Pipeline/Pipeline.php(180): Illuminate/Routing/Router->Illuminate/Routing/{closure}(Object(Illuminate/Http/Request))
#23 C:/Users/user/MyFiles/ProgmiX/PEX-Form-main/modules/Frontend/Http/Middleware/Locale.php(49): Illuminate/Pipeline/Pipeline->Illuminate/Pipeline/{closure}(Object(Illuminate/Http/Request))
#24 C:/Users/user/MyFiles/ProgmiX/PEX-Form-main/vendor/laravel/framework/src/Illuminate/Pipeline/Pipeline.php(219): Juzaweb/Frontend/Http/Middleware/Locale->handle(Object(Illuminate/Http/Request), Object(Closure))
#25 C:/Users/user/MyFiles/ProgmiX/PEX-Form-main/modules/Backend/Http/Middleware/SecurityHeaders.php(25): Illuminate/Pipeline/Pipeline->Illuminate/Pipeline/{closure}(Object(Illuminate/Http/Request))
#26 C:/Users/user/MyFiles/ProgmiX/PEX-Form-main/vendor/laravel/framework/src/Illuminate/Pipeline/Pipeline.php(219): Juzaweb/Backend/Http/Middleware/SecurityHeaders->handle(Object(Illuminate/Http/Request), Object(Closure))
#27 C:/Users/user/MyFiles/ProgmiX/PEX-Form-main/vendor/laravel/framework/src/Illuminate/Routing/Middleware/ThrottleRequests.php(166): Illuminate/Pipeline/Pipeline->Illuminate/Pipeline/{closure}(Object(Illuminate/Http/Request))
#28 C:/Users/user/MyFiles/ProgmiX/PEX-Form-main/vendor/laravel/framework/src/Illuminate/Routing/Middleware/ThrottleRequests.php(93): Illuminate/Routing/Middleware/ThrottleRequests->handleRequest(Object(Illuminate/Http/Request), Object(Closure), Array)
#29 C:/Users/user/MyFiles/ProgmiX/PEX-Form-main/vendor/laravel/framework/src/Illuminate/Pipeline/Pipeline.php(219): Illuminate/Routing/Middleware/ThrottleRequests->handle(Object(Illuminate/Http/Request), Object(Closure))
#30 C:/Users/user/MyFiles/ProgmiX/PEX-Form-main/modules/Backend/Http/Middleware/PathTraversal.php(57): Illuminate/Pipeline/Pipeline->Illuminate/Pipeline/{closure}(Object(Illuminate/Http/Request))
#31 C:/Users/user/MyFiles/ProgmiX/PEX-Form-main/vendor/laravel/framework/src/Illuminate/Pipeline/Pipeline.php(219): Juzaweb/Backend/Http/Middleware/PathTraversal->handle(Object(Illuminate/Http/Request), Object(Closure))
#32 C:/Users/user/MyFiles/ProgmiX/PEX-Form-main/modules/Backend/Http/Middleware/XssSanitization.php(44): Illuminate/Pipeline/Pipeline->Illuminate/Pipeline/{closure}(Object(Illuminate/Http/Request))
#33 C:/Users/user/MyFiles/ProgmiX/PEX-Form-main/vendor/laravel/framework/src/Illuminate/Pipeline/Pipeline.php(219): Juzaweb/Backend/Http/Middleware/XssSanitization->handle(Object(Illuminate/Http/Request), Object(Closure))
#34 C:/Users/user/MyFiles/ProgmiX/PEX-Form-main/vendor/spatie/laravel-csp/src/AddCspHeaders.php(13): Illuminate/Pipeline/Pipeline->Illuminate/Pipeline/{closure}(Object(Illuminate/Http/Request))
#35 C:/Users/user/MyFiles/ProgmiX/PEX-Form-main/vendor/laravel/framework/src/Illuminate/Pipeline/Pipeline.php(219): Spatie/Csp/AddCspHeaders->handle(Object(Illuminate/Http/Request), Object(Closure))
#36 C:/Users/user/MyFiles/ProgmiX/PEX-Form-main/vendor/barryvdh/laravel-debugbar/src/Middleware/InjectDebugbar.php(59): Illuminate/Pipeline/Pipeline->Illuminate/Pipeline/{closure}(Object(Illuminate/Http/Request))
#37 C:/Users/user/MyFiles/ProgmiX/PEX-Form-main/vendor/laravel/framework/src/Illuminate/Pipeline/Pipeline.php(219): Barryvdh/Debugbar/Middleware/InjectDebugbar->handle(Object(Illuminate/Http/Request), Object(Closure))
#38 C:/Users/user/MyFiles/ProgmiX/PEX-Form-main/modules/CMS/Http/Middleware/XFrameHeadersMiddleware.php(41): Illuminate/Pipeline/Pipeline->Illuminate/Pipeline/{closure}(Object(Illuminate/Http/Request))
#39 C:/Users/user/MyFiles/ProgmiX/PEX-Form-main/vendor/laravel/framework/src/Illuminate/Pipeline/Pipeline.php(219): Juzaweb/CMS/Http/Middleware/XFrameHeadersMiddleware->handle(Object(Illuminate/Http/Request), Object(Closure))
#40 C:/Users/user/MyFiles/ProgmiX/PEX-Form-main/vendor/laravel/framework/src/Illuminate/Routing/Middleware/SubstituteBindings.php(50): Illuminate/Pipeline/Pipeline->Illuminate/Pipeline/{closure}(Object(Illuminate/Http/Request))
#41 C:/Users/user/MyFiles/ProgmiX/PEX-Form-main/vendor/laravel/framework/src/Illuminate/Pipeline/Pipeline.php(219): Illuminate/Routing/Middleware/SubstituteBindings->handle(Object(Illuminate/Http/Request), Object(Closure))
#42 C:/Users/user/MyFiles/ProgmiX/PEX-Form-main/vendor/laravel/framework/src/Illuminate/Cookie/Middleware/AddQueuedCookiesToResponse.php(36): Illuminate/Pipeline/Pipeline->Illuminate/Pipeline/{closure}(Object(Illuminate/Http/Request))
#43 C:/Users/user/MyFiles/ProgmiX/PEX-Form-main/vendor/laravel/framework/src/Illuminate/Pipeline/Pipeline.php(219): Illuminate/Cookie/Middleware/AddQueuedCookiesToResponse->handle(Object(Illuminate/Http/Request), Object(Closure))
#44 C:/Users/user/MyFiles/ProgmiX/PEX-Form-main/vendor/laravel/framework/src/Illuminate/View/Middleware/ShareErrorsFromSession.php(48): Illuminate/Pipeline/Pipeline->Illuminate/Pipeline/{closure}(Object(Illuminate/Http/Request))
#45 C:/Users/user/MyFiles/ProgmiX/PEX-Form-main/modules/Backend/Http/Middleware/ShareErrorsUnlessBot.php(24): Illuminate/View/Middleware/ShareErrorsFromSession->handle(Object(Illuminate/Http/Request), Object(Closure))
#46 C:/Users/user/MyFiles/ProgmiX/PEX-Form-main/vendor/laravel/framework/src/Illuminate/Pipeline/Pipeline.php(219): Juzaweb/Backend/Http/Middleware/ShareErrorsUnlessBot->handle(Object(Illuminate/Http/Request), Object(Closure))
#47 C:/Users/user/MyFiles/ProgmiX/PEX-Form-main/vendor/laravel/framework/src/Illuminate/Session/Middleware/StartSession.php(120): Illuminate/Pipeline/Pipeline->Illuminate/Pipeline/{closure}(Object(Illuminate/Http/Request))
#48 C:/Users/user/MyFiles/ProgmiX/PEX-Form-main/vendor/laravel/framework/src/Illuminate/Session/Middleware/StartSession.php(63): Illuminate/Session/Middleware/StartSession->handleStatefulRequest(Object(Illuminate/Http/Request), Object(Illuminate/Session/Store), Object(Closure))
#49 C:/Users/user/MyFiles/ProgmiX/PEX-Form-main/modules/Backend/Http/Middleware/SkipSessionForBots.php(24): Illuminate/Session/Middleware/StartSession->handle(Object(Illuminate/Http/Request), Object(Closure))
#50 C:/Users/user/MyFiles/ProgmiX/PEX-Form-main/vendor/laravel/framework/src/Illuminate/Pipeline/Pipeline.php(219): Juzaweb/Backend/Http/Middleware/SkipSessionForBots->handle(Object(Illuminate/Http/Request), Object(Closure))
#51 C:/Users/user/MyFiles/ProgmiX/PEX-Form-main/vendor/laravel/framework/src/Illuminate/Cookie/Middleware/EncryptCookies.php(74): Illuminate/Pipeline/Pipeline->Illuminate/Pipeline/{closure}(Object(Illuminate/Http/Request))
#52 C:/Users/user/MyFiles/ProgmiX/PEX-Form-main/vendor/laravel/framework/src/Illuminate/Pipeline/Pipeline.php(219): Illuminate/Cookie/Middleware/EncryptCookies->handle(Object(Illuminate/Http/Request), Object(Closure))
#53 C:/Users/user/MyFiles/ProgmiX/PEX-Form-main/modules/CMS/Http/Middleware/GlobalMiddleware.php(11): Illuminate/Pipeline/Pipeline->Illuminate/Pipeline/{closure}(Object(Illuminate/Http/Request))
#54 C:/Users/user/MyFiles/ProgmiX/PEX-Form-main/vendor/laravel/framework/src/Illuminate/Pipeline/Pipeline.php(219): Juzaweb/CMS/Http/Middleware/GlobalMiddleware->handle(Object(Illuminate/Http/Request), Object(Closure))
#55 C:/Users/user/MyFiles/ProgmiX/PEX-Form-main/modules/Backend/Http/Middleware/DisableSessionForBots.php(30): Illuminate/Pipeline/Pipeline->Illuminate/Pipeline/{closure}(Object(Illuminate/Http/Request))
#56 C:/Users/user/MyFiles/ProgmiX/PEX-Form-main/vendor/laravel/framework/src/Illuminate/Pipeline/Pipeline.php(219): Juzaweb/Backend/Http/Middleware/DisableSessionForBots->handle(Object(Illuminate/Http/Request), Object(Closure))
#57 C:/Users/user/MyFiles/ProgmiX/PEX-Form-main/vendor/laravel/framework/src/Illuminate/Pipeline/Pipeline.php(137): Illuminate/Pipeline/Pipeline->Illuminate/Pipeline/{closure}(Object(Illuminate/Http/Request))
#58 C:/Users/user/MyFiles/ProgmiX/PEX-Form-main/vendor/laravel/framework/src/Illuminate/Routing/Router.php(821): Illuminate/Pipeline/Pipeline->then(Object(Closure))
#59 C:/Users/user/MyFiles/ProgmiX/PEX-Form-main/vendor/laravel/framework/src/Illuminate/Routing/Router.php(800): Illuminate/Routing/Router->runRouteWithinStack(Object(Illuminate/Routing/Route), Object(Illuminate/Http/Request))
#60 C:/Users/user/MyFiles/ProgmiX/PEX-Form-main/vendor/laravel/framework/src/Illuminate/Routing/Router.php(764): Illuminate/Routing/Router->runRoute(Object(Illuminate/Http/Request), Object(Illuminate/Routing/Route))
#61 C:/Users/user/MyFiles/ProgmiX/PEX-Form-main/vendor/laravel/framework/src/Illuminate/Routing/Router.php(753): Illuminate/Routing/Router->dispatchToRoute(Object(Illuminate/Http/Request))
#62 C:/Users/user/MyFiles/ProgmiX/PEX-Form-main/vendor/laravel/framework/src/Illuminate/Foundation/Http/Kernel.php(200): Illuminate/Routing/Router->dispatch(Object(Illuminate/Http/Request))
#63 C:/Users/user/MyFiles/ProgmiX/PEX-Form-main/vendor/laravel/framework/src/Illuminate/Pipeline/Pipeline.php(180): Illuminate/Foundation/Http/Kernel->Illuminate/Foundation/Http/{closure}(Object(Illuminate/Http/Request))
#64 C:/Users/user/MyFiles/ProgmiX/PEX-Form-main/vendor/barryvdh/laravel-debugbar/src/Middleware/InjectDebugbar.php(59): Illuminate/Pipeline/Pipeline->Illuminate/Pipeline/{closure}(Object(Illuminate/Http/Request))
#65 C:/Users/user/MyFiles/ProgmiX/PEX-Form-main/vendor/laravel/framework/src/Illuminate/Pipeline/Pipeline.php(219): Barryvdh/Debugbar/Middleware/InjectDebugbar->handle(Object(Illuminate/Http/Request), Object(Closure))
#66 C:/Users/user/MyFiles/ProgmiX/PEX-Form-main/modules/Backend/Http/Middleware/BlockIpMiddleware.php(31): Illuminate/Pipeline/Pipeline->Illuminate/Pipeline/{closure}(Object(Illuminate/Http/Request))
#67 C:/Users/user/MyFiles/ProgmiX/PEX-Form-main/vendor/laravel/framework/src/Illuminate/Pipeline/Pipeline.php(219): Juzaweb/Backend/Http/Middleware/BlockIpMiddleware->handle(Object(Illuminate/Http/Request), Object(Closure))
#68 C:/Users/user/MyFiles/ProgmiX/PEX-Form-main/modules/Backend/Http/Middleware/SecurityHeaders.php(25): Illuminate/Pipeline/Pipeline->Illuminate/Pipeline/{closure}(Object(Illuminate/Http/Request))
#69 C:/Users/user/MyFiles/ProgmiX/PEX-Form-main/vendor/laravel/framework/src/Illuminate/Pipeline/Pipeline.php(219): Juzaweb/Backend/Http/Middleware/SecurityHeaders->handle(Object(Illuminate/Http/Request), Object(Closure))
#70 C:/Users/user/MyFiles/ProgmiX/PEX-Form-main/vendor/laravel/framework/src/Illuminate/Foundation/Http/Middleware/TransformsRequest.php(21): Illuminate/Pipeline/Pipeline->Illuminate/Pipeline/{closure}(Object(Illuminate/Http/Request))
#71 C:/Users/user/MyFiles/ProgmiX/PEX-Form-main/vendor/laravel/framework/src/Illuminate/Foundation/Http/Middleware/ConvertEmptyStringsToNull.php(31): Illuminate/Foundation/Http/Middleware/TransformsRequest->handle(Object(Illuminate/Http/Request), Object(Closure))
#72 C:/Users/user/MyFiles/ProgmiX/PEX-Form-main/vendor/laravel/framework/src/Illuminate/Pipeline/Pipeline.php(219): Illuminate/Foundation/Http/Middleware/ConvertEmptyStringsToNull->handle(Object(Illuminate/Http/Request), Object(Closure))
#73 C:/Users/user/MyFiles/ProgmiX/PEX-Form-main/vendor/laravel/framework/src/Illuminate/Foundation/Http/Middleware/TransformsRequest.php(21): Illuminate/Pipeline/Pipeline->Illuminate/Pipeline/{closure}(Object(Illuminate/Http/Request))
#74 C:/Users/user/MyFiles/ProgmiX/PEX-Form-main/vendor/laravel/framework/src/Illuminate/Foundation/Http/Middleware/TrimStrings.php(51): Illuminate/Foundation/Http/Middleware/TransformsRequest->handle(Object(Illuminate/Http/Request), Object(Closure))
#75 C:/Users/user/MyFiles/ProgmiX/PEX-Form-main/vendor/laravel/framework/src/Illuminate/Pipeline/Pipeline.php(219): Illuminate/Foundation/Http/Middleware/TrimStrings->handle(Object(Illuminate/Http/Request), Object(Closure))
#76 C:/Users/user/MyFiles/ProgmiX/PEX-Form-main/vendor/laravel/framework/src/Illuminate/Http/Middleware/ValidatePostSize.php(27): Illuminate/Pipeline/Pipeline->Illuminate/Pipeline/{closure}(Object(Illuminate/Http/Request))
#77 C:/Users/user/MyFiles/ProgmiX/PEX-Form-main/vendor/laravel/framework/src/Illuminate/Pipeline/Pipeline.php(219): Illuminate/Http/Middleware/ValidatePostSize->handle(Object(Illuminate/Http/Request), Object(Closure))
#78 C:/Users/user/MyFiles/ProgmiX/PEX-Form-main/vendor/laravel/framework/src/Illuminate/Foundation/Http/Middleware/PreventRequestsDuringMaintenance.php(109): Illuminate/Pipeline/Pipeline->Illuminate/Pipeline/{closure}(Object(Illuminate/Http/Request))
#79 C:/Users/user/MyFiles/ProgmiX/PEX-Form-main/vendor/laravel/framework/src/Illuminate/Pipeline/Pipeline.php(219): Illuminate/Foundation/Http/Middleware/PreventRequestsDuringMaintenance->handle(Object(Illuminate/Http/Request), Object(Closure))
#80 C:/Users/user/MyFiles/ProgmiX/PEX-Form-main/vendor/laravel/framework/src/Illuminate/Http/Middleware/HandleCors.php(61): Illuminate/Pipeline/Pipeline->Illuminate/Pipeline/{closure}(Object(Illuminate/Http/Request))
#81 C:/Users/user/MyFiles/ProgmiX/PEX-Form-main/vendor/laravel/framework/src/Illuminate/Pipeline/Pipeline.php(219): Illuminate/Http/Middleware/HandleCors->handle(Object(Illuminate/Http/Request), Object(Closure))
#82 C:/Users/user/MyFiles/ProgmiX/PEX-Form-main/vendor/laravel/framework/src/Illuminate/Http/Middleware/TrustProxies.php(58): Illuminate/Pipeline/Pipeline->Illuminate/Pipeline/{closure}(Object(Illuminate/Http/Request))
#83 C:/Users/user/MyFiles/ProgmiX/PEX-Form-main/vendor/laravel/framework/src/Illuminate/Pipeline/Pipeline.php(219): Illuminate/Http/Middleware/TrustProxies->handle(Object(Illuminate/Http/Request), Object(Closure))
#84 C:/Users/user/MyFiles/ProgmiX/PEX-Form-main/vendor/laravel/framework/src/Illuminate/Pipeline/Pipeline.php(137): Illuminate/Pipeline/Pipeline->Illuminate/Pipeline/{closure}(Object(Illuminate/Http/Request))
#85 C:/Users/user/MyFiles/ProgmiX/PEX-Form-main/vendor/laravel/framework/src/Illuminate/Foundation/Http/Kernel.php(175): Illuminate/Pipeline/Pipeline->then(Object(Closure))
#86 C:/Users/user/MyFiles/ProgmiX/PEX-Form-main/vendor/laravel/framework/src/Illuminate/Foundation/Http/Kernel.php(144): Illuminate/Foundation/Http/Kernel->sendRequestThroughRouter(Object(Illuminate/Http/Request))
#87 C:/Users/user/MyFiles/ProgmiX/PEX-Form-main/public/index.php(51): Illuminate/Foundation/Http/Kernel->handle(Object(Illuminate/Http/Request))
#88 C:/Users/user/MyFiles/ProgmiX/PEX-Form-main/vendor/laravel/framework/src/Illuminate/Foundation/resources/server.php(23): require_once('C://Users//user//M...')
#89 {main}
"} 
[2026-09-30 15:19:26] local.ERROR: Property [key] does not exist on this collection instance. {"userId":1,"exception":"[object] (Spatie\\LaravelIgnition\\Exceptions\\ViewException(code: 0): Property [key] does not exist on this collection instance. at C:/Users/user/MyFiles/ProgmiX/PEX-Form-main/vendor/laravel/framework/src/Illuminate/Collections/Traits/EnumeratesValues.php:1078)
[stacktrace]
#0 C:/Users/user/MyFiles/ProgmiX/PEX-Form-main/modules/Frontend/resources/views/templates/homepage/pex/sponsorship.blade.php(1): Illuminate/Support/Collection->__get('key')
#1 [internal function]: Illuminate/Filesystem/Filesystem::{closure}(Object(Illuminate/Database/Eloquent/Collection), 'silver')
#2 C:/Users/user/MyFiles/ProgmiX/PEX-Form-main/vendor/laravel/framework/src/Illuminate/Collections/Arr.php(841): array_map(Object(Closure), Array, Array)
#3 C:/Users/user/MyFiles/ProgmiX/PEX-Form-main/vendor/laravel/framework/src/Illuminate/Collections/Collection.php(829): Illuminate/Support/Arr::map(Array, Object(Closure))
#4 C:/Users/user/MyFiles/ProgmiX/PEX-Form-main/vendor/laravel/framework/src/Illuminate/Database/Eloquent/Collection.php(421): Illuminate/Support/Collection->map(Object(Closure))
#5 C:/Users/user/MyFiles/ProgmiX/PEX-Form-main/modules/Frontend/resources/views/templates/homepage/pex/sponsorship.blade.php(1): Illuminate/Database/Eloquent/Collection->map(Object(Closure))
#6 C:/Users/user/MyFiles/ProgmiX/PEX-Form-main/vendor/laravel/framework/src/Illuminate/Filesystem/Filesystem.php(123): require('C://Users//user//M...')
#7 C:/Users/user/MyFiles/ProgmiX/PEX-Form-main/vendor/laravel/framework/src/Illuminate/Filesystem/Filesystem.php(124): Illuminate/Filesystem/Filesystem::Illuminate/Filesystem/{closure}()
#8 C:/Users/user/MyFiles/ProgmiX/PEX-Form-main/vendor/laravel/framework/src/Illuminate/View/Engines/PhpEngine.php(57): Illuminate/Filesystem/Filesystem->getRequire('C://Users//user//M...', Array)
#9 C:/Users/user/MyFiles/ProgmiX/PEX-Form-main/vendor/laravel/framework/src/Illuminate/View/Engines/CompilerEngine.php(76): Illuminate/View/Engines/PhpEngine->evaluatePath('C://Users//user//M...', Array)
#10 C:/Users/user/MyFiles/ProgmiX/PEX-Form-main/vendor/laravel/framework/src/Illuminate/View/View.php(208): Illuminate/View/Engines/CompilerEngine->get('C://Users//user//M...', Array)
#11 C:/Users/user/MyFiles/ProgmiX/PEX-Form-main/vendor/laravel/framework/src/Illuminate/View/View.php(191): Illuminate/View/View->getContents()
#12 C:/Users/user/MyFiles/ProgmiX/PEX-Form-main/vendor/laravel/framework/src/Illuminate/View/View.php(160): Illuminate/View/View->renderContents()
#13 C:/Users/user/MyFiles/ProgmiX/PEX-Form-main/modules/Frontend/resources/views/home.blade.php(1): Illuminate/View/View->render()
#14 C:/Users/user/MyFiles/ProgmiX/PEX-Form-main/vendor/laravel/framework/src/Illuminate/Filesystem/Filesystem.php(123): require('C://Users//user//M...')
#15 C:/Users/user/MyFiles/ProgmiX/PEX-Form-main/vendor/laravel/framework/src/Illuminate/Filesystem/Filesystem.php(124): Illuminate/Filesystem/Filesystem::Illuminate/Filesystem/{closure}()
#16 C:/Users/user/MyFiles/ProgmiX/PEX-Form-main/vendor/laravel/framework/src/Illuminate/View/Engines/PhpEngine.php(57): Illuminate/Filesystem/Filesystem->getRequire('C://Users//user//M...', Array)
#17 C:/Users/user/MyFiles/ProgmiX/PEX-Form-main/vendor/laravel/framework/src/Illuminate/View/Engines/CompilerEngine.php(76): Illuminate/View/Engines/PhpEngine->evaluatePath('C://Users//user//M...', Array)
#18 C:/Users/user/MyFiles/ProgmiX/PEX-Form-main/vendor/laravel/framework/src/Illuminate/View/View.php(208): Illuminate/View/Engines/CompilerEngine->get('C://Users//user//M...', Array)
#19 C:/Users/user/MyFiles/ProgmiX/PEX-Form-main/vendor/laravel/framework/src/Illuminate/View/View.php(191): Illuminate/View/View->getContents()
#20 C:/Users/user/MyFiles/ProgmiX/PEX-Form-main/vendor/laravel/framework/src/Illuminate/View/View.php(160): Illuminate/View/View->renderContents()
#21 C:/Users/user/MyFiles/ProgmiX/PEX-Form-main/vendor/laravel/framework/src/Illuminate/Http/Response.php(78): Illuminate/View/View->render()
#22 C:/Users/user/MyFiles/ProgmiX/PEX-Form-main/vendor/laravel/framework/src/Illuminate/Http/Response.php(34): Illuminate/Http/Response->setContent(Object(Illuminate/View/View))
#23 C:/Users/user/MyFiles/ProgmiX/PEX-Form-main/vendor/laravel/framework/src/Illuminate/Routing/Router.php(939): Illuminate/Http/Response->__construct(Object(Illuminate/View/View), 200, Array)
#24 C:/Users/user/MyFiles/ProgmiX/PEX-Form-main/vendor/laravel/framework/src/Illuminate/Routing/Router.php(906): Illuminate/Routing/Router::toResponse(Object(Illuminate/Http/Request), Object(Illuminate/View/View))
#25 C:/Users/user/MyFiles/ProgmiX/PEX-Form-main/vendor/laravel/framework/src/Illuminate/Routing/Router.php(821): Illuminate/Routing/Router->prepareResponse(Object(Illuminate/Http/Request), Object(Illuminate/View/View))
#26 C:/Users/user/MyFiles/ProgmiX/PEX-Form-main/vendor/laravel/framework/src/Illuminate/Pipeline/Pipeline.php(180): Illuminate/Routing/Router->Illuminate/Routing/{closure}(Object(Illuminate/Http/Request))
#27 C:/Users/user/MyFiles/ProgmiX/PEX-Form-main/modules/Frontend/Http/Middleware/Locale.php(49): Illuminate/Pipeline/Pipeline->Illuminate/Pipeline/{closure}(Object(Illuminate/Http/Request))
#28 C:/Users/user/MyFiles/ProgmiX/PEX-Form-main/vendor/laravel/framework/src/Illuminate/Pipeline/Pipeline.php(219): Juzaweb/Frontend/Http/Middleware/Locale->handle(Object(Illuminate/Http/Request), Object(Closure))
#29 C:/Users/user/MyFiles/ProgmiX/PEX-Form-main/modules/Backend/Http/Middleware/SecurityHeaders.php(25): Illuminate/Pipeline/Pipeline->Illuminate/Pipeline/{closure}(Object(Illuminate/Http/Request))
#30 C:/Users/user/MyFiles/ProgmiX/PEX-Form-main/vendor/laravel/framework/src/Illuminate/Pipeline/Pipeline.php(219): Juzaweb/Backend/Http/Middleware/SecurityHeaders->handle(Object(Illuminate/Http/Request), Object(Closure))
#31 C:/Users/user/MyFiles/ProgmiX/PEX-Form-main/vendor/laravel/framework/src/Illuminate/Routing/Middleware/ThrottleRequests.php(166): Illuminate/Pipeline/Pipeline->Illuminate/Pipeline/{closure}(Object(Illuminate/Http/Request))
#32 C:/Users/user/MyFiles/ProgmiX/PEX-Form-main/vendor/laravel/framework/src/Illuminate/Routing/Middleware/ThrottleRequests.php(93): Illuminate/Routing/Middleware/ThrottleRequests->handleRequest(Object(Illuminate/Http/Request), Object(Closure), Array)
#33 C:/Users/user/MyFiles/ProgmiX/PEX-Form-main/vendor/laravel/framework/src/Illuminate/Pipeline/Pipeline.php(219): Illuminate/Routing/Middleware/ThrottleRequests->handle(Object(Illuminate/Http/Request), Object(Closure))
#34 C:/Users/user/MyFiles/ProgmiX/PEX-Form-main/modules/Backend/Http/Middleware/PathTraversal.php(57): Illuminate/Pipeline/Pipeline->Illuminate/Pipeline/{closure}(Object(Illuminate/Http/Request))
#35 C:/Users/user/MyFiles/ProgmiX/PEX-Form-main/vendor/laravel/framework/src/Illuminate/Pipeline/Pipeline.php(219): Juzaweb/Backend/Http/Middleware/PathTraversal->handle(Object(Illuminate/Http/Request), Object(Closure))
#36 C:/Users/user/MyFiles/ProgmiX/PEX-Form-main/modules/Backend/Http/Middleware/XssSanitization.php(44): Illuminate/Pipeline/Pipeline->Illuminate/Pipeline/{closure}(Object(Illuminate/Http/Request))
#37 C:/Users/user/MyFiles/ProgmiX/PEX-Form-main/vendor/laravel/framework/src/Illuminate/Pipeline/Pipeline.php(219): Juzaweb/Backend/Http/Middleware/XssSanitization->handle(Object(Illuminate/Http/Request), Object(Closure))
#38 C:/Users/user/MyFiles/ProgmiX/PEX-Form-main/vendor/spatie/laravel-csp/src/AddCspHeaders.php(13): Illuminate/Pipeline/Pipeline->Illuminate/Pipeline/{closure}(Object(Illuminate/Http/Request))
#39 C:/Users/user/MyFiles/ProgmiX/PEX-Form-main/vendor/laravel/framework/src/Illuminate/Pipeline/Pipeline.php(219): Spatie/Csp/AddCspHeaders->handle(Object(Illuminate/Http/Request), Object(Closure))
#40 C:/Users/user/MyFiles/ProgmiX/PEX-Form-main/vendor/barryvdh/laravel-debugbar/src/Middleware/InjectDebugbar.php(59): Illuminate/Pipeline/Pipeline->Illuminate/Pipeline/{closure}(Object(Illuminate/Http/Request))
#41 C:/Users/user/MyFiles/ProgmiX/PEX-Form-main/vendor/laravel/framework/src/Illuminate/Pipeline/Pipeline.php(219): Barryvdh/Debugbar/Middleware/InjectDebugbar->handle(Object(Illuminate/Http/Request), Object(Closure))
#42 C:/Users/user/MyFiles/ProgmiX/PEX-Form-main/modules/CMS/Http/Middleware/XFrameHeadersMiddleware.php(41): Illuminate/Pipeline/Pipeline->Illuminate/Pipeline/{closure}(Object(Illuminate/Http/Request))
#43 C:/Users/user/MyFiles/ProgmiX/PEX-Form-main/vendor/laravel/framework/src/Illuminate/Pipeline/Pipeline.php(219): Juzaweb/CMS/Http/Middleware/XFrameHeadersMiddleware->handle(Object(Illuminate/Http/Request), Object(Closure))
#44 C:/Users/user/MyFiles/ProgmiX/PEX-Form-main/vendor/laravel/framework/src/Illuminate/Routing/Middleware/SubstituteBindings.php(50): Illuminate/Pipeline/Pipeline->Illuminate/Pipeline/{closure}(Object(Illuminate/Http/Request))
#45 C:/Users/user/MyFiles/ProgmiX/PEX-Form-main/vendor/laravel/framework/src/Illuminate/Pipeline/Pipeline.php(219): Illuminate/Routing/Middleware/SubstituteBindings->handle(Object(Illuminate/Http/Request), Object(Closure))
#46 C:/Users/user/MyFiles/ProgmiX/PEX-Form-main/vendor/laravel/framework/src/Illuminate/Cookie/Middleware/AddQueuedCookiesToResponse.php(36): Illuminate/Pipeline/Pipeline->Illuminate/Pipeline/{closure}(Object(Illuminate/Http/Request))
#47 C:/Users/user/MyFiles/ProgmiX/PEX-Form-main/vendor/laravel/framework/src/Illuminate/Pipeline/Pipeline.php(219): Illuminate/Cookie/Middleware/AddQueuedCookiesToResponse->handle(Object(Illuminate/Http/Request), Object(Closure))
#48 C:/Users/user/MyFiles/ProgmiX/PEX-Form-main/vendor/laravel/framework/src/Illuminate/View/Middleware/ShareErrorsFromSession.php(48): Illuminate/Pipeline/Pipeline->Illuminate/Pipeline/{closure}(Object(Illuminate/Http/Request))
#49 C:/Users/user/MyFiles/ProgmiX/PEX-Form-main/modules/Backend/Http/Middleware/ShareErrorsUnlessBot.php(24): Illuminate/View/Middleware/ShareErrorsFromSession->handle(Object(Illuminate/Http/Request), Object(Closure))
#50 C:/Users/user/MyFiles/ProgmiX/PEX-Form-main/vendor/laravel/framework/src/Illuminate/Pipeline/Pipeline.php(219): Juzaweb/Backend/Http/Middleware/ShareErrorsUnlessBot->handle(Object(Illuminate/Http/Request), Object(Closure))
#51 C:/Users/user/MyFiles/ProgmiX/PEX-Form-main/vendor/laravel/framework/src/Illuminate/Session/Middleware/StartSession.php(120): Illuminate/Pipeline/Pipeline->Illuminate/Pipeline/{closure}(Object(Illuminate/Http/Request))
#52 C:/Users/user/MyFiles/ProgmiX/PEX-Form-main/vendor/laravel/framework/src/Illuminate/Session/Middleware/StartSession.php(63): Illuminate/Session/Middleware/StartSession->handleStatefulRequest(Object(Illuminate/Http/Request), Object(Illuminate/Session/Store), Object(Closure))
#53 C:/Users/user/MyFiles/ProgmiX/PEX-Form-main/modules/Backend/Http/Middleware/SkipSessionForBots.php(24): Illuminate/Session/Middleware/StartSession->handle(Object(Illuminate/Http/Request), Object(Closure))
#54 C:/Users/user/MyFiles/ProgmiX/PEX-Form-main/vendor/laravel/framework/src/Illuminate/Pipeline/Pipeline.php(219): Juzaweb/Backend/Http/Middleware/SkipSessionForBots->handle(Object(Illuminate/Http/Request), Object(Closure))
#55 C:/Users/user/MyFiles/ProgmiX/PEX-Form-main/vendor/laravel/framework/src/Illuminate/Cookie/Middleware/EncryptCookies.php(74): Illuminate/Pipeline/Pipeline->Illuminate/Pipeline/{closure}(Object(Illuminate/Http/Request))
#56 C:/Users/user/MyFiles/ProgmiX/PEX-Form-main/vendor/laravel/framework/src/Illuminate/Pipeline/Pipeline.php(219): Illuminate/Cookie/Middleware/EncryptCookies->handle(Object(Illuminate/Http/Request), Object(Closure))
#57 C:/Users/user/MyFiles/ProgmiX/PEX-Form-main/modules/CMS/Http/Middleware/GlobalMiddleware.php(11): Illuminate/Pipeline/Pipeline->Illuminate/Pipeline/{closure}(Object(Illuminate/Http/Request))
#58 C:/Users/user/MyFiles/ProgmiX/PEX-Form-main/vendor/laravel/framework/src/Illuminate/Pipeline/Pipeline.php(219): Juzaweb/CMS/Http/Middleware/GlobalMiddleware->handle(Object(Illuminate/Http/Request), Object(Closure))
#59 C:/Users/user/MyFiles/ProgmiX/PEX-Form-main/modules/Backend/Http/Middleware/DisableSessionForBots.php(30): Illuminate/Pipeline/Pipeline->Illuminate/Pipeline/{closure}(Object(Illuminate/Http/Request))
#60 C:/Users/user/MyFiles/ProgmiX/PEX-Form-main/vendor/laravel/framework/src/Illuminate/Pipeline/Pipeline.php(219): Juzaweb/Backend/Http/Middleware/DisableSessionForBots->handle(Object(Illuminate/Http/Request), Object(Closure))
#61 C:/Users/user/MyFiles/ProgmiX/PEX-Form-main/vendor/laravel/framework/src/Illuminate/Pipeline/Pipeline.php(137): Illuminate/Pipeline/Pipeline->Illuminate/Pipeline/{closure}(Object(Illuminate/Http/Request))
#62 C:/Users/user/MyFiles/ProgmiX/PEX-Form-main/vendor/laravel/framework/src/Illuminate/Routing/Router.php(821): Illuminate/Pipeline/Pipeline->then(Object(Closure))
#63 C:/Users/user/MyFiles/ProgmiX/PEX-Form-main/vendor/laravel/framework/src/Illuminate/Routing/Router.php(800): Illuminate/Routing/Router->runRouteWithinStack(Object(Illuminate/Routing/Route), Object(Illuminate/Http/Request))
#64 C:/Users/user/MyFiles/ProgmiX/PEX-Form-main/vendor/laravel/framework/src/Illuminate/Routing/Router.php(764): Illuminate/Routing/Router->runRoute(Object(Illuminate/Http/Request), Object(Illuminate/Routing/Route))
#65 C:/Users/user/MyFiles/ProgmiX/PEX-Form-main/vendor/laravel/framework/src/Illuminate/Routing/Router.php(753): Illuminate/Routing/Router->dispatchToRoute(Object(Illuminate/Http/Request))
#66 C:/Users/user/MyFiles/ProgmiX/PEX-Form-main/vendor/laravel/framework/src/Illuminate/Foundation/Http/Kernel.php(200): Illuminate/Routing/Router->dispatch(Object(Illuminate/Http/Request))
#67 C:/Users/user/MyFiles/ProgmiX/PEX-Form-main/vendor/laravel/framework/src/Illuminate/Pipeline/Pipeline.php(180): Illuminate/Foundation/Http/Kernel->Illuminate/Foundation/Http/{closure}(Object(Illuminate/Http/Request))
#68 C:/Users/user/MyFiles/ProgmiX/PEX-Form-main/vendor/barryvdh/laravel-debugbar/src/Middleware/InjectDebugbar.php(59): Illuminate/Pipeline/Pipeline->Illuminate/Pipeline/{closure}(Object(Illuminate/Http/Request))
#69 C:/Users/user/MyFiles/ProgmiX/PEX-Form-main/vendor/laravel/framework/src/Illuminate/Pipeline/Pipeline.php(219): Barryvdh/Debugbar/Middleware/InjectDebugbar->handle(Object(Illuminate/Http/Request), Object(Closure))
#70 C:/Users/user/MyFiles/ProgmiX/PEX-Form-main/modules/Backend/Http/Middleware/BlockIpMiddleware.php(31): Illuminate/Pipeline/Pipeline->Illuminate/Pipeline/{closure}(Object(Illuminate/Http/Request))
#71 C:/Users/user/MyFiles/ProgmiX/PEX-Form-main/vendor/laravel/framework/src/Illuminate/Pipeline/Pipeline.php(219): Juzaweb/Backend/Http/Middleware/BlockIpMiddleware->handle(Object(Illuminate/Http/Request), Object(Closure))
#72 C:/Users/user/MyFiles/ProgmiX/PEX-Form-main/modules/Backend/Http/Middleware/SecurityHeaders.php(25): Illuminate/Pipeline/Pipeline->Illuminate/Pipeline/{closure}(Object(Illuminate/Http/Request))
#73 C:/Users/user/MyFiles/ProgmiX/PEX-Form-main/vendor/laravel/framework/src/Illuminate/Pipeline/Pipeline.php(219): Juzaweb/Backend/Http/Middleware/SecurityHeaders->handle(Object(Illuminate/Http/Request), Object(Closure))
#74 C:/Users/user/MyFiles/ProgmiX/PEX-Form-main/vendor/laravel/framework/src/Illuminate/Foundation/Http/Middleware/TransformsRequest.php(21): Illuminate/Pipeline/Pipeline->Illuminate/Pipeline/{closure}(Object(Illuminate/Http/Request))
#75 C:/Users/user/MyFiles/ProgmiX/PEX-Form-main/vendor/laravel/framework/src/Illuminate/Foundation/Http/Middleware/ConvertEmptyStringsToNull.php(31): Illuminate/Foundation/Http/Middleware/TransformsRequest->handle(Object(Illuminate/Http/Request), Object(Closure))
#76 C:/Users/user/MyFiles/ProgmiX/PEX-Form-main/vendor/laravel/framework/src/Illuminate/Pipeline/Pipeline.php(219): Illuminate/Foundation/Http/Middleware/ConvertEmptyStringsToNull->handle(Object(Illuminate/Http/Request), Object(Closure))
#77 C:/Users/user/MyFiles/ProgmiX/PEX-Form-main/vendor/laravel/framework/src/Illuminate/Foundation/Http/Middleware/TransformsRequest.php(21): Illuminate/Pipeline/Pipeline->Illuminate/Pipeline/{closure}(Object(Illuminate/Http/Request))
#78 C:/Users/user/MyFiles/ProgmiX/PEX-Form-main/vendor/laravel/framework/src/Illuminate/Foundation/Http/Middleware/TrimStrings.php(51): Illuminate/Foundation/Http/Middleware/TransformsRequest->handle(Object(Illuminate/Http/Request), Object(Closure))
#79 C:/Users/user/MyFiles/ProgmiX/PEX-Form-main/vendor/laravel/framework/src/Illuminate/Pipeline/Pipeline.php(219): Illuminate/Foundation/Http/Middleware/TrimStrings->handle(Object(Illuminate/Http/Request), Object(Closure))
#80 C:/Users/user/MyFiles/ProgmiX/PEX-Form-main/vendor/laravel/framework/src/Illuminate/Http/Middleware/ValidatePostSize.php(27): Illuminate/Pipeline/Pipeline->Illuminate/Pipeline/{closure}(Object(Illuminate/Http/Request))
#81 C:/Users/user/MyFiles/ProgmiX/PEX-Form-main/vendor/laravel/framework/src/Illuminate/Pipeline/Pipeline.php(219): Illuminate/Http/Middleware/ValidatePostSize->handle(Object(Illuminate/Http/Request), Object(Closure))
#82 C:/Users/user/MyFiles/ProgmiX/PEX-Form-main/vendor/laravel/framework/src/Illuminate/Foundation/Http/Middleware/PreventRequestsDuringMaintenance.php(109): Illuminate/Pipeline/Pipeline->Illuminate/Pipeline/{closure}(Object(Illuminate/Http/Request))
#83 C:/Users/user/MyFiles/ProgmiX/PEX-Form-main/vendor/laravel/framework/src/Illuminate/Pipeline/Pipeline.php(219): Illuminate/Foundation/Http/Middleware/PreventRequestsDuringMaintenance->handle(Object(Illuminate/Http/Request), Object(Closure))
#84 C:/Users/user/MyFiles/ProgmiX/PEX-Form-main/vendor/laravel/framework/src/Illuminate/Http/Middleware/HandleCors.php(61): Illuminate/Pipeline/Pipeline->Illuminate/Pipeline/{closure}(Object(Illuminate/Http/Request))
#85 C:/Users/user/MyFiles/ProgmiX/PEX-Form-main/vendor/laravel/framework/src/Illuminate/Pipeline/Pipeline.php(219): Illuminate/Http/Middleware/HandleCors->handle(Object(Illuminate/Http/Request), Object(Closure))
#86 C:/Users/user/MyFiles/ProgmiX/PEX-Form-main/vendor/laravel/framework/src/Illuminate/Http/Middleware/TrustProxies.php(58): Illuminate/Pipeline/Pipeline->Illuminate/Pipeline/{closure}(Object(Illuminate/Http/Request))
#87 C:/Users/user/MyFiles/ProgmiX/PEX-Form-main/vendor/laravel/framework/src/Illuminate/Pipeline/Pipeline.php(219): Illuminate/Http/Middleware/TrustProxies->handle(Object(Illuminate/Http/Request), Object(Closure))
#88 C:/Users/user/MyFiles/ProgmiX/PEX-Form-main/vendor/laravel/framework/src/Illuminate/Pipeline/Pipeline.php(137): Illuminate/Pipeline/Pipeline->Illuminate/Pipeline/{closure}(Object(Illuminate/Http/Request))
#89 C:/Users/user/MyFiles/ProgmiX/PEX-Form-main/vendor/laravel/framework/src/Illuminate/Foundation/Http/Kernel.php(175): Illuminate/Pipeline/Pipeline->then(Object(Closure))
#90 C:/Users/user/MyFiles/ProgmiX/PEX-Form-main/vendor/laravel/framework/src/Illuminate/Foundation/Http/Kernel.php(144): Illuminate/Foundation/Http/Kernel->sendRequestThroughRouter(Object(Illuminate/Http/Request))
#91 C:/Users/user/MyFiles/ProgmiX/PEX-Form-main/public/index.php(51): Illuminate/Foundation/Http/Kernel->handle(Object(Illuminate/Http/Request))
#92 C:/Users/user/MyFiles/ProgmiX/PEX-Form-main/vendor/laravel/framework/src/Illuminate/Foundation/resources/server.php(23): require_once('C://Users//user//M...')
#93 {main}

[previous exception] [object] (Exception(code: 0): Property [key] does not exist on this collection instance. at C:/Users/user/MyFiles/ProgmiX/PEX-Form-main/vendor/laravel/framework/src/Illuminate/Collections/Traits/EnumeratesValues.php:1078)
[stacktrace]
#0 C:/Users/user/MyFiles/ProgmiX/PEX-Form-main/storage/framework/views/059a14fb5fde1dab7022048cc46ad544.php(13): Illuminate/Support/Collection->__get('key')
#1 [internal function]: Illuminate/Filesystem/Filesystem::{closure}(Object(Illuminate/Database/Eloquent/Collection), 'silver')
#2 C:/Users/user/MyFiles/ProgmiX/PEX-Form-main/vendor/laravel/framework/src/Illuminate/Collections/Arr.php(841): array_map(Object(Closure), Array, Array)
#3 C:/Users/user/MyFiles/ProgmiX/PEX-Form-main/vendor/laravel/framework/src/Illuminate/Collections/Collection.php(829): Illuminate/Support/Arr::map(Array, Object(Closure))
#4 C:/Users/user/MyFiles/ProgmiX/PEX-Form-main/vendor/laravel/framework/src/Illuminate/Database/Eloquent/Collection.php(421): Illuminate/Support/Collection->map(Object(Closure))
#5 C:/Users/user/MyFiles/ProgmiX/PEX-Form-main/storage/framework/views/059a14fb5fde1dab7022048cc46ad544.php(11): Illuminate/Database/Eloquent/Collection->map(Object(Closure))
#6 C:/Users/user/MyFiles/ProgmiX/PEX-Form-main/vendor/laravel/framework/src/Illuminate/Filesystem/Filesystem.php(123): require('C://Users//user//M...')
#7 C:/Users/user/MyFiles/ProgmiX/PEX-Form-main/vendor/laravel/framework/src/Illuminate/Filesystem/Filesystem.php(124): Illuminate/Filesystem/Filesystem::Illuminate/Filesystem/{closure}()
#8 C:/Users/user/MyFiles/ProgmiX/PEX-Form-main/vendor/laravel/framework/src/Illuminate/View/Engines/PhpEngine.php(57): Illuminate/Filesystem/Filesystem->getRequire('C://Users//user//M...', Array)
#9 C:/Users/user/MyFiles/ProgmiX/PEX-Form-main/vendor/laravel/framework/src/Illuminate/View/Engines/CompilerEngine.php(76): Illuminate/View/Engines/PhpEngine->evaluatePath('C://Users//user//M...', Array)
#10 C:/Users/user/MyFiles/ProgmiX/PEX-Form-main/vendor/laravel/framework/src/Illuminate/View/View.php(208): Illuminate/View/Engines/CompilerEngine->get('C://Users//user//M...', Array)
#11 C:/Users/user/MyFiles/ProgmiX/PEX-Form-main/vendor/laravel/framework/src/Illuminate/View/View.php(191): Illuminate/View/View->getContents()
#12 C:/Users/user/MyFiles/ProgmiX/PEX-Form-main/vendor/laravel/framework/src/Illuminate/View/View.php(160): Illuminate/View/View->renderContents()
#13 C:/Users/user/MyFiles/ProgmiX/PEX-Form-main/storage/framework/views/078e945ecbf82d678121cbf4f8650dce.php(1): Illuminate/View/View->render()
#14 C:/Users/user/MyFiles/ProgmiX/PEX-Form-main/vendor/laravel/framework/src/Illuminate/Filesystem/Filesystem.php(123): require('C://Users//user//M...')
#15 C:/Users/user/MyFiles/ProgmiX/PEX-Form-main/vendor/laravel/framework/src/Illuminate/Filesystem/Filesystem.php(124): Illuminate/Filesystem/Filesystem::Illuminate/Filesystem/{closure}()
#16 C:/Users/user/MyFiles/ProgmiX/PEX-Form-main/vendor/laravel/framework/src/Illuminate/View/Engines/PhpEngine.php(57): Illuminate/Filesystem/Filesystem->getRequire('C://Users//user//M...', Array)
#17 C:/Users/user/MyFiles/ProgmiX/PEX-Form-main/vendor/laravel/framework/src/Illuminate/View/Engines/CompilerEngine.php(76): Illuminate/View/Engines/PhpEngine->evaluatePath('C://Users//user//M...', Array)
#18 C:/Users/user/MyFiles/ProgmiX/PEX-Form-main/vendor/laravel/framework/src/Illuminate/View/View.php(208): Illuminate/View/Engines/CompilerEngine->get('C://Users//user//M...', Array)
#19 C:/Users/user/MyFiles/ProgmiX/PEX-Form-main/vendor/laravel/framework/src/Illuminate/View/View.php(191): Illuminate/View/View->getContents()
#20 C:/Users/user/MyFiles/ProgmiX/PEX-Form-main/vendor/laravel/framework/src/Illuminate/View/View.php(160): Illuminate/View/View->renderContents()
#21 C:/Users/user/MyFiles/ProgmiX/PEX-Form-main/vendor/laravel/framework/src/Illuminate/Http/Response.php(78): Illuminate/View/View->render()
#22 C:/Users/user/MyFiles/ProgmiX/PEX-Form-main/vendor/laravel/framework/src/Illuminate/Http/Response.php(34): Illuminate/Http/Response->setContent(Object(Illuminate/View/View))
#23 C:/Users/user/MyFiles/ProgmiX/PEX-Form-main/vendor/laravel/framework/src/Illuminate/Routing/Router.php(939): Illuminate/Http/Response->__construct(Object(Illuminate/View/View), 200, Array)
#24 C:/Users/user/MyFiles/ProgmiX/PEX-Form-main/vendor/laravel/framework/src/Illuminate/Routing/Router.php(906): Illuminate/Routing/Router::toResponse(Object(Illuminate/Http/Request), Object(Illuminate/View/View))
#25 C:/Users/user/MyFiles/ProgmiX/PEX-Form-main/vendor/laravel/framework/src/Illuminate/Routing/Router.php(821): Illuminate/Routing/Router->prepareResponse(Object(Illuminate/Http/Request), Object(Illuminate/View/View))
#26 C:/Users/user/MyFiles/ProgmiX/PEX-Form-main/vendor/laravel/framework/src/Illuminate/Pipeline/Pipeline.php(180): Illuminate/Routing/Router->Illuminate/Routing/{closure}(Object(Illuminate/Http/Request))
#27 C:/Users/user/MyFiles/ProgmiX/PEX-Form-main/modules/Frontend/Http/Middleware/Locale.php(49): Illuminate/Pipeline/Pipeline->Illuminate/Pipeline/{closure}(Object(Illuminate/Http/Request))
#28 C:/Users/user/MyFiles/ProgmiX/PEX-Form-main/vendor/laravel/framework/src/Illuminate/Pipeline/Pipeline.php(219): Juzaweb/Frontend/Http/Middleware/Locale->handle(Object(Illuminate/Http/Request), Object(Closure))
#29 C:/Users/user/MyFiles/ProgmiX/PEX-Form-main/modules/Backend/Http/Middleware/SecurityHeaders.php(25): Illuminate/Pipeline/Pipeline->Illuminate/Pipeline/{closure}(Object(Illuminate/Http/Request))
#30 C:/Users/user/MyFiles/ProgmiX/PEX-Form-main/vendor/laravel/framework/src/Illuminate/Pipeline/Pipeline.php(219): Juzaweb/Backend/Http/Middleware/SecurityHeaders->handle(Object(Illuminate/Http/Request), Object(Closure))
#31 C:/Users/user/MyFiles/ProgmiX/PEX-Form-main/vendor/laravel/framework/src/Illuminate/Routing/Middleware/ThrottleRequests.php(166): Illuminate/Pipeline/Pipeline->Illuminate/Pipeline/{closure}(Object(Illuminate/Http/Request))
#32 C:/Users/user/MyFiles/ProgmiX/PEX-Form-main/vendor/laravel/framework/src/Illuminate/Routing/Middleware/ThrottleRequests.php(93): Illuminate/Routing/Middleware/ThrottleRequests->handleRequest(Object(Illuminate/Http/Request), Object(Closure), Array)
#33 C:/Users/user/MyFiles/ProgmiX/PEX-Form-main/vendor/laravel/framework/src/Illuminate/Pipeline/Pipeline.php(219): Illuminate/Routing/Middleware/ThrottleRequests->handle(Object(Illuminate/Http/Request), Object(Closure))
#34 C:/Users/user/MyFiles/ProgmiX/PEX-Form-main/modules/Backend/Http/Middleware/PathTraversal.php(57): Illuminate/Pipeline/Pipeline->Illuminate/Pipeline/{closure}(Object(Illuminate/Http/Request))
#35 C:/Users/user/MyFiles/ProgmiX/PEX-Form-main/vendor/laravel/framework/src/Illuminate/Pipeline/Pipeline.php(219): Juzaweb/Backend/Http/Middleware/PathTraversal->handle(Object(Illuminate/Http/Request), Object(Closure))
#36 C:/Users/user/MyFiles/ProgmiX/PEX-Form-main/modules/Backend/Http/Middleware/XssSanitization.php(44): Illuminate/Pipeline/Pipeline->Illuminate/Pipeline/{closure}(Object(Illuminate/Http/Request))
#37 C:/Users/user/MyFiles/ProgmiX/PEX-Form-main/vendor/laravel/framework/src/Illuminate/Pipeline/Pipeline.php(219): Juzaweb/Backend/Http/Middleware/XssSanitization->handle(Object(Illuminate/Http/Request), Object(Closure))
#38 C:/Users/user/MyFiles/ProgmiX/PEX-Form-main/vendor/spatie/laravel-csp/src/AddCspHeaders.php(13): Illuminate/Pipeline/Pipeline->Illuminate/Pipeline/{closure}(Object(Illuminate/Http/Request))
#39 C:/Users/user/MyFiles/ProgmiX/PEX-Form-main/vendor/laravel/framework/src/Illuminate/Pipeline/Pipeline.php(219): Spatie/Csp/AddCspHeaders->handle(Object(Illuminate/Http/Request), Object(Closure))
#40 C:/Users/user/MyFiles/ProgmiX/PEX-Form-main/vendor/barryvdh/laravel-debugbar/src/Middleware/InjectDebugbar.php(59): Illuminate/Pipeline/Pipeline->Illuminate/Pipeline/{closure}(Object(Illuminate/Http/Request))
#41 C:/Users/user/MyFiles/ProgmiX/PEX-Form-main/vendor/laravel/framework/src/Illuminate/Pipeline/Pipeline.php(219): Barryvdh/Debugbar/Middleware/InjectDebugbar->handle(Object(Illuminate/Http/Request), Object(Closure))
#42 C:/Users/user/MyFiles/ProgmiX/PEX-Form-main/modules/CMS/Http/Middleware/XFrameHeadersMiddleware.php(41): Illuminate/Pipeline/Pipeline->Illuminate/Pipeline/{closure}(Object(Illuminate/Http/Request))
#43 C:/Users/user/MyFiles/ProgmiX/PEX-Form-main/vendor/laravel/framework/src/Illuminate/Pipeline/Pipeline.php(219): Juzaweb/CMS/Http/Middleware/XFrameHeadersMiddleware->handle(Object(Illuminate/Http/Request), Object(Closure))
#44 C:/Users/user/MyFiles/ProgmiX/PEX-Form-main/vendor/laravel/framework/src/Illuminate/Routing/Middleware/SubstituteBindings.php(50): Illuminate/Pipeline/Pipeline->Illuminate/Pipeline/{closure}(Object(Illuminate/Http/Request))
#45 C:/Users/user/MyFiles/ProgmiX/PEX-Form-main/vendor/laravel/framework/src/Illuminate/Pipeline/Pipeline.php(219): Illuminate/Routing/Middleware/SubstituteBindings->handle(Object(Illuminate/Http/Request), Object(Closure))
#46 C:/Users/user/MyFiles/ProgmiX/PEX-Form-main/vendor/laravel/framework/src/Illuminate/Cookie/Middleware/AddQueuedCookiesToResponse.php(36): Illuminate/Pipeline/Pipeline->Illuminate/Pipeline/{closure}(Object(Illuminate/Http/Request))
#47 C:/Users/user/MyFiles/ProgmiX/PEX-Form-main/vendor/laravel/framework/src/Illuminate/Pipeline/Pipeline.php(219): Illuminate/Cookie/Middleware/AddQueuedCookiesToResponse->handle(Object(Illuminate/Http/Request), Object(Closure))
#48 C:/Users/user/MyFiles/ProgmiX/PEX-Form-main/vendor/laravel/framework/src/Illuminate/View/Middleware/ShareErrorsFromSession.php(48): Illuminate/Pipeline/Pipeline->Illuminate/Pipeline/{closure}(Object(Illuminate/Http/Request))
#49 C:/Users/user/MyFiles/ProgmiX/PEX-Form-main/modules/Backend/Http/Middleware/ShareErrorsUnlessBot.php(24): Illuminate/View/Middleware/ShareErrorsFromSession->handle(Object(Illuminate/Http/Request), Object(Closure))
#50 C:/Users/user/MyFiles/ProgmiX/PEX-Form-main/vendor/laravel/framework/src/Illuminate/Pipeline/Pipeline.php(219): Juzaweb/Backend/Http/Middleware/ShareErrorsUnlessBot->handle(Object(Illuminate/Http/Request), Object(Closure))
#51 C:/Users/user/MyFiles/ProgmiX/PEX-Form-main/vendor/laravel/framework/src/Illuminate/Session/Middleware/StartSession.php(120): Illuminate/Pipeline/Pipeline->Illuminate/Pipeline/{closure}(Object(Illuminate/Http/Request))
#52 C:/Users/user/MyFiles/ProgmiX/PEX-Form-main/vendor/laravel/framework/src/Illuminate/Session/Middleware/StartSession.php(63): Illuminate/Session/Middleware/StartSession->handleStatefulRequest(Object(Illuminate/Http/Request), Object(Illuminate/Session/Store), Object(Closure))
#53 C:/Users/user/MyFiles/ProgmiX/PEX-Form-main/modules/Backend/Http/Middleware/SkipSessionForBots.php(24): Illuminate/Session/Middleware/StartSession->handle(Object(Illuminate/Http/Request), Object(Closure))
#54 C:/Users/user/MyFiles/ProgmiX/PEX-Form-main/vendor/laravel/framework/src/Illuminate/Pipeline/Pipeline.php(219): Juzaweb/Backend/Http/Middleware/SkipSessionForBots->handle(Object(Illuminate/Http/Request), Object(Closure))
#55 C:/Users/user/MyFiles/ProgmiX/PEX-Form-main/vendor/laravel/framework/src/Illuminate/Cookie/Middleware/EncryptCookies.php(74): Illuminate/Pipeline/Pipeline->Illuminate/Pipeline/{closure}(Object(Illuminate/Http/Request))
#56 C:/Users/user/MyFiles/ProgmiX/PEX-Form-main/vendor/laravel/framework/src/Illuminate/Pipeline/Pipeline.php(219): Illuminate/Cookie/Middleware/EncryptCookies->handle(Object(Illuminate/Http/Request), Object(Closure))
#57 C:/Users/user/MyFiles/ProgmiX/PEX-Form-main/modules/CMS/Http/Middleware/GlobalMiddleware.php(11): Illuminate/Pipeline/Pipeline->Illuminate/Pipeline/{closure}(Object(Illuminate/Http/Request))
#58 C:/Users/user/MyFiles/ProgmiX/PEX-Form-main/vendor/laravel/framework/src/Illuminate/Pipeline/Pipeline.php(219): Juzaweb/CMS/Http/Middleware/GlobalMiddleware->handle(Object(Illuminate/Http/Request), Object(Closure))
#59 C:/Users/user/MyFiles/ProgmiX/PEX-Form-main/modules/Backend/Http/Middleware/DisableSessionForBots.php(30): Illuminate/Pipeline/Pipeline->Illuminate/Pipeline/{closure}(Object(Illuminate/Http/Request))
#60 C:/Users/user/MyFiles/ProgmiX/PEX-Form-main/vendor/laravel/framework/src/Illuminate/Pipeline/Pipeline.php(219): Juzaweb/Backend/Http/Middleware/DisableSessionForBots->handle(Object(Illuminate/Http/Request), Object(Closure))
#61 C:/Users/user/MyFiles/ProgmiX/PEX-Form-main/vendor/laravel/framework/src/Illuminate/Pipeline/Pipeline.php(137): Illuminate/Pipeline/Pipeline->Illuminate/Pipeline/{closure}(Object(Illuminate/Http/Request))
#62 C:/Users/user/MyFiles/ProgmiX/PEX-Form-main/vendor/laravel/framework/src/Illuminate/Routing/Router.php(821): Illuminate/Pipeline/Pipeline->then(Object(Closure))
#63 C:/Users/user/MyFiles/ProgmiX/PEX-Form-main/vendor/laravel/framework/src/Illuminate/Routing/Router.php(800): Illuminate/Routing/Router->runRouteWithinStack(Object(Illuminate/Routing/Route), Object(Illuminate/Http/Request))
#64 C:/Users/user/MyFiles/ProgmiX/PEX-Form-main/vendor/laravel/framework/src/Illuminate/Routing/Router.php(764): Illuminate/Routing/Router->runRoute(Object(Illuminate/Http/Request), Object(Illuminate/Routing/Route))
#65 C:/Users/user/MyFiles/ProgmiX/PEX-Form-main/vendor/laravel/framework/src/Illuminate/Routing/Router.php(753): Illuminate/Routing/Router->dispatchToRoute(Object(Illuminate/Http/Request))
#66 C:/Users/user/MyFiles/ProgmiX/PEX-Form-main/vendor/laravel/framework/src/Illuminate/Foundation/Http/Kernel.php(200): Illuminate/Routing/Router->dispatch(Object(Illuminate/Http/Request))
#67 C:/Users/user/MyFiles/ProgmiX/PEX-Form-main/vendor/laravel/framework/src/Illuminate/Pipeline/Pipeline.php(180): Illuminate/Foundation/Http/Kernel->Illuminate/Foundation/Http/{closure}(Object(Illuminate/Http/Request))
#68 C:/Users/user/MyFiles/ProgmiX/PEX-Form-main/vendor/barryvdh/laravel-debugbar/src/Middleware/InjectDebugbar.php(59): Illuminate/Pipeline/Pipeline->Illuminate/Pipeline/{closure}(Object(Illuminate/Http/Request))
#69 C:/Users/user/MyFiles/ProgmiX/PEX-Form-main/vendor/laravel/framework/src/Illuminate/Pipeline/Pipeline.php(219): Barryvdh/Debugbar/Middleware/InjectDebugbar->handle(Object(Illuminate/Http/Request), Object(Closure))
#70 C:/Users/user/MyFiles/ProgmiX/PEX-Form-main/modules/Backend/Http/Middleware/BlockIpMiddleware.php(31): Illuminate/Pipeline/Pipeline->Illuminate/Pipeline/{closure}(Object(Illuminate/Http/Request))
#71 C:/Users/user/MyFiles/ProgmiX/PEX-Form-main/vendor/laravel/framework/src/Illuminate/Pipeline/Pipeline.php(219): Juzaweb/Backend/Http/Middleware/BlockIpMiddleware->handle(Object(Illuminate/Http/Request), Object(Closure))
#72 C:/Users/user/MyFiles/ProgmiX/PEX-Form-main/modules/Backend/Http/Middleware/SecurityHeaders.php(25): Illuminate/Pipeline/Pipeline->Illuminate/Pipeline/{closure}(Object(Illuminate/Http/Request))
#73 C:/Users/user/MyFiles/ProgmiX/PEX-Form-main/vendor/laravel/framework/src/Illuminate/Pipeline/Pipeline.php(219): Juzaweb/Backend/Http/Middleware/SecurityHeaders->handle(Object(Illuminate/Http/Request), Object(Closure))
#74 C:/Users/user/MyFiles/ProgmiX/PEX-Form-main/vendor/laravel/framework/src/Illuminate/Foundation/Http/Middleware/TransformsRequest.php(21): Illuminate/Pipeline/Pipeline->Illuminate/Pipeline/{closure}(Object(Illuminate/Http/Request))
#75 C:/Users/user/MyFiles/ProgmiX/PEX-Form-main/vendor/laravel/framework/src/Illuminate/Foundation/Http/Middleware/ConvertEmptyStringsToNull.php(31): Illuminate/Foundation/Http/Middleware/TransformsRequest->handle(Object(Illuminate/Http/Request), Object(Closure))
#76 C:/Users/user/MyFiles/ProgmiX/PEX-Form-main/vendor/laravel/framework/src/Illuminate/Pipeline/Pipeline.php(219): Illuminate/Foundation/Http/Middleware/ConvertEmptyStringsToNull->handle(Object(Illuminate/Http/Request), Object(Closure))
#77 C:/Users/user/MyFiles/ProgmiX/PEX-Form-main/vendor/laravel/framework/src/Illuminate/Foundation/Http/Middleware/TransformsRequest.php(21): Illuminate/Pipeline/Pipeline->Illuminate/Pipeline/{closure}(Object(Illuminate/Http/Request))
#78 C:/Users/user/MyFiles/ProgmiX/PEX-Form-main/vendor/laravel/framework/src/Illuminate/Foundation/Http/Middleware/TrimStrings.php(51): Illuminate/Foundation/Http/Middleware/TransformsRequest->handle(Object(Illuminate/Http/Request), Object(Closure))
#79 C:/Users/user/MyFiles/ProgmiX/PEX-Form-main/vendor/laravel/framework/src/Illuminate/Pipeline/Pipeline.php(219): Illuminate/Foundation/Http/Middleware/TrimStrings->handle(Object(Illuminate/Http/Request), Object(Closure))
#80 C:/Users/user/MyFiles/ProgmiX/PEX-Form-main/vendor/laravel/framework/src/Illuminate/Http/Middleware/ValidatePostSize.php(27): Illuminate/Pipeline/Pipeline->Illuminate/Pipeline/{closure}(Object(Illuminate/Http/Request))
#81 C:/Users/user/MyFiles/ProgmiX/PEX-Form-main/vendor/laravel/framework/src/Illuminate/Pipeline/Pipeline.php(219): Illuminate/Http/Middleware/ValidatePostSize->handle(Object(Illuminate/Http/Request), Object(Closure))
#82 C:/Users/user/MyFiles/ProgmiX/PEX-Form-main/vendor/laravel/framework/src/Illuminate/Foundation/Http/Middleware/PreventRequestsDuringMaintenance.php(109): Illuminate/Pipeline/Pipeline->Illuminate/Pipeline/{closure}(Object(Illuminate/Http/Request))
#83 C:/Users/user/MyFiles/ProgmiX/PEX-Form-main/vendor/laravel/framework/src/Illuminate/Pipeline/Pipeline.php(219): Illuminate/Foundation/Http/Middleware/PreventRequestsDuringMaintenance->handle(Object(Illuminate/Http/Request), Object(Closure))
#84 C:/Users/user/MyFiles/ProgmiX/PEX-Form-main/vendor/laravel/framework/src/Illuminate/Http/Middleware/HandleCors.php(61): Illuminate/Pipeline/Pipeline->Illuminate/Pipeline/{closure}(Object(Illuminate/Http/Request))
#85 C:/Users/user/MyFiles/ProgmiX/PEX-Form-main/vendor/laravel/framework/src/Illuminate/Pipeline/Pipeline.php(219): Illuminate/Http/Middleware/HandleCors->handle(Object(Illuminate/Http/Request), Object(Closure))
#86 C:/Users/user/MyFiles/ProgmiX/PEX-Form-main/vendor/laravel/framework/src/Illuminate/Http/Middleware/TrustProxies.php(58): Illuminate/Pipeline/Pipeline->Illuminate/Pipeline/{closure}(Object(Illuminate/Http/Request))
#87 C:/Users/user/MyFiles/ProgmiX/PEX-Form-main/vendor/laravel/framework/src/Illuminate/Pipeline/Pipeline.php(219): Illuminate/Http/Middleware/TrustProxies->handle(Object(Illuminate/Http/Request), Object(Closure))
#88 C:/Users/user/MyFiles/ProgmiX/PEX-Form-main/vendor/laravel/framework/src/Illuminate/Pipeline/Pipeline.php(137): Illuminate/Pipeline/Pipeline->Illuminate/Pipeline/{closure}(Object(Illuminate/Http/Request))
#89 C:/Users/user/MyFiles/ProgmiX/PEX-Form-main/vendor/laravel/framework/src/Illuminate/Foundation/Http/Kernel.php(175): Illuminate/Pipeline/Pipeline->then(Object(Closure))
#90 C:/Users/user/MyFiles/ProgmiX/PEX-Form-main/vendor/laravel/framework/src/Illuminate/Foundation/Http/Kernel.php(144): Illuminate/Foundation/Http/Kernel->sendRequestThroughRouter(Object(Illuminate/Http/Request))
#91 C:/Users/user/MyFiles/ProgmiX/PEX-Form-main/public/index.php(51): Illuminate/Foundation/Http/Kernel->handle(Object(Illuminate/Http/Request))
#92 C:/Users/user/MyFiles/ProgmiX/PEX-Form-main/vendor/laravel/framework/src/Illuminate/Foundation/resources/server.php(23): require_once('C://Users//user//M...')
#93 {main}
"} 
