[2026-09-06 07:36:57] local.ERROR: SQLSTATE[42S02]: Base table or view not found: 1146 Table 'pex_form.forum_registrations' doesn't exist (Connection: mysql, Host: 127.0.0.1, Port: 3306, Database: pex_form, SQL: select count(*) as aggregate from `forum_registrations` where `email` = nooraldeentumeh@gmail.com) {"userId":1,"exception":"[object] (Illuminate\\Database\\QueryException(code: 42S02): SQLSTATE[42S02]: Base table or view not found: 1146 Table 'pex_form.forum_registrations' doesn't exist (Connection: mysql, Host: 127.0.0.1, Port: 3306, Database: pex_form, SQL: select count(*) as aggregate from `forum_registrations` where `email` = nooraldeentumeh@gmail.com) at C:/Users/user/MyFiles/ProgmiX/PEX-Form-main/vendor/laravel/framework/src/Illuminate/Database/Connection.php:838)
[stacktrace]
#0 C:/Users/user/MyFiles/ProgmiX/PEX-Form-main/vendor/laravel/framework/src/Illuminate/Database/Connection.php(794): Illuminate/Database/Connection->runQueryCallback('select count(*)...', Array, Object(Closure))
#1 C:/Users/user/MyFiles/ProgmiX/PEX-Form-main/vendor/laravel/framework/src/Illuminate/Database/Connection.php(411): Illuminate/Database/Connection->run('select count(*)...', Array, Object(Closure))
#2 C:/Users/user/MyFiles/ProgmiX/PEX-Form-main/vendor/laravel/framework/src/Illuminate/Database/Query/Builder.php(3505): Illuminate/Database/Connection->select('select count(*)...', Array, false)
#3 C:/Users/user/MyFiles/ProgmiX/PEX-Form-main/vendor/laravel/framework/src/Illuminate/Database/Query/Builder.php(3490): Illuminate/Database/Query/Builder->runSelect()
#4 C:/Users/user/MyFiles/ProgmiX/PEX-Form-main/vendor/laravel/framework/src/Illuminate/Database/Query/Builder.php(4080): Illuminate/Database/Query/Builder->Illuminate/Database/Query/{closure}()
#5 C:/Users/user/MyFiles/ProgmiX/PEX-Form-main/vendor/laravel/framework/src/Illuminate/Database/Query/Builder.php(3489): Illuminate/Database/Query/Builder->onceWithColumns(Array, Object(Closure))
#6 C:/Users/user/MyFiles/ProgmiX/PEX-Form-main/vendor/laravel/framework/src/Illuminate/Database/Query/Builder.php(4004): Illuminate/Database/Query/Builder->get(Array)
#7 C:/Users/user/MyFiles/ProgmiX/PEX-Form-main/vendor/laravel/framework/src/Illuminate/Database/Query/Builder.php(3932): Illuminate/Database/Query/Builder->aggregate('count', Array)
#8 C:/Users/user/MyFiles/ProgmiX/PEX-Form-main/vendor/laravel/framework/src/Illuminate/Validation/DatabasePresenceVerifier.php(53): Illuminate/Database/Query/Builder->count()
#9 C:/Users/user/MyFiles/ProgmiX/PEX-Form-main/vendor/laravel/framework/src/Illuminate/Validation/Concerns/ValidatesAttributes.php(1087): Illuminate/Validation/DatabasePresenceVerifier->getCount('forum_registrat...', 'email', 'nooraldeentumeh...', NULL, 'id', Array)
#10 C:/Users/user/MyFiles/ProgmiX/PEX-Form-main/vendor/laravel/framework/src/Illuminate/Validation/Validator.php(726): Illuminate/Validation/Validator->validateUnique('email', 'nooraldeentumeh...', Array, Object(Illuminate/Validation/Validator))
#11 C:/Users/user/MyFiles/ProgmiX/PEX-Form-main/vendor/laravel/framework/src/Illuminate/Validation/Validator.php(481): Illuminate/Validation/Validator->validateAttribute('email', 'Unique')
#12 C:/Users/user/MyFiles/ProgmiX/PEX-Form-main/vendor/laravel/framework/src/Illuminate/Validation/Validator.php(516): Illuminate/Validation/Validator->passes()
#13 C:/Users/user/MyFiles/ProgmiX/PEX-Form-main/vendor/laravel/framework/src/Illuminate/Validation/ValidatesWhenResolvedTrait.php(31): Illuminate/Validation/Validator->fails()
#14 C:/Users/user/MyFiles/ProgmiX/PEX-Form-main/vendor/laravel/framework/src/Illuminate/Foundation/Providers/FormRequestServiceProvider.php(30): Illuminate/Foundation/Http/FormRequest->validateResolved()
#15 C:/Users/user/MyFiles/ProgmiX/PEX-Form-main/vendor/laravel/framework/src/Illuminate/Container/Container.php(1618): Illuminate/Foundation/Providers/FormRequestServiceProvider->Illuminate/Foundation/Providers/{closure}(Object(Juzaweb/Frontend/Http/Requests/ForumRegistrationRequest), Object(Juzaweb/CMS/Support/Application))
#16 C:/Users/user/MyFiles/ProgmiX/PEX-Form-main/vendor/laravel/framework/src/Illuminate/Container/Container.php(1556): Illuminate/Container/Container->fireCallbackArray(Object(Juzaweb/Frontend/Http/Requests/ForumRegistrationRequest), Array)
#17 C:/Users/user/MyFiles/ProgmiX/PEX-Form-main/vendor/laravel/framework/src/Illuminate/Container/Container.php(1542): Illuminate/Container/Container->fireAfterResolvingCallbacks('Juzaweb//Fronten...', Object(Juzaweb/Frontend/Http/Requests/ForumRegistrationRequest))
#18 C:/Users/user/MyFiles/ProgmiX/PEX-Form-main/vendor/laravel/framework/src/Illuminate/Container/Container.php(951): Illuminate/Container/Container->fireResolvingCallbacks('Juzaweb//Fronten...', Object(Juzaweb/Frontend/Http/Requests/ForumRegistrationRequest))
#19 C:/Users/user/MyFiles/ProgmiX/PEX-Form-main/vendor/laravel/framework/src/Illuminate/Foundation/Application.php(1078): Illuminate/Container/Container->resolve('Juzaweb//Fronten...', Array, true)
#20 C:/Users/user/MyFiles/ProgmiX/PEX-Form-main/vendor/laravel/framework/src/Illuminate/Container/Container.php(864): Illuminate/Foundation/Application->resolve('Juzaweb//Fronten...', Array)
#21 C:/Users/user/MyFiles/ProgmiX/PEX-Form-main/vendor/laravel/framework/src/Illuminate/Foundation/Application.php(1058): Illuminate/Container/Container->make('Juzaweb//Fronten...', Array)
#22 C:/Users/user/MyFiles/ProgmiX/PEX-Form-main/vendor/laravel/framework/src/Illuminate/Routing/ResolvesRouteDependencies.php(92): Illuminate/Foundation/Application->make('Juzaweb//Fronten...')
#23 C:/Users/user/MyFiles/ProgmiX/PEX-Form-main/vendor/laravel/framework/src/Illuminate/Routing/ResolvesRouteDependencies.php(51): Illuminate/Routing/ControllerDispatcher->transformDependency(Object(ReflectionParameter), Array, Object(stdClass))
#24 C:/Users/user/MyFiles/ProgmiX/PEX-Form-main/vendor/laravel/framework/src/Illuminate/Routing/ResolvesRouteDependencies.php(30): Illuminate/Routing/ControllerDispatcher->resolveMethodDependencies(Array, Object(ReflectionMethod))
#25 C:/Users/user/MyFiles/ProgmiX/PEX-Form-main/vendor/laravel/framework/src/Illuminate/Routing/ControllerDispatcher.php(59): Illuminate/Routing/ControllerDispatcher->resolveClassMethodDependencies(Array, Object(Juzaweb/Frontend/Http/Controllers/ForumRegistrationController), 'store')
#26 C:/Users/user/MyFiles/ProgmiX/PEX-Form-main/vendor/laravel/framework/src/Illuminate/Routing/ControllerDispatcher.php(40): Illuminate/Routing/ControllerDispatcher->resolveParameters(Object(Illuminate/Routing/Route), Object(Juzaweb/Frontend/Http/Controllers/ForumRegistrationController), 'store')
#27 C:/Users/user/MyFiles/ProgmiX/PEX-Form-main/vendor/laravel/framework/src/Illuminate/Routing/Route.php(265): Illuminate/Routing/ControllerDispatcher->dispatch(Object(Illuminate/Routing/Route), Object(Juzaweb/Frontend/Http/Controllers/ForumRegistrationController), 'store')
#28 C:/Users/user/MyFiles/ProgmiX/PEX-Form-main/vendor/laravel/framework/src/Illuminate/Routing/Route.php(211): Illuminate/Routing/Route->runController()
#29 C:/Users/user/MyFiles/ProgmiX/PEX-Form-main/vendor/laravel/framework/src/Illuminate/Routing/Router.php(822): Illuminate/Routing/Route->run()
#30 C:/Users/user/MyFiles/ProgmiX/PEX-Form-main/vendor/laravel/framework/src/Illuminate/Pipeline/Pipeline.php(180): Illuminate/Routing/Router->Illuminate/Routing/{closure}(Object(Illuminate/Http/Request))
#31 C:/Users/user/MyFiles/ProgmiX/PEX-Form-main/vendor/laravel/framework/src/Illuminate/Routing/Middleware/ThrottleRequests.php(166): Illuminate/Pipeline/Pipeline->Illuminate/Pipeline/{closure}(Object(Illuminate/Http/Request))
#32 C:/Users/user/MyFiles/ProgmiX/PEX-Form-main/vendor/laravel/framework/src/Illuminate/Routing/Middleware/ThrottleRequests.php(129): Illuminate/Routing/Middleware/ThrottleRequests->handleRequest(Object(Illuminate/Http/Request), Object(Closure), Array)
#33 C:/Users/user/MyFiles/ProgmiX/PEX-Form-main/vendor/laravel/framework/src/Illuminate/Routing/Middleware/ThrottleRequests.php(90): Illuminate/Routing/Middleware/ThrottleRequests->handleRequestUsingNamedLimiter(Object(Illuminate/Http/Request), Object(Closure), 'forum-registrat...', Object(Closure))
#34 C:/Users/user/MyFiles/ProgmiX/PEX-Form-main/vendor/laravel/framework/src/Illuminate/Pipeline/Pipeline.php(219): Illuminate/Routing/Middleware/ThrottleRequests->handle(Object(Illuminate/Http/Request), Object(Closure), 'forum-registrat...')
#35 C:/Users/user/MyFiles/ProgmiX/PEX-Form-main/modules/Frontend/Http/Middleware/Locale.php(49): Illuminate/Pipeline/Pipeline->Illuminate/Pipeline/{closure}(Object(Illuminate/Http/Request))
#36 C:/Users/user/MyFiles/ProgmiX/PEX-Form-main/vendor/laravel/framework/src/Illuminate/Pipeline/Pipeline.php(219): Juzaweb/Frontend/Http/Middleware/Locale->handle(Object(Illuminate/Http/Request), Object(Closure))
#37 C:/Users/user/MyFiles/ProgmiX/PEX-Form-main/modules/Backend/Http/Middleware/SecurityHeaders.php(25): Illuminate/Pipeline/Pipeline->Illuminate/Pipeline/{closure}(Object(Illuminate/Http/Request))
#38 C:/Users/user/MyFiles/ProgmiX/PEX-Form-main/vendor/laravel/framework/src/Illuminate/Pipeline/Pipeline.php(219): Juzaweb/Backend/Http/Middleware/SecurityHeaders->handle(Object(Illuminate/Http/Request), Object(Closure))
#39 C:/Users/user/MyFiles/ProgmiX/PEX-Form-main/vendor/laravel/framework/src/Illuminate/Routing/Middleware/ThrottleRequests.php(166): Illuminate/Pipeline/Pipeline->Illuminate/Pipeline/{closure}(Object(Illuminate/Http/Request))
#40 C:/Users/user/MyFiles/ProgmiX/PEX-Form-main/vendor/laravel/framework/src/Illuminate/Routing/Middleware/ThrottleRequests.php(93): Illuminate/Routing/Middleware/ThrottleRequests->handleRequest(Object(Illuminate/Http/Request), Object(Closure), Array)
#41 C:/Users/user/MyFiles/ProgmiX/PEX-Form-main/vendor/laravel/framework/src/Illuminate/Pipeline/Pipeline.php(219): Illuminate/Routing/Middleware/ThrottleRequests->handle(Object(Illuminate/Http/Request), Object(Closure))
#42 C:/Users/user/MyFiles/ProgmiX/PEX-Form-main/modules/Backend/Http/Middleware/PathTraversal.php(57): Illuminate/Pipeline/Pipeline->Illuminate/Pipeline/{closure}(Object(Illuminate/Http/Request))
#43 C:/Users/user/MyFiles/ProgmiX/PEX-Form-main/vendor/laravel/framework/src/Illuminate/Pipeline/Pipeline.php(219): Juzaweb/Backend/Http/Middleware/PathTraversal->handle(Object(Illuminate/Http/Request), Object(Closure))
#44 C:/Users/user/MyFiles/ProgmiX/PEX-Form-main/modules/Backend/Http/Middleware/XssSanitization.php(44): Illuminate/Pipeline/Pipeline->Illuminate/Pipeline/{closure}(Object(Illuminate/Http/Request))
#45 C:/Users/user/MyFiles/ProgmiX/PEX-Form-main/vendor/laravel/framework/src/Illuminate/Pipeline/Pipeline.php(219): Juzaweb/Backend/Http/Middleware/XssSanitization->handle(Object(Illuminate/Http/Request), Object(Closure))
#46 C:/Users/user/MyFiles/ProgmiX/PEX-Form-main/vendor/spatie/laravel-csp/src/AddCspHeaders.php(13): Illuminate/Pipeline/Pipeline->Illuminate/Pipeline/{closure}(Object(Illuminate/Http/Request))
#47 C:/Users/user/MyFiles/ProgmiX/PEX-Form-main/vendor/laravel/framework/src/Illuminate/Pipeline/Pipeline.php(219): Spatie/Csp/AddCspHeaders->handle(Object(Illuminate/Http/Request), Object(Closure))
#48 C:/Users/user/MyFiles/ProgmiX/PEX-Form-main/vendor/barryvdh/laravel-debugbar/src/Middleware/InjectDebugbar.php(59): Illuminate/Pipeline/Pipeline->Illuminate/Pipeline/{closure}(Object(Illuminate/Http/Request))
#49 C:/Users/user/MyFiles/ProgmiX/PEX-Form-main/vendor/laravel/framework/src/Illuminate/Pipeline/Pipeline.php(219): Barryvdh/Debugbar/Middleware/InjectDebugbar->handle(Object(Illuminate/Http/Request), Object(Closure))
#50 C:/Users/user/MyFiles/ProgmiX/PEX-Form-main/modules/CMS/Http/Middleware/XFrameHeadersMiddleware.php(41): Illuminate/Pipeline/Pipeline->Illuminate/Pipeline/{closure}(Object(Illuminate/Http/Request))
#51 C:/Users/user/MyFiles/ProgmiX/PEX-Form-main/vendor/laravel/framework/src/Illuminate/Pipeline/Pipeline.php(219): Juzaweb/CMS/Http/Middleware/XFrameHeadersMiddleware->handle(Object(Illuminate/Http/Request), Object(Closure))
#52 C:/Users/user/MyFiles/ProgmiX/PEX-Form-main/vendor/laravel/framework/src/Illuminate/Routing/Middleware/SubstituteBindings.php(50): Illuminate/Pipeline/Pipeline->Illuminate/Pipeline/{closure}(Object(Illuminate/Http/Request))
#53 C:/Users/user/MyFiles/ProgmiX/PEX-Form-main/vendor/laravel/framework/src/Illuminate/Pipeline/Pipeline.php(219): Illuminate/Routing/Middleware/SubstituteBindings->handle(Object(Illuminate/Http/Request), Object(Closure))
#54 C:/Users/user/MyFiles/ProgmiX/PEX-Form-main/vendor/laravel/framework/src/Illuminate/Cookie/Middleware/AddQueuedCookiesToResponse.php(36): Illuminate/Pipeline/Pipeline->Illuminate/Pipeline/{closure}(Object(Illuminate/Http/Request))
#55 C:/Users/user/MyFiles/ProgmiX/PEX-Form-main/vendor/laravel/framework/src/Illuminate/Pipeline/Pipeline.php(219): Illuminate/Cookie/Middleware/AddQueuedCookiesToResponse->handle(Object(Illuminate/Http/Request), Object(Closure))
#56 C:/Users/user/MyFiles/ProgmiX/PEX-Form-main/vendor/laravel/framework/src/Illuminate/View/Middleware/ShareErrorsFromSession.php(48): Illuminate/Pipeline/Pipeline->Illuminate/Pipeline/{closure}(Object(Illuminate/Http/Request))
#57 C:/Users/user/MyFiles/ProgmiX/PEX-Form-main/modules/Backend/Http/Middleware/ShareErrorsUnlessBot.php(24): Illuminate/View/Middleware/ShareErrorsFromSession->handle(Object(Illuminate/Http/Request), Object(Closure))
#58 C:/Users/user/MyFiles/ProgmiX/PEX-Form-main/vendor/laravel/framework/src/Illuminate/Pipeline/Pipeline.php(219): Juzaweb/Backend/Http/Middleware/ShareErrorsUnlessBot->handle(Object(Illuminate/Http/Request), Object(Closure))
#59 C:/Users/user/MyFiles/ProgmiX/PEX-Form-main/vendor/laravel/framework/src/Illuminate/Session/Middleware/StartSession.php(120): Illuminate/Pipeline/Pipeline->Illuminate/Pipeline/{closure}(Object(Illuminate/Http/Request))
#60 C:/Users/user/MyFiles/ProgmiX/PEX-Form-main/vendor/laravel/framework/src/Illuminate/Session/Middleware/StartSession.php(63): Illuminate/Session/Middleware/StartSession->handleStatefulRequest(Object(Illuminate/Http/Request), Object(Illuminate/Session/Store), Object(Closure))
#61 C:/Users/user/MyFiles/ProgmiX/PEX-Form-main/modules/Backend/Http/Middleware/SkipSessionForBots.php(24): Illuminate/Session/Middleware/StartSession->handle(Object(Illuminate/Http/Request), Object(Closure))
#62 C:/Users/user/MyFiles/ProgmiX/PEX-Form-main/vendor/laravel/framework/src/Illuminate/Pipeline/Pipeline.php(219): Juzaweb/Backend/Http/Middleware/SkipSessionForBots->handle(Object(Illuminate/Http/Request), Object(Closure))
#63 C:/Users/user/MyFiles/ProgmiX/PEX-Form-main/vendor/laravel/framework/src/Illuminate/Cookie/Middleware/EncryptCookies.php(74): Illuminate/Pipeline/Pipeline->Illuminate/Pipeline/{closure}(Object(Illuminate/Http/Request))
#64 C:/Users/user/MyFiles/ProgmiX/PEX-Form-main/vendor/laravel/framework/src/Illuminate/Pipeline/Pipeline.php(219): Illuminate/Cookie/Middleware/EncryptCookies->handle(Object(Illuminate/Http/Request), Object(Closure))
#65 C:/Users/user/MyFiles/ProgmiX/PEX-Form-main/modules/CMS/Http/Middleware/GlobalMiddleware.php(11): Illuminate/Pipeline/Pipeline->Illuminate/Pipeline/{closure}(Object(Illuminate/Http/Request))
#66 C:/Users/user/MyFiles/ProgmiX/PEX-Form-main/vendor/laravel/framework/src/Illuminate/Pipeline/Pipeline.php(219): Juzaweb/CMS/Http/Middleware/GlobalMiddleware->handle(Object(Illuminate/Http/Request), Object(Closure))
#67 C:/Users/user/MyFiles/ProgmiX/PEX-Form-main/modules/Backend/Http/Middleware/DisableSessionForBots.php(30): Illuminate/Pipeline/Pipeline->Illuminate/Pipeline/{closure}(Object(Illuminate/Http/Request))
#68 C:/Users/user/MyFiles/ProgmiX/PEX-Form-main/vendor/laravel/framework/src/Illuminate/Pipeline/Pipeline.php(219): Juzaweb/Backend/Http/Middleware/DisableSessionForBots->handle(Object(Illuminate/Http/Request), Object(Closure))
#69 C:/Users/user/MyFiles/ProgmiX/PEX-Form-main/vendor/laravel/framework/src/Illuminate/Pipeline/Pipeline.php(137): Illuminate/Pipeline/Pipeline->Illuminate/Pipeline/{closure}(Object(Illuminate/Http/Request))
#70 C:/Users/user/MyFiles/ProgmiX/PEX-Form-main/vendor/laravel/framework/src/Illuminate/Routing/Router.php(821): Illuminate/Pipeline/Pipeline->then(Object(Closure))
#71 C:/Users/user/MyFiles/ProgmiX/PEX-Form-main/vendor/laravel/framework/src/Illuminate/Routing/Router.php(800): Illuminate/Routing/Router->runRouteWithinStack(Object(Illuminate/Routing/Route), Object(Illuminate/Http/Request))
#72 C:/Users/user/MyFiles/ProgmiX/PEX-Form-main/vendor/laravel/framework/src/Illuminate/Routing/Router.php(764): Illuminate/Routing/Router->runRoute(Object(Illuminate/Http/Request), Object(Illuminate/Routing/Route))
#73 C:/Users/user/MyFiles/ProgmiX/PEX-Form-main/vendor/laravel/framework/src/Illuminate/Routing/Router.php(753): Illuminate/Routing/Router->dispatchToRoute(Object(Illuminate/Http/Request))
#74 C:/Users/user/MyFiles/ProgmiX/PEX-Form-main/vendor/laravel/framework/src/Illuminate/Foundation/Http/Kernel.php(200): Illuminate/Routing/Router->dispatch(Object(Illuminate/Http/Request))
#75 C:/Users/user/MyFiles/ProgmiX/PEX-Form-main/vendor/laravel/framework/src/Illuminate/Pipeline/Pipeline.php(180): Illuminate/Foundation/Http/Kernel->Illuminate/Foundation/Http/{closure}(Object(Illuminate/Http/Request))
#76 C:/Users/user/MyFiles/ProgmiX/PEX-Form-main/vendor/barryvdh/laravel-debugbar/src/Middleware/InjectDebugbar.php(59): Illuminate/Pipeline/Pipeline->Illuminate/Pipeline/{closure}(Object(Illuminate/Http/Request))
#77 C:/Users/user/MyFiles/ProgmiX/PEX-Form-main/vendor/laravel/framework/src/Illuminate/Pipeline/Pipeline.php(219): Barryvdh/Debugbar/Middleware/InjectDebugbar->handle(Object(Illuminate/Http/Request), Object(Closure))
#78 C:/Users/user/MyFiles/ProgmiX/PEX-Form-main/modules/Backend/Http/Middleware/BlockIpMiddleware.php(31): Illuminate/Pipeline/Pipeline->Illuminate/Pipeline/{closure}(Object(Illuminate/Http/Request))
#79 C:/Users/user/MyFiles/ProgmiX/PEX-Form-main/vendor/laravel/framework/src/Illuminate/Pipeline/Pipeline.php(219): Juzaweb/Backend/Http/Middleware/BlockIpMiddleware->handle(Object(Illuminate/Http/Request), Object(Closure))
#80 C:/Users/user/MyFiles/ProgmiX/PEX-Form-main/modules/Backend/Http/Middleware/SecurityHeaders.php(25): Illuminate/Pipeline/Pipeline->Illuminate/Pipeline/{closure}(Object(Illuminate/Http/Request))
#81 C:/Users/user/MyFiles/ProgmiX/PEX-Form-main/vendor/laravel/framework/src/Illuminate/Pipeline/Pipeline.php(219): Juzaweb/Backend/Http/Middleware/SecurityHeaders->handle(Object(Illuminate/Http/Request), Object(Closure))
#82 C:/Users/user/MyFiles/ProgmiX/PEX-Form-main/vendor/laravel/framework/src/Illuminate/Foundation/Http/Middleware/TransformsRequest.php(21): Illuminate/Pipeline/Pipeline->Illuminate/Pipeline/{closure}(Object(Illuminate/Http/Request))
#83 C:/Users/user/MyFiles/ProgmiX/PEX-Form-main/vendor/laravel/framework/src/Illuminate/Foundation/Http/Middleware/ConvertEmptyStringsToNull.php(31): Illuminate/Foundation/Http/Middleware/TransformsRequest->handle(Object(Illuminate/Http/Request), Object(Closure))
#84 C:/Users/user/MyFiles/ProgmiX/PEX-Form-main/vendor/laravel/framework/src/Illuminate/Pipeline/Pipeline.php(219): Illuminate/Foundation/Http/Middleware/ConvertEmptyStringsToNull->handle(Object(Illuminate/Http/Request), Object(Closure))
#85 C:/Users/user/MyFiles/ProgmiX/PEX-Form-main/vendor/laravel/framework/src/Illuminate/Foundation/Http/Middleware/TransformsRequest.php(21): Illuminate/Pipeline/Pipeline->Illuminate/Pipeline/{closure}(Object(Illuminate/Http/Request))
#86 C:/Users/user/MyFiles/ProgmiX/PEX-Form-main/vendor/laravel/framework/src/Illuminate/Foundation/Http/Middleware/TrimStrings.php(51): Illuminate/Foundation/Http/Middleware/TransformsRequest->handle(Object(Illuminate/Http/Request), Object(Closure))
#87 C:/Users/user/MyFiles/ProgmiX/PEX-Form-main/vendor/laravel/framework/src/Illuminate/Pipeline/Pipeline.php(219): Illuminate/Foundation/Http/Middleware/TrimStrings->handle(Object(Illuminate/Http/Request), Object(Closure))
#88 C:/Users/user/MyFiles/ProgmiX/PEX-Form-main/vendor/laravel/framework/src/Illuminate/Http/Middleware/ValidatePostSize.php(27): Illuminate/Pipeline/Pipeline->Illuminate/Pipeline/{closure}(Object(Illuminate/Http/Request))
#89 C:/Users/user/MyFiles/ProgmiX/PEX-Form-main/vendor/laravel/framework/src/Illuminate/Pipeline/Pipeline.php(219): Illuminate/Http/Middleware/ValidatePostSize->handle(Object(Illuminate/Http/Request), Object(Closure))
#90 C:/Users/user/MyFiles/ProgmiX/PEX-Form-main/vendor/laravel/framework/src/Illuminate/Foundation/Http/Middleware/PreventRequestsDuringMaintenance.php(109): Illuminate/Pipeline/Pipeline->Illuminate/Pipeline/{closure}(Object(Illuminate/Http/Request))
#91 C:/Users/user/MyFiles/ProgmiX/PEX-Form-main/vendor/laravel/framework/src/Illuminate/Pipeline/Pipeline.php(219): Illuminate/Foundation/Http/Middleware/PreventRequestsDuringMaintenance->handle(Object(Illuminate/Http/Request), Object(Closure))
#92 C:/Users/user/MyFiles/ProgmiX/PEX-Form-main/vendor/laravel/framework/src/Illuminate/Http/Middleware/HandleCors.php(61): Illuminate/Pipeline/Pipeline->Illuminate/Pipeline/{closure}(Object(Illuminate/Http/Request))
#93 C:/Users/user/MyFiles/ProgmiX/PEX-Form-main/vendor/laravel/framework/src/Illuminate/Pipeline/Pipeline.php(219): Illuminate/Http/Middleware/HandleCors->handle(Object(Illuminate/Http/Request), Object(Closure))
#94 C:/Users/user/MyFiles/ProgmiX/PEX-Form-main/vendor/laravel/framework/src/Illuminate/Http/Middleware/TrustProxies.php(58): Illuminate/Pipeline/Pipeline->Illuminate/Pipeline/{closure}(Object(Illuminate/Http/Request))
#95 C:/Users/user/MyFiles/ProgmiX/PEX-Form-main/vendor/laravel/framework/src/Illuminate/Pipeline/Pipeline.php(219): Illuminate/Http/Middleware/TrustProxies->handle(Object(Illuminate/Http/Request), Object(Closure))
#96 C:/Users/user/MyFiles/ProgmiX/PEX-Form-main/vendor/laravel/framework/src/Illuminate/Pipeline/Pipeline.php(137): Illuminate/Pipeline/Pipeline->Illuminate/Pipeline/{closure}(Object(Illuminate/Http/Request))
#97 C:/Users/user/MyFiles/ProgmiX/PEX-Form-main/vendor/laravel/framework/src/Illuminate/Foundation/Http/Kernel.php(175): Illuminate/Pipeline/Pipeline->then(Object(Closure))
#98 C:/Users/user/MyFiles/ProgmiX/PEX-Form-main/vendor/laravel/framework/src/Illuminate/Foundation/Http/Kernel.php(144): Illuminate/Foundation/Http/Kernel->sendRequestThroughRouter(Object(Illuminate/Http/Request))
#99 C:/Users/user/MyFiles/ProgmiX/PEX-Form-main/public/index.php(51): Illuminate/Foundation/Http/Kernel->handle(Object(Illuminate/Http/Request))
#100 C:/Users/user/MyFiles/ProgmiX/PEX-Form-main/vendor/laravel/framework/src/Illuminate/Foundation/resources/server.php(23): require_once('C://Users//user//M...')
#101 {main}

[previous exception] [object] (PDOException(code: 42S02): SQLSTATE[42S02]: Base table or view not found: 1146 Table 'pex_form.forum_registrations' doesn't exist at C:/Users/user/MyFiles/ProgmiX/PEX-Form-main/vendor/laravel/framework/src/Illuminate/Database/Connection.php:420)
[stacktrace]
#0 C:/Users/user/MyFiles/ProgmiX/PEX-Form-main/vendor/laravel/framework/src/Illuminate/Database/Connection.php(420): PDO->prepare('select count(*)...')
#1 C:/Users/user/MyFiles/ProgmiX/PEX-Form-main/vendor/laravel/framework/src/Illuminate/Database/Connection.php(827): Illuminate/Database/Connection->Illuminate/Database/{closure}('select count(*)...', Array)
#2 C:/Users/user/MyFiles/ProgmiX/PEX-Form-main/vendor/laravel/framework/src/Illuminate/Database/Connection.php(794): Illuminate/Database/Connection->runQueryCallback('select count(*)...', Array, Object(Closure))
#3 C:/Users/user/MyFiles/ProgmiX/PEX-Form-main/vendor/laravel/framework/src/Illuminate/Database/Connection.php(411): Illuminate/Database/Connection->run('select count(*)...', Array, Object(Closure))
#4 C:/Users/user/MyFiles/ProgmiX/PEX-Form-main/vendor/laravel/framework/src/Illuminate/Database/Query/Builder.php(3505): Illuminate/Database/Connection->select('select count(*)...', Array, false)
#5 C:/Users/user/MyFiles/ProgmiX/PEX-Form-main/vendor/laravel/framework/src/Illuminate/Database/Query/Builder.php(3490): Illuminate/Database/Query/Builder->runSelect()
#6 C:/Users/user/MyFiles/ProgmiX/PEX-Form-main/vendor/laravel/framework/src/Illuminate/Database/Query/Builder.php(4080): Illuminate/Database/Query/Builder->Illuminate/Database/Query/{closure}()
#7 C:/Users/user/MyFiles/ProgmiX/PEX-Form-main/vendor/laravel/framework/src/Illuminate/Database/Query/Builder.php(3489): Illuminate/Database/Query/Builder->onceWithColumns(Array, Object(Closure))
#8 C:/Users/user/MyFiles/ProgmiX/PEX-Form-main/vendor/laravel/framework/src/Illuminate/Database/Query/Builder.php(4004): Illuminate/Database/Query/Builder->get(Array)
#9 C:/Users/user/MyFiles/ProgmiX/PEX-Form-main/vendor/laravel/framework/src/Illuminate/Database/Query/Builder.php(3932): Illuminate/Database/Query/Builder->aggregate('count', Array)
#10 C:/Users/user/MyFiles/ProgmiX/PEX-Form-main/vendor/laravel/framework/src/Illuminate/Validation/DatabasePresenceVerifier.php(53): Illuminate/Database/Query/Builder->count()
#11 C:/Users/user/MyFiles/ProgmiX/PEX-Form-main/vendor/laravel/framework/src/Illuminate/Validation/Concerns/ValidatesAttributes.php(1087): Illuminate/Validation/DatabasePresenceVerifier->getCount('forum_registrat...', 'email', 'nooraldeentumeh...', NULL, 'id', Array)
#12 C:/Users/user/MyFiles/ProgmiX/PEX-Form-main/vendor/laravel/framework/src/Illuminate/Validation/Validator.php(726): Illuminate/Validation/Validator->validateUnique('email', 'nooraldeentumeh...', Array, Object(Illuminate/Validation/Validator))
#13 C:/Users/user/MyFiles/ProgmiX/PEX-Form-main/vendor/laravel/framework/src/Illuminate/Validation/Validator.php(481): Illuminate/Validation/Validator->validateAttribute('email', 'Unique')
#14 C:/Users/user/MyFiles/ProgmiX/PEX-Form-main/vendor/laravel/framework/src/Illuminate/Validation/Validator.php(516): Illuminate/Validation/Validator->passes()
#15 C:/Users/user/MyFiles/ProgmiX/PEX-Form-main/vendor/laravel/framework/src/Illuminate/Validation/ValidatesWhenResolvedTrait.php(31): Illuminate/Validation/Validator->fails()
#16 C:/Users/user/MyFiles/ProgmiX/PEX-Form-main/vendor/laravel/framework/src/Illuminate/Foundation/Providers/FormRequestServiceProvider.php(30): Illuminate/Foundation/Http/FormRequest->validateResolved()
#17 C:/Users/user/MyFiles/ProgmiX/PEX-Form-main/vendor/laravel/framework/src/Illuminate/Container/Container.php(1618): Illuminate/Foundation/Providers/FormRequestServiceProvider->Illuminate/Foundation/Providers/{closure}(Object(Juzaweb/Frontend/Http/Requests/ForumRegistrationRequest), Object(Juzaweb/CMS/Support/Application))
#18 C:/Users/user/MyFiles/ProgmiX/PEX-Form-main/vendor/laravel/framework/src/Illuminate/Container/Container.php(1556): Illuminate/Container/Container->fireCallbackArray(Object(Juzaweb/Frontend/Http/Requests/ForumRegistrationRequest), Array)
#19 C:/Users/user/MyFiles/ProgmiX/PEX-Form-main/vendor/laravel/framework/src/Illuminate/Container/Container.php(1542): Illuminate/Container/Container->fireAfterResolvingCallbacks('Juzaweb//Fronten...', Object(Juzaweb/Frontend/Http/Requests/ForumRegistrationRequest))
#20 C:/Users/user/MyFiles/ProgmiX/PEX-Form-main/vendor/laravel/framework/src/Illuminate/Container/Container.php(951): Illuminate/Container/Container->fireResolvingCallbacks('Juzaweb//Fronten...', Object(Juzaweb/Frontend/Http/Requests/ForumRegistrationRequest))
#21 C:/Users/user/MyFiles/ProgmiX/PEX-Form-main/vendor/laravel/framework/src/Illuminate/Foundation/Application.php(1078): Illuminate/Container/Container->resolve('Juzaweb//Fronten...', Array, true)
#22 C:/Users/user/MyFiles/ProgmiX/PEX-Form-main/vendor/laravel/framework/src/Illuminate/Container/Container.php(864): Illuminate/Foundation/Application->resolve('Juzaweb//Fronten...', Array)
#23 C:/Users/user/MyFiles/ProgmiX/PEX-Form-main/vendor/laravel/framework/src/Illuminate/Foundation/Application.php(1058): Illuminate/Container/Container->make('Juzaweb//Fronten...', Array)
#24 C:/Users/user/MyFiles/ProgmiX/PEX-Form-main/vendor/laravel/framework/src/Illuminate/Routing/ResolvesRouteDependencies.php(92): Illuminate/Foundation/Application->make('Juzaweb//Fronten...')
#25 C:/Users/user/MyFiles/ProgmiX/PEX-Form-main/vendor/laravel/framework/src/Illuminate/Routing/ResolvesRouteDependencies.php(51): Illuminate/Routing/ControllerDispatcher->transformDependency(Object(ReflectionParameter), Array, Object(stdClass))
#26 C:/Users/user/MyFiles/ProgmiX/PEX-Form-main/vendor/laravel/framework/src/Illuminate/Routing/ResolvesRouteDependencies.php(30): Illuminate/Routing/ControllerDispatcher->resolveMethodDependencies(Array, Object(ReflectionMethod))
#27 C:/Users/user/MyFiles/ProgmiX/PEX-Form-main/vendor/laravel/framework/src/Illuminate/Routing/ControllerDispatcher.php(59): Illuminate/Routing/ControllerDispatcher->resolveClassMethodDependencies(Array, Object(Juzaweb/Frontend/Http/Controllers/ForumRegistrationController), 'store')
#28 C:/Users/user/MyFiles/ProgmiX/PEX-Form-main/vendor/laravel/framework/src/Illuminate/Routing/ControllerDispatcher.php(40): Illuminate/Routing/ControllerDispatcher->resolveParameters(Object(Illuminate/Routing/Route), Object(Juzaweb/Frontend/Http/Controllers/ForumRegistrationController), 'store')
#29 C:/Users/user/MyFiles/ProgmiX/PEX-Form-main/vendor/laravel/framework/src/Illuminate/Routing/Route.php(265): Illuminate/Routing/ControllerDispatcher->dispatch(Object(Illuminate/Routing/Route), Object(Juzaweb/Frontend/Http/Controllers/ForumRegistrationController), 'store')
#30 C:/Users/user/MyFiles/ProgmiX/PEX-Form-main/vendor/laravel/framework/src/Illuminate/Routing/Route.php(211): Illuminate/Routing/Route->runController()
#31 C:/Users/user/MyFiles/ProgmiX/PEX-Form-main/vendor/laravel/framework/src/Illuminate/Routing/Router.php(822): Illuminate/Routing/Route->run()
#32 C:/Users/user/MyFiles/ProgmiX/PEX-Form-main/vendor/laravel/framework/src/Illuminate/Pipeline/Pipeline.php(180): Illuminate/Routing/Router->Illuminate/Routing/{closure}(Object(Illuminate/Http/Request))
#33 C:/Users/user/MyFiles/ProgmiX/PEX-Form-main/vendor/laravel/framework/src/Illuminate/Routing/Middleware/ThrottleRequests.php(166): Illuminate/Pipeline/Pipeline->Illuminate/Pipeline/{closure}(Object(Illuminate/Http/Request))
#34 C:/Users/user/MyFiles/ProgmiX/PEX-Form-main/vendor/laravel/framework/src/Illuminate/Routing/Middleware/ThrottleRequests.php(129): Illuminate/Routing/Middleware/ThrottleRequests->handleRequest(Object(Illuminate/Http/Request), Object(Closure), Array)
#35 C:/Users/user/MyFiles/ProgmiX/PEX-Form-main/vendor/laravel/framework/src/Illuminate/Routing/Middleware/ThrottleRequests.php(90): Illuminate/Routing/Middleware/ThrottleRequests->handleRequestUsingNamedLimiter(Object(Illuminate/Http/Request), Object(Closure), 'forum-registrat...', Object(Closure))
#36 C:/Users/user/MyFiles/ProgmiX/PEX-Form-main/vendor/laravel/framework/src/Illuminate/Pipeline/Pipeline.php(219): Illuminate/Routing/Middleware/ThrottleRequests->handle(Object(Illuminate/Http/Request), Object(Closure), 'forum-registrat...')
#37 C:/Users/user/MyFiles/ProgmiX/PEX-Form-main/modules/Frontend/Http/Middleware/Locale.php(49): Illuminate/Pipeline/Pipeline->Illuminate/Pipeline/{closure}(Object(Illuminate/Http/Request))
#38 C:/Users/user/MyFiles/ProgmiX/PEX-Form-main/vendor/laravel/framework/src/Illuminate/Pipeline/Pipeline.php(219): Juzaweb/Frontend/Http/Middleware/Locale->handle(Object(Illuminate/Http/Request), Object(Closure))
#39 C:/Users/user/MyFiles/ProgmiX/PEX-Form-main/modules/Backend/Http/Middleware/SecurityHeaders.php(25): Illuminate/Pipeline/Pipeline->Illuminate/Pipeline/{closure}(Object(Illuminate/Http/Request))
#40 C:/Users/user/MyFiles/ProgmiX/PEX-Form-main/vendor/laravel/framework/src/Illuminate/Pipeline/Pipeline.php(219): Juzaweb/Backend/Http/Middleware/SecurityHeaders->handle(Object(Illuminate/Http/Request), Object(Closure))
#41 C:/Users/user/MyFiles/ProgmiX/PEX-Form-main/vendor/laravel/framework/src/Illuminate/Routing/Middleware/ThrottleRequests.php(166): Illuminate/Pipeline/Pipeline->Illuminate/Pipeline/{closure}(Object(Illuminate/Http/Request))
#42 C:/Users/user/MyFiles/ProgmiX/PEX-Form-main/vendor/laravel/framework/src/Illuminate/Routing/Middleware/ThrottleRequests.php(93): Illuminate/Routing/Middleware/ThrottleRequests->handleRequest(Object(Illuminate/Http/Request), Object(Closure), Array)
#43 C:/Users/user/MyFiles/ProgmiX/PEX-Form-main/vendor/laravel/framework/src/Illuminate/Pipeline/Pipeline.php(219): Illuminate/Routing/Middleware/ThrottleRequests->handle(Object(Illuminate/Http/Request), Object(Closure))
#44 C:/Users/user/MyFiles/ProgmiX/PEX-Form-main/modules/Backend/Http/Middleware/PathTraversal.php(57): Illuminate/Pipeline/Pipeline->Illuminate/Pipeline/{closure}(Object(Illuminate/Http/Request))
#45 C:/Users/user/MyFiles/ProgmiX/PEX-Form-main/vendor/laravel/framework/src/Illuminate/Pipeline/Pipeline.php(219): Juzaweb/Backend/Http/Middleware/PathTraversal->handle(Object(Illuminate/Http/Request), Object(Closure))
#46 C:/Users/user/MyFiles/ProgmiX/PEX-Form-main/modules/Backend/Http/Middleware/XssSanitization.php(44): Illuminate/Pipeline/Pipeline->Illuminate/Pipeline/{closure}(Object(Illuminate/Http/Request))
#47 C:/Users/user/MyFiles/ProgmiX/PEX-Form-main/vendor/laravel/framework/src/Illuminate/Pipeline/Pipeline.php(219): Juzaweb/Backend/Http/Middleware/XssSanitization->handle(Object(Illuminate/Http/Request), Object(Closure))
#48 C:/Users/user/MyFiles/ProgmiX/PEX-Form-main/vendor/spatie/laravel-csp/src/AddCspHeaders.php(13): Illuminate/Pipeline/Pipeline->Illuminate/Pipeline/{closure}(Object(Illuminate/Http/Request))
#49 C:/Users/user/MyFiles/ProgmiX/PEX-Form-main/vendor/laravel/framework/src/Illuminate/Pipeline/Pipeline.php(219): Spatie/Csp/AddCspHeaders->handle(Object(Illuminate/Http/Request), Object(Closure))
#50 C:/Users/user/MyFiles/ProgmiX/PEX-Form-main/vendor/barryvdh/laravel-debugbar/src/Middleware/InjectDebugbar.php(59): Illuminate/Pipeline/Pipeline->Illuminate/Pipeline/{closure}(Object(Illuminate/Http/Request))
#51 C:/Users/user/MyFiles/ProgmiX/PEX-Form-main/vendor/laravel/framework/src/Illuminate/Pipeline/Pipeline.php(219): Barryvdh/Debugbar/Middleware/InjectDebugbar->handle(Object(Illuminate/Http/Request), Object(Closure))
#52 C:/Users/user/MyFiles/ProgmiX/PEX-Form-main/modules/CMS/Http/Middleware/XFrameHeadersMiddleware.php(41): Illuminate/Pipeline/Pipeline->Illuminate/Pipeline/{closure}(Object(Illuminate/Http/Request))
#53 C:/Users/user/MyFiles/ProgmiX/PEX-Form-main/vendor/laravel/framework/src/Illuminate/Pipeline/Pipeline.php(219): Juzaweb/CMS/Http/Middleware/XFrameHeadersMiddleware->handle(Object(Illuminate/Http/Request), Object(Closure))
#54 C:/Users/user/MyFiles/ProgmiX/PEX-Form-main/vendor/laravel/framework/src/Illuminate/Routing/Middleware/SubstituteBindings.php(50): Illuminate/Pipeline/Pipeline->Illuminate/Pipeline/{closure}(Object(Illuminate/Http/Request))
#55 C:/Users/user/MyFiles/ProgmiX/PEX-Form-main/vendor/laravel/framework/src/Illuminate/Pipeline/Pipeline.php(219): Illuminate/Routing/Middleware/SubstituteBindings->handle(Object(Illuminate/Http/Request), Object(Closure))
#56 C:/Users/user/MyFiles/ProgmiX/PEX-Form-main/vendor/laravel/framework/src/Illuminate/Cookie/Middleware/AddQueuedCookiesToResponse.php(36): Illuminate/Pipeline/Pipeline->Illuminate/Pipeline/{closure}(Object(Illuminate/Http/Request))
#57 C:/Users/user/MyFiles/ProgmiX/PEX-Form-main/vendor/laravel/framework/src/Illuminate/Pipeline/Pipeline.php(219): Illuminate/Cookie/Middleware/AddQueuedCookiesToResponse->handle(Object(Illuminate/Http/Request), Object(Closure))
#58 C:/Users/user/MyFiles/ProgmiX/PEX-Form-main/vendor/laravel/framework/src/Illuminate/View/Middleware/ShareErrorsFromSession.php(48): Illuminate/Pipeline/Pipeline->Illuminate/Pipeline/{closure}(Object(Illuminate/Http/Request))
#59 C:/Users/user/MyFiles/ProgmiX/PEX-Form-main/modules/Backend/Http/Middleware/ShareErrorsUnlessBot.php(24): Illuminate/View/Middleware/ShareErrorsFromSession->handle(Object(Illuminate/Http/Request), Object(Closure))
#60 C:/Users/user/MyFiles/ProgmiX/PEX-Form-main/vendor/laravel/framework/src/Illuminate/Pipeline/Pipeline.php(219): Juzaweb/Backend/Http/Middleware/ShareErrorsUnlessBot->handle(Object(Illuminate/Http/Request), Object(Closure))
#61 C:/Users/user/MyFiles/ProgmiX/PEX-Form-main/vendor/laravel/framework/src/Illuminate/Session/Middleware/StartSession.php(120): Illuminate/Pipeline/Pipeline->Illuminate/Pipeline/{closure}(Object(Illuminate/Http/Request))
#62 C:/Users/user/MyFiles/ProgmiX/PEX-Form-main/vendor/laravel/framework/src/Illuminate/Session/Middleware/StartSession.php(63): Illuminate/Session/Middleware/StartSession->handleStatefulRequest(Object(Illuminate/Http/Request), Object(Illuminate/Session/Store), Object(Closure))
#63 C:/Users/user/MyFiles/ProgmiX/PEX-Form-main/modules/Backend/Http/Middleware/SkipSessionForBots.php(24): Illuminate/Session/Middleware/StartSession->handle(Object(Illuminate/Http/Request), Object(Closure))
#64 C:/Users/user/MyFiles/ProgmiX/PEX-Form-main/vendor/laravel/framework/src/Illuminate/Pipeline/Pipeline.php(219): Juzaweb/Backend/Http/Middleware/SkipSessionForBots->handle(Object(Illuminate/Http/Request), Object(Closure))
#65 C:/Users/user/MyFiles/ProgmiX/PEX-Form-main/vendor/laravel/framework/src/Illuminate/Cookie/Middleware/EncryptCookies.php(74): Illuminate/Pipeline/Pipeline->Illuminate/Pipeline/{closure}(Object(Illuminate/Http/Request))
#66 C:/Users/user/MyFiles/ProgmiX/PEX-Form-main/vendor/laravel/framework/src/Illuminate/Pipeline/Pipeline.php(219): Illuminate/Cookie/Middleware/EncryptCookies->handle(Object(Illuminate/Http/Request), Object(Closure))
#67 C:/Users/user/MyFiles/ProgmiX/PEX-Form-main/modules/CMS/Http/Middleware/GlobalMiddleware.php(11): Illuminate/Pipeline/Pipeline->Illuminate/Pipeline/{closure}(Object(Illuminate/Http/Request))
#68 C:/Users/user/MyFiles/ProgmiX/PEX-Form-main/vendor/laravel/framework/src/Illuminate/Pipeline/Pipeline.php(219): Juzaweb/CMS/Http/Middleware/GlobalMiddleware->handle(Object(Illuminate/Http/Request), Object(Closure))
#69 C:/Users/user/MyFiles/ProgmiX/PEX-Form-main/modules/Backend/Http/Middleware/DisableSessionForBots.php(30): Illuminate/Pipeline/Pipeline->Illuminate/Pipeline/{closure}(Object(Illuminate/Http/Request))
#70 C:/Users/user/MyFiles/ProgmiX/PEX-Form-main/vendor/laravel/framework/src/Illuminate/Pipeline/Pipeline.php(219): Juzaweb/Backend/Http/Middleware/DisableSessionForBots->handle(Object(Illuminate/Http/Request), Object(Closure))
#71 C:/Users/user/MyFiles/ProgmiX/PEX-Form-main/vendor/laravel/framework/src/Illuminate/Pipeline/Pipeline.php(137): Illuminate/Pipeline/Pipeline->Illuminate/Pipeline/{closure}(Object(Illuminate/Http/Request))
#72 C:/Users/user/MyFiles/ProgmiX/PEX-Form-main/vendor/laravel/framework/src/Illuminate/Routing/Router.php(821): Illuminate/Pipeline/Pipeline->then(Object(Closure))
#73 C:/Users/user/MyFiles/ProgmiX/PEX-Form-main/vendor/laravel/framework/src/Illuminate/Routing/Router.php(800): Illuminate/Routing/Router->runRouteWithinStack(Object(Illuminate/Routing/Route), Object(Illuminate/Http/Request))
#74 C:/Users/user/MyFiles/ProgmiX/PEX-Form-main/vendor/laravel/framework/src/Illuminate/Routing/Router.php(764): Illuminate/Routing/Router->runRoute(Object(Illuminate/Http/Request), Object(Illuminate/Routing/Route))
#75 C:/Users/user/MyFiles/ProgmiX/PEX-Form-main/vendor/laravel/framework/src/Illuminate/Routing/Router.php(753): Illuminate/Routing/Router->dispatchToRoute(Object(Illuminate/Http/Request))
#76 C:/Users/user/MyFiles/ProgmiX/PEX-Form-main/vendor/laravel/framework/src/Illuminate/Foundation/Http/Kernel.php(200): Illuminate/Routing/Router->dispatch(Object(Illuminate/Http/Request))
#77 C:/Users/user/MyFiles/ProgmiX/PEX-Form-main/vendor/laravel/framework/src/Illuminate/Pipeline/Pipeline.php(180): Illuminate/Foundation/Http/Kernel->Illuminate/Foundation/Http/{closure}(Object(Illuminate/Http/Request))
#78 C:/Users/user/MyFiles/ProgmiX/PEX-Form-main/vendor/barryvdh/laravel-debugbar/src/Middleware/InjectDebugbar.php(59): Illuminate/Pipeline/Pipeline->Illuminate/Pipeline/{closure}(Object(Illuminate/Http/Request))
#79 C:/Users/user/MyFiles/ProgmiX/PEX-Form-main/vendor/laravel/framework/src/Illuminate/Pipeline/Pipeline.php(219): Barryvdh/Debugbar/Middleware/InjectDebugbar->handle(Object(Illuminate/Http/Request), Object(Closure))
#80 C:/Users/user/MyFiles/ProgmiX/PEX-Form-main/modules/Backend/Http/Middleware/BlockIpMiddleware.php(31): Illuminate/Pipeline/Pipeline->Illuminate/Pipeline/{closure}(Object(Illuminate/Http/Request))
#81 C:/Users/user/MyFiles/ProgmiX/PEX-Form-main/vendor/laravel/framework/src/Illuminate/Pipeline/Pipeline.php(219): Juzaweb/Backend/Http/Middleware/BlockIpMiddleware->handle(Object(Illuminate/Http/Request), Object(Closure))
#82 C:/Users/user/MyFiles/ProgmiX/PEX-Form-main/modules/Backend/Http/Middleware/SecurityHeaders.php(25): Illuminate/Pipeline/Pipeline->Illuminate/Pipeline/{closure}(Object(Illuminate/Http/Request))
#83 C:/Users/user/MyFiles/ProgmiX/PEX-Form-main/vendor/laravel/framework/src/Illuminate/Pipeline/Pipeline.php(219): Juzaweb/Backend/Http/Middleware/SecurityHeaders->handle(Object(Illuminate/Http/Request), Object(Closure))
#84 C:/Users/user/MyFiles/ProgmiX/PEX-Form-main/vendor/laravel/framework/src/Illuminate/Foundation/Http/Middleware/TransformsRequest.php(21): Illuminate/Pipeline/Pipeline->Illuminate/Pipeline/{closure}(Object(Illuminate/Http/Request))
#85 C:/Users/user/MyFiles/ProgmiX/PEX-Form-main/vendor/laravel/framework/src/Illuminate/Foundation/Http/Middleware/ConvertEmptyStringsToNull.php(31): Illuminate/Foundation/Http/Middleware/TransformsRequest->handle(Object(Illuminate/Http/Request), Object(Closure))
#86 C:/Users/user/MyFiles/ProgmiX/PEX-Form-main/vendor/laravel/framework/src/Illuminate/Pipeline/Pipeline.php(219): Illuminate/Foundation/Http/Middleware/ConvertEmptyStringsToNull->handle(Object(Illuminate/Http/Request), Object(Closure))
#87 C:/Users/user/MyFiles/ProgmiX/PEX-Form-main/vendor/laravel/framework/src/Illuminate/Foundation/Http/Middleware/TransformsRequest.php(21): Illuminate/Pipeline/Pipeline->Illuminate/Pipeline/{closure}(Object(Illuminate/Http/Request))
#88 C:/Users/user/MyFiles/ProgmiX/PEX-Form-main/vendor/laravel/framework/src/Illuminate/Foundation/Http/Middleware/TrimStrings.php(51): Illuminate/Foundation/Http/Middleware/TransformsRequest->handle(Object(Illuminate/Http/Request), Object(Closure))
#89 C:/Users/user/MyFiles/ProgmiX/PEX-Form-main/vendor/laravel/framework/src/Illuminate/Pipeline/Pipeline.php(219): Illuminate/Foundation/Http/Middleware/TrimStrings->handle(Object(Illuminate/Http/Request), Object(Closure))
#90 C:/Users/user/MyFiles/ProgmiX/PEX-Form-main/vendor/laravel/framework/src/Illuminate/Http/Middleware/ValidatePostSize.php(27): Illuminate/Pipeline/Pipeline->Illuminate/Pipeline/{closure}(Object(Illuminate/Http/Request))
#91 C:/Users/user/MyFiles/ProgmiX/PEX-Form-main/vendor/laravel/framework/src/Illuminate/Pipeline/Pipeline.php(219): Illuminate/Http/Middleware/ValidatePostSize->handle(Object(Illuminate/Http/Request), Object(Closure))
#92 C:/Users/user/MyFiles/ProgmiX/PEX-Form-main/vendor/laravel/framework/src/Illuminate/Foundation/Http/Middleware/PreventRequestsDuringMaintenance.php(109): Illuminate/Pipeline/Pipeline->Illuminate/Pipeline/{closure}(Object(Illuminate/Http/Request))
#93 C:/Users/user/MyFiles/ProgmiX/PEX-Form-main/vendor/laravel/framework/src/Illuminate/Pipeline/Pipeline.php(219): Illuminate/Foundation/Http/Middleware/PreventRequestsDuringMaintenance->handle(Object(Illuminate/Http/Request), Object(Closure))
#94 C:/Users/user/MyFiles/ProgmiX/PEX-Form-main/vendor/laravel/framework/src/Illuminate/Http/Middleware/HandleCors.php(61): Illuminate/Pipeline/Pipeline->Illuminate/Pipeline/{closure}(Object(Illuminate/Http/Request))
#95 C:/Users/user/MyFiles/ProgmiX/PEX-Form-main/vendor/laravel/framework/src/Illuminate/Pipeline/Pipeline.php(219): Illuminate/Http/Middleware/HandleCors->handle(Object(Illuminate/Http/Request), Object(Closure))
#96 C:/Users/user/MyFiles/ProgmiX/PEX-Form-main/vendor/laravel/framework/src/Illuminate/Http/Middleware/TrustProxies.php(58): Illuminate/Pipeline/Pipeline->Illuminate/Pipeline/{closure}(Object(Illuminate/Http/Request))
#97 C:/Users/user/MyFiles/ProgmiX/PEX-Form-main/vendor/laravel/framework/src/Illuminate/Pipeline/Pipeline.php(219): Illuminate/Http/Middleware/TrustProxies->handle(Object(Illuminate/Http/Request), Object(Closure))
#98 C:/Users/user/MyFiles/ProgmiX/PEX-Form-main/vendor/laravel/framework/src/Illuminate/Pipeline/Pipeline.php(137): Illuminate/Pipeline/Pipeline->Illuminate/Pipeline/{closure}(Object(Illuminate/Http/Request))
#99 C:/Users/user/MyFiles/ProgmiX/PEX-Form-main/vendor/laravel/framework/src/Illuminate/Foundation/Http/Kernel.php(175): Illuminate/Pipeline/Pipeline->then(Object(Closure))
#100 C:/Users/user/MyFiles/ProgmiX/PEX-Form-main/vendor/laravel/framework/src/Illuminate/Foundation/Http/Kernel.php(144): Illuminate/Foundation/Http/Kernel->sendRequestThroughRouter(Object(Illuminate/Http/Request))
#101 C:/Users/user/MyFiles/ProgmiX/PEX-Form-main/public/index.php(51): Illuminate/Foundation/Http/Kernel->handle(Object(Illuminate/Http/Request))
#102 C:/Users/user/MyFiles/ProgmiX/PEX-Form-main/vendor/laravel/framework/src/Illuminate/Foundation/resources/server.php(23): require_once('C://Users//user//M...')
#103 {main}
"} 
[2026-09-06 07:37:19] local.ERROR: SQLSTATE[42S02]: Base table or view not found: 1146 Table 'pex_form.forum_registrations' doesn't exist (Connection: mysql, Host: 127.0.0.1, Port: 3306, Database: pex_form, SQL: select count(*) as aggregate from `forum_registrations` where `email` = nooraldeentumeh@gmail.com) {"userId":1,"exception":"[object] (Illuminate\\Database\\QueryException(code: 42S02): SQLSTATE[42S02]: Base table or view not found: 1146 Table 'pex_form.forum_registrations' doesn't exist (Connection: mysql, Host: 127.0.0.1, Port: 3306, Database: pex_form, SQL: select count(*) as aggregate from `forum_registrations` where `email` = nooraldeentumeh@gmail.com) at C:/Users/user/MyFiles/ProgmiX/PEX-Form-main/vendor/laravel/framework/src/Illuminate/Database/Connection.php:838)
[stacktrace]
#0 C:/Users/user/MyFiles/ProgmiX/PEX-Form-main/vendor/laravel/framework/src/Illuminate/Database/Connection.php(794): Illuminate/Database/Connection->runQueryCallback('select count(*)...', Array, Object(Closure))
#1 C:/Users/user/MyFiles/ProgmiX/PEX-Form-main/vendor/laravel/framework/src/Illuminate/Database/Connection.php(411): Illuminate/Database/Connection->run('select count(*)...', Array, Object(Closure))
#2 C:/Users/user/MyFiles/ProgmiX/PEX-Form-main/vendor/laravel/framework/src/Illuminate/Database/Query/Builder.php(3505): Illuminate/Database/Connection->select('select count(*)...', Array, false)
#3 C:/Users/user/MyFiles/ProgmiX/PEX-Form-main/vendor/laravel/framework/src/Illuminate/Database/Query/Builder.php(3490): Illuminate/Database/Query/Builder->runSelect()
#4 C:/Users/user/MyFiles/ProgmiX/PEX-Form-main/vendor/laravel/framework/src/Illuminate/Database/Query/Builder.php(4080): Illuminate/Database/Query/Builder->Illuminate/Database/Query/{closure}()
#5 C:/Users/user/MyFiles/ProgmiX/PEX-Form-main/vendor/laravel/framework/src/Illuminate/Database/Query/Builder.php(3489): Illuminate/Database/Query/Builder->onceWithColumns(Array, Object(Closure))
#6 C:/Users/user/MyFiles/ProgmiX/PEX-Form-main/vendor/laravel/framework/src/Illuminate/Database/Query/Builder.php(4004): Illuminate/Database/Query/Builder->get(Array)
#7 C:/Users/user/MyFiles/ProgmiX/PEX-Form-main/vendor/laravel/framework/src/Illuminate/Database/Query/Builder.php(3932): Illuminate/Database/Query/Builder->aggregate('count', Array)
#8 C:/Users/user/MyFiles/ProgmiX/PEX-Form-main/vendor/laravel/framework/src/Illuminate/Validation/DatabasePresenceVerifier.php(53): Illuminate/Database/Query/Builder->count()
#9 C:/Users/user/MyFiles/ProgmiX/PEX-Form-main/vendor/laravel/framework/src/Illuminate/Validation/Concerns/ValidatesAttributes.php(1087): Illuminate/Validation/DatabasePresenceVerifier->getCount('forum_registrat...', 'email', 'nooraldeentumeh...', NULL, 'id', Array)
#10 C:/Users/user/MyFiles/ProgmiX/PEX-Form-main/vendor/laravel/framework/src/Illuminate/Validation/Validator.php(726): Illuminate/Validation/Validator->validateUnique('email', 'nooraldeentumeh...', Array, Object(Illuminate/Validation/Validator))
#11 C:/Users/user/MyFiles/ProgmiX/PEX-Form-main/vendor/laravel/framework/src/Illuminate/Validation/Validator.php(481): Illuminate/Validation/Validator->validateAttribute('email', 'Unique')
#12 C:/Users/user/MyFiles/ProgmiX/PEX-Form-main/vendor/laravel/framework/src/Illuminate/Validation/Validator.php(516): Illuminate/Validation/Validator->passes()
#13 C:/Users/user/MyFiles/ProgmiX/PEX-Form-main/vendor/laravel/framework/src/Illuminate/Validation/ValidatesWhenResolvedTrait.php(31): Illuminate/Validation/Validator->fails()
#14 C:/Users/user/MyFiles/ProgmiX/PEX-Form-main/vendor/laravel/framework/src/Illuminate/Foundation/Providers/FormRequestServiceProvider.php(30): Illuminate/Foundation/Http/FormRequest->validateResolved()
#15 C:/Users/user/MyFiles/ProgmiX/PEX-Form-main/vendor/laravel/framework/src/Illuminate/Container/Container.php(1618): Illuminate/Foundation/Providers/FormRequestServiceProvider->Illuminate/Foundation/Providers/{closure}(Object(Juzaweb/Frontend/Http/Requests/ForumRegistrationRequest), Object(Juzaweb/CMS/Support/Application))
#16 C:/Users/user/MyFiles/ProgmiX/PEX-Form-main/vendor/laravel/framework/src/Illuminate/Container/Container.php(1556): Illuminate/Container/Container->fireCallbackArray(Object(Juzaweb/Frontend/Http/Requests/ForumRegistrationRequest), Array)
#17 C:/Users/user/MyFiles/ProgmiX/PEX-Form-main/vendor/laravel/framework/src/Illuminate/Container/Container.php(1542): Illuminate/Container/Container->fireAfterResolvingCallbacks('Juzaweb//Fronten...', Object(Juzaweb/Frontend/Http/Requests/ForumRegistrationRequest))
#18 C:/Users/user/MyFiles/ProgmiX/PEX-Form-main/vendor/laravel/framework/src/Illuminate/Container/Container.php(951): Illuminate/Container/Container->fireResolvingCallbacks('Juzaweb//Fronten...', Object(Juzaweb/Frontend/Http/Requests/ForumRegistrationRequest))
#19 C:/Users/user/MyFiles/ProgmiX/PEX-Form-main/vendor/laravel/framework/src/Illuminate/Foundation/Application.php(1078): Illuminate/Container/Container->resolve('Juzaweb//Fronten...', Array, true)
#20 C:/Users/user/MyFiles/ProgmiX/PEX-Form-main/vendor/laravel/framework/src/Illuminate/Container/Container.php(864): Illuminate/Foundation/Application->resolve('Juzaweb//Fronten...', Array)
#21 C:/Users/user/MyFiles/ProgmiX/PEX-Form-main/vendor/laravel/framework/src/Illuminate/Foundation/Application.php(1058): Illuminate/Container/Container->make('Juzaweb//Fronten...', Array)
#22 C:/Users/user/MyFiles/ProgmiX/PEX-Form-main/vendor/laravel/framework/src/Illuminate/Routing/ResolvesRouteDependencies.php(92): Illuminate/Foundation/Application->make('Juzaweb//Fronten...')
#23 C:/Users/user/MyFiles/ProgmiX/PEX-Form-main/vendor/laravel/framework/src/Illuminate/Routing/ResolvesRouteDependencies.php(51): Illuminate/Routing/ControllerDispatcher->transformDependency(Object(ReflectionParameter), Array, Object(stdClass))
#24 C:/Users/user/MyFiles/ProgmiX/PEX-Form-main/vendor/laravel/framework/src/Illuminate/Routing/ResolvesRouteDependencies.php(30): Illuminate/Routing/ControllerDispatcher->resolveMethodDependencies(Array, Object(ReflectionMethod))
#25 C:/Users/user/MyFiles/ProgmiX/PEX-Form-main/vendor/laravel/framework/src/Illuminate/Routing/ControllerDispatcher.php(59): Illuminate/Routing/ControllerDispatcher->resolveClassMethodDependencies(Array, Object(Juzaweb/Frontend/Http/Controllers/ForumRegistrationController), 'store')
#26 C:/Users/user/MyFiles/ProgmiX/PEX-Form-main/vendor/laravel/framework/src/Illuminate/Routing/ControllerDispatcher.php(40): Illuminate/Routing/ControllerDispatcher->resolveParameters(Object(Illuminate/Routing/Route), Object(Juzaweb/Frontend/Http/Controllers/ForumRegistrationController), 'store')
#27 C:/Users/user/MyFiles/ProgmiX/PEX-Form-main/vendor/laravel/framework/src/Illuminate/Routing/Route.php(265): Illuminate/Routing/ControllerDispatcher->dispatch(Object(Illuminate/Routing/Route), Object(Juzaweb/Frontend/Http/Controllers/ForumRegistrationController), 'store')
#28 C:/Users/user/MyFiles/ProgmiX/PEX-Form-main/vendor/laravel/framework/src/Illuminate/Routing/Route.php(211): Illuminate/Routing/Route->runController()
#29 C:/Users/user/MyFiles/ProgmiX/PEX-Form-main/vendor/laravel/framework/src/Illuminate/Routing/Router.php(822): Illuminate/Routing/Route->run()
#30 C:/Users/user/MyFiles/ProgmiX/PEX-Form-main/vendor/laravel/framework/src/Illuminate/Pipeline/Pipeline.php(180): Illuminate/Routing/Router->Illuminate/Routing/{closure}(Object(Illuminate/Http/Request))
#31 C:/Users/user/MyFiles/ProgmiX/PEX-Form-main/vendor/laravel/framework/src/Illuminate/Routing/Middleware/ThrottleRequests.php(166): Illuminate/Pipeline/Pipeline->Illuminate/Pipeline/{closure}(Object(Illuminate/Http/Request))
#32 C:/Users/user/MyFiles/ProgmiX/PEX-Form-main/vendor/laravel/framework/src/Illuminate/Routing/Middleware/ThrottleRequests.php(129): Illuminate/Routing/Middleware/ThrottleRequests->handleRequest(Object(Illuminate/Http/Request), Object(Closure), Array)
#33 C:/Users/user/MyFiles/ProgmiX/PEX-Form-main/vendor/laravel/framework/src/Illuminate/Routing/Middleware/ThrottleRequests.php(90): Illuminate/Routing/Middleware/ThrottleRequests->handleRequestUsingNamedLimiter(Object(Illuminate/Http/Request), Object(Closure), 'forum-registrat...', Object(Closure))
#34 C:/Users/user/MyFiles/ProgmiX/PEX-Form-main/vendor/laravel/framework/src/Illuminate/Pipeline/Pipeline.php(219): Illuminate/Routing/Middleware/ThrottleRequests->handle(Object(Illuminate/Http/Request), Object(Closure), 'forum-registrat...')
#35 C:/Users/user/MyFiles/ProgmiX/PEX-Form-main/modules/Frontend/Http/Middleware/Locale.php(49): Illuminate/Pipeline/Pipeline->Illuminate/Pipeline/{closure}(Object(Illuminate/Http/Request))
#36 C:/Users/user/MyFiles/ProgmiX/PEX-Form-main/vendor/laravel/framework/src/Illuminate/Pipeline/Pipeline.php(219): Juzaweb/Frontend/Http/Middleware/Locale->handle(Object(Illuminate/Http/Request), Object(Closure))
#37 C:/Users/user/MyFiles/ProgmiX/PEX-Form-main/modules/Backend/Http/Middleware/SecurityHeaders.php(25): Illuminate/Pipeline/Pipeline->Illuminate/Pipeline/{closure}(Object(Illuminate/Http/Request))
#38 C:/Users/user/MyFiles/ProgmiX/PEX-Form-main/vendor/laravel/framework/src/Illuminate/Pipeline/Pipeline.php(219): Juzaweb/Backend/Http/Middleware/SecurityHeaders->handle(Object(Illuminate/Http/Request), Object(Closure))
#39 C:/Users/user/MyFiles/ProgmiX/PEX-Form-main/vendor/laravel/framework/src/Illuminate/Routing/Middleware/ThrottleRequests.php(166): Illuminate/Pipeline/Pipeline->Illuminate/Pipeline/{closure}(Object(Illuminate/Http/Request))
#40 C:/Users/user/MyFiles/ProgmiX/PEX-Form-main/vendor/laravel/framework/src/Illuminate/Routing/Middleware/ThrottleRequests.php(93): Illuminate/Routing/Middleware/ThrottleRequests->handleRequest(Object(Illuminate/Http/Request), Object(Closure), Array)
#41 C:/Users/user/MyFiles/ProgmiX/PEX-Form-main/vendor/laravel/framework/src/Illuminate/Pipeline/Pipeline.php(219): Illuminate/Routing/Middleware/ThrottleRequests->handle(Object(Illuminate/Http/Request), Object(Closure))
#42 C:/Users/user/MyFiles/ProgmiX/PEX-Form-main/modules/Backend/Http/Middleware/PathTraversal.php(57): Illuminate/Pipeline/Pipeline->Illuminate/Pipeline/{closure}(Object(Illuminate/Http/Request))
#43 C:/Users/user/MyFiles/ProgmiX/PEX-Form-main/vendor/laravel/framework/src/Illuminate/Pipeline/Pipeline.php(219): Juzaweb/Backend/Http/Middleware/PathTraversal->handle(Object(Illuminate/Http/Request), Object(Closure))
#44 C:/Users/user/MyFiles/ProgmiX/PEX-Form-main/modules/Backend/Http/Middleware/XssSanitization.php(44): Illuminate/Pipeline/Pipeline->Illuminate/Pipeline/{closure}(Object(Illuminate/Http/Request))
#45 C:/Users/user/MyFiles/ProgmiX/PEX-Form-main/vendor/laravel/framework/src/Illuminate/Pipeline/Pipeline.php(219): Juzaweb/Backend/Http/Middleware/XssSanitization->handle(Object(Illuminate/Http/Request), Object(Closure))
#46 C:/Users/user/MyFiles/ProgmiX/PEX-Form-main/vendor/spatie/laravel-csp/src/AddCspHeaders.php(13): Illuminate/Pipeline/Pipeline->Illuminate/Pipeline/{closure}(Object(Illuminate/Http/Request))
#47 C:/Users/user/MyFiles/ProgmiX/PEX-Form-main/vendor/laravel/framework/src/Illuminate/Pipeline/Pipeline.php(219): Spatie/Csp/AddCspHeaders->handle(Object(Illuminate/Http/Request), Object(Closure))
#48 C:/Users/user/MyFiles/ProgmiX/PEX-Form-main/vendor/barryvdh/laravel-debugbar/src/Middleware/InjectDebugbar.php(59): Illuminate/Pipeline/Pipeline->Illuminate/Pipeline/{closure}(Object(Illuminate/Http/Request))
#49 C:/Users/user/MyFiles/ProgmiX/PEX-Form-main/vendor/laravel/framework/src/Illuminate/Pipeline/Pipeline.php(219): Barryvdh/Debugbar/Middleware/InjectDebugbar->handle(Object(Illuminate/Http/Request), Object(Closure))
#50 C:/Users/user/MyFiles/ProgmiX/PEX-Form-main/modules/CMS/Http/Middleware/XFrameHeadersMiddleware.php(41): Illuminate/Pipeline/Pipeline->Illuminate/Pipeline/{closure}(Object(Illuminate/Http/Request))
#51 C:/Users/user/MyFiles/ProgmiX/PEX-Form-main/vendor/laravel/framework/src/Illuminate/Pipeline/Pipeline.php(219): Juzaweb/CMS/Http/Middleware/XFrameHeadersMiddleware->handle(Object(Illuminate/Http/Request), Object(Closure))
#52 C:/Users/user/MyFiles/ProgmiX/PEX-Form-main/vendor/laravel/framework/src/Illuminate/Routing/Middleware/SubstituteBindings.php(50): Illuminate/Pipeline/Pipeline->Illuminate/Pipeline/{closure}(Object(Illuminate/Http/Request))
#53 C:/Users/user/MyFiles/ProgmiX/PEX-Form-main/vendor/laravel/framework/src/Illuminate/Pipeline/Pipeline.php(219): Illuminate/Routing/Middleware/SubstituteBindings->handle(Object(Illuminate/Http/Request), Object(Closure))
#54 C:/Users/user/MyFiles/ProgmiX/PEX-Form-main/vendor/laravel/framework/src/Illuminate/Cookie/Middleware/AddQueuedCookiesToResponse.php(36): Illuminate/Pipeline/Pipeline->Illuminate/Pipeline/{closure}(Object(Illuminate/Http/Request))
#55 C:/Users/user/MyFiles/ProgmiX/PEX-Form-main/vendor/laravel/framework/src/Illuminate/Pipeline/Pipeline.php(219): Illuminate/Cookie/Middleware/AddQueuedCookiesToResponse->handle(Object(Illuminate/Http/Request), Object(Closure))
#56 C:/Users/user/MyFiles/ProgmiX/PEX-Form-main/vendor/laravel/framework/src/Illuminate/View/Middleware/ShareErrorsFromSession.php(48): Illuminate/Pipeline/Pipeline->Illuminate/Pipeline/{closure}(Object(Illuminate/Http/Request))
#57 C:/Users/user/MyFiles/ProgmiX/PEX-Form-main/modules/Backend/Http/Middleware/ShareErrorsUnlessBot.php(24): Illuminate/View/Middleware/ShareErrorsFromSession->handle(Object(Illuminate/Http/Request), Object(Closure))
#58 C:/Users/user/MyFiles/ProgmiX/PEX-Form-main/vendor/laravel/framework/src/Illuminate/Pipeline/Pipeline.php(219): Juzaweb/Backend/Http/Middleware/ShareErrorsUnlessBot->handle(Object(Illuminate/Http/Request), Object(Closure))
#59 C:/Users/user/MyFiles/ProgmiX/PEX-Form-main/vendor/laravel/framework/src/Illuminate/Session/Middleware/StartSession.php(120): Illuminate/Pipeline/Pipeline->Illuminate/Pipeline/{closure}(Object(Illuminate/Http/Request))
#60 C:/Users/user/MyFiles/ProgmiX/PEX-Form-main/vendor/laravel/framework/src/Illuminate/Session/Middleware/StartSession.php(63): Illuminate/Session/Middleware/StartSession->handleStatefulRequest(Object(Illuminate/Http/Request), Object(Illuminate/Session/Store), Object(Closure))
#61 C:/Users/user/MyFiles/ProgmiX/PEX-Form-main/modules/Backend/Http/Middleware/SkipSessionForBots.php(24): Illuminate/Session/Middleware/StartSession->handle(Object(Illuminate/Http/Request), Object(Closure))
#62 C:/Users/user/MyFiles/ProgmiX/PEX-Form-main/vendor/laravel/framework/src/Illuminate/Pipeline/Pipeline.php(219): Juzaweb/Backend/Http/Middleware/SkipSessionForBots->handle(Object(Illuminate/Http/Request), Object(Closure))
#63 C:/Users/user/MyFiles/ProgmiX/PEX-Form-main/vendor/laravel/framework/src/Illuminate/Cookie/Middleware/EncryptCookies.php(74): Illuminate/Pipeline/Pipeline->Illuminate/Pipeline/{closure}(Object(Illuminate/Http/Request))
#64 C:/Users/user/MyFiles/ProgmiX/PEX-Form-main/vendor/laravel/framework/src/Illuminate/Pipeline/Pipeline.php(219): Illuminate/Cookie/Middleware/EncryptCookies->handle(Object(Illuminate/Http/Request), Object(Closure))
#65 C:/Users/user/MyFiles/ProgmiX/PEX-Form-main/modules/CMS/Http/Middleware/GlobalMiddleware.php(11): Illuminate/Pipeline/Pipeline->Illuminate/Pipeline/{closure}(Object(Illuminate/Http/Request))
#66 C:/Users/user/MyFiles/ProgmiX/PEX-Form-main/vendor/laravel/framework/src/Illuminate/Pipeline/Pipeline.php(219): Juzaweb/CMS/Http/Middleware/GlobalMiddleware->handle(Object(Illuminate/Http/Request), Object(Closure))
#67 C:/Users/user/MyFiles/ProgmiX/PEX-Form-main/modules/Backend/Http/Middleware/DisableSessionForBots.php(30): Illuminate/Pipeline/Pipeline->Illuminate/Pipeline/{closure}(Object(Illuminate/Http/Request))
#68 C:/Users/user/MyFiles/ProgmiX/PEX-Form-main/vendor/laravel/framework/src/Illuminate/Pipeline/Pipeline.php(219): Juzaweb/Backend/Http/Middleware/DisableSessionForBots->handle(Object(Illuminate/Http/Request), Object(Closure))
#69 C:/Users/user/MyFiles/ProgmiX/PEX-Form-main/vendor/laravel/framework/src/Illuminate/Pipeline/Pipeline.php(137): Illuminate/Pipeline/Pipeline->Illuminate/Pipeline/{closure}(Object(Illuminate/Http/Request))
#70 C:/Users/user/MyFiles/ProgmiX/PEX-Form-main/vendor/laravel/framework/src/Illuminate/Routing/Router.php(821): Illuminate/Pipeline/Pipeline->then(Object(Closure))
#71 C:/Users/user/MyFiles/ProgmiX/PEX-Form-main/vendor/laravel/framework/src/Illuminate/Routing/Router.php(800): Illuminate/Routing/Router->runRouteWithinStack(Object(Illuminate/Routing/Route), Object(Illuminate/Http/Request))
#72 C:/Users/user/MyFiles/ProgmiX/PEX-Form-main/vendor/laravel/framework/src/Illuminate/Routing/Router.php(764): Illuminate/Routing/Router->runRoute(Object(Illuminate/Http/Request), Object(Illuminate/Routing/Route))
#73 C:/Users/user/MyFiles/ProgmiX/PEX-Form-main/vendor/laravel/framework/src/Illuminate/Routing/Router.php(753): Illuminate/Routing/Router->dispatchToRoute(Object(Illuminate/Http/Request))
#74 C:/Users/user/MyFiles/ProgmiX/PEX-Form-main/vendor/laravel/framework/src/Illuminate/Foundation/Http/Kernel.php(200): Illuminate/Routing/Router->dispatch(Object(Illuminate/Http/Request))
#75 C:/Users/user/MyFiles/ProgmiX/PEX-Form-main/vendor/laravel/framework/src/Illuminate/Pipeline/Pipeline.php(180): Illuminate/Foundation/Http/Kernel->Illuminate/Foundation/Http/{closure}(Object(Illuminate/Http/Request))
#76 C:/Users/user/MyFiles/ProgmiX/PEX-Form-main/vendor/barryvdh/laravel-debugbar/src/Middleware/InjectDebugbar.php(59): Illuminate/Pipeline/Pipeline->Illuminate/Pipeline/{closure}(Object(Illuminate/Http/Request))
#77 C:/Users/user/MyFiles/ProgmiX/PEX-Form-main/vendor/laravel/framework/src/Illuminate/Pipeline/Pipeline.php(219): Barryvdh/Debugbar/Middleware/InjectDebugbar->handle(Object(Illuminate/Http/Request), Object(Closure))
#78 C:/Users/user/MyFiles/ProgmiX/PEX-Form-main/modules/Backend/Http/Middleware/BlockIpMiddleware.php(31): Illuminate/Pipeline/Pipeline->Illuminate/Pipeline/{closure}(Object(Illuminate/Http/Request))
#79 C:/Users/user/MyFiles/ProgmiX/PEX-Form-main/vendor/laravel/framework/src/Illuminate/Pipeline/Pipeline.php(219): Juzaweb/Backend/Http/Middleware/BlockIpMiddleware->handle(Object(Illuminate/Http/Request), Object(Closure))
#80 C:/Users/user/MyFiles/ProgmiX/PEX-Form-main/modules/Backend/Http/Middleware/SecurityHeaders.php(25): Illuminate/Pipeline/Pipeline->Illuminate/Pipeline/{closure}(Object(Illuminate/Http/Request))
#81 C:/Users/user/MyFiles/ProgmiX/PEX-Form-main/vendor/laravel/framework/src/Illuminate/Pipeline/Pipeline.php(219): Juzaweb/Backend/Http/Middleware/SecurityHeaders->handle(Object(Illuminate/Http/Request), Object(Closure))
#82 C:/Users/user/MyFiles/ProgmiX/PEX-Form-main/vendor/laravel/framework/src/Illuminate/Foundation/Http/Middleware/TransformsRequest.php(21): Illuminate/Pipeline/Pipeline->Illuminate/Pipeline/{closure}(Object(Illuminate/Http/Request))
#83 C:/Users/user/MyFiles/ProgmiX/PEX-Form-main/vendor/laravel/framework/src/Illuminate/Foundation/Http/Middleware/ConvertEmptyStringsToNull.php(31): Illuminate/Foundation/Http/Middleware/TransformsRequest->handle(Object(Illuminate/Http/Request), Object(Closure))
#84 C:/Users/user/MyFiles/ProgmiX/PEX-Form-main/vendor/laravel/framework/src/Illuminate/Pipeline/Pipeline.php(219): Illuminate/Foundation/Http/Middleware/ConvertEmptyStringsToNull->handle(Object(Illuminate/Http/Request), Object(Closure))
#85 C:/Users/user/MyFiles/ProgmiX/PEX-Form-main/vendor/laravel/framework/src/Illuminate/Foundation/Http/Middleware/TransformsRequest.php(21): Illuminate/Pipeline/Pipeline->Illuminate/Pipeline/{closure}(Object(Illuminate/Http/Request))
#86 C:/Users/user/MyFiles/ProgmiX/PEX-Form-main/vendor/laravel/framework/src/Illuminate/Foundation/Http/Middleware/TrimStrings.php(51): Illuminate/Foundation/Http/Middleware/TransformsRequest->handle(Object(Illuminate/Http/Request), Object(Closure))
#87 C:/Users/user/MyFiles/ProgmiX/PEX-Form-main/vendor/laravel/framework/src/Illuminate/Pipeline/Pipeline.php(219): Illuminate/Foundation/Http/Middleware/TrimStrings->handle(Object(Illuminate/Http/Request), Object(Closure))
#88 C:/Users/user/MyFiles/ProgmiX/PEX-Form-main/vendor/laravel/framework/src/Illuminate/Http/Middleware/ValidatePostSize.php(27): Illuminate/Pipeline/Pipeline->Illuminate/Pipeline/{closure}(Object(Illuminate/Http/Request))
#89 C:/Users/user/MyFiles/ProgmiX/PEX-Form-main/vendor/laravel/framework/src/Illuminate/Pipeline/Pipeline.php(219): Illuminate/Http/Middleware/ValidatePostSize->handle(Object(Illuminate/Http/Request), Object(Closure))
#90 C:/Users/user/MyFiles/ProgmiX/PEX-Form-main/vendor/laravel/framework/src/Illuminate/Foundation/Http/Middleware/PreventRequestsDuringMaintenance.php(109): Illuminate/Pipeline/Pipeline->Illuminate/Pipeline/{closure}(Object(Illuminate/Http/Request))
#91 C:/Users/user/MyFiles/ProgmiX/PEX-Form-main/vendor/laravel/framework/src/Illuminate/Pipeline/Pipeline.php(219): Illuminate/Foundation/Http/Middleware/PreventRequestsDuringMaintenance->handle(Object(Illuminate/Http/Request), Object(Closure))
#92 C:/Users/user/MyFiles/ProgmiX/PEX-Form-main/vendor/laravel/framework/src/Illuminate/Http/Middleware/HandleCors.php(61): Illuminate/Pipeline/Pipeline->Illuminate/Pipeline/{closure}(Object(Illuminate/Http/Request))
#93 C:/Users/user/MyFiles/ProgmiX/PEX-Form-main/vendor/laravel/framework/src/Illuminate/Pipeline/Pipeline.php(219): Illuminate/Http/Middleware/HandleCors->handle(Object(Illuminate/Http/Request), Object(Closure))
#94 C:/Users/user/MyFiles/ProgmiX/PEX-Form-main/vendor/laravel/framework/src/Illuminate/Http/Middleware/TrustProxies.php(58): Illuminate/Pipeline/Pipeline->Illuminate/Pipeline/{closure}(Object(Illuminate/Http/Request))
#95 C:/Users/user/MyFiles/ProgmiX/PEX-Form-main/vendor/laravel/framework/src/Illuminate/Pipeline/Pipeline.php(219): Illuminate/Http/Middleware/TrustProxies->handle(Object(Illuminate/Http/Request), Object(Closure))
#96 C:/Users/user/MyFiles/ProgmiX/PEX-Form-main/vendor/laravel/framework/src/Illuminate/Pipeline/Pipeline.php(137): Illuminate/Pipeline/Pipeline->Illuminate/Pipeline/{closure}(Object(Illuminate/Http/Request))
#97 C:/Users/user/MyFiles/ProgmiX/PEX-Form-main/vendor/laravel/framework/src/Illuminate/Foundation/Http/Kernel.php(175): Illuminate/Pipeline/Pipeline->then(Object(Closure))
#98 C:/Users/user/MyFiles/ProgmiX/PEX-Form-main/vendor/laravel/framework/src/Illuminate/Foundation/Http/Kernel.php(144): Illuminate/Foundation/Http/Kernel->sendRequestThroughRouter(Object(Illuminate/Http/Request))
#99 C:/Users/user/MyFiles/ProgmiX/PEX-Form-main/public/index.php(51): Illuminate/Foundation/Http/Kernel->handle(Object(Illuminate/Http/Request))
#100 C:/Users/user/MyFiles/ProgmiX/PEX-Form-main/vendor/laravel/framework/src/Illuminate/Foundation/resources/server.php(23): require_once('C://Users//user//M...')
#101 {main}

[previous exception] [object] (PDOException(code: 42S02): SQLSTATE[42S02]: Base table or view not found: 1146 Table 'pex_form.forum_registrations' doesn't exist at C:/Users/user/MyFiles/ProgmiX/PEX-Form-main/vendor/laravel/framework/src/Illuminate/Database/Connection.php:420)
[stacktrace]
#0 C:/Users/user/MyFiles/ProgmiX/PEX-Form-main/vendor/laravel/framework/src/Illuminate/Database/Connection.php(420): PDO->prepare('select count(*)...')
#1 C:/Users/user/MyFiles/ProgmiX/PEX-Form-main/vendor/laravel/framework/src/Illuminate/Database/Connection.php(827): Illuminate/Database/Connection->Illuminate/Database/{closure}('select count(*)...', Array)
#2 C:/Users/user/MyFiles/ProgmiX/PEX-Form-main/vendor/laravel/framework/src/Illuminate/Database/Connection.php(794): Illuminate/Database/Connection->runQueryCallback('select count(*)...', Array, Object(Closure))
#3 C:/Users/user/MyFiles/ProgmiX/PEX-Form-main/vendor/laravel/framework/src/Illuminate/Database/Connection.php(411): Illuminate/Database/Connection->run('select count(*)...', Array, Object(Closure))
#4 C:/Users/user/MyFiles/ProgmiX/PEX-Form-main/vendor/laravel/framework/src/Illuminate/Database/Query/Builder.php(3505): Illuminate/Database/Connection->select('select count(*)...', Array, false)
#5 C:/Users/user/MyFiles/ProgmiX/PEX-Form-main/vendor/laravel/framework/src/Illuminate/Database/Query/Builder.php(3490): Illuminate/Database/Query/Builder->runSelect()
#6 C:/Users/user/MyFiles/ProgmiX/PEX-Form-main/vendor/laravel/framework/src/Illuminate/Database/Query/Builder.php(4080): Illuminate/Database/Query/Builder->Illuminate/Database/Query/{closure}()
#7 C:/Users/user/MyFiles/ProgmiX/PEX-Form-main/vendor/laravel/framework/src/Illuminate/Database/Query/Builder.php(3489): Illuminate/Database/Query/Builder->onceWithColumns(Array, Object(Closure))
#8 C:/Users/user/MyFiles/ProgmiX/PEX-Form-main/vendor/laravel/framework/src/Illuminate/Database/Query/Builder.php(4004): Illuminate/Database/Query/Builder->get(Array)
#9 C:/Users/user/MyFiles/ProgmiX/PEX-Form-main/vendor/laravel/framework/src/Illuminate/Database/Query/Builder.php(3932): Illuminate/Database/Query/Builder->aggregate('count', Array)
#10 C:/Users/user/MyFiles/ProgmiX/PEX-Form-main/vendor/laravel/framework/src/Illuminate/Validation/DatabasePresenceVerifier.php(53): Illuminate/Database/Query/Builder->count()
#11 C:/Users/user/MyFiles/ProgmiX/PEX-Form-main/vendor/laravel/framework/src/Illuminate/Validation/Concerns/ValidatesAttributes.php(1087): Illuminate/Validation/DatabasePresenceVerifier->getCount('forum_registrat...', 'email', 'nooraldeentumeh...', NULL, 'id', Array)
#12 C:/Users/user/MyFiles/ProgmiX/PEX-Form-main/vendor/laravel/framework/src/Illuminate/Validation/Validator.php(726): Illuminate/Validation/Validator->validateUnique('email', 'nooraldeentumeh...', Array, Object(Illuminate/Validation/Validator))
#13 C:/Users/user/MyFiles/ProgmiX/PEX-Form-main/vendor/laravel/framework/src/Illuminate/Validation/Validator.php(481): Illuminate/Validation/Validator->validateAttribute('email', 'Unique')
#14 C:/Users/user/MyFiles/ProgmiX/PEX-Form-main/vendor/laravel/framework/src/Illuminate/Validation/Validator.php(516): Illuminate/Validation/Validator->passes()
#15 C:/Users/user/MyFiles/ProgmiX/PEX-Form-main/vendor/laravel/framework/src/Illuminate/Validation/ValidatesWhenResolvedTrait.php(31): Illuminate/Validation/Validator->fails()
#16 C:/Users/user/MyFiles/ProgmiX/PEX-Form-main/vendor/laravel/framework/src/Illuminate/Foundation/Providers/FormRequestServiceProvider.php(30): Illuminate/Foundation/Http/FormRequest->validateResolved()
#17 C:/Users/user/MyFiles/ProgmiX/PEX-Form-main/vendor/laravel/framework/src/Illuminate/Container/Container.php(1618): Illuminate/Foundation/Providers/FormRequestServiceProvider->Illuminate/Foundation/Providers/{closure}(Object(Juzaweb/Frontend/Http/Requests/ForumRegistrationRequest), Object(Juzaweb/CMS/Support/Application))
#18 C:/Users/user/MyFiles/ProgmiX/PEX-Form-main/vendor/laravel/framework/src/Illuminate/Container/Container.php(1556): Illuminate/Container/Container->fireCallbackArray(Object(Juzaweb/Frontend/Http/Requests/ForumRegistrationRequest), Array)
#19 C:/Users/user/MyFiles/ProgmiX/PEX-Form-main/vendor/laravel/framework/src/Illuminate/Container/Container.php(1542): Illuminate/Container/Container->fireAfterResolvingCallbacks('Juzaweb//Fronten...', Object(Juzaweb/Frontend/Http/Requests/ForumRegistrationRequest))
#20 C:/Users/user/MyFiles/ProgmiX/PEX-Form-main/vendor/laravel/framework/src/Illuminate/Container/Container.php(951): Illuminate/Container/Container->fireResolvingCallbacks('Juzaweb//Fronten...', Object(Juzaweb/Frontend/Http/Requests/ForumRegistrationRequest))
#21 C:/Users/user/MyFiles/ProgmiX/PEX-Form-main/vendor/laravel/framework/src/Illuminate/Foundation/Application.php(1078): Illuminate/Container/Container->resolve('Juzaweb//Fronten...', Array, true)
#22 C:/Users/user/MyFiles/ProgmiX/PEX-Form-main/vendor/laravel/framework/src/Illuminate/Container/Container.php(864): Illuminate/Foundation/Application->resolve('Juzaweb//Fronten...', Array)
#23 C:/Users/user/MyFiles/ProgmiX/PEX-Form-main/vendor/laravel/framework/src/Illuminate/Foundation/Application.php(1058): Illuminate/Container/Container->make('Juzaweb//Fronten...', Array)
#24 C:/Users/user/MyFiles/ProgmiX/PEX-Form-main/vendor/laravel/framework/src/Illuminate/Routing/ResolvesRouteDependencies.php(92): Illuminate/Foundation/Application->make('Juzaweb//Fronten...')
#25 C:/Users/user/MyFiles/ProgmiX/PEX-Form-main/vendor/laravel/framework/src/Illuminate/Routing/ResolvesRouteDependencies.php(51): Illuminate/Routing/ControllerDispatcher->transformDependency(Object(ReflectionParameter), Array, Object(stdClass))
#26 C:/Users/user/MyFiles/ProgmiX/PEX-Form-main/vendor/laravel/framework/src/Illuminate/Routing/ResolvesRouteDependencies.php(30): Illuminate/Routing/ControllerDispatcher->resolveMethodDependencies(Array, Object(ReflectionMethod))
#27 C:/Users/user/MyFiles/ProgmiX/PEX-Form-main/vendor/laravel/framework/src/Illuminate/Routing/ControllerDispatcher.php(59): Illuminate/Routing/ControllerDispatcher->resolveClassMethodDependencies(Array, Object(Juzaweb/Frontend/Http/Controllers/ForumRegistrationController), 'store')
#28 C:/Users/user/MyFiles/ProgmiX/PEX-Form-main/vendor/laravel/framework/src/Illuminate/Routing/ControllerDispatcher.php(40): Illuminate/Routing/ControllerDispatcher->resolveParameters(Object(Illuminate/Routing/Route), Object(Juzaweb/Frontend/Http/Controllers/ForumRegistrationController), 'store')
#29 C:/Users/user/MyFiles/ProgmiX/PEX-Form-main/vendor/laravel/framework/src/Illuminate/Routing/Route.php(265): Illuminate/Routing/ControllerDispatcher->dispatch(Object(Illuminate/Routing/Route), Object(Juzaweb/Frontend/Http/Controllers/ForumRegistrationController), 'store')
#30 C:/Users/user/MyFiles/ProgmiX/PEX-Form-main/vendor/laravel/framework/src/Illuminate/Routing/Route.php(211): Illuminate/Routing/Route->runController()
#31 C:/Users/user/MyFiles/ProgmiX/PEX-Form-main/vendor/laravel/framework/src/Illuminate/Routing/Router.php(822): Illuminate/Routing/Route->run()
#32 C:/Users/user/MyFiles/ProgmiX/PEX-Form-main/vendor/laravel/framework/src/Illuminate/Pipeline/Pipeline.php(180): Illuminate/Routing/Router->Illuminate/Routing/{closure}(Object(Illuminate/Http/Request))
#33 C:/Users/user/MyFiles/ProgmiX/PEX-Form-main/vendor/laravel/framework/src/Illuminate/Routing/Middleware/ThrottleRequests.php(166): Illuminate/Pipeline/Pipeline->Illuminate/Pipeline/{closure}(Object(Illuminate/Http/Request))
#34 C:/Users/user/MyFiles/ProgmiX/PEX-Form-main/vendor/laravel/framework/src/Illuminate/Routing/Middleware/ThrottleRequests.php(129): Illuminate/Routing/Middleware/ThrottleRequests->handleRequest(Object(Illuminate/Http/Request), Object(Closure), Array)
#35 C:/Users/user/MyFiles/ProgmiX/PEX-Form-main/vendor/laravel/framework/src/Illuminate/Routing/Middleware/ThrottleRequests.php(90): Illuminate/Routing/Middleware/ThrottleRequests->handleRequestUsingNamedLimiter(Object(Illuminate/Http/Request), Object(Closure), 'forum-registrat...', Object(Closure))
#36 C:/Users/user/MyFiles/ProgmiX/PEX-Form-main/vendor/laravel/framework/src/Illuminate/Pipeline/Pipeline.php(219): Illuminate/Routing/Middleware/ThrottleRequests->handle(Object(Illuminate/Http/Request), Object(Closure), 'forum-registrat...')
#37 C:/Users/user/MyFiles/ProgmiX/PEX-Form-main/modules/Frontend/Http/Middleware/Locale.php(49): Illuminate/Pipeline/Pipeline->Illuminate/Pipeline/{closure}(Object(Illuminate/Http/Request))
#38 C:/Users/user/MyFiles/ProgmiX/PEX-Form-main/vendor/laravel/framework/src/Illuminate/Pipeline/Pipeline.php(219): Juzaweb/Frontend/Http/Middleware/Locale->handle(Object(Illuminate/Http/Request), Object(Closure))
#39 C:/Users/user/MyFiles/ProgmiX/PEX-Form-main/modules/Backend/Http/Middleware/SecurityHeaders.php(25): Illuminate/Pipeline/Pipeline->Illuminate/Pipeline/{closure}(Object(Illuminate/Http/Request))
#40 C:/Users/user/MyFiles/ProgmiX/PEX-Form-main/vendor/laravel/framework/src/Illuminate/Pipeline/Pipeline.php(219): Juzaweb/Backend/Http/Middleware/SecurityHeaders->handle(Object(Illuminate/Http/Request), Object(Closure))
#41 C:/Users/user/MyFiles/ProgmiX/PEX-Form-main/vendor/laravel/framework/src/Illuminate/Routing/Middleware/ThrottleRequests.php(166): Illuminate/Pipeline/Pipeline->Illuminate/Pipeline/{closure}(Object(Illuminate/Http/Request))
#42 C:/Users/user/MyFiles/ProgmiX/PEX-Form-main/vendor/laravel/framework/src/Illuminate/Routing/Middleware/ThrottleRequests.php(93): Illuminate/Routing/Middleware/ThrottleRequests->handleRequest(Object(Illuminate/Http/Request), Object(Closure), Array)
#43 C:/Users/user/MyFiles/ProgmiX/PEX-Form-main/vendor/laravel/framework/src/Illuminate/Pipeline/Pipeline.php(219): Illuminate/Routing/Middleware/ThrottleRequests->handle(Object(Illuminate/Http/Request), Object(Closure))
#44 C:/Users/user/MyFiles/ProgmiX/PEX-Form-main/modules/Backend/Http/Middleware/PathTraversal.php(57): Illuminate/Pipeline/Pipeline->Illuminate/Pipeline/{closure}(Object(Illuminate/Http/Request))
#45 C:/Users/user/MyFiles/ProgmiX/PEX-Form-main/vendor/laravel/framework/src/Illuminate/Pipeline/Pipeline.php(219): Juzaweb/Backend/Http/Middleware/PathTraversal->handle(Object(Illuminate/Http/Request), Object(Closure))
#46 C:/Users/user/MyFiles/ProgmiX/PEX-Form-main/modules/Backend/Http/Middleware/XssSanitization.php(44): Illuminate/Pipeline/Pipeline->Illuminate/Pipeline/{closure}(Object(Illuminate/Http/Request))
#47 C:/Users/user/MyFiles/ProgmiX/PEX-Form-main/vendor/laravel/framework/src/Illuminate/Pipeline/Pipeline.php(219): Juzaweb/Backend/Http/Middleware/XssSanitization->handle(Object(Illuminate/Http/Request), Object(Closure))
#48 C:/Users/user/MyFiles/ProgmiX/PEX-Form-main/vendor/spatie/laravel-csp/src/AddCspHeaders.php(13): Illuminate/Pipeline/Pipeline->Illuminate/Pipeline/{closure}(Object(Illuminate/Http/Request))
#49 C:/Users/user/MyFiles/ProgmiX/PEX-Form-main/vendor/laravel/framework/src/Illuminate/Pipeline/Pipeline.php(219): Spatie/Csp/AddCspHeaders->handle(Object(Illuminate/Http/Request), Object(Closure))
#50 C:/Users/user/MyFiles/ProgmiX/PEX-Form-main/vendor/barryvdh/laravel-debugbar/src/Middleware/InjectDebugbar.php(59): Illuminate/Pipeline/Pipeline->Illuminate/Pipeline/{closure}(Object(Illuminate/Http/Request))
#51 C:/Users/user/MyFiles/ProgmiX/PEX-Form-main/vendor/laravel/framework/src/Illuminate/Pipeline/Pipeline.php(219): Barryvdh/Debugbar/Middleware/InjectDebugbar->handle(Object(Illuminate/Http/Request), Object(Closure))
#52 C:/Users/user/MyFiles/ProgmiX/PEX-Form-main/modules/CMS/Http/Middleware/XFrameHeadersMiddleware.php(41): Illuminate/Pipeline/Pipeline->Illuminate/Pipeline/{closure}(Object(Illuminate/Http/Request))
#53 C:/Users/user/MyFiles/ProgmiX/PEX-Form-main/vendor/laravel/framework/src/Illuminate/Pipeline/Pipeline.php(219): Juzaweb/CMS/Http/Middleware/XFrameHeadersMiddleware->handle(Object(Illuminate/Http/Request), Object(Closure))
#54 C:/Users/user/MyFiles/ProgmiX/PEX-Form-main/vendor/laravel/framework/src/Illuminate/Routing/Middleware/SubstituteBindings.php(50): Illuminate/Pipeline/Pipeline->Illuminate/Pipeline/{closure}(Object(Illuminate/Http/Request))
#55 C:/Users/user/MyFiles/ProgmiX/PEX-Form-main/vendor/laravel/framework/src/Illuminate/Pipeline/Pipeline.php(219): Illuminate/Routing/Middleware/SubstituteBindings->handle(Object(Illuminate/Http/Request), Object(Closure))
#56 C:/Users/user/MyFiles/ProgmiX/PEX-Form-main/vendor/laravel/framework/src/Illuminate/Cookie/Middleware/AddQueuedCookiesToResponse.php(36): Illuminate/Pipeline/Pipeline->Illuminate/Pipeline/{closure}(Object(Illuminate/Http/Request))
#57 C:/Users/user/MyFiles/ProgmiX/PEX-Form-main/vendor/laravel/framework/src/Illuminate/Pipeline/Pipeline.php(219): Illuminate/Cookie/Middleware/AddQueuedCookiesToResponse->handle(Object(Illuminate/Http/Request), Object(Closure))
#58 C:/Users/user/MyFiles/ProgmiX/PEX-Form-main/vendor/laravel/framework/src/Illuminate/View/Middleware/ShareErrorsFromSession.php(48): Illuminate/Pipeline/Pipeline->Illuminate/Pipeline/{closure}(Object(Illuminate/Http/Request))
#59 C:/Users/user/MyFiles/ProgmiX/PEX-Form-main/modules/Backend/Http/Middleware/ShareErrorsUnlessBot.php(24): Illuminate/View/Middleware/ShareErrorsFromSession->handle(Object(Illuminate/Http/Request), Object(Closure))
#60 C:/Users/user/MyFiles/ProgmiX/PEX-Form-main/vendor/laravel/framework/src/Illuminate/Pipeline/Pipeline.php(219): Juzaweb/Backend/Http/Middleware/ShareErrorsUnlessBot->handle(Object(Illuminate/Http/Request), Object(Closure))
#61 C:/Users/user/MyFiles/ProgmiX/PEX-Form-main/vendor/laravel/framework/src/Illuminate/Session/Middleware/StartSession.php(120): Illuminate/Pipeline/Pipeline->Illuminate/Pipeline/{closure}(Object(Illuminate/Http/Request))
#62 C:/Users/user/MyFiles/ProgmiX/PEX-Form-main/vendor/laravel/framework/src/Illuminate/Session/Middleware/StartSession.php(63): Illuminate/Session/Middleware/StartSession->handleStatefulRequest(Object(Illuminate/Http/Request), Object(Illuminate/Session/Store), Object(Closure))
#63 C:/Users/user/MyFiles/ProgmiX/PEX-Form-main/modules/Backend/Http/Middleware/SkipSessionForBots.php(24): Illuminate/Session/Middleware/StartSession->handle(Object(Illuminate/Http/Request), Object(Closure))
#64 C:/Users/user/MyFiles/ProgmiX/PEX-Form-main/vendor/laravel/framework/src/Illuminate/Pipeline/Pipeline.php(219): Juzaweb/Backend/Http/Middleware/SkipSessionForBots->handle(Object(Illuminate/Http/Request), Object(Closure))
#65 C:/Users/user/MyFiles/ProgmiX/PEX-Form-main/vendor/laravel/framework/src/Illuminate/Cookie/Middleware/EncryptCookies.php(74): Illuminate/Pipeline/Pipeline->Illuminate/Pipeline/{closure}(Object(Illuminate/Http/Request))
#66 C:/Users/user/MyFiles/ProgmiX/PEX-Form-main/vendor/laravel/framework/src/Illuminate/Pipeline/Pipeline.php(219): Illuminate/Cookie/Middleware/EncryptCookies->handle(Object(Illuminate/Http/Request), Object(Closure))
#67 C:/Users/user/MyFiles/ProgmiX/PEX-Form-main/modules/CMS/Http/Middleware/GlobalMiddleware.php(11): Illuminate/Pipeline/Pipeline->Illuminate/Pipeline/{closure}(Object(Illuminate/Http/Request))
#68 C:/Users/user/MyFiles/ProgmiX/PEX-Form-main/vendor/laravel/framework/src/Illuminate/Pipeline/Pipeline.php(219): Juzaweb/CMS/Http/Middleware/GlobalMiddleware->handle(Object(Illuminate/Http/Request), Object(Closure))
#69 C:/Users/user/MyFiles/ProgmiX/PEX-Form-main/modules/Backend/Http/Middleware/DisableSessionForBots.php(30): Illuminate/Pipeline/Pipeline->Illuminate/Pipeline/{closure}(Object(Illuminate/Http/Request))
#70 C:/Users/user/MyFiles/ProgmiX/PEX-Form-main/vendor/laravel/framework/src/Illuminate/Pipeline/Pipeline.php(219): Juzaweb/Backend/Http/Middleware/DisableSessionForBots->handle(Object(Illuminate/Http/Request), Object(Closure))
#71 C:/Users/user/MyFiles/ProgmiX/PEX-Form-main/vendor/laravel/framework/src/Illuminate/Pipeline/Pipeline.php(137): Illuminate/Pipeline/Pipeline->Illuminate/Pipeline/{closure}(Object(Illuminate/Http/Request))
#72 C:/Users/user/MyFiles/ProgmiX/PEX-Form-main/vendor/laravel/framework/src/Illuminate/Routing/Router.php(821): Illuminate/Pipeline/Pipeline->then(Object(Closure))
#73 C:/Users/user/MyFiles/ProgmiX/PEX-Form-main/vendor/laravel/framework/src/Illuminate/Routing/Router.php(800): Illuminate/Routing/Router->runRouteWithinStack(Object(Illuminate/Routing/Route), Object(Illuminate/Http/Request))
#74 C:/Users/user/MyFiles/ProgmiX/PEX-Form-main/vendor/laravel/framework/src/Illuminate/Routing/Router.php(764): Illuminate/Routing/Router->runRoute(Object(Illuminate/Http/Request), Object(Illuminate/Routing/Route))
#75 C:/Users/user/MyFiles/ProgmiX/PEX-Form-main/vendor/laravel/framework/src/Illuminate/Routing/Router.php(753): Illuminate/Routing/Router->dispatchToRoute(Object(Illuminate/Http/Request))
#76 C:/Users/user/MyFiles/ProgmiX/PEX-Form-main/vendor/laravel/framework/src/Illuminate/Foundation/Http/Kernel.php(200): Illuminate/Routing/Router->dispatch(Object(Illuminate/Http/Request))
#77 C:/Users/user/MyFiles/ProgmiX/PEX-Form-main/vendor/laravel/framework/src/Illuminate/Pipeline/Pipeline.php(180): Illuminate/Foundation/Http/Kernel->Illuminate/Foundation/Http/{closure}(Object(Illuminate/Http/Request))
#78 C:/Users/user/MyFiles/ProgmiX/PEX-Form-main/vendor/barryvdh/laravel-debugbar/src/Middleware/InjectDebugbar.php(59): Illuminate/Pipeline/Pipeline->Illuminate/Pipeline/{closure}(Object(Illuminate/Http/Request))
#79 C:/Users/user/MyFiles/ProgmiX/PEX-Form-main/vendor/laravel/framework/src/Illuminate/Pipeline/Pipeline.php(219): Barryvdh/Debugbar/Middleware/InjectDebugbar->handle(Object(Illuminate/Http/Request), Object(Closure))
#80 C:/Users/user/MyFiles/ProgmiX/PEX-Form-main/modules/Backend/Http/Middleware/BlockIpMiddleware.php(31): Illuminate/Pipeline/Pipeline->Illuminate/Pipeline/{closure}(Object(Illuminate/Http/Request))
#81 C:/Users/user/MyFiles/ProgmiX/PEX-Form-main/vendor/laravel/framework/src/Illuminate/Pipeline/Pipeline.php(219): Juzaweb/Backend/Http/Middleware/BlockIpMiddleware->handle(Object(Illuminate/Http/Request), Object(Closure))
#82 C:/Users/user/MyFiles/ProgmiX/PEX-Form-main/modules/Backend/Http/Middleware/SecurityHeaders.php(25): Illuminate/Pipeline/Pipeline->Illuminate/Pipeline/{closure}(Object(Illuminate/Http/Request))
#83 C:/Users/user/MyFiles/ProgmiX/PEX-Form-main/vendor/laravel/framework/src/Illuminate/Pipeline/Pipeline.php(219): Juzaweb/Backend/Http/Middleware/SecurityHeaders->handle(Object(Illuminate/Http/Request), Object(Closure))
#84 C:/Users/user/MyFiles/ProgmiX/PEX-Form-main/vendor/laravel/framework/src/Illuminate/Foundation/Http/Middleware/TransformsRequest.php(21): Illuminate/Pipeline/Pipeline->Illuminate/Pipeline/{closure}(Object(Illuminate/Http/Request))
#85 C:/Users/user/MyFiles/ProgmiX/PEX-Form-main/vendor/laravel/framework/src/Illuminate/Foundation/Http/Middleware/ConvertEmptyStringsToNull.php(31): Illuminate/Foundation/Http/Middleware/TransformsRequest->handle(Object(Illuminate/Http/Request), Object(Closure))
#86 C:/Users/user/MyFiles/ProgmiX/PEX-Form-main/vendor/laravel/framework/src/Illuminate/Pipeline/Pipeline.php(219): Illuminate/Foundation/Http/Middleware/ConvertEmptyStringsToNull->handle(Object(Illuminate/Http/Request), Object(Closure))
#87 C:/Users/user/MyFiles/ProgmiX/PEX-Form-main/vendor/laravel/framework/src/Illuminate/Foundation/Http/Middleware/TransformsRequest.php(21): Illuminate/Pipeline/Pipeline->Illuminate/Pipeline/{closure}(Object(Illuminate/Http/Request))
#88 C:/Users/user/MyFiles/ProgmiX/PEX-Form-main/vendor/laravel/framework/src/Illuminate/Foundation/Http/Middleware/TrimStrings.php(51): Illuminate/Foundation/Http/Middleware/TransformsRequest->handle(Object(Illuminate/Http/Request), Object(Closure))
#89 C:/Users/user/MyFiles/ProgmiX/PEX-Form-main/vendor/laravel/framework/src/Illuminate/Pipeline/Pipeline.php(219): Illuminate/Foundation/Http/Middleware/TrimStrings->handle(Object(Illuminate/Http/Request), Object(Closure))
#90 C:/Users/user/MyFiles/ProgmiX/PEX-Form-main/vendor/laravel/framework/src/Illuminate/Http/Middleware/ValidatePostSize.php(27): Illuminate/Pipeline/Pipeline->Illuminate/Pipeline/{closure}(Object(Illuminate/Http/Request))
#91 C:/Users/user/MyFiles/ProgmiX/PEX-Form-main/vendor/laravel/framework/src/Illuminate/Pipeline/Pipeline.php(219): Illuminate/Http/Middleware/ValidatePostSize->handle(Object(Illuminate/Http/Request), Object(Closure))
#92 C:/Users/user/MyFiles/ProgmiX/PEX-Form-main/vendor/laravel/framework/src/Illuminate/Foundation/Http/Middleware/PreventRequestsDuringMaintenance.php(109): Illuminate/Pipeline/Pipeline->Illuminate/Pipeline/{closure}(Object(Illuminate/Http/Request))
#93 C:/Users/user/MyFiles/ProgmiX/PEX-Form-main/vendor/laravel/framework/src/Illuminate/Pipeline/Pipeline.php(219): Illuminate/Foundation/Http/Middleware/PreventRequestsDuringMaintenance->handle(Object(Illuminate/Http/Request), Object(Closure))
#94 C:/Users/user/MyFiles/ProgmiX/PEX-Form-main/vendor/laravel/framework/src/Illuminate/Http/Middleware/HandleCors.php(61): Illuminate/Pipeline/Pipeline->Illuminate/Pipeline/{closure}(Object(Illuminate/Http/Request))
#95 C:/Users/user/MyFiles/ProgmiX/PEX-Form-main/vendor/laravel/framework/src/Illuminate/Pipeline/Pipeline.php(219): Illuminate/Http/Middleware/HandleCors->handle(Object(Illuminate/Http/Request), Object(Closure))
#96 C:/Users/user/MyFiles/ProgmiX/PEX-Form-main/vendor/laravel/framework/src/Illuminate/Http/Middleware/TrustProxies.php(58): Illuminate/Pipeline/Pipeline->Illuminate/Pipeline/{closure}(Object(Illuminate/Http/Request))
#97 C:/Users/user/MyFiles/ProgmiX/PEX-Form-main/vendor/laravel/framework/src/Illuminate/Pipeline/Pipeline.php(219): Illuminate/Http/Middleware/TrustProxies->handle(Object(Illuminate/Http/Request), Object(Closure))
#98 C:/Users/user/MyFiles/ProgmiX/PEX-Form-main/vendor/laravel/framework/src/Illuminate/Pipeline/Pipeline.php(137): Illuminate/Pipeline/Pipeline->Illuminate/Pipeline/{closure}(Object(Illuminate/Http/Request))
#99 C:/Users/user/MyFiles/ProgmiX/PEX-Form-main/vendor/laravel/framework/src/Illuminate/Foundation/Http/Kernel.php(175): Illuminate/Pipeline/Pipeline->then(Object(Closure))
#100 C:/Users/user/MyFiles/ProgmiX/PEX-Form-main/vendor/laravel/framework/src/Illuminate/Foundation/Http/Kernel.php(144): Illuminate/Foundation/Http/Kernel->sendRequestThroughRouter(Object(Illuminate/Http/Request))
#101 C:/Users/user/MyFiles/ProgmiX/PEX-Form-main/public/index.php(51): Illuminate/Foundation/Http/Kernel->handle(Object(Illuminate/Http/Request))
#102 C:/Users/user/MyFiles/ProgmiX/PEX-Form-main/vendor/laravel/framework/src/Illuminate/Foundation/resources/server.php(23): require_once('C://Users//user//M...')
#103 {main}
"} 
[2026-09-06 07:41:30] local.ERROR: SQLSTATE[42S02]: Base table or view not found: 1146 Table 'pex_form.forum_registrations' doesn't exist (Connection: mysql, Host: 127.0.0.1, Port: 3306, Database: pex_form, SQL: select count(*) as aggregate from `forum_registrations` where `email` = nooraldeentumeh@gmail.com) {"userId":1,"exception":"[object] (Illuminate\\Database\\QueryException(code: 42S02): SQLSTATE[42S02]: Base table or view not found: 1146 Table 'pex_form.forum_registrations' doesn't exist (Connection: mysql, Host: 127.0.0.1, Port: 3306, Database: pex_form, SQL: select count(*) as aggregate from `forum_registrations` where `email` = nooraldeentumeh@gmail.com) at C:/Users/user/MyFiles/ProgmiX/PEX-Form-main/vendor/laravel/framework/src/Illuminate/Database/Connection.php:838)
[stacktrace]
#0 C:/Users/user/MyFiles/ProgmiX/PEX-Form-main/vendor/laravel/framework/src/Illuminate/Database/Connection.php(794): Illuminate/Database/Connection->runQueryCallback('select count(*)...', Array, Object(Closure))
#1 C:/Users/user/MyFiles/ProgmiX/PEX-Form-main/vendor/laravel/framework/src/Illuminate/Database/Connection.php(411): Illuminate/Database/Connection->run('select count(*)...', Array, Object(Closure))
#2 C:/Users/user/MyFiles/ProgmiX/PEX-Form-main/vendor/laravel/framework/src/Illuminate/Database/Query/Builder.php(3505): Illuminate/Database/Connection->select('select count(*)...', Array, false)
#3 C:/Users/user/MyFiles/ProgmiX/PEX-Form-main/vendor/laravel/framework/src/Illuminate/Database/Query/Builder.php(3490): Illuminate/Database/Query/Builder->runSelect()
#4 C:/Users/user/MyFiles/ProgmiX/PEX-Form-main/vendor/laravel/framework/src/Illuminate/Database/Query/Builder.php(4080): Illuminate/Database/Query/Builder->Illuminate/Database/Query/{closure}()
#5 C:/Users/user/MyFiles/ProgmiX/PEX-Form-main/vendor/laravel/framework/src/Illuminate/Database/Query/Builder.php(3489): Illuminate/Database/Query/Builder->onceWithColumns(Array, Object(Closure))
#6 C:/Users/user/MyFiles/ProgmiX/PEX-Form-main/vendor/laravel/framework/src/Illuminate/Database/Query/Builder.php(4004): Illuminate/Database/Query/Builder->get(Array)
#7 C:/Users/user/MyFiles/ProgmiX/PEX-Form-main/vendor/laravel/framework/src/Illuminate/Database/Query/Builder.php(3932): Illuminate/Database/Query/Builder->aggregate('count', Array)
#8 C:/Users/user/MyFiles/ProgmiX/PEX-Form-main/vendor/laravel/framework/src/Illuminate/Validation/DatabasePresenceVerifier.php(53): Illuminate/Database/Query/Builder->count()
#9 C:/Users/user/MyFiles/ProgmiX/PEX-Form-main/vendor/laravel/framework/src/Illuminate/Validation/Concerns/ValidatesAttributes.php(1087): Illuminate/Validation/DatabasePresenceVerifier->getCount('forum_registrat...', 'email', 'nooraldeentumeh...', NULL, 'id', Array)
#10 C:/Users/user/MyFiles/ProgmiX/PEX-Form-main/vendor/laravel/framework/src/Illuminate/Validation/Validator.php(726): Illuminate/Validation/Validator->validateUnique('email', 'nooraldeentumeh...', Array, Object(Illuminate/Validation/Validator))
#11 C:/Users/user/MyFiles/ProgmiX/PEX-Form-main/vendor/laravel/framework/src/Illuminate/Validation/Validator.php(481): Illuminate/Validation/Validator->validateAttribute('email', 'Unique')
#12 C:/Users/user/MyFiles/ProgmiX/PEX-Form-main/vendor/laravel/framework/src/Illuminate/Validation/Validator.php(516): Illuminate/Validation/Validator->passes()
#13 C:/Users/user/MyFiles/ProgmiX/PEX-Form-main/vendor/laravel/framework/src/Illuminate/Validation/ValidatesWhenResolvedTrait.php(31): Illuminate/Validation/Validator->fails()
#14 C:/Users/user/MyFiles/ProgmiX/PEX-Form-main/vendor/laravel/framework/src/Illuminate/Foundation/Providers/FormRequestServiceProvider.php(30): Illuminate/Foundation/Http/FormRequest->validateResolved()
#15 C:/Users/user/MyFiles/ProgmiX/PEX-Form-main/vendor/laravel/framework/src/Illuminate/Container/Container.php(1618): Illuminate/Foundation/Providers/FormRequestServiceProvider->Illuminate/Foundation/Providers/{closure}(Object(Juzaweb/Frontend/Http/Requests/ForumRegistrationRequest), Object(Juzaweb/CMS/Support/Application))
#16 C:/Users/user/MyFiles/ProgmiX/PEX-Form-main/vendor/laravel/framework/src/Illuminate/Container/Container.php(1556): Illuminate/Container/Container->fireCallbackArray(Object(Juzaweb/Frontend/Http/Requests/ForumRegistrationRequest), Array)
#17 C:/Users/user/MyFiles/ProgmiX/PEX-Form-main/vendor/laravel/framework/src/Illuminate/Container/Container.php(1542): Illuminate/Container/Container->fireAfterResolvingCallbacks('Juzaweb//Fronten...', Object(Juzaweb/Frontend/Http/Requests/ForumRegistrationRequest))
#18 C:/Users/user/MyFiles/ProgmiX/PEX-Form-main/vendor/laravel/framework/src/Illuminate/Container/Container.php(951): Illuminate/Container/Container->fireResolvingCallbacks('Juzaweb//Fronten...', Object(Juzaweb/Frontend/Http/Requests/ForumRegistrationRequest))
#19 C:/Users/user/MyFiles/ProgmiX/PEX-Form-main/vendor/laravel/framework/src/Illuminate/Foundation/Application.php(1078): Illuminate/Container/Container->resolve('Juzaweb//Fronten...', Array, true)
#20 C:/Users/user/MyFiles/ProgmiX/PEX-Form-main/vendor/laravel/framework/src/Illuminate/Container/Container.php(864): Illuminate/Foundation/Application->resolve('Juzaweb//Fronten...', Array)
#21 C:/Users/user/MyFiles/ProgmiX/PEX-Form-main/vendor/laravel/framework/src/Illuminate/Foundation/Application.php(1058): Illuminate/Container/Container->make('Juzaweb//Fronten...', Array)
#22 C:/Users/user/MyFiles/ProgmiX/PEX-Form-main/vendor/laravel/framework/src/Illuminate/Routing/ResolvesRouteDependencies.php(92): Illuminate/Foundation/Application->make('Juzaweb//Fronten...')
#23 C:/Users/user/MyFiles/ProgmiX/PEX-Form-main/vendor/laravel/framework/src/Illuminate/Routing/ResolvesRouteDependencies.php(51): Illuminate/Routing/ControllerDispatcher->transformDependency(Object(ReflectionParameter), Array, Object(stdClass))
#24 C:/Users/user/MyFiles/ProgmiX/PEX-Form-main/vendor/laravel/framework/src/Illuminate/Routing/ResolvesRouteDependencies.php(30): Illuminate/Routing/ControllerDispatcher->resolveMethodDependencies(Array, Object(ReflectionMethod))
#25 C:/Users/user/MyFiles/ProgmiX/PEX-Form-main/vendor/laravel/framework/src/Illuminate/Routing/ControllerDispatcher.php(59): Illuminate/Routing/ControllerDispatcher->resolveClassMethodDependencies(Array, Object(Juzaweb/Frontend/Http/Controllers/ForumRegistrationController), 'store')
#26 C:/Users/user/MyFiles/ProgmiX/PEX-Form-main/vendor/laravel/framework/src/Illuminate/Routing/ControllerDispatcher.php(40): Illuminate/Routing/ControllerDispatcher->resolveParameters(Object(Illuminate/Routing/Route), Object(Juzaweb/Frontend/Http/Controllers/ForumRegistrationController), 'store')
#27 C:/Users/user/MyFiles/ProgmiX/PEX-Form-main/vendor/laravel/framework/src/Illuminate/Routing/Route.php(265): Illuminate/Routing/ControllerDispatcher->dispatch(Object(Illuminate/Routing/Route), Object(Juzaweb/Frontend/Http/Controllers/ForumRegistrationController), 'store')
#28 C:/Users/user/MyFiles/ProgmiX/PEX-Form-main/vendor/laravel/framework/src/Illuminate/Routing/Route.php(211): Illuminate/Routing/Route->runController()
#29 C:/Users/user/MyFiles/ProgmiX/PEX-Form-main/vendor/laravel/framework/src/Illuminate/Routing/Router.php(822): Illuminate/Routing/Route->run()
#30 C:/Users/user/MyFiles/ProgmiX/PEX-Form-main/vendor/laravel/framework/src/Illuminate/Pipeline/Pipeline.php(180): Illuminate/Routing/Router->Illuminate/Routing/{closure}(Object(Illuminate/Http/Request))
#31 C:/Users/user/MyFiles/ProgmiX/PEX-Form-main/vendor/laravel/framework/src/Illuminate/Routing/Middleware/ThrottleRequests.php(166): Illuminate/Pipeline/Pipeline->Illuminate/Pipeline/{closure}(Object(Illuminate/Http/Request))
#32 C:/Users/user/MyFiles/ProgmiX/PEX-Form-main/vendor/laravel/framework/src/Illuminate/Routing/Middleware/ThrottleRequests.php(129): Illuminate/Routing/Middleware/ThrottleRequests->handleRequest(Object(Illuminate/Http/Request), Object(Closure), Array)
#33 C:/Users/user/MyFiles/ProgmiX/PEX-Form-main/vendor/laravel/framework/src/Illuminate/Routing/Middleware/ThrottleRequests.php(90): Illuminate/Routing/Middleware/ThrottleRequests->handleRequestUsingNamedLimiter(Object(Illuminate/Http/Request), Object(Closure), 'forum-registrat...', Object(Closure))
#34 C:/Users/user/MyFiles/ProgmiX/PEX-Form-main/vendor/laravel/framework/src/Illuminate/Pipeline/Pipeline.php(219): Illuminate/Routing/Middleware/ThrottleRequests->handle(Object(Illuminate/Http/Request), Object(Closure), 'forum-registrat...')
#35 C:/Users/user/MyFiles/ProgmiX/PEX-Form-main/modules/Frontend/Http/Middleware/Locale.php(49): Illuminate/Pipeline/Pipeline->Illuminate/Pipeline/{closure}(Object(Illuminate/Http/Request))
#36 C:/Users/user/MyFiles/ProgmiX/PEX-Form-main/vendor/laravel/framework/src/Illuminate/Pipeline/Pipeline.php(219): Juzaweb/Frontend/Http/Middleware/Locale->handle(Object(Illuminate/Http/Request), Object(Closure))
#37 C:/Users/user/MyFiles/ProgmiX/PEX-Form-main/modules/Backend/Http/Middleware/SecurityHeaders.php(25): Illuminate/Pipeline/Pipeline->Illuminate/Pipeline/{closure}(Object(Illuminate/Http/Request))
#38 C:/Users/user/MyFiles/ProgmiX/PEX-Form-main/vendor/laravel/framework/src/Illuminate/Pipeline/Pipeline.php(219): Juzaweb/Backend/Http/Middleware/SecurityHeaders->handle(Object(Illuminate/Http/Request), Object(Closure))
#39 C:/Users/user/MyFiles/ProgmiX/PEX-Form-main/vendor/laravel/framework/src/Illuminate/Routing/Middleware/ThrottleRequests.php(166): Illuminate/Pipeline/Pipeline->Illuminate/Pipeline/{closure}(Object(Illuminate/Http/Request))
#40 C:/Users/user/MyFiles/ProgmiX/PEX-Form-main/vendor/laravel/framework/src/Illuminate/Routing/Middleware/ThrottleRequests.php(93): Illuminate/Routing/Middleware/ThrottleRequests->handleRequest(Object(Illuminate/Http/Request), Object(Closure), Array)
#41 C:/Users/user/MyFiles/ProgmiX/PEX-Form-main/vendor/laravel/framework/src/Illuminate/Pipeline/Pipeline.php(219): Illuminate/Routing/Middleware/ThrottleRequests->handle(Object(Illuminate/Http/Request), Object(Closure))
#42 C:/Users/user/MyFiles/ProgmiX/PEX-Form-main/modules/Backend/Http/Middleware/PathTraversal.php(57): Illuminate/Pipeline/Pipeline->Illuminate/Pipeline/{closure}(Object(Illuminate/Http/Request))
#43 C:/Users/user/MyFiles/ProgmiX/PEX-Form-main/vendor/laravel/framework/src/Illuminate/Pipeline/Pipeline.php(219): Juzaweb/Backend/Http/Middleware/PathTraversal->handle(Object(Illuminate/Http/Request), Object(Closure))
#44 C:/Users/user/MyFiles/ProgmiX/PEX-Form-main/modules/Backend/Http/Middleware/XssSanitization.php(44): Illuminate/Pipeline/Pipeline->Illuminate/Pipeline/{closure}(Object(Illuminate/Http/Request))
#45 C:/Users/user/MyFiles/ProgmiX/PEX-Form-main/vendor/laravel/framework/src/Illuminate/Pipeline/Pipeline.php(219): Juzaweb/Backend/Http/Middleware/XssSanitization->handle(Object(Illuminate/Http/Request), Object(Closure))
#46 C:/Users/user/MyFiles/ProgmiX/PEX-Form-main/vendor/spatie/laravel-csp/src/AddCspHeaders.php(13): Illuminate/Pipeline/Pipeline->Illuminate/Pipeline/{closure}(Object(Illuminate/Http/Request))
#47 C:/Users/user/MyFiles/ProgmiX/PEX-Form-main/vendor/laravel/framework/src/Illuminate/Pipeline/Pipeline.php(219): Spatie/Csp/AddCspHeaders->handle(Object(Illuminate/Http/Request), Object(Closure))
#48 C:/Users/user/MyFiles/ProgmiX/PEX-Form-main/vendor/barryvdh/laravel-debugbar/src/Middleware/InjectDebugbar.php(59): Illuminate/Pipeline/Pipeline->Illuminate/Pipeline/{closure}(Object(Illuminate/Http/Request))
#49 C:/Users/user/MyFiles/ProgmiX/PEX-Form-main/vendor/laravel/framework/src/Illuminate/Pipeline/Pipeline.php(219): Barryvdh/Debugbar/Middleware/InjectDebugbar->handle(Object(Illuminate/Http/Request), Object(Closure))
#50 C:/Users/user/MyFiles/ProgmiX/PEX-Form-main/modules/CMS/Http/Middleware/XFrameHeadersMiddleware.php(41): Illuminate/Pipeline/Pipeline->Illuminate/Pipeline/{closure}(Object(Illuminate/Http/Request))
#51 C:/Users/user/MyFiles/ProgmiX/PEX-Form-main/vendor/laravel/framework/src/Illuminate/Pipeline/Pipeline.php(219): Juzaweb/CMS/Http/Middleware/XFrameHeadersMiddleware->handle(Object(Illuminate/Http/Request), Object(Closure))
#52 C:/Users/user/MyFiles/ProgmiX/PEX-Form-main/vendor/laravel/framework/src/Illuminate/Routing/Middleware/SubstituteBindings.php(50): Illuminate/Pipeline/Pipeline->Illuminate/Pipeline/{closure}(Object(Illuminate/Http/Request))
#53 C:/Users/user/MyFiles/ProgmiX/PEX-Form-main/vendor/laravel/framework/src/Illuminate/Pipeline/Pipeline.php(219): Illuminate/Routing/Middleware/SubstituteBindings->handle(Object(Illuminate/Http/Request), Object(Closure))
#54 C:/Users/user/MyFiles/ProgmiX/PEX-Form-main/vendor/laravel/framework/src/Illuminate/Cookie/Middleware/AddQueuedCookiesToResponse.php(36): Illuminate/Pipeline/Pipeline->Illuminate/Pipeline/{closure}(Object(Illuminate/Http/Request))
#55 C:/Users/user/MyFiles/ProgmiX/PEX-Form-main/vendor/laravel/framework/src/Illuminate/Pipeline/Pipeline.php(219): Illuminate/Cookie/Middleware/AddQueuedCookiesToResponse->handle(Object(Illuminate/Http/Request), Object(Closure))
#56 C:/Users/user/MyFiles/ProgmiX/PEX-Form-main/vendor/laravel/framework/src/Illuminate/View/Middleware/ShareErrorsFromSession.php(48): Illuminate/Pipeline/Pipeline->Illuminate/Pipeline/{closure}(Object(Illuminate/Http/Request))
#57 C:/Users/user/MyFiles/ProgmiX/PEX-Form-main/modules/Backend/Http/Middleware/ShareErrorsUnlessBot.php(24): Illuminate/View/Middleware/ShareErrorsFromSession->handle(Object(Illuminate/Http/Request), Object(Closure))
#58 C:/Users/user/MyFiles/ProgmiX/PEX-Form-main/vendor/laravel/framework/src/Illuminate/Pipeline/Pipeline.php(219): Juzaweb/Backend/Http/Middleware/ShareErrorsUnlessBot->handle(Object(Illuminate/Http/Request), Object(Closure))
#59 C:/Users/user/MyFiles/ProgmiX/PEX-Form-main/vendor/laravel/framework/src/Illuminate/Session/Middleware/StartSession.php(120): Illuminate/Pipeline/Pipeline->Illuminate/Pipeline/{closure}(Object(Illuminate/Http/Request))
#60 C:/Users/user/MyFiles/ProgmiX/PEX-Form-main/vendor/laravel/framework/src/Illuminate/Session/Middleware/StartSession.php(63): Illuminate/Session/Middleware/StartSession->handleStatefulRequest(Object(Illuminate/Http/Request), Object(Illuminate/Session/Store), Object(Closure))
#61 C:/Users/user/MyFiles/ProgmiX/PEX-Form-main/modules/Backend/Http/Middleware/SkipSessionForBots.php(24): Illuminate/Session/Middleware/StartSession->handle(Object(Illuminate/Http/Request), Object(Closure))
#62 C:/Users/user/MyFiles/ProgmiX/PEX-Form-main/vendor/laravel/framework/src/Illuminate/Pipeline/Pipeline.php(219): Juzaweb/Backend/Http/Middleware/SkipSessionForBots->handle(Object(Illuminate/Http/Request), Object(Closure))
#63 C:/Users/user/MyFiles/ProgmiX/PEX-Form-main/vendor/laravel/framework/src/Illuminate/Cookie/Middleware/EncryptCookies.php(74): Illuminate/Pipeline/Pipeline->Illuminate/Pipeline/{closure}(Object(Illuminate/Http/Request))
#64 C:/Users/user/MyFiles/ProgmiX/PEX-Form-main/vendor/laravel/framework/src/Illuminate/Pipeline/Pipeline.php(219): Illuminate/Cookie/Middleware/EncryptCookies->handle(Object(Illuminate/Http/Request), Object(Closure))
#65 C:/Users/user/MyFiles/ProgmiX/PEX-Form-main/modules/CMS/Http/Middleware/GlobalMiddleware.php(11): Illuminate/Pipeline/Pipeline->Illuminate/Pipeline/{closure}(Object(Illuminate/Http/Request))
#66 C:/Users/user/MyFiles/ProgmiX/PEX-Form-main/vendor/laravel/framework/src/Illuminate/Pipeline/Pipeline.php(219): Juzaweb/CMS/Http/Middleware/GlobalMiddleware->handle(Object(Illuminate/Http/Request), Object(Closure))
#67 C:/Users/user/MyFiles/ProgmiX/PEX-Form-main/modules/Backend/Http/Middleware/DisableSessionForBots.php(30): Illuminate/Pipeline/Pipeline->Illuminate/Pipeline/{closure}(Object(Illuminate/Http/Request))
#68 C:/Users/user/MyFiles/ProgmiX/PEX-Form-main/vendor/laravel/framework/src/Illuminate/Pipeline/Pipeline.php(219): Juzaweb/Backend/Http/Middleware/DisableSessionForBots->handle(Object(Illuminate/Http/Request), Object(Closure))
#69 C:/Users/user/MyFiles/ProgmiX/PEX-Form-main/vendor/laravel/framework/src/Illuminate/Pipeline/Pipeline.php(137): Illuminate/Pipeline/Pipeline->Illuminate/Pipeline/{closure}(Object(Illuminate/Http/Request))
#70 C:/Users/user/MyFiles/ProgmiX/PEX-Form-main/vendor/laravel/framework/src/Illuminate/Routing/Router.php(821): Illuminate/Pipeline/Pipeline->then(Object(Closure))
#71 C:/Users/user/MyFiles/ProgmiX/PEX-Form-main/vendor/laravel/framework/src/Illuminate/Routing/Router.php(800): Illuminate/Routing/Router->runRouteWithinStack(Object(Illuminate/Routing/Route), Object(Illuminate/Http/Request))
#72 C:/Users/user/MyFiles/ProgmiX/PEX-Form-main/vendor/laravel/framework/src/Illuminate/Routing/Router.php(764): Illuminate/Routing/Router->runRoute(Object(Illuminate/Http/Request), Object(Illuminate/Routing/Route))
#73 C:/Users/user/MyFiles/ProgmiX/PEX-Form-main/vendor/laravel/framework/src/Illuminate/Routing/Router.php(753): Illuminate/Routing/Router->dispatchToRoute(Object(Illuminate/Http/Request))
#74 C:/Users/user/MyFiles/ProgmiX/PEX-Form-main/vendor/laravel/framework/src/Illuminate/Foundation/Http/Kernel.php(200): Illuminate/Routing/Router->dispatch(Object(Illuminate/Http/Request))
#75 C:/Users/user/MyFiles/ProgmiX/PEX-Form-main/vendor/laravel/framework/src/Illuminate/Pipeline/Pipeline.php(180): Illuminate/Foundation/Http/Kernel->Illuminate/Foundation/Http/{closure}(Object(Illuminate/Http/Request))
#76 C:/Users/user/MyFiles/ProgmiX/PEX-Form-main/vendor/barryvdh/laravel-debugbar/src/Middleware/InjectDebugbar.php(59): Illuminate/Pipeline/Pipeline->Illuminate/Pipeline/{closure}(Object(Illuminate/Http/Request))
#77 C:/Users/user/MyFiles/ProgmiX/PEX-Form-main/vendor/laravel/framework/src/Illuminate/Pipeline/Pipeline.php(219): Barryvdh/Debugbar/Middleware/InjectDebugbar->handle(Object(Illuminate/Http/Request), Object(Closure))
#78 C:/Users/user/MyFiles/ProgmiX/PEX-Form-main/modules/Backend/Http/Middleware/BlockIpMiddleware.php(31): Illuminate/Pipeline/Pipeline->Illuminate/Pipeline/{closure}(Object(Illuminate/Http/Request))
#79 C:/Users/user/MyFiles/ProgmiX/PEX-Form-main/vendor/laravel/framework/src/Illuminate/Pipeline/Pipeline.php(219): Juzaweb/Backend/Http/Middleware/BlockIpMiddleware->handle(Object(Illuminate/Http/Request), Object(Closure))
#80 C:/Users/user/MyFiles/ProgmiX/PEX-Form-main/modules/Backend/Http/Middleware/SecurityHeaders.php(25): Illuminate/Pipeline/Pipeline->Illuminate/Pipeline/{closure}(Object(Illuminate/Http/Request))
#81 C:/Users/user/MyFiles/ProgmiX/PEX-Form-main/vendor/laravel/framework/src/Illuminate/Pipeline/Pipeline.php(219): Juzaweb/Backend/Http/Middleware/SecurityHeaders->handle(Object(Illuminate/Http/Request), Object(Closure))
#82 C:/Users/user/MyFiles/ProgmiX/PEX-Form-main/vendor/laravel/framework/src/Illuminate/Foundation/Http/Middleware/TransformsRequest.php(21): Illuminate/Pipeline/Pipeline->Illuminate/Pipeline/{closure}(Object(Illuminate/Http/Request))
#83 C:/Users/user/MyFiles/ProgmiX/PEX-Form-main/vendor/laravel/framework/src/Illuminate/Foundation/Http/Middleware/ConvertEmptyStringsToNull.php(31): Illuminate/Foundation/Http/Middleware/TransformsRequest->handle(Object(Illuminate/Http/Request), Object(Closure))
#84 C:/Users/user/MyFiles/ProgmiX/PEX-Form-main/vendor/laravel/framework/src/Illuminate/Pipeline/Pipeline.php(219): Illuminate/Foundation/Http/Middleware/ConvertEmptyStringsToNull->handle(Object(Illuminate/Http/Request), Object(Closure))
#85 C:/Users/user/MyFiles/ProgmiX/PEX-Form-main/vendor/laravel/framework/src/Illuminate/Foundation/Http/Middleware/TransformsRequest.php(21): Illuminate/Pipeline/Pipeline->Illuminate/Pipeline/{closure}(Object(Illuminate/Http/Request))
#86 C:/Users/user/MyFiles/ProgmiX/PEX-Form-main/vendor/laravel/framework/src/Illuminate/Foundation/Http/Middleware/TrimStrings.php(51): Illuminate/Foundation/Http/Middleware/TransformsRequest->handle(Object(Illuminate/Http/Request), Object(Closure))
#87 C:/Users/user/MyFiles/ProgmiX/PEX-Form-main/vendor/laravel/framework/src/Illuminate/Pipeline/Pipeline.php(219): Illuminate/Foundation/Http/Middleware/TrimStrings->handle(Object(Illuminate/Http/Request), Object(Closure))
#88 C:/Users/user/MyFiles/ProgmiX/PEX-Form-main/vendor/laravel/framework/src/Illuminate/Http/Middleware/ValidatePostSize.php(27): Illuminate/Pipeline/Pipeline->Illuminate/Pipeline/{closure}(Object(Illuminate/Http/Request))
#89 C:/Users/user/MyFiles/ProgmiX/PEX-Form-main/vendor/laravel/framework/src/Illuminate/Pipeline/Pipeline.php(219): Illuminate/Http/Middleware/ValidatePostSize->handle(Object(Illuminate/Http/Request), Object(Closure))
#90 C:/Users/user/MyFiles/ProgmiX/PEX-Form-main/vendor/laravel/framework/src/Illuminate/Foundation/Http/Middleware/PreventRequestsDuringMaintenance.php(109): Illuminate/Pipeline/Pipeline->Illuminate/Pipeline/{closure}(Object(Illuminate/Http/Request))
#91 C:/Users/user/MyFiles/ProgmiX/PEX-Form-main/vendor/laravel/framework/src/Illuminate/Pipeline/Pipeline.php(219): Illuminate/Foundation/Http/Middleware/PreventRequestsDuringMaintenance->handle(Object(Illuminate/Http/Request), Object(Closure))
#92 C:/Users/user/MyFiles/ProgmiX/PEX-Form-main/vendor/laravel/framework/src/Illuminate/Http/Middleware/HandleCors.php(61): Illuminate/Pipeline/Pipeline->Illuminate/Pipeline/{closure}(Object(Illuminate/Http/Request))
#93 C:/Users/user/MyFiles/ProgmiX/PEX-Form-main/vendor/laravel/framework/src/Illuminate/Pipeline/Pipeline.php(219): Illuminate/Http/Middleware/HandleCors->handle(Object(Illuminate/Http/Request), Object(Closure))
#94 C:/Users/user/MyFiles/ProgmiX/PEX-Form-main/vendor/laravel/framework/src/Illuminate/Http/Middleware/TrustProxies.php(58): Illuminate/Pipeline/Pipeline->Illuminate/Pipeline/{closure}(Object(Illuminate/Http/Request))
#95 C:/Users/user/MyFiles/ProgmiX/PEX-Form-main/vendor/laravel/framework/src/Illuminate/Pipeline/Pipeline.php(219): Illuminate/Http/Middleware/TrustProxies->handle(Object(Illuminate/Http/Request), Object(Closure))
#96 C:/Users/user/MyFiles/ProgmiX/PEX-Form-main/vendor/laravel/framework/src/Illuminate/Pipeline/Pipeline.php(137): Illuminate/Pipeline/Pipeline->Illuminate/Pipeline/{closure}(Object(Illuminate/Http/Request))
#97 C:/Users/user/MyFiles/ProgmiX/PEX-Form-main/vendor/laravel/framework/src/Illuminate/Foundation/Http/Kernel.php(175): Illuminate/Pipeline/Pipeline->then(Object(Closure))
#98 C:/Users/user/MyFiles/ProgmiX/PEX-Form-main/vendor/laravel/framework/src/Illuminate/Foundation/Http/Kernel.php(144): Illuminate/Foundation/Http/Kernel->sendRequestThroughRouter(Object(Illuminate/Http/Request))
#99 C:/Users/user/MyFiles/ProgmiX/PEX-Form-main/public/index.php(51): Illuminate/Foundation/Http/Kernel->handle(Object(Illuminate/Http/Request))
#100 C:/Users/user/MyFiles/ProgmiX/PEX-Form-main/vendor/laravel/framework/src/Illuminate/Foundation/resources/server.php(23): require_once('C://Users//user//M...')
#101 {main}

[previous exception] [object] (PDOException(code: 42S02): SQLSTATE[42S02]: Base table or view not found: 1146 Table 'pex_form.forum_registrations' doesn't exist at C:/Users/user/MyFiles/ProgmiX/PEX-Form-main/vendor/laravel/framework/src/Illuminate/Database/Connection.php:420)
[stacktrace]
#0 C:/Users/user/MyFiles/ProgmiX/PEX-Form-main/vendor/laravel/framework/src/Illuminate/Database/Connection.php(420): PDO->prepare('select count(*)...')
#1 C:/Users/user/MyFiles/ProgmiX/PEX-Form-main/vendor/laravel/framework/src/Illuminate/Database/Connection.php(827): Illuminate/Database/Connection->Illuminate/Database/{closure}('select count(*)...', Array)
#2 C:/Users/user/MyFiles/ProgmiX/PEX-Form-main/vendor/laravel/framework/src/Illuminate/Database/Connection.php(794): Illuminate/Database/Connection->runQueryCallback('select count(*)...', Array, Object(Closure))
#3 C:/Users/user/MyFiles/ProgmiX/PEX-Form-main/vendor/laravel/framework/src/Illuminate/Database/Connection.php(411): Illuminate/Database/Connection->run('select count(*)...', Array, Object(Closure))
#4 C:/Users/user/MyFiles/ProgmiX/PEX-Form-main/vendor/laravel/framework/src/Illuminate/Database/Query/Builder.php(3505): Illuminate/Database/Connection->select('select count(*)...', Array, false)
#5 C:/Users/user/MyFiles/ProgmiX/PEX-Form-main/vendor/laravel/framework/src/Illuminate/Database/Query/Builder.php(3490): Illuminate/Database/Query/Builder->runSelect()
#6 C:/Users/user/MyFiles/ProgmiX/PEX-Form-main/vendor/laravel/framework/src/Illuminate/Database/Query/Builder.php(4080): Illuminate/Database/Query/Builder->Illuminate/Database/Query/{closure}()
#7 C:/Users/user/MyFiles/ProgmiX/PEX-Form-main/vendor/laravel/framework/src/Illuminate/Database/Query/Builder.php(3489): Illuminate/Database/Query/Builder->onceWithColumns(Array, Object(Closure))
#8 C:/Users/user/MyFiles/ProgmiX/PEX-Form-main/vendor/laravel/framework/src/Illuminate/Database/Query/Builder.php(4004): Illuminate/Database/Query/Builder->get(Array)
#9 C:/Users/user/MyFiles/ProgmiX/PEX-Form-main/vendor/laravel/framework/src/Illuminate/Database/Query/Builder.php(3932): Illuminate/Database/Query/Builder->aggregate('count', Array)
#10 C:/Users/user/MyFiles/ProgmiX/PEX-Form-main/vendor/laravel/framework/src/Illuminate/Validation/DatabasePresenceVerifier.php(53): Illuminate/Database/Query/Builder->count()
#11 C:/Users/user/MyFiles/ProgmiX/PEX-Form-main/vendor/laravel/framework/src/Illuminate/Validation/Concerns/ValidatesAttributes.php(1087): Illuminate/Validation/DatabasePresenceVerifier->getCount('forum_registrat...', 'email', 'nooraldeentumeh...', NULL, 'id', Array)
#12 C:/Users/user/MyFiles/ProgmiX/PEX-Form-main/vendor/laravel/framework/src/Illuminate/Validation/Validator.php(726): Illuminate/Validation/Validator->validateUnique('email', 'nooraldeentumeh...', Array, Object(Illuminate/Validation/Validator))
#13 C:/Users/user/MyFiles/ProgmiX/PEX-Form-main/vendor/laravel/framework/src/Illuminate/Validation/Validator.php(481): Illuminate/Validation/Validator->validateAttribute('email', 'Unique')
#14 C:/Users/user/MyFiles/ProgmiX/PEX-Form-main/vendor/laravel/framework/src/Illuminate/Validation/Validator.php(516): Illuminate/Validation/Validator->passes()
#15 C:/Users/user/MyFiles/ProgmiX/PEX-Form-main/vendor/laravel/framework/src/Illuminate/Validation/ValidatesWhenResolvedTrait.php(31): Illuminate/Validation/Validator->fails()
#16 C:/Users/user/MyFiles/ProgmiX/PEX-Form-main/vendor/laravel/framework/src/Illuminate/Foundation/Providers/FormRequestServiceProvider.php(30): Illuminate/Foundation/Http/FormRequest->validateResolved()
#17 C:/Users/user/MyFiles/ProgmiX/PEX-Form-main/vendor/laravel/framework/src/Illuminate/Container/Container.php(1618): Illuminate/Foundation/Providers/FormRequestServiceProvider->Illuminate/Foundation/Providers/{closure}(Object(Juzaweb/Frontend/Http/Requests/ForumRegistrationRequest), Object(Juzaweb/CMS/Support/Application))
#18 C:/Users/user/MyFiles/ProgmiX/PEX-Form-main/vendor/laravel/framework/src/Illuminate/Container/Container.php(1556): Illuminate/Container/Container->fireCallbackArray(Object(Juzaweb/Frontend/Http/Requests/ForumRegistrationRequest), Array)
#19 C:/Users/user/MyFiles/ProgmiX/PEX-Form-main/vendor/laravel/framework/src/Illuminate/Container/Container.php(1542): Illuminate/Container/Container->fireAfterResolvingCallbacks('Juzaweb//Fronten...', Object(Juzaweb/Frontend/Http/Requests/ForumRegistrationRequest))
#20 C:/Users/user/MyFiles/ProgmiX/PEX-Form-main/vendor/laravel/framework/src/Illuminate/Container/Container.php(951): Illuminate/Container/Container->fireResolvingCallbacks('Juzaweb//Fronten...', Object(Juzaweb/Frontend/Http/Requests/ForumRegistrationRequest))
#21 C:/Users/user/MyFiles/ProgmiX/PEX-Form-main/vendor/laravel/framework/src/Illuminate/Foundation/Application.php(1078): Illuminate/Container/Container->resolve('Juzaweb//Fronten...', Array, true)
#22 C:/Users/user/MyFiles/ProgmiX/PEX-Form-main/vendor/laravel/framework/src/Illuminate/Container/Container.php(864): Illuminate/Foundation/Application->resolve('Juzaweb//Fronten...', Array)
#23 C:/Users/user/MyFiles/ProgmiX/PEX-Form-main/vendor/laravel/framework/src/Illuminate/Foundation/Application.php(1058): Illuminate/Container/Container->make('Juzaweb//Fronten...', Array)
#24 C:/Users/user/MyFiles/ProgmiX/PEX-Form-main/vendor/laravel/framework/src/Illuminate/Routing/ResolvesRouteDependencies.php(92): Illuminate/Foundation/Application->make('Juzaweb//Fronten...')
#25 C:/Users/user/MyFiles/ProgmiX/PEX-Form-main/vendor/laravel/framework/src/Illuminate/Routing/ResolvesRouteDependencies.php(51): Illuminate/Routing/ControllerDispatcher->transformDependency(Object(ReflectionParameter), Array, Object(stdClass))
#26 C:/Users/user/MyFiles/ProgmiX/PEX-Form-main/vendor/laravel/framework/src/Illuminate/Routing/ResolvesRouteDependencies.php(30): Illuminate/Routing/ControllerDispatcher->resolveMethodDependencies(Array, Object(ReflectionMethod))
#27 C:/Users/user/MyFiles/ProgmiX/PEX-Form-main/vendor/laravel/framework/src/Illuminate/Routing/ControllerDispatcher.php(59): Illuminate/Routing/ControllerDispatcher->resolveClassMethodDependencies(Array, Object(Juzaweb/Frontend/Http/Controllers/ForumRegistrationController), 'store')
#28 C:/Users/user/MyFiles/ProgmiX/PEX-Form-main/vendor/laravel/framework/src/Illuminate/Routing/ControllerDispatcher.php(40): Illuminate/Routing/ControllerDispatcher->resolveParameters(Object(Illuminate/Routing/Route), Object(Juzaweb/Frontend/Http/Controllers/ForumRegistrationController), 'store')
#29 C:/Users/user/MyFiles/ProgmiX/PEX-Form-main/vendor/laravel/framework/src/Illuminate/Routing/Route.php(265): Illuminate/Routing/ControllerDispatcher->dispatch(Object(Illuminate/Routing/Route), Object(Juzaweb/Frontend/Http/Controllers/ForumRegistrationController), 'store')
#30 C:/Users/user/MyFiles/ProgmiX/PEX-Form-main/vendor/laravel/framework/src/Illuminate/Routing/Route.php(211): Illuminate/Routing/Route->runController()
#31 C:/Users/user/MyFiles/ProgmiX/PEX-Form-main/vendor/laravel/framework/src/Illuminate/Routing/Router.php(822): Illuminate/Routing/Route->run()
#32 C:/Users/user/MyFiles/ProgmiX/PEX-Form-main/vendor/laravel/framework/src/Illuminate/Pipeline/Pipeline.php(180): Illuminate/Routing/Router->Illuminate/Routing/{closure}(Object(Illuminate/Http/Request))
#33 C:/Users/user/MyFiles/ProgmiX/PEX-Form-main/vendor/laravel/framework/src/Illuminate/Routing/Middleware/ThrottleRequests.php(166): Illuminate/Pipeline/Pipeline->Illuminate/Pipeline/{closure}(Object(Illuminate/Http/Request))
#34 C:/Users/user/MyFiles/ProgmiX/PEX-Form-main/vendor/laravel/framework/src/Illuminate/Routing/Middleware/ThrottleRequests.php(129): Illuminate/Routing/Middleware/ThrottleRequests->handleRequest(Object(Illuminate/Http/Request), Object(Closure), Array)
#35 C:/Users/user/MyFiles/ProgmiX/PEX-Form-main/vendor/laravel/framework/src/Illuminate/Routing/Middleware/ThrottleRequests.php(90): Illuminate/Routing/Middleware/ThrottleRequests->handleRequestUsingNamedLimiter(Object(Illuminate/Http/Request), Object(Closure), 'forum-registrat...', Object(Closure))
#36 C:/Users/user/MyFiles/ProgmiX/PEX-Form-main/vendor/laravel/framework/src/Illuminate/Pipeline/Pipeline.php(219): Illuminate/Routing/Middleware/ThrottleRequests->handle(Object(Illuminate/Http/Request), Object(Closure), 'forum-registrat...')
#37 C:/Users/user/MyFiles/ProgmiX/PEX-Form-main/modules/Frontend/Http/Middleware/Locale.php(49): Illuminate/Pipeline/Pipeline->Illuminate/Pipeline/{closure}(Object(Illuminate/Http/Request))
#38 C:/Users/user/MyFiles/ProgmiX/PEX-Form-main/vendor/laravel/framework/src/Illuminate/Pipeline/Pipeline.php(219): Juzaweb/Frontend/Http/Middleware/Locale->handle(Object(Illuminate/Http/Request), Object(Closure))
#39 C:/Users/user/MyFiles/ProgmiX/PEX-Form-main/modules/Backend/Http/Middleware/SecurityHeaders.php(25): Illuminate/Pipeline/Pipeline->Illuminate/Pipeline/{closure}(Object(Illuminate/Http/Request))
#40 C:/Users/user/MyFiles/ProgmiX/PEX-Form-main/vendor/laravel/framework/src/Illuminate/Pipeline/Pipeline.php(219): Juzaweb/Backend/Http/Middleware/SecurityHeaders->handle(Object(Illuminate/Http/Request), Object(Closure))
#41 C:/Users/user/MyFiles/ProgmiX/PEX-Form-main/vendor/laravel/framework/src/Illuminate/Routing/Middleware/ThrottleRequests.php(166): Illuminate/Pipeline/Pipeline->Illuminate/Pipeline/{closure}(Object(Illuminate/Http/Request))
#42 C:/Users/user/MyFiles/ProgmiX/PEX-Form-main/vendor/laravel/framework/src/Illuminate/Routing/Middleware/ThrottleRequests.php(93): Illuminate/Routing/Middleware/ThrottleRequests->handleRequest(Object(Illuminate/Http/Request), Object(Closure), Array)
#43 C:/Users/user/MyFiles/ProgmiX/PEX-Form-main/vendor/laravel/framework/src/Illuminate/Pipeline/Pipeline.php(219): Illuminate/Routing/Middleware/ThrottleRequests->handle(Object(Illuminate/Http/Request), Object(Closure))
#44 C:/Users/user/MyFiles/ProgmiX/PEX-Form-main/modules/Backend/Http/Middleware/PathTraversal.php(57): Illuminate/Pipeline/Pipeline->Illuminate/Pipeline/{closure}(Object(Illuminate/Http/Request))
#45 C:/Users/user/MyFiles/ProgmiX/PEX-Form-main/vendor/laravel/framework/src/Illuminate/Pipeline/Pipeline.php(219): Juzaweb/Backend/Http/Middleware/PathTraversal->handle(Object(Illuminate/Http/Request), Object(Closure))
#46 C:/Users/user/MyFiles/ProgmiX/PEX-Form-main/modules/Backend/Http/Middleware/XssSanitization.php(44): Illuminate/Pipeline/Pipeline->Illuminate/Pipeline/{closure}(Object(Illuminate/Http/Request))
#47 C:/Users/user/MyFiles/ProgmiX/PEX-Form-main/vendor/laravel/framework/src/Illuminate/Pipeline/Pipeline.php(219): Juzaweb/Backend/Http/Middleware/XssSanitization->handle(Object(Illuminate/Http/Request), Object(Closure))
#48 C:/Users/user/MyFiles/ProgmiX/PEX-Form-main/vendor/spatie/laravel-csp/src/AddCspHeaders.php(13): Illuminate/Pipeline/Pipeline->Illuminate/Pipeline/{closure}(Object(Illuminate/Http/Request))
#49 C:/Users/user/MyFiles/ProgmiX/PEX-Form-main/vendor/laravel/framework/src/Illuminate/Pipeline/Pipeline.php(219): Spatie/Csp/AddCspHeaders->handle(Object(Illuminate/Http/Request), Object(Closure))
#50 C:/Users/user/MyFiles/ProgmiX/PEX-Form-main/vendor/barryvdh/laravel-debugbar/src/Middleware/InjectDebugbar.php(59): Illuminate/Pipeline/Pipeline->Illuminate/Pipeline/{closure}(Object(Illuminate/Http/Request))
#51 C:/Users/user/MyFiles/ProgmiX/PEX-Form-main/vendor/laravel/framework/src/Illuminate/Pipeline/Pipeline.php(219): Barryvdh/Debugbar/Middleware/InjectDebugbar->handle(Object(Illuminate/Http/Request), Object(Closure))
#52 C:/Users/user/MyFiles/ProgmiX/PEX-Form-main/modules/CMS/Http/Middleware/XFrameHeadersMiddleware.php(41): Illuminate/Pipeline/Pipeline->Illuminate/Pipeline/{closure}(Object(Illuminate/Http/Request))
#53 C:/Users/user/MyFiles/ProgmiX/PEX-Form-main/vendor/laravel/framework/src/Illuminate/Pipeline/Pipeline.php(219): Juzaweb/CMS/Http/Middleware/XFrameHeadersMiddleware->handle(Object(Illuminate/Http/Request), Object(Closure))
#54 C:/Users/user/MyFiles/ProgmiX/PEX-Form-main/vendor/laravel/framework/src/Illuminate/Routing/Middleware/SubstituteBindings.php(50): Illuminate/Pipeline/Pipeline->Illuminate/Pipeline/{closure}(Object(Illuminate/Http/Request))
#55 C:/Users/user/MyFiles/ProgmiX/PEX-Form-main/vendor/laravel/framework/src/Illuminate/Pipeline/Pipeline.php(219): Illuminate/Routing/Middleware/SubstituteBindings->handle(Object(Illuminate/Http/Request), Object(Closure))
#56 C:/Users/user/MyFiles/ProgmiX/PEX-Form-main/vendor/laravel/framework/src/Illuminate/Cookie/Middleware/AddQueuedCookiesToResponse.php(36): Illuminate/Pipeline/Pipeline->Illuminate/Pipeline/{closure}(Object(Illuminate/Http/Request))
#57 C:/Users/user/MyFiles/ProgmiX/PEX-Form-main/vendor/laravel/framework/src/Illuminate/Pipeline/Pipeline.php(219): Illuminate/Cookie/Middleware/AddQueuedCookiesToResponse->handle(Object(Illuminate/Http/Request), Object(Closure))
#58 C:/Users/user/MyFiles/ProgmiX/PEX-Form-main/vendor/laravel/framework/src/Illuminate/View/Middleware/ShareErrorsFromSession.php(48): Illuminate/Pipeline/Pipeline->Illuminate/Pipeline/{closure}(Object(Illuminate/Http/Request))
#59 C:/Users/user/MyFiles/ProgmiX/PEX-Form-main/modules/Backend/Http/Middleware/ShareErrorsUnlessBot.php(24): Illuminate/View/Middleware/ShareErrorsFromSession->handle(Object(Illuminate/Http/Request), Object(Closure))
#60 C:/Users/user/MyFiles/ProgmiX/PEX-Form-main/vendor/laravel/framework/src/Illuminate/Pipeline/Pipeline.php(219): Juzaweb/Backend/Http/Middleware/ShareErrorsUnlessBot->handle(Object(Illuminate/Http/Request), Object(Closure))
#61 C:/Users/user/MyFiles/ProgmiX/PEX-Form-main/vendor/laravel/framework/src/Illuminate/Session/Middleware/StartSession.php(120): Illuminate/Pipeline/Pipeline->Illuminate/Pipeline/{closure}(Object(Illuminate/Http/Request))
#62 C:/Users/user/MyFiles/ProgmiX/PEX-Form-main/vendor/laravel/framework/src/Illuminate/Session/Middleware/StartSession.php(63): Illuminate/Session/Middleware/StartSession->handleStatefulRequest(Object(Illuminate/Http/Request), Object(Illuminate/Session/Store), Object(Closure))
#63 C:/Users/user/MyFiles/ProgmiX/PEX-Form-main/modules/Backend/Http/Middleware/SkipSessionForBots.php(24): Illuminate/Session/Middleware/StartSession->handle(Object(Illuminate/Http/Request), Object(Closure))
#64 C:/Users/user/MyFiles/ProgmiX/PEX-Form-main/vendor/laravel/framework/src/Illuminate/Pipeline/Pipeline.php(219): Juzaweb/Backend/Http/Middleware/SkipSessionForBots->handle(Object(Illuminate/Http/Request), Object(Closure))
#65 C:/Users/user/MyFiles/ProgmiX/PEX-Form-main/vendor/laravel/framework/src/Illuminate/Cookie/Middleware/EncryptCookies.php(74): Illuminate/Pipeline/Pipeline->Illuminate/Pipeline/{closure}(Object(Illuminate/Http/Request))
#66 C:/Users/user/MyFiles/ProgmiX/PEX-Form-main/vendor/laravel/framework/src/Illuminate/Pipeline/Pipeline.php(219): Illuminate/Cookie/Middleware/EncryptCookies->handle(Object(Illuminate/Http/Request), Object(Closure))
#67 C:/Users/user/MyFiles/ProgmiX/PEX-Form-main/modules/CMS/Http/Middleware/GlobalMiddleware.php(11): Illuminate/Pipeline/Pipeline->Illuminate/Pipeline/{closure}(Object(Illuminate/Http/Request))
#68 C:/Users/user/MyFiles/ProgmiX/PEX-Form-main/vendor/laravel/framework/src/Illuminate/Pipeline/Pipeline.php(219): Juzaweb/CMS/Http/Middleware/GlobalMiddleware->handle(Object(Illuminate/Http/Request), Object(Closure))
#69 C:/Users/user/MyFiles/ProgmiX/PEX-Form-main/modules/Backend/Http/Middleware/DisableSessionForBots.php(30): Illuminate/Pipeline/Pipeline->Illuminate/Pipeline/{closure}(Object(Illuminate/Http/Request))
#70 C:/Users/user/MyFiles/ProgmiX/PEX-Form-main/vendor/laravel/framework/src/Illuminate/Pipeline/Pipeline.php(219): Juzaweb/Backend/Http/Middleware/DisableSessionForBots->handle(Object(Illuminate/Http/Request), Object(Closure))
#71 C:/Users/user/MyFiles/ProgmiX/PEX-Form-main/vendor/laravel/framework/src/Illuminate/Pipeline/Pipeline.php(137): Illuminate/Pipeline/Pipeline->Illuminate/Pipeline/{closure}(Object(Illuminate/Http/Request))
#72 C:/Users/user/MyFiles/ProgmiX/PEX-Form-main/vendor/laravel/framework/src/Illuminate/Routing/Router.php(821): Illuminate/Pipeline/Pipeline->then(Object(Closure))
#73 C:/Users/user/MyFiles/ProgmiX/PEX-Form-main/vendor/laravel/framework/src/Illuminate/Routing/Router.php(800): Illuminate/Routing/Router->runRouteWithinStack(Object(Illuminate/Routing/Route), Object(Illuminate/Http/Request))
#74 C:/Users/user/MyFiles/ProgmiX/PEX-Form-main/vendor/laravel/framework/src/Illuminate/Routing/Router.php(764): Illuminate/Routing/Router->runRoute(Object(Illuminate/Http/Request), Object(Illuminate/Routing/Route))
#75 C:/Users/user/MyFiles/ProgmiX/PEX-Form-main/vendor/laravel/framework/src/Illuminate/Routing/Router.php(753): Illuminate/Routing/Router->dispatchToRoute(Object(Illuminate/Http/Request))
#76 C:/Users/user/MyFiles/ProgmiX/PEX-Form-main/vendor/laravel/framework/src/Illuminate/Foundation/Http/Kernel.php(200): Illuminate/Routing/Router->dispatch(Object(Illuminate/Http/Request))
#77 C:/Users/user/MyFiles/ProgmiX/PEX-Form-main/vendor/laravel/framework/src/Illuminate/Pipeline/Pipeline.php(180): Illuminate/Foundation/Http/Kernel->Illuminate/Foundation/Http/{closure}(Object(Illuminate/Http/Request))
#78 C:/Users/user/MyFiles/ProgmiX/PEX-Form-main/vendor/barryvdh/laravel-debugbar/src/Middleware/InjectDebugbar.php(59): Illuminate/Pipeline/Pipeline->Illuminate/Pipeline/{closure}(Object(Illuminate/Http/Request))
#79 C:/Users/user/MyFiles/ProgmiX/PEX-Form-main/vendor/laravel/framework/src/Illuminate/Pipeline/Pipeline.php(219): Barryvdh/Debugbar/Middleware/InjectDebugbar->handle(Object(Illuminate/Http/Request), Object(Closure))
#80 C:/Users/user/MyFiles/ProgmiX/PEX-Form-main/modules/Backend/Http/Middleware/BlockIpMiddleware.php(31): Illuminate/Pipeline/Pipeline->Illuminate/Pipeline/{closure}(Object(Illuminate/Http/Request))
#81 C:/Users/user/MyFiles/ProgmiX/PEX-Form-main/vendor/laravel/framework/src/Illuminate/Pipeline/Pipeline.php(219): Juzaweb/Backend/Http/Middleware/BlockIpMiddleware->handle(Object(Illuminate/Http/Request), Object(Closure))
#82 C:/Users/user/MyFiles/ProgmiX/PEX-Form-main/modules/Backend/Http/Middleware/SecurityHeaders.php(25): Illuminate/Pipeline/Pipeline->Illuminate/Pipeline/{closure}(Object(Illuminate/Http/Request))
#83 C:/Users/user/MyFiles/ProgmiX/PEX-Form-main/vendor/laravel/framework/src/Illuminate/Pipeline/Pipeline.php(219): Juzaweb/Backend/Http/Middleware/SecurityHeaders->handle(Object(Illuminate/Http/Request), Object(Closure))
#84 C:/Users/user/MyFiles/ProgmiX/PEX-Form-main/vendor/laravel/framework/src/Illuminate/Foundation/Http/Middleware/TransformsRequest.php(21): Illuminate/Pipeline/Pipeline->Illuminate/Pipeline/{closure}(Object(Illuminate/Http/Request))
#85 C:/Users/user/MyFiles/ProgmiX/PEX-Form-main/vendor/laravel/framework/src/Illuminate/Foundation/Http/Middleware/ConvertEmptyStringsToNull.php(31): Illuminate/Foundation/Http/Middleware/TransformsRequest->handle(Object(Illuminate/Http/Request), Object(Closure))
#86 C:/Users/user/MyFiles/ProgmiX/PEX-Form-main/vendor/laravel/framework/src/Illuminate/Pipeline/Pipeline.php(219): Illuminate/Foundation/Http/Middleware/ConvertEmptyStringsToNull->handle(Object(Illuminate/Http/Request), Object(Closure))
#87 C:/Users/user/MyFiles/ProgmiX/PEX-Form-main/vendor/laravel/framework/src/Illuminate/Foundation/Http/Middleware/TransformsRequest.php(21): Illuminate/Pipeline/Pipeline->Illuminate/Pipeline/{closure}(Object(Illuminate/Http/Request))
#88 C:/Users/user/MyFiles/ProgmiX/PEX-Form-main/vendor/laravel/framework/src/Illuminate/Foundation/Http/Middleware/TrimStrings.php(51): Illuminate/Foundation/Http/Middleware/TransformsRequest->handle(Object(Illuminate/Http/Request), Object(Closure))
#89 C:/Users/user/MyFiles/ProgmiX/PEX-Form-main/vendor/laravel/framework/src/Illuminate/Pipeline/Pipeline.php(219): Illuminate/Foundation/Http/Middleware/TrimStrings->handle(Object(Illuminate/Http/Request), Object(Closure))
#90 C:/Users/user/MyFiles/ProgmiX/PEX-Form-main/vendor/laravel/framework/src/Illuminate/Http/Middleware/ValidatePostSize.php(27): Illuminate/Pipeline/Pipeline->Illuminate/Pipeline/{closure}(Object(Illuminate/Http/Request))
#91 C:/Users/user/MyFiles/ProgmiX/PEX-Form-main/vendor/laravel/framework/src/Illuminate/Pipeline/Pipeline.php(219): Illuminate/Http/Middleware/ValidatePostSize->handle(Object(Illuminate/Http/Request), Object(Closure))
#92 C:/Users/user/MyFiles/ProgmiX/PEX-Form-main/vendor/laravel/framework/src/Illuminate/Foundation/Http/Middleware/PreventRequestsDuringMaintenance.php(109): Illuminate/Pipeline/Pipeline->Illuminate/Pipeline/{closure}(Object(Illuminate/Http/Request))
#93 C:/Users/user/MyFiles/ProgmiX/PEX-Form-main/vendor/laravel/framework/src/Illuminate/Pipeline/Pipeline.php(219): Illuminate/Foundation/Http/Middleware/PreventRequestsDuringMaintenance->handle(Object(Illuminate/Http/Request), Object(Closure))
#94 C:/Users/user/MyFiles/ProgmiX/PEX-Form-main/vendor/laravel/framework/src/Illuminate/Http/Middleware/HandleCors.php(61): Illuminate/Pipeline/Pipeline->Illuminate/Pipeline/{closure}(Object(Illuminate/Http/Request))
#95 C:/Users/user/MyFiles/ProgmiX/PEX-Form-main/vendor/laravel/framework/src/Illuminate/Pipeline/Pipeline.php(219): Illuminate/Http/Middleware/HandleCors->handle(Object(Illuminate/Http/Request), Object(Closure))
#96 C:/Users/user/MyFiles/ProgmiX/PEX-Form-main/vendor/laravel/framework/src/Illuminate/Http/Middleware/TrustProxies.php(58): Illuminate/Pipeline/Pipeline->Illuminate/Pipeline/{closure}(Object(Illuminate/Http/Request))
#97 C:/Users/user/MyFiles/ProgmiX/PEX-Form-main/vendor/laravel/framework/src/Illuminate/Pipeline/Pipeline.php(219): Illuminate/Http/Middleware/TrustProxies->handle(Object(Illuminate/Http/Request), Object(Closure))
#98 C:/Users/user/MyFiles/ProgmiX/PEX-Form-main/vendor/laravel/framework/src/Illuminate/Pipeline/Pipeline.php(137): Illuminate/Pipeline/Pipeline->Illuminate/Pipeline/{closure}(Object(Illuminate/Http/Request))
#99 C:/Users/user/MyFiles/ProgmiX/PEX-Form-main/vendor/laravel/framework/src/Illuminate/Foundation/Http/Kernel.php(175): Illuminate/Pipeline/Pipeline->then(Object(Closure))
#100 C:/Users/user/MyFiles/ProgmiX/PEX-Form-main/vendor/laravel/framework/src/Illuminate/Foundation/Http/Kernel.php(144): Illuminate/Foundation/Http/Kernel->sendRequestThroughRouter(Object(Illuminate/Http/Request))
#101 C:/Users/user/MyFiles/ProgmiX/PEX-Form-main/public/index.php(51): Illuminate/Foundation/Http/Kernel->handle(Object(Illuminate/Http/Request))
#102 C:/Users/user/MyFiles/ProgmiX/PEX-Form-main/vendor/laravel/framework/src/Illuminate/Foundation/resources/server.php(23): require_once('C://Users//user//M...')
#103 {main}
"} 
[2026-09-06 07:41:48] local.ERROR: SQLSTATE[42S02]: Base table or view not found: 1146 Table 'pex_form.forum_registrations' doesn't exist (Connection: mysql, Host: 127.0.0.1, Port: 3306, Database: pex_form, SQL: select count(*) as aggregate from `forum_registrations` where `email` = nooraldeentumeh@gmail.com) {"userId":1,"exception":"[object] (Illuminate\\Database\\QueryException(code: 42S02): SQLSTATE[42S02]: Base table or view not found: 1146 Table 'pex_form.forum_registrations' doesn't exist (Connection: mysql, Host: 127.0.0.1, Port: 3306, Database: pex_form, SQL: select count(*) as aggregate from `forum_registrations` where `email` = nooraldeentumeh@gmail.com) at C:/Users/user/MyFiles/ProgmiX/PEX-Form-main/vendor/laravel/framework/src/Illuminate/Database/Connection.php:838)
[stacktrace]
#0 C:/Users/user/MyFiles/ProgmiX/PEX-Form-main/vendor/laravel/framework/src/Illuminate/Database/Connection.php(794): Illuminate/Database/Connection->runQueryCallback('select count(*)...', Array, Object(Closure))
#1 C:/Users/user/MyFiles/ProgmiX/PEX-Form-main/vendor/laravel/framework/src/Illuminate/Database/Connection.php(411): Illuminate/Database/Connection->run('select count(*)...', Array, Object(Closure))
#2 C:/Users/user/MyFiles/ProgmiX/PEX-Form-main/vendor/laravel/framework/src/Illuminate/Database/Query/Builder.php(3505): Illuminate/Database/Connection->select('select count(*)...', Array, false)
#3 C:/Users/user/MyFiles/ProgmiX/PEX-Form-main/vendor/laravel/framework/src/Illuminate/Database/Query/Builder.php(3490): Illuminate/Database/Query/Builder->runSelect()
#4 C:/Users/user/MyFiles/ProgmiX/PEX-Form-main/vendor/laravel/framework/src/Illuminate/Database/Query/Builder.php(4080): Illuminate/Database/Query/Builder->Illuminate/Database/Query/{closure}()
#5 C:/Users/user/MyFiles/ProgmiX/PEX-Form-main/vendor/laravel/framework/src/Illuminate/Database/Query/Builder.php(3489): Illuminate/Database/Query/Builder->onceWithColumns(Array, Object(Closure))
#6 C:/Users/user/MyFiles/ProgmiX/PEX-Form-main/vendor/laravel/framework/src/Illuminate/Database/Query/Builder.php(4004): Illuminate/Database/Query/Builder->get(Array)
#7 C:/Users/user/MyFiles/ProgmiX/PEX-Form-main/vendor/laravel/framework/src/Illuminate/Database/Query/Builder.php(3932): Illuminate/Database/Query/Builder->aggregate('count', Array)
#8 C:/Users/user/MyFiles/ProgmiX/PEX-Form-main/vendor/laravel/framework/src/Illuminate/Validation/DatabasePresenceVerifier.php(53): Illuminate/Database/Query/Builder->count()
#9 C:/Users/user/MyFiles/ProgmiX/PEX-Form-main/vendor/laravel/framework/src/Illuminate/Validation/Concerns/ValidatesAttributes.php(1087): Illuminate/Validation/DatabasePresenceVerifier->getCount('forum_registrat...', 'email', 'nooraldeentumeh...', NULL, 'id', Array)
#10 C:/Users/user/MyFiles/ProgmiX/PEX-Form-main/vendor/laravel/framework/src/Illuminate/Validation/Validator.php(726): Illuminate/Validation/Validator->validateUnique('email', 'nooraldeentumeh...', Array, Object(Illuminate/Validation/Validator))
#11 C:/Users/user/MyFiles/ProgmiX/PEX-Form-main/vendor/laravel/framework/src/Illuminate/Validation/Validator.php(481): Illuminate/Validation/Validator->validateAttribute('email', 'Unique')
#12 C:/Users/user/MyFiles/ProgmiX/PEX-Form-main/vendor/laravel/framework/src/Illuminate/Validation/Validator.php(516): Illuminate/Validation/Validator->passes()
#13 C:/Users/user/MyFiles/ProgmiX/PEX-Form-main/vendor/laravel/framework/src/Illuminate/Validation/ValidatesWhenResolvedTrait.php(31): Illuminate/Validation/Validator->fails()
#14 C:/Users/user/MyFiles/ProgmiX/PEX-Form-main/vendor/laravel/framework/src/Illuminate/Foundation/Providers/FormRequestServiceProvider.php(30): Illuminate/Foundation/Http/FormRequest->validateResolved()
#15 C:/Users/user/MyFiles/ProgmiX/PEX-Form-main/vendor/laravel/framework/src/Illuminate/Container/Container.php(1618): Illuminate/Foundation/Providers/FormRequestServiceProvider->Illuminate/Foundation/Providers/{closure}(Object(Juzaweb/Frontend/Http/Requests/ForumRegistrationRequest), Object(Juzaweb/CMS/Support/Application))
#16 C:/Users/user/MyFiles/ProgmiX/PEX-Form-main/vendor/laravel/framework/src/Illuminate/Container/Container.php(1556): Illuminate/Container/Container->fireCallbackArray(Object(Juzaweb/Frontend/Http/Requests/ForumRegistrationRequest), Array)
#17 C:/Users/user/MyFiles/ProgmiX/PEX-Form-main/vendor/laravel/framework/src/Illuminate/Container/Container.php(1542): Illuminate/Container/Container->fireAfterResolvingCallbacks('Juzaweb//Fronten...', Object(Juzaweb/Frontend/Http/Requests/ForumRegistrationRequest))
#18 C:/Users/user/MyFiles/ProgmiX/PEX-Form-main/vendor/laravel/framework/src/Illuminate/Container/Container.php(951): Illuminate/Container/Container->fireResolvingCallbacks('Juzaweb//Fronten...', Object(Juzaweb/Frontend/Http/Requests/ForumRegistrationRequest))
#19 C:/Users/user/MyFiles/ProgmiX/PEX-Form-main/vendor/laravel/framework/src/Illuminate/Foundation/Application.php(1078): Illuminate/Container/Container->resolve('Juzaweb//Fronten...', Array, true)
#20 C:/Users/user/MyFiles/ProgmiX/PEX-Form-main/vendor/laravel/framework/src/Illuminate/Container/Container.php(864): Illuminate/Foundation/Application->resolve('Juzaweb//Fronten...', Array)
#21 C:/Users/user/MyFiles/ProgmiX/PEX-Form-main/vendor/laravel/framework/src/Illuminate/Foundation/Application.php(1058): Illuminate/Container/Container->make('Juzaweb//Fronten...', Array)
#22 C:/Users/user/MyFiles/ProgmiX/PEX-Form-main/vendor/laravel/framework/src/Illuminate/Routing/ResolvesRouteDependencies.php(92): Illuminate/Foundation/Application->make('Juzaweb//Fronten...')
#23 C:/Users/user/MyFiles/ProgmiX/PEX-Form-main/vendor/laravel/framework/src/Illuminate/Routing/ResolvesRouteDependencies.php(51): Illuminate/Routing/ControllerDispatcher->transformDependency(Object(ReflectionParameter), Array, Object(stdClass))
#24 C:/Users/user/MyFiles/ProgmiX/PEX-Form-main/vendor/laravel/framework/src/Illuminate/Routing/ResolvesRouteDependencies.php(30): Illuminate/Routing/ControllerDispatcher->resolveMethodDependencies(Array, Object(ReflectionMethod))
#25 C:/Users/user/MyFiles/ProgmiX/PEX-Form-main/vendor/laravel/framework/src/Illuminate/Routing/ControllerDispatcher.php(59): Illuminate/Routing/ControllerDispatcher->resolveClassMethodDependencies(Array, Object(Juzaweb/Frontend/Http/Controllers/ForumRegistrationController), 'store')
#26 C:/Users/user/MyFiles/ProgmiX/PEX-Form-main/vendor/laravel/framework/src/Illuminate/Routing/ControllerDispatcher.php(40): Illuminate/Routing/ControllerDispatcher->resolveParameters(Object(Illuminate/Routing/Route), Object(Juzaweb/Frontend/Http/Controllers/ForumRegistrationController), 'store')
#27 C:/Users/user/MyFiles/ProgmiX/PEX-Form-main/vendor/laravel/framework/src/Illuminate/Routing/Route.php(265): Illuminate/Routing/ControllerDispatcher->dispatch(Object(Illuminate/Routing/Route), Object(Juzaweb/Frontend/Http/Controllers/ForumRegistrationController), 'store')
#28 C:/Users/user/MyFiles/ProgmiX/PEX-Form-main/vendor/laravel/framework/src/Illuminate/Routing/Route.php(211): Illuminate/Routing/Route->runController()
#29 C:/Users/user/MyFiles/ProgmiX/PEX-Form-main/vendor/laravel/framework/src/Illuminate/Routing/Router.php(822): Illuminate/Routing/Route->run()
#30 C:/Users/user/MyFiles/ProgmiX/PEX-Form-main/vendor/laravel/framework/src/Illuminate/Pipeline/Pipeline.php(180): Illuminate/Routing/Router->Illuminate/Routing/{closure}(Object(Illuminate/Http/Request))
#31 C:/Users/user/MyFiles/ProgmiX/PEX-Form-main/vendor/laravel/framework/src/Illuminate/Routing/Middleware/ThrottleRequests.php(166): Illuminate/Pipeline/Pipeline->Illuminate/Pipeline/{closure}(Object(Illuminate/Http/Request))
#32 C:/Users/user/MyFiles/ProgmiX/PEX-Form-main/vendor/laravel/framework/src/Illuminate/Routing/Middleware/ThrottleRequests.php(129): Illuminate/Routing/Middleware/ThrottleRequests->handleRequest(Object(Illuminate/Http/Request), Object(Closure), Array)
#33 C:/Users/user/MyFiles/ProgmiX/PEX-Form-main/vendor/laravel/framework/src/Illuminate/Routing/Middleware/ThrottleRequests.php(90): Illuminate/Routing/Middleware/ThrottleRequests->handleRequestUsingNamedLimiter(Object(Illuminate/Http/Request), Object(Closure), 'forum-registrat...', Object(Closure))
#34 C:/Users/user/MyFiles/ProgmiX/PEX-Form-main/vendor/laravel/framework/src/Illuminate/Pipeline/Pipeline.php(219): Illuminate/Routing/Middleware/ThrottleRequests->handle(Object(Illuminate/Http/Request), Object(Closure), 'forum-registrat...')
#35 C:/Users/user/MyFiles/ProgmiX/PEX-Form-main/modules/Frontend/Http/Middleware/Locale.php(49): Illuminate/Pipeline/Pipeline->Illuminate/Pipeline/{closure}(Object(Illuminate/Http/Request))
#36 C:/Users/user/MyFiles/ProgmiX/PEX-Form-main/vendor/laravel/framework/src/Illuminate/Pipeline/Pipeline.php(219): Juzaweb/Frontend/Http/Middleware/Locale->handle(Object(Illuminate/Http/Request), Object(Closure))
#37 C:/Users/user/MyFiles/ProgmiX/PEX-Form-main/modules/Backend/Http/Middleware/SecurityHeaders.php(25): Illuminate/Pipeline/Pipeline->Illuminate/Pipeline/{closure}(Object(Illuminate/Http/Request))
#38 C:/Users/user/MyFiles/ProgmiX/PEX-Form-main/vendor/laravel/framework/src/Illuminate/Pipeline/Pipeline.php(219): Juzaweb/Backend/Http/Middleware/SecurityHeaders->handle(Object(Illuminate/Http/Request), Object(Closure))
#39 C:/Users/user/MyFiles/ProgmiX/PEX-Form-main/vendor/laravel/framework/src/Illuminate/Routing/Middleware/ThrottleRequests.php(166): Illuminate/Pipeline/Pipeline->Illuminate/Pipeline/{closure}(Object(Illuminate/Http/Request))
#40 C:/Users/user/MyFiles/ProgmiX/PEX-Form-main/vendor/laravel/framework/src/Illuminate/Routing/Middleware/ThrottleRequests.php(93): Illuminate/Routing/Middleware/ThrottleRequests->handleRequest(Object(Illuminate/Http/Request), Object(Closure), Array)
#41 C:/Users/user/MyFiles/ProgmiX/PEX-Form-main/vendor/laravel/framework/src/Illuminate/Pipeline/Pipeline.php(219): Illuminate/Routing/Middleware/ThrottleRequests->handle(Object(Illuminate/Http/Request), Object(Closure))
#42 C:/Users/user/MyFiles/ProgmiX/PEX-Form-main/modules/Backend/Http/Middleware/PathTraversal.php(57): Illuminate/Pipeline/Pipeline->Illuminate/Pipeline/{closure}(Object(Illuminate/Http/Request))
#43 C:/Users/user/MyFiles/ProgmiX/PEX-Form-main/vendor/laravel/framework/src/Illuminate/Pipeline/Pipeline.php(219): Juzaweb/Backend/Http/Middleware/PathTraversal->handle(Object(Illuminate/Http/Request), Object(Closure))
#44 C:/Users/user/MyFiles/ProgmiX/PEX-Form-main/modules/Backend/Http/Middleware/XssSanitization.php(44): Illuminate/Pipeline/Pipeline->Illuminate/Pipeline/{closure}(Object(Illuminate/Http/Request))
#45 C:/Users/user/MyFiles/ProgmiX/PEX-Form-main/vendor/laravel/framework/src/Illuminate/Pipeline/Pipeline.php(219): Juzaweb/Backend/Http/Middleware/XssSanitization->handle(Object(Illuminate/Http/Request), Object(Closure))
#46 C:/Users/user/MyFiles/ProgmiX/PEX-Form-main/vendor/spatie/laravel-csp/src/AddCspHeaders.php(13): Illuminate/Pipeline/Pipeline->Illuminate/Pipeline/{closure}(Object(Illuminate/Http/Request))
#47 C:/Users/user/MyFiles/ProgmiX/PEX-Form-main/vendor/laravel/framework/src/Illuminate/Pipeline/Pipeline.php(219): Spatie/Csp/AddCspHeaders->handle(Object(Illuminate/Http/Request), Object(Closure))
#48 C:/Users/user/MyFiles/ProgmiX/PEX-Form-main/vendor/barryvdh/laravel-debugbar/src/Middleware/InjectDebugbar.php(59): Illuminate/Pipeline/Pipeline->Illuminate/Pipeline/{closure}(Object(Illuminate/Http/Request))
#49 C:/Users/user/MyFiles/ProgmiX/PEX-Form-main/vendor/laravel/framework/src/Illuminate/Pipeline/Pipeline.php(219): Barryvdh/Debugbar/Middleware/InjectDebugbar->handle(Object(Illuminate/Http/Request), Object(Closure))
#50 C:/Users/user/MyFiles/ProgmiX/PEX-Form-main/modules/CMS/Http/Middleware/XFrameHeadersMiddleware.php(41): Illuminate/Pipeline/Pipeline->Illuminate/Pipeline/{closure}(Object(Illuminate/Http/Request))
#51 C:/Users/user/MyFiles/ProgmiX/PEX-Form-main/vendor/laravel/framework/src/Illuminate/Pipeline/Pipeline.php(219): Juzaweb/CMS/Http/Middleware/XFrameHeadersMiddleware->handle(Object(Illuminate/Http/Request), Object(Closure))
#52 C:/Users/user/MyFiles/ProgmiX/PEX-Form-main/vendor/laravel/framework/src/Illuminate/Routing/Middleware/SubstituteBindings.php(50): Illuminate/Pipeline/Pipeline->Illuminate/Pipeline/{closure}(Object(Illuminate/Http/Request))
#53 C:/Users/user/MyFiles/ProgmiX/PEX-Form-main/vendor/laravel/framework/src/Illuminate/Pipeline/Pipeline.php(219): Illuminate/Routing/Middleware/SubstituteBindings->handle(Object(Illuminate/Http/Request), Object(Closure))
#54 C:/Users/user/MyFiles/ProgmiX/PEX-Form-main/vendor/laravel/framework/src/Illuminate/Cookie/Middleware/AddQueuedCookiesToResponse.php(36): Illuminate/Pipeline/Pipeline->Illuminate/Pipeline/{closure}(Object(Illuminate/Http/Request))
#55 C:/Users/user/MyFiles/ProgmiX/PEX-Form-main/vendor/laravel/framework/src/Illuminate/Pipeline/Pipeline.php(219): Illuminate/Cookie/Middleware/AddQueuedCookiesToResponse->handle(Object(Illuminate/Http/Request), Object(Closure))
#56 C:/Users/user/MyFiles/ProgmiX/PEX-Form-main/vendor/laravel/framework/src/Illuminate/View/Middleware/ShareErrorsFromSession.php(48): Illuminate/Pipeline/Pipeline->Illuminate/Pipeline/{closure}(Object(Illuminate/Http/Request))
#57 C:/Users/user/MyFiles/ProgmiX/PEX-Form-main/modules/Backend/Http/Middleware/ShareErrorsUnlessBot.php(24): Illuminate/View/Middleware/ShareErrorsFromSession->handle(Object(Illuminate/Http/Request), Object(Closure))
#58 C:/Users/user/MyFiles/ProgmiX/PEX-Form-main/vendor/laravel/framework/src/Illuminate/Pipeline/Pipeline.php(219): Juzaweb/Backend/Http/Middleware/ShareErrorsUnlessBot->handle(Object(Illuminate/Http/Request), Object(Closure))
#59 C:/Users/user/MyFiles/ProgmiX/PEX-Form-main/vendor/laravel/framework/src/Illuminate/Session/Middleware/StartSession.php(120): Illuminate/Pipeline/Pipeline->Illuminate/Pipeline/{closure}(Object(Illuminate/Http/Request))
#60 C:/Users/user/MyFiles/ProgmiX/PEX-Form-main/vendor/laravel/framework/src/Illuminate/Session/Middleware/StartSession.php(63): Illuminate/Session/Middleware/StartSession->handleStatefulRequest(Object(Illuminate/Http/Request), Object(Illuminate/Session/Store), Object(Closure))
#61 C:/Users/user/MyFiles/ProgmiX/PEX-Form-main/modules/Backend/Http/Middleware/SkipSessionForBots.php(24): Illuminate/Session/Middleware/StartSession->handle(Object(Illuminate/Http/Request), Object(Closure))
#62 C:/Users/user/MyFiles/ProgmiX/PEX-Form-main/vendor/laravel/framework/src/Illuminate/Pipeline/Pipeline.php(219): Juzaweb/Backend/Http/Middleware/SkipSessionForBots->handle(Object(Illuminate/Http/Request), Object(Closure))
#63 C:/Users/user/MyFiles/ProgmiX/PEX-Form-main/vendor/laravel/framework/src/Illuminate/Cookie/Middleware/EncryptCookies.php(74): Illuminate/Pipeline/Pipeline->Illuminate/Pipeline/{closure}(Object(Illuminate/Http/Request))
#64 C:/Users/user/MyFiles/ProgmiX/PEX-Form-main/vendor/laravel/framework/src/Illuminate/Pipeline/Pipeline.php(219): Illuminate/Cookie/Middleware/EncryptCookies->handle(Object(Illuminate/Http/Request), Object(Closure))
#65 C:/Users/user/MyFiles/ProgmiX/PEX-Form-main/modules/CMS/Http/Middleware/GlobalMiddleware.php(11): Illuminate/Pipeline/Pipeline->Illuminate/Pipeline/{closure}(Object(Illuminate/Http/Request))
#66 C:/Users/user/MyFiles/ProgmiX/PEX-Form-main/vendor/laravel/framework/src/Illuminate/Pipeline/Pipeline.php(219): Juzaweb/CMS/Http/Middleware/GlobalMiddleware->handle(Object(Illuminate/Http/Request), Object(Closure))
#67 C:/Users/user/MyFiles/ProgmiX/PEX-Form-main/modules/Backend/Http/Middleware/DisableSessionForBots.php(30): Illuminate/Pipeline/Pipeline->Illuminate/Pipeline/{closure}(Object(Illuminate/Http/Request))
#68 C:/Users/user/MyFiles/ProgmiX/PEX-Form-main/vendor/laravel/framework/src/Illuminate/Pipeline/Pipeline.php(219): Juzaweb/Backend/Http/Middleware/DisableSessionForBots->handle(Object(Illuminate/Http/Request), Object(Closure))
#69 C:/Users/user/MyFiles/ProgmiX/PEX-Form-main/vendor/laravel/framework/src/Illuminate/Pipeline/Pipeline.php(137): Illuminate/Pipeline/Pipeline->Illuminate/Pipeline/{closure}(Object(Illuminate/Http/Request))
#70 C:/Users/user/MyFiles/ProgmiX/PEX-Form-main/vendor/laravel/framework/src/Illuminate/Routing/Router.php(821): Illuminate/Pipeline/Pipeline->then(Object(Closure))
#71 C:/Users/user/MyFiles/ProgmiX/PEX-Form-main/vendor/laravel/framework/src/Illuminate/Routing/Router.php(800): Illuminate/Routing/Router->runRouteWithinStack(Object(Illuminate/Routing/Route), Object(Illuminate/Http/Request))
#72 C:/Users/user/MyFiles/ProgmiX/PEX-Form-main/vendor/laravel/framework/src/Illuminate/Routing/Router.php(764): Illuminate/Routing/Router->runRoute(Object(Illuminate/Http/Request), Object(Illuminate/Routing/Route))
#73 C:/Users/user/MyFiles/ProgmiX/PEX-Form-main/vendor/laravel/framework/src/Illuminate/Routing/Router.php(753): Illuminate/Routing/Router->dispatchToRoute(Object(Illuminate/Http/Request))
#74 C:/Users/user/MyFiles/ProgmiX/PEX-Form-main/vendor/laravel/framework/src/Illuminate/Foundation/Http/Kernel.php(200): Illuminate/Routing/Router->dispatch(Object(Illuminate/Http/Request))
#75 C:/Users/user/MyFiles/ProgmiX/PEX-Form-main/vendor/laravel/framework/src/Illuminate/Pipeline/Pipeline.php(180): Illuminate/Foundation/Http/Kernel->Illuminate/Foundation/Http/{closure}(Object(Illuminate/Http/Request))
#76 C:/Users/user/MyFiles/ProgmiX/PEX-Form-main/vendor/barryvdh/laravel-debugbar/src/Middleware/InjectDebugbar.php(59): Illuminate/Pipeline/Pipeline->Illuminate/Pipeline/{closure}(Object(Illuminate/Http/Request))
#77 C:/Users/user/MyFiles/ProgmiX/PEX-Form-main/vendor/laravel/framework/src/Illuminate/Pipeline/Pipeline.php(219): Barryvdh/Debugbar/Middleware/InjectDebugbar->handle(Object(Illuminate/Http/Request), Object(Closure))
#78 C:/Users/user/MyFiles/ProgmiX/PEX-Form-main/modules/Backend/Http/Middleware/BlockIpMiddleware.php(31): Illuminate/Pipeline/Pipeline->Illuminate/Pipeline/{closure}(Object(Illuminate/Http/Request))
#79 C:/Users/user/MyFiles/ProgmiX/PEX-Form-main/vendor/laravel/framework/src/Illuminate/Pipeline/Pipeline.php(219): Juzaweb/Backend/Http/Middleware/BlockIpMiddleware->handle(Object(Illuminate/Http/Request), Object(Closure))
#80 C:/Users/user/MyFiles/ProgmiX/PEX-Form-main/modules/Backend/Http/Middleware/SecurityHeaders.php(25): Illuminate/Pipeline/Pipeline->Illuminate/Pipeline/{closure}(Object(Illuminate/Http/Request))
#81 C:/Users/user/MyFiles/ProgmiX/PEX-Form-main/vendor/laravel/framework/src/Illuminate/Pipeline/Pipeline.php(219): Juzaweb/Backend/Http/Middleware/SecurityHeaders->handle(Object(Illuminate/Http/Request), Object(Closure))
#82 C:/Users/user/MyFiles/ProgmiX/PEX-Form-main/vendor/laravel/framework/src/Illuminate/Foundation/Http/Middleware/TransformsRequest.php(21): Illuminate/Pipeline/Pipeline->Illuminate/Pipeline/{closure}(Object(Illuminate/Http/Request))
#83 C:/Users/user/MyFiles/ProgmiX/PEX-Form-main/vendor/laravel/framework/src/Illuminate/Foundation/Http/Middleware/ConvertEmptyStringsToNull.php(31): Illuminate/Foundation/Http/Middleware/TransformsRequest->handle(Object(Illuminate/Http/Request), Object(Closure))
#84 C:/Users/user/MyFiles/ProgmiX/PEX-Form-main/vendor/laravel/framework/src/Illuminate/Pipeline/Pipeline.php(219): Illuminate/Foundation/Http/Middleware/ConvertEmptyStringsToNull->handle(Object(Illuminate/Http/Request), Object(Closure))
#85 C:/Users/user/MyFiles/ProgmiX/PEX-Form-main/vendor/laravel/framework/src/Illuminate/Foundation/Http/Middleware/TransformsRequest.php(21): Illuminate/Pipeline/Pipeline->Illuminate/Pipeline/{closure}(Object(Illuminate/Http/Request))
#86 C:/Users/user/MyFiles/ProgmiX/PEX-Form-main/vendor/laravel/framework/src/Illuminate/Foundation/Http/Middleware/TrimStrings.php(51): Illuminate/Foundation/Http/Middleware/TransformsRequest->handle(Object(Illuminate/Http/Request), Object(Closure))
#87 C:/Users/user/MyFiles/ProgmiX/PEX-Form-main/vendor/laravel/framework/src/Illuminate/Pipeline/Pipeline.php(219): Illuminate/Foundation/Http/Middleware/TrimStrings->handle(Object(Illuminate/Http/Request), Object(Closure))
#88 C:/Users/user/MyFiles/ProgmiX/PEX-Form-main/vendor/laravel/framework/src/Illuminate/Http/Middleware/ValidatePostSize.php(27): Illuminate/Pipeline/Pipeline->Illuminate/Pipeline/{closure}(Object(Illuminate/Http/Request))
#89 C:/Users/user/MyFiles/ProgmiX/PEX-Form-main/vendor/laravel/framework/src/Illuminate/Pipeline/Pipeline.php(219): Illuminate/Http/Middleware/ValidatePostSize->handle(Object(Illuminate/Http/Request), Object(Closure))
#90 C:/Users/user/MyFiles/ProgmiX/PEX-Form-main/vendor/laravel/framework/src/Illuminate/Foundation/Http/Middleware/PreventRequestsDuringMaintenance.php(109): Illuminate/Pipeline/Pipeline->Illuminate/Pipeline/{closure}(Object(Illuminate/Http/Request))
#91 C:/Users/user/MyFiles/ProgmiX/PEX-Form-main/vendor/laravel/framework/src/Illuminate/Pipeline/Pipeline.php(219): Illuminate/Foundation/Http/Middleware/PreventRequestsDuringMaintenance->handle(Object(Illuminate/Http/Request), Object(Closure))
#92 C:/Users/user/MyFiles/ProgmiX/PEX-Form-main/vendor/laravel/framework/src/Illuminate/Http/Middleware/HandleCors.php(61): Illuminate/Pipeline/Pipeline->Illuminate/Pipeline/{closure}(Object(Illuminate/Http/Request))
#93 C:/Users/user/MyFiles/ProgmiX/PEX-Form-main/vendor/laravel/framework/src/Illuminate/Pipeline/Pipeline.php(219): Illuminate/Http/Middleware/HandleCors->handle(Object(Illuminate/Http/Request), Object(Closure))
#94 C:/Users/user/MyFiles/ProgmiX/PEX-Form-main/vendor/laravel/framework/src/Illuminate/Http/Middleware/TrustProxies.php(58): Illuminate/Pipeline/Pipeline->Illuminate/Pipeline/{closure}(Object(Illuminate/Http/Request))
#95 C:/Users/user/MyFiles/ProgmiX/PEX-Form-main/vendor/laravel/framework/src/Illuminate/Pipeline/Pipeline.php(219): Illuminate/Http/Middleware/TrustProxies->handle(Object(Illuminate/Http/Request), Object(Closure))
#96 C:/Users/user/MyFiles/ProgmiX/PEX-Form-main/vendor/laravel/framework/src/Illuminate/Pipeline/Pipeline.php(137): Illuminate/Pipeline/Pipeline->Illuminate/Pipeline/{closure}(Object(Illuminate/Http/Request))
#97 C:/Users/user/MyFiles/ProgmiX/PEX-Form-main/vendor/laravel/framework/src/Illuminate/Foundation/Http/Kernel.php(175): Illuminate/Pipeline/Pipeline->then(Object(Closure))
#98 C:/Users/user/MyFiles/ProgmiX/PEX-Form-main/vendor/laravel/framework/src/Illuminate/Foundation/Http/Kernel.php(144): Illuminate/Foundation/Http/Kernel->sendRequestThroughRouter(Object(Illuminate/Http/Request))
#99 C:/Users/user/MyFiles/ProgmiX/PEX-Form-main/public/index.php(51): Illuminate/Foundation/Http/Kernel->handle(Object(Illuminate/Http/Request))
#100 C:/Users/user/MyFiles/ProgmiX/PEX-Form-main/vendor/laravel/framework/src/Illuminate/Foundation/resources/server.php(23): require_once('C://Users//user//M...')
#101 {main}

[previous exception] [object] (PDOException(code: 42S02): SQLSTATE[42S02]: Base table or view not found: 1146 Table 'pex_form.forum_registrations' doesn't exist at C:/Users/user/MyFiles/ProgmiX/PEX-Form-main/vendor/laravel/framework/src/Illuminate/Database/Connection.php:420)
[stacktrace]
#0 C:/Users/user/MyFiles/ProgmiX/PEX-Form-main/vendor/laravel/framework/src/Illuminate/Database/Connection.php(420): PDO->prepare('select count(*)...')
#1 C:/Users/user/MyFiles/ProgmiX/PEX-Form-main/vendor/laravel/framework/src/Illuminate/Database/Connection.php(827): Illuminate/Database/Connection->Illuminate/Database/{closure}('select count(*)...', Array)
#2 C:/Users/user/MyFiles/ProgmiX/PEX-Form-main/vendor/laravel/framework/src/Illuminate/Database/Connection.php(794): Illuminate/Database/Connection->runQueryCallback('select count(*)...', Array, Object(Closure))
#3 C:/Users/user/MyFiles/ProgmiX/PEX-Form-main/vendor/laravel/framework/src/Illuminate/Database/Connection.php(411): Illuminate/Database/Connection->run('select count(*)...', Array, Object(Closure))
#4 C:/Users/user/MyFiles/ProgmiX/PEX-Form-main/vendor/laravel/framework/src/Illuminate/Database/Query/Builder.php(3505): Illuminate/Database/Connection->select('select count(*)...', Array, false)
#5 C:/Users/user/MyFiles/ProgmiX/PEX-Form-main/vendor/laravel/framework/src/Illuminate/Database/Query/Builder.php(3490): Illuminate/Database/Query/Builder->runSelect()
#6 C:/Users/user/MyFiles/ProgmiX/PEX-Form-main/vendor/laravel/framework/src/Illuminate/Database/Query/Builder.php(4080): Illuminate/Database/Query/Builder->Illuminate/Database/Query/{closure}()
#7 C:/Users/user/MyFiles/ProgmiX/PEX-Form-main/vendor/laravel/framework/src/Illuminate/Database/Query/Builder.php(3489): Illuminate/Database/Query/Builder->onceWithColumns(Array, Object(Closure))
#8 C:/Users/user/MyFiles/ProgmiX/PEX-Form-main/vendor/laravel/framework/src/Illuminate/Database/Query/Builder.php(4004): Illuminate/Database/Query/Builder->get(Array)
#9 C:/Users/user/MyFiles/ProgmiX/PEX-Form-main/vendor/laravel/framework/src/Illuminate/Database/Query/Builder.php(3932): Illuminate/Database/Query/Builder->aggregate('count', Array)
#10 C:/Users/user/MyFiles/ProgmiX/PEX-Form-main/vendor/laravel/framework/src/Illuminate/Validation/DatabasePresenceVerifier.php(53): Illuminate/Database/Query/Builder->count()
#11 C:/Users/user/MyFiles/ProgmiX/PEX-Form-main/vendor/laravel/framework/src/Illuminate/Validation/Concerns/ValidatesAttributes.php(1087): Illuminate/Validation/DatabasePresenceVerifier->getCount('forum_registrat...', 'email', 'nooraldeentumeh...', NULL, 'id', Array)
#12 C:/Users/user/MyFiles/ProgmiX/PEX-Form-main/vendor/laravel/framework/src/Illuminate/Validation/Validator.php(726): Illuminate/Validation/Validator->validateUnique('email', 'nooraldeentumeh...', Array, Object(Illuminate/Validation/Validator))
#13 C:/Users/user/MyFiles/ProgmiX/PEX-Form-main/vendor/laravel/framework/src/Illuminate/Validation/Validator.php(481): Illuminate/Validation/Validator->validateAttribute('email', 'Unique')
#14 C:/Users/user/MyFiles/ProgmiX/PEX-Form-main/vendor/laravel/framework/src/Illuminate/Validation/Validator.php(516): Illuminate/Validation/Validator->passes()
#15 C:/Users/user/MyFiles/ProgmiX/PEX-Form-main/vendor/laravel/framework/src/Illuminate/Validation/ValidatesWhenResolvedTrait.php(31): Illuminate/Validation/Validator->fails()
#16 C:/Users/user/MyFiles/ProgmiX/PEX-Form-main/vendor/laravel/framework/src/Illuminate/Foundation/Providers/FormRequestServiceProvider.php(30): Illuminate/Foundation/Http/FormRequest->validateResolved()
#17 C:/Users/user/MyFiles/ProgmiX/PEX-Form-main/vendor/laravel/framework/src/Illuminate/Container/Container.php(1618): Illuminate/Foundation/Providers/FormRequestServiceProvider->Illuminate/Foundation/Providers/{closure}(Object(Juzaweb/Frontend/Http/Requests/ForumRegistrationRequest), Object(Juzaweb/CMS/Support/Application))
#18 C:/Users/user/MyFiles/ProgmiX/PEX-Form-main/vendor/laravel/framework/src/Illuminate/Container/Container.php(1556): Illuminate/Container/Container->fireCallbackArray(Object(Juzaweb/Frontend/Http/Requests/ForumRegistrationRequest), Array)
#19 C:/Users/user/MyFiles/ProgmiX/PEX-Form-main/vendor/laravel/framework/src/Illuminate/Container/Container.php(1542): Illuminate/Container/Container->fireAfterResolvingCallbacks('Juzaweb//Fronten...', Object(Juzaweb/Frontend/Http/Requests/ForumRegistrationRequest))
#20 C:/Users/user/MyFiles/ProgmiX/PEX-Form-main/vendor/laravel/framework/src/Illuminate/Container/Container.php(951): Illuminate/Container/Container->fireResolvingCallbacks('Juzaweb//Fronten...', Object(Juzaweb/Frontend/Http/Requests/ForumRegistrationRequest))
#21 C:/Users/user/MyFiles/ProgmiX/PEX-Form-main/vendor/laravel/framework/src/Illuminate/Foundation/Application.php(1078): Illuminate/Container/Container->resolve('Juzaweb//Fronten...', Array, true)
#22 C:/Users/user/MyFiles/ProgmiX/PEX-Form-main/vendor/laravel/framework/src/Illuminate/Container/Container.php(864): Illuminate/Foundation/Application->resolve('Juzaweb//Fronten...', Array)
#23 C:/Users/user/MyFiles/ProgmiX/PEX-Form-main/vendor/laravel/framework/src/Illuminate/Foundation/Application.php(1058): Illuminate/Container/Container->make('Juzaweb//Fronten...', Array)
#24 C:/Users/user/MyFiles/ProgmiX/PEX-Form-main/vendor/laravel/framework/src/Illuminate/Routing/ResolvesRouteDependencies.php(92): Illuminate/Foundation/Application->make('Juzaweb//Fronten...')
#25 C:/Users/user/MyFiles/ProgmiX/PEX-Form-main/vendor/laravel/framework/src/Illuminate/Routing/ResolvesRouteDependencies.php(51): Illuminate/Routing/ControllerDispatcher->transformDependency(Object(ReflectionParameter), Array, Object(stdClass))
#26 C:/Users/user/MyFiles/ProgmiX/PEX-Form-main/vendor/laravel/framework/src/Illuminate/Routing/ResolvesRouteDependencies.php(30): Illuminate/Routing/ControllerDispatcher->resolveMethodDependencies(Array, Object(ReflectionMethod))
#27 C:/Users/user/MyFiles/ProgmiX/PEX-Form-main/vendor/laravel/framework/src/Illuminate/Routing/ControllerDispatcher.php(59): Illuminate/Routing/ControllerDispatcher->resolveClassMethodDependencies(Array, Object(Juzaweb/Frontend/Http/Controllers/ForumRegistrationController), 'store')
#28 C:/Users/user/MyFiles/ProgmiX/PEX-Form-main/vendor/laravel/framework/src/Illuminate/Routing/ControllerDispatcher.php(40): Illuminate/Routing/ControllerDispatcher->resolveParameters(Object(Illuminate/Routing/Route), Object(Juzaweb/Frontend/Http/Controllers/ForumRegistrationController), 'store')
#29 C:/Users/user/MyFiles/ProgmiX/PEX-Form-main/vendor/laravel/framework/src/Illuminate/Routing/Route.php(265): Illuminate/Routing/ControllerDispatcher->dispatch(Object(Illuminate/Routing/Route), Object(Juzaweb/Frontend/Http/Controllers/ForumRegistrationController), 'store')
#30 C:/Users/user/MyFiles/ProgmiX/PEX-Form-main/vendor/laravel/framework/src/Illuminate/Routing/Route.php(211): Illuminate/Routing/Route->runController()
#31 C:/Users/user/MyFiles/ProgmiX/PEX-Form-main/vendor/laravel/framework/src/Illuminate/Routing/Router.php(822): Illuminate/Routing/Route->run()
#32 C:/Users/user/MyFiles/ProgmiX/PEX-Form-main/vendor/laravel/framework/src/Illuminate/Pipeline/Pipeline.php(180): Illuminate/Routing/Router->Illuminate/Routing/{closure}(Object(Illuminate/Http/Request))
#33 C:/Users/user/MyFiles/ProgmiX/PEX-Form-main/vendor/laravel/framework/src/Illuminate/Routing/Middleware/ThrottleRequests.php(166): Illuminate/Pipeline/Pipeline->Illuminate/Pipeline/{closure}(Object(Illuminate/Http/Request))
#34 C:/Users/user/MyFiles/ProgmiX/PEX-Form-main/vendor/laravel/framework/src/Illuminate/Routing/Middleware/ThrottleRequests.php(129): Illuminate/Routing/Middleware/ThrottleRequests->handleRequest(Object(Illuminate/Http/Request), Object(Closure), Array)
#35 C:/Users/user/MyFiles/ProgmiX/PEX-Form-main/vendor/laravel/framework/src/Illuminate/Routing/Middleware/ThrottleRequests.php(90): Illuminate/Routing/Middleware/ThrottleRequests->handleRequestUsingNamedLimiter(Object(Illuminate/Http/Request), Object(Closure), 'forum-registrat...', Object(Closure))
#36 C:/Users/user/MyFiles/ProgmiX/PEX-Form-main/vendor/laravel/framework/src/Illuminate/Pipeline/Pipeline.php(219): Illuminate/Routing/Middleware/ThrottleRequests->handle(Object(Illuminate/Http/Request), Object(Closure), 'forum-registrat...')
#37 C:/Users/user/MyFiles/ProgmiX/PEX-Form-main/modules/Frontend/Http/Middleware/Locale.php(49): Illuminate/Pipeline/Pipeline->Illuminate/Pipeline/{closure}(Object(Illuminate/Http/Request))
#38 C:/Users/user/MyFiles/ProgmiX/PEX-Form-main/vendor/laravel/framework/src/Illuminate/Pipeline/Pipeline.php(219): Juzaweb/Frontend/Http/Middleware/Locale->handle(Object(Illuminate/Http/Request), Object(Closure))
#39 C:/Users/user/MyFiles/ProgmiX/PEX-Form-main/modules/Backend/Http/Middleware/SecurityHeaders.php(25): Illuminate/Pipeline/Pipeline->Illuminate/Pipeline/{closure}(Object(Illuminate/Http/Request))
#40 C:/Users/user/MyFiles/ProgmiX/PEX-Form-main/vendor/laravel/framework/src/Illuminate/Pipeline/Pipeline.php(219): Juzaweb/Backend/Http/Middleware/SecurityHeaders->handle(Object(Illuminate/Http/Request), Object(Closure))
#41 C:/Users/user/MyFiles/ProgmiX/PEX-Form-main/vendor/laravel/framework/src/Illuminate/Routing/Middleware/ThrottleRequests.php(166): Illuminate/Pipeline/Pipeline->Illuminate/Pipeline/{closure}(Object(Illuminate/Http/Request))
#42 C:/Users/user/MyFiles/ProgmiX/PEX-Form-main/vendor/laravel/framework/src/Illuminate/Routing/Middleware/ThrottleRequests.php(93): Illuminate/Routing/Middleware/ThrottleRequests->handleRequest(Object(Illuminate/Http/Request), Object(Closure), Array)
#43 C:/Users/user/MyFiles/ProgmiX/PEX-Form-main/vendor/laravel/framework/src/Illuminate/Pipeline/Pipeline.php(219): Illuminate/Routing/Middleware/ThrottleRequests->handle(Object(Illuminate/Http/Request), Object(Closure))
#44 C:/Users/user/MyFiles/ProgmiX/PEX-Form-main/modules/Backend/Http/Middleware/PathTraversal.php(57): Illuminate/Pipeline/Pipeline->Illuminate/Pipeline/{closure}(Object(Illuminate/Http/Request))
#45 C:/Users/user/MyFiles/ProgmiX/PEX-Form-main/vendor/laravel/framework/src/Illuminate/Pipeline/Pipeline.php(219): Juzaweb/Backend/Http/Middleware/PathTraversal->handle(Object(Illuminate/Http/Request), Object(Closure))
#46 C:/Users/user/MyFiles/ProgmiX/PEX-Form-main/modules/Backend/Http/Middleware/XssSanitization.php(44): Illuminate/Pipeline/Pipeline->Illuminate/Pipeline/{closure}(Object(Illuminate/Http/Request))
#47 C:/Users/user/MyFiles/ProgmiX/PEX-Form-main/vendor/laravel/framework/src/Illuminate/Pipeline/Pipeline.php(219): Juzaweb/Backend/Http/Middleware/XssSanitization->handle(Object(Illuminate/Http/Request), Object(Closure))
#48 C:/Users/user/MyFiles/ProgmiX/PEX-Form-main/vendor/spatie/laravel-csp/src/AddCspHeaders.php(13): Illuminate/Pipeline/Pipeline->Illuminate/Pipeline/{closure}(Object(Illuminate/Http/Request))
#49 C:/Users/user/MyFiles/ProgmiX/PEX-Form-main/vendor/laravel/framework/src/Illuminate/Pipeline/Pipeline.php(219): Spatie/Csp/AddCspHeaders->handle(Object(Illuminate/Http/Request), Object(Closure))
#50 C:/Users/user/MyFiles/ProgmiX/PEX-Form-main/vendor/barryvdh/laravel-debugbar/src/Middleware/InjectDebugbar.php(59): Illuminate/Pipeline/Pipeline->Illuminate/Pipeline/{closure}(Object(Illuminate/Http/Request))
#51 C:/Users/user/MyFiles/ProgmiX/PEX-Form-main/vendor/laravel/framework/src/Illuminate/Pipeline/Pipeline.php(219): Barryvdh/Debugbar/Middleware/InjectDebugbar->handle(Object(Illuminate/Http/Request), Object(Closure))
#52 C:/Users/user/MyFiles/ProgmiX/PEX-Form-main/modules/CMS/Http/Middleware/XFrameHeadersMiddleware.php(41): Illuminate/Pipeline/Pipeline->Illuminate/Pipeline/{closure}(Object(Illuminate/Http/Request))
#53 C:/Users/user/MyFiles/ProgmiX/PEX-Form-main/vendor/laravel/framework/src/Illuminate/Pipeline/Pipeline.php(219): Juzaweb/CMS/Http/Middleware/XFrameHeadersMiddleware->handle(Object(Illuminate/Http/Request), Object(Closure))
#54 C:/Users/user/MyFiles/ProgmiX/PEX-Form-main/vendor/laravel/framework/src/Illuminate/Routing/Middleware/SubstituteBindings.php(50): Illuminate/Pipeline/Pipeline->Illuminate/Pipeline/{closure}(Object(Illuminate/Http/Request))
#55 C:/Users/user/MyFiles/ProgmiX/PEX-Form-main/vendor/laravel/framework/src/Illuminate/Pipeline/Pipeline.php(219): Illuminate/Routing/Middleware/SubstituteBindings->handle(Object(Illuminate/Http/Request), Object(Closure))
#56 C:/Users/user/MyFiles/ProgmiX/PEX-Form-main/vendor/laravel/framework/src/Illuminate/Cookie/Middleware/AddQueuedCookiesToResponse.php(36): Illuminate/Pipeline/Pipeline->Illuminate/Pipeline/{closure}(Object(Illuminate/Http/Request))
#57 C:/Users/user/MyFiles/ProgmiX/PEX-Form-main/vendor/laravel/framework/src/Illuminate/Pipeline/Pipeline.php(219): Illuminate/Cookie/Middleware/AddQueuedCookiesToResponse->handle(Object(Illuminate/Http/Request), Object(Closure))
#58 C:/Users/user/MyFiles/ProgmiX/PEX-Form-main/vendor/laravel/framework/src/Illuminate/View/Middleware/ShareErrorsFromSession.php(48): Illuminate/Pipeline/Pipeline->Illuminate/Pipeline/{closure}(Object(Illuminate/Http/Request))
#59 C:/Users/user/MyFiles/ProgmiX/PEX-Form-main/modules/Backend/Http/Middleware/ShareErrorsUnlessBot.php(24): Illuminate/View/Middleware/ShareErrorsFromSession->handle(Object(Illuminate/Http/Request), Object(Closure))
#60 C:/Users/user/MyFiles/ProgmiX/PEX-Form-main/vendor/laravel/framework/src/Illuminate/Pipeline/Pipeline.php(219): Juzaweb/Backend/Http/Middleware/ShareErrorsUnlessBot->handle(Object(Illuminate/Http/Request), Object(Closure))
#61 C:/Users/user/MyFiles/ProgmiX/PEX-Form-main/vendor/laravel/framework/src/Illuminate/Session/Middleware/StartSession.php(120): Illuminate/Pipeline/Pipeline->Illuminate/Pipeline/{closure}(Object(Illuminate/Http/Request))
#62 C:/Users/user/MyFiles/ProgmiX/PEX-Form-main/vendor/laravel/framework/src/Illuminate/Session/Middleware/StartSession.php(63): Illuminate/Session/Middleware/StartSession->handleStatefulRequest(Object(Illuminate/Http/Request), Object(Illuminate/Session/Store), Object(Closure))
#63 C:/Users/user/MyFiles/ProgmiX/PEX-Form-main/modules/Backend/Http/Middleware/SkipSessionForBots.php(24): Illuminate/Session/Middleware/StartSession->handle(Object(Illuminate/Http/Request), Object(Closure))
#64 C:/Users/user/MyFiles/ProgmiX/PEX-Form-main/vendor/laravel/framework/src/Illuminate/Pipeline/Pipeline.php(219): Juzaweb/Backend/Http/Middleware/SkipSessionForBots->handle(Object(Illuminate/Http/Request), Object(Closure))
#65 C:/Users/user/MyFiles/ProgmiX/PEX-Form-main/vendor/laravel/framework/src/Illuminate/Cookie/Middleware/EncryptCookies.php(74): Illuminate/Pipeline/Pipeline->Illuminate/Pipeline/{closure}(Object(Illuminate/Http/Request))
#66 C:/Users/user/MyFiles/ProgmiX/PEX-Form-main/vendor/laravel/framework/src/Illuminate/Pipeline/Pipeline.php(219): Illuminate/Cookie/Middleware/EncryptCookies->handle(Object(Illuminate/Http/Request), Object(Closure))
#67 C:/Users/user/MyFiles/ProgmiX/PEX-Form-main/modules/CMS/Http/Middleware/GlobalMiddleware.php(11): Illuminate/Pipeline/Pipeline->Illuminate/Pipeline/{closure}(Object(Illuminate/Http/Request))
#68 C:/Users/user/MyFiles/ProgmiX/PEX-Form-main/vendor/laravel/framework/src/Illuminate/Pipeline/Pipeline.php(219): Juzaweb/CMS/Http/Middleware/GlobalMiddleware->handle(Object(Illuminate/Http/Request), Object(Closure))
#69 C:/Users/user/MyFiles/ProgmiX/PEX-Form-main/modules/Backend/Http/Middleware/DisableSessionForBots.php(30): Illuminate/Pipeline/Pipeline->Illuminate/Pipeline/{closure}(Object(Illuminate/Http/Request))
#70 C:/Users/user/MyFiles/ProgmiX/PEX-Form-main/vendor/laravel/framework/src/Illuminate/Pipeline/Pipeline.php(219): Juzaweb/Backend/Http/Middleware/DisableSessionForBots->handle(Object(Illuminate/Http/Request), Object(Closure))
#71 C:/Users/user/MyFiles/ProgmiX/PEX-Form-main/vendor/laravel/framework/src/Illuminate/Pipeline/Pipeline.php(137): Illuminate/Pipeline/Pipeline->Illuminate/Pipeline/{closure}(Object(Illuminate/Http/Request))
#72 C:/Users/user/MyFiles/ProgmiX/PEX-Form-main/vendor/laravel/framework/src/Illuminate/Routing/Router.php(821): Illuminate/Pipeline/Pipeline->then(Object(Closure))
#73 C:/Users/user/MyFiles/ProgmiX/PEX-Form-main/vendor/laravel/framework/src/Illuminate/Routing/Router.php(800): Illuminate/Routing/Router->runRouteWithinStack(Object(Illuminate/Routing/Route), Object(Illuminate/Http/Request))
#74 C:/Users/user/MyFiles/ProgmiX/PEX-Form-main/vendor/laravel/framework/src/Illuminate/Routing/Router.php(764): Illuminate/Routing/Router->runRoute(Object(Illuminate/Http/Request), Object(Illuminate/Routing/Route))
#75 C:/Users/user/MyFiles/ProgmiX/PEX-Form-main/vendor/laravel/framework/src/Illuminate/Routing/Router.php(753): Illuminate/Routing/Router->dispatchToRoute(Object(Illuminate/Http/Request))
#76 C:/Users/user/MyFiles/ProgmiX/PEX-Form-main/vendor/laravel/framework/src/Illuminate/Foundation/Http/Kernel.php(200): Illuminate/Routing/Router->dispatch(Object(Illuminate/Http/Request))
#77 C:/Users/user/MyFiles/ProgmiX/PEX-Form-main/vendor/laravel/framework/src/Illuminate/Pipeline/Pipeline.php(180): Illuminate/Foundation/Http/Kernel->Illuminate/Foundation/Http/{closure}(Object(Illuminate/Http/Request))
#78 C:/Users/user/MyFiles/ProgmiX/PEX-Form-main/vendor/barryvdh/laravel-debugbar/src/Middleware/InjectDebugbar.php(59): Illuminate/Pipeline/Pipeline->Illuminate/Pipeline/{closure}(Object(Illuminate/Http/Request))
#79 C:/Users/user/MyFiles/ProgmiX/PEX-Form-main/vendor/laravel/framework/src/Illuminate/Pipeline/Pipeline.php(219): Barryvdh/Debugbar/Middleware/InjectDebugbar->handle(Object(Illuminate/Http/Request), Object(Closure))
#80 C:/Users/user/MyFiles/ProgmiX/PEX-Form-main/modules/Backend/Http/Middleware/BlockIpMiddleware.php(31): Illuminate/Pipeline/Pipeline->Illuminate/Pipeline/{closure}(Object(Illuminate/Http/Request))
#81 C:/Users/user/MyFiles/ProgmiX/PEX-Form-main/vendor/laravel/framework/src/Illuminate/Pipeline/Pipeline.php(219): Juzaweb/Backend/Http/Middleware/BlockIpMiddleware->handle(Object(Illuminate/Http/Request), Object(Closure))
#82 C:/Users/user/MyFiles/ProgmiX/PEX-Form-main/modules/Backend/Http/Middleware/SecurityHeaders.php(25): Illuminate/Pipeline/Pipeline->Illuminate/Pipeline/{closure}(Object(Illuminate/Http/Request))
#83 C:/Users/user/MyFiles/ProgmiX/PEX-Form-main/vendor/laravel/framework/src/Illuminate/Pipeline/Pipeline.php(219): Juzaweb/Backend/Http/Middleware/SecurityHeaders->handle(Object(Illuminate/Http/Request), Object(Closure))
#84 C:/Users/user/MyFiles/ProgmiX/PEX-Form-main/vendor/laravel/framework/src/Illuminate/Foundation/Http/Middleware/TransformsRequest.php(21): Illuminate/Pipeline/Pipeline->Illuminate/Pipeline/{closure}(Object(Illuminate/Http/Request))
#85 C:/Users/user/MyFiles/ProgmiX/PEX-Form-main/vendor/laravel/framework/src/Illuminate/Foundation/Http/Middleware/ConvertEmptyStringsToNull.php(31): Illuminate/Foundation/Http/Middleware/TransformsRequest->handle(Object(Illuminate/Http/Request), Object(Closure))
#86 C:/Users/user/MyFiles/ProgmiX/PEX-Form-main/vendor/laravel/framework/src/Illuminate/Pipeline/Pipeline.php(219): Illuminate/Foundation/Http/Middleware/ConvertEmptyStringsToNull->handle(Object(Illuminate/Http/Request), Object(Closure))
#87 C:/Users/user/MyFiles/ProgmiX/PEX-Form-main/vendor/laravel/framework/src/Illuminate/Foundation/Http/Middleware/TransformsRequest.php(21): Illuminate/Pipeline/Pipeline->Illuminate/Pipeline/{closure}(Object(Illuminate/Http/Request))
#88 C:/Users/user/MyFiles/ProgmiX/PEX-Form-main/vendor/laravel/framework/src/Illuminate/Foundation/Http/Middleware/TrimStrings.php(51): Illuminate/Foundation/Http/Middleware/TransformsRequest->handle(Object(Illuminate/Http/Request), Object(Closure))
#89 C:/Users/user/MyFiles/ProgmiX/PEX-Form-main/vendor/laravel/framework/src/Illuminate/Pipeline/Pipeline.php(219): Illuminate/Foundation/Http/Middleware/TrimStrings->handle(Object(Illuminate/Http/Request), Object(Closure))
#90 C:/Users/user/MyFiles/ProgmiX/PEX-Form-main/vendor/laravel/framework/src/Illuminate/Http/Middleware/ValidatePostSize.php(27): Illuminate/Pipeline/Pipeline->Illuminate/Pipeline/{closure}(Object(Illuminate/Http/Request))
#91 C:/Users/user/MyFiles/ProgmiX/PEX-Form-main/vendor/laravel/framework/src/Illuminate/Pipeline/Pipeline.php(219): Illuminate/Http/Middleware/ValidatePostSize->handle(Object(Illuminate/Http/Request), Object(Closure))
#92 C:/Users/user/MyFiles/ProgmiX/PEX-Form-main/vendor/laravel/framework/src/Illuminate/Foundation/Http/Middleware/PreventRequestsDuringMaintenance.php(109): Illuminate/Pipeline/Pipeline->Illuminate/Pipeline/{closure}(Object(Illuminate/Http/Request))
#93 C:/Users/user/MyFiles/ProgmiX/PEX-Form-main/vendor/laravel/framework/src/Illuminate/Pipeline/Pipeline.php(219): Illuminate/Foundation/Http/Middleware/PreventRequestsDuringMaintenance->handle(Object(Illuminate/Http/Request), Object(Closure))
#94 C:/Users/user/MyFiles/ProgmiX/PEX-Form-main/vendor/laravel/framework/src/Illuminate/Http/Middleware/HandleCors.php(61): Illuminate/Pipeline/Pipeline->Illuminate/Pipeline/{closure}(Object(Illuminate/Http/Request))
#95 C:/Users/user/MyFiles/ProgmiX/PEX-Form-main/vendor/laravel/framework/src/Illuminate/Pipeline/Pipeline.php(219): Illuminate/Http/Middleware/HandleCors->handle(Object(Illuminate/Http/Request), Object(Closure))
#96 C:/Users/user/MyFiles/ProgmiX/PEX-Form-main/vendor/laravel/framework/src/Illuminate/Http/Middleware/TrustProxies.php(58): Illuminate/Pipeline/Pipeline->Illuminate/Pipeline/{closure}(Object(Illuminate/Http/Request))
#97 C:/Users/user/MyFiles/ProgmiX/PEX-Form-main/vendor/laravel/framework/src/Illuminate/Pipeline/Pipeline.php(219): Illuminate/Http/Middleware/TrustProxies->handle(Object(Illuminate/Http/Request), Object(Closure))
#98 C:/Users/user/MyFiles/ProgmiX/PEX-Form-main/vendor/laravel/framework/src/Illuminate/Pipeline/Pipeline.php(137): Illuminate/Pipeline/Pipeline->Illuminate/Pipeline/{closure}(Object(Illuminate/Http/Request))
#99 C:/Users/user/MyFiles/ProgmiX/PEX-Form-main/vendor/laravel/framework/src/Illuminate/Foundation/Http/Kernel.php(175): Illuminate/Pipeline/Pipeline->then(Object(Closure))
#100 C:/Users/user/MyFiles/ProgmiX/PEX-Form-main/vendor/laravel/framework/src/Illuminate/Foundation/Http/Kernel.php(144): Illuminate/Foundation/Http/Kernel->sendRequestThroughRouter(Object(Illuminate/Http/Request))
#101 C:/Users/user/MyFiles/ProgmiX/PEX-Form-main/public/index.php(51): Illuminate/Foundation/Http/Kernel->handle(Object(Illuminate/Http/Request))
#102 C:/Users/user/MyFiles/ProgmiX/PEX-Form-main/vendor/laravel/framework/src/Illuminate/Foundation/resources/server.php(23): require_once('C://Users//user//M...')
#103 {main}
"} 
[2026-09-06 07:51:09] local.ERROR: SQLSTATE[42S02]: Base table or view not found: 1146 Table 'pex_form.forum_registrations' doesn't exist (Connection: mysql, Host: 127.0.0.1, Port: 3306, Database: pex_form, SQL: select count(*) as aggregate from `forum_registrations` where `email` = nooraldeentumeh@gmail.com) {"userId":1,"exception":"[object] (Illuminate\\Database\\QueryException(code: 42S02): SQLSTATE[42S02]: Base table or view not found: 1146 Table 'pex_form.forum_registrations' doesn't exist (Connection: mysql, Host: 127.0.0.1, Port: 3306, Database: pex_form, SQL: select count(*) as aggregate from `forum_registrations` where `email` = nooraldeentumeh@gmail.com) at C:/Users/user/MyFiles/ProgmiX/PEX-Form-main/vendor/laravel/framework/src/Illuminate/Database/Connection.php:838)
[stacktrace]
#0 C:/Users/user/MyFiles/ProgmiX/PEX-Form-main/vendor/laravel/framework/src/Illuminate/Database/Connection.php(794): Illuminate/Database/Connection->runQueryCallback('select count(*)...', Array, Object(Closure))
#1 C:/Users/user/MyFiles/ProgmiX/PEX-Form-main/vendor/laravel/framework/src/Illuminate/Database/Connection.php(411): Illuminate/Database/Connection->run('select count(*)...', Array, Object(Closure))
#2 C:/Users/user/MyFiles/ProgmiX/PEX-Form-main/vendor/laravel/framework/src/Illuminate/Database/Query/Builder.php(3505): Illuminate/Database/Connection->select('select count(*)...', Array, false)
#3 C:/Users/user/MyFiles/ProgmiX/PEX-Form-main/vendor/laravel/framework/src/Illuminate/Database/Query/Builder.php(3490): Illuminate/Database/Query/Builder->runSelect()
#4 C:/Users/user/MyFiles/ProgmiX/PEX-Form-main/vendor/laravel/framework/src/Illuminate/Database/Query/Builder.php(4080): Illuminate/Database/Query/Builder->Illuminate/Database/Query/{closure}()
#5 C:/Users/user/MyFiles/ProgmiX/PEX-Form-main/vendor/laravel/framework/src/Illuminate/Database/Query/Builder.php(3489): Illuminate/Database/Query/Builder->onceWithColumns(Array, Object(Closure))
#6 C:/Users/user/MyFiles/ProgmiX/PEX-Form-main/vendor/laravel/framework/src/Illuminate/Database/Query/Builder.php(4004): Illuminate/Database/Query/Builder->get(Array)
#7 C:/Users/user/MyFiles/ProgmiX/PEX-Form-main/vendor/laravel/framework/src/Illuminate/Database/Query/Builder.php(3932): Illuminate/Database/Query/Builder->aggregate('count', Array)
#8 C:/Users/user/MyFiles/ProgmiX/PEX-Form-main/vendor/laravel/framework/src/Illuminate/Validation/DatabasePresenceVerifier.php(53): Illuminate/Database/Query/Builder->count()
#9 C:/Users/user/MyFiles/ProgmiX/PEX-Form-main/vendor/laravel/framework/src/Illuminate/Validation/Concerns/ValidatesAttributes.php(1087): Illuminate/Validation/DatabasePresenceVerifier->getCount('forum_registrat...', 'email', 'nooraldeentumeh...', NULL, 'id', Array)
#10 C:/Users/user/MyFiles/ProgmiX/PEX-Form-main/vendor/laravel/framework/src/Illuminate/Validation/Validator.php(726): Illuminate/Validation/Validator->validateUnique('email', 'nooraldeentumeh...', Array, Object(Illuminate/Validation/Validator))
#11 C:/Users/user/MyFiles/ProgmiX/PEX-Form-main/vendor/laravel/framework/src/Illuminate/Validation/Validator.php(481): Illuminate/Validation/Validator->validateAttribute('email', 'Unique')
#12 C:/Users/user/MyFiles/ProgmiX/PEX-Form-main/vendor/laravel/framework/src/Illuminate/Validation/Validator.php(516): Illuminate/Validation/Validator->passes()
#13 C:/Users/user/MyFiles/ProgmiX/PEX-Form-main/vendor/laravel/framework/src/Illuminate/Validation/ValidatesWhenResolvedTrait.php(31): Illuminate/Validation/Validator->fails()
#14 C:/Users/user/MyFiles/ProgmiX/PEX-Form-main/vendor/laravel/framework/src/Illuminate/Foundation/Providers/FormRequestServiceProvider.php(30): Illuminate/Foundation/Http/FormRequest->validateResolved()
#15 C:/Users/user/MyFiles/ProgmiX/PEX-Form-main/vendor/laravel/framework/src/Illuminate/Container/Container.php(1618): Illuminate/Foundation/Providers/FormRequestServiceProvider->Illuminate/Foundation/Providers/{closure}(Object(Juzaweb/Frontend/Http/Requests/ForumRegistrationRequest), Object(Juzaweb/CMS/Support/Application))
#16 C:/Users/user/MyFiles/ProgmiX/PEX-Form-main/vendor/laravel/framework/src/Illuminate/Container/Container.php(1556): Illuminate/Container/Container->fireCallbackArray(Object(Juzaweb/Frontend/Http/Requests/ForumRegistrationRequest), Array)
#17 C:/Users/user/MyFiles/ProgmiX/PEX-Form-main/vendor/laravel/framework/src/Illuminate/Container/Container.php(1542): Illuminate/Container/Container->fireAfterResolvingCallbacks('Juzaweb//Fronten...', Object(Juzaweb/Frontend/Http/Requests/ForumRegistrationRequest))
#18 C:/Users/user/MyFiles/ProgmiX/PEX-Form-main/vendor/laravel/framework/src/Illuminate/Container/Container.php(951): Illuminate/Container/Container->fireResolvingCallbacks('Juzaweb//Fronten...', Object(Juzaweb/Frontend/Http/Requests/ForumRegistrationRequest))
#19 C:/Users/user/MyFiles/ProgmiX/PEX-Form-main/vendor/laravel/framework/src/Illuminate/Foundation/Application.php(1078): Illuminate/Container/Container->resolve('Juzaweb//Fronten...', Array, true)
#20 C:/Users/user/MyFiles/ProgmiX/PEX-Form-main/vendor/laravel/framework/src/Illuminate/Container/Container.php(864): Illuminate/Foundation/Application->resolve('Juzaweb//Fronten...', Array)
#21 C:/Users/user/MyFiles/ProgmiX/PEX-Form-main/vendor/laravel/framework/src/Illuminate/Foundation/Application.php(1058): Illuminate/Container/Container->make('Juzaweb//Fronten...', Array)
#22 C:/Users/user/MyFiles/ProgmiX/PEX-Form-main/vendor/laravel/framework/src/Illuminate/Routing/ResolvesRouteDependencies.php(92): Illuminate/Foundation/Application->make('Juzaweb//Fronten...')
#23 C:/Users/user/MyFiles/ProgmiX/PEX-Form-main/vendor/laravel/framework/src/Illuminate/Routing/ResolvesRouteDependencies.php(51): Illuminate/Routing/ControllerDispatcher->transformDependency(Object(ReflectionParameter), Array, Object(stdClass))
#24 C:/Users/user/MyFiles/ProgmiX/PEX-Form-main/vendor/laravel/framework/src/Illuminate/Routing/ResolvesRouteDependencies.php(30): Illuminate/Routing/ControllerDispatcher->resolveMethodDependencies(Array, Object(ReflectionMethod))
#25 C:/Users/user/MyFiles/ProgmiX/PEX-Form-main/vendor/laravel/framework/src/Illuminate/Routing/ControllerDispatcher.php(59): Illuminate/Routing/ControllerDispatcher->resolveClassMethodDependencies(Array, Object(Juzaweb/Frontend/Http/Controllers/ForumRegistrationController), 'store')
#26 C:/Users/user/MyFiles/ProgmiX/PEX-Form-main/vendor/laravel/framework/src/Illuminate/Routing/ControllerDispatcher.php(40): Illuminate/Routing/ControllerDispatcher->resolveParameters(Object(Illuminate/Routing/Route), Object(Juzaweb/Frontend/Http/Controllers/ForumRegistrationController), 'store')
#27 C:/Users/user/MyFiles/ProgmiX/PEX-Form-main/vendor/laravel/framework/src/Illuminate/Routing/Route.php(265): Illuminate/Routing/ControllerDispatcher->dispatch(Object(Illuminate/Routing/Route), Object(Juzaweb/Frontend/Http/Controllers/ForumRegistrationController), 'store')
#28 C:/Users/user/MyFiles/ProgmiX/PEX-Form-main/vendor/laravel/framework/src/Illuminate/Routing/Route.php(211): Illuminate/Routing/Route->runController()
#29 C:/Users/user/MyFiles/ProgmiX/PEX-Form-main/vendor/laravel/framework/src/Illuminate/Routing/Router.php(822): Illuminate/Routing/Route->run()
#30 C:/Users/user/MyFiles/ProgmiX/PEX-Form-main/vendor/laravel/framework/src/Illuminate/Pipeline/Pipeline.php(180): Illuminate/Routing/Router->Illuminate/Routing/{closure}(Object(Illuminate/Http/Request))
#31 C:/Users/user/MyFiles/ProgmiX/PEX-Form-main/vendor/laravel/framework/src/Illuminate/Routing/Middleware/ThrottleRequests.php(166): Illuminate/Pipeline/Pipeline->Illuminate/Pipeline/{closure}(Object(Illuminate/Http/Request))
#32 C:/Users/user/MyFiles/ProgmiX/PEX-Form-main/vendor/laravel/framework/src/Illuminate/Routing/Middleware/ThrottleRequests.php(129): Illuminate/Routing/Middleware/ThrottleRequests->handleRequest(Object(Illuminate/Http/Request), Object(Closure), Array)
#33 C:/Users/user/MyFiles/ProgmiX/PEX-Form-main/vendor/laravel/framework/src/Illuminate/Routing/Middleware/ThrottleRequests.php(90): Illuminate/Routing/Middleware/ThrottleRequests->handleRequestUsingNamedLimiter(Object(Illuminate/Http/Request), Object(Closure), 'forum-registrat...', Object(Closure))
#34 C:/Users/user/MyFiles/ProgmiX/PEX-Form-main/vendor/laravel/framework/src/Illuminate/Pipeline/Pipeline.php(219): Illuminate/Routing/Middleware/ThrottleRequests->handle(Object(Illuminate/Http/Request), Object(Closure), 'forum-registrat...')
#35 C:/Users/user/MyFiles/ProgmiX/PEX-Form-main/modules/Frontend/Http/Middleware/Locale.php(49): Illuminate/Pipeline/Pipeline->Illuminate/Pipeline/{closure}(Object(Illuminate/Http/Request))
#36 C:/Users/user/MyFiles/ProgmiX/PEX-Form-main/vendor/laravel/framework/src/Illuminate/Pipeline/Pipeline.php(219): Juzaweb/Frontend/Http/Middleware/Locale->handle(Object(Illuminate/Http/Request), Object(Closure))
#37 C:/Users/user/MyFiles/ProgmiX/PEX-Form-main/modules/Backend/Http/Middleware/SecurityHeaders.php(25): Illuminate/Pipeline/Pipeline->Illuminate/Pipeline/{closure}(Object(Illuminate/Http/Request))
#38 C:/Users/user/MyFiles/ProgmiX/PEX-Form-main/vendor/laravel/framework/src/Illuminate/Pipeline/Pipeline.php(219): Juzaweb/Backend/Http/Middleware/SecurityHeaders->handle(Object(Illuminate/Http/Request), Object(Closure))
#39 C:/Users/user/MyFiles/ProgmiX/PEX-Form-main/vendor/laravel/framework/src/Illuminate/Routing/Middleware/ThrottleRequests.php(166): Illuminate/Pipeline/Pipeline->Illuminate/Pipeline/{closure}(Object(Illuminate/Http/Request))
#40 C:/Users/user/MyFiles/ProgmiX/PEX-Form-main/vendor/laravel/framework/src/Illuminate/Routing/Middleware/ThrottleRequests.php(93): Illuminate/Routing/Middleware/ThrottleRequests->handleRequest(Object(Illuminate/Http/Request), Object(Closure), Array)
#41 C:/Users/user/MyFiles/ProgmiX/PEX-Form-main/vendor/laravel/framework/src/Illuminate/Pipeline/Pipeline.php(219): Illuminate/Routing/Middleware/ThrottleRequests->handle(Object(Illuminate/Http/Request), Object(Closure))
#42 C:/Users/user/MyFiles/ProgmiX/PEX-Form-main/modules/Backend/Http/Middleware/PathTraversal.php(57): Illuminate/Pipeline/Pipeline->Illuminate/Pipeline/{closure}(Object(Illuminate/Http/Request))
#43 C:/Users/user/MyFiles/ProgmiX/PEX-Form-main/vendor/laravel/framework/src/Illuminate/Pipeline/Pipeline.php(219): Juzaweb/Backend/Http/Middleware/PathTraversal->handle(Object(Illuminate/Http/Request), Object(Closure))
#44 C:/Users/user/MyFiles/ProgmiX/PEX-Form-main/modules/Backend/Http/Middleware/XssSanitization.php(44): Illuminate/Pipeline/Pipeline->Illuminate/Pipeline/{closure}(Object(Illuminate/Http/Request))
#45 C:/Users/user/MyFiles/ProgmiX/PEX-Form-main/vendor/laravel/framework/src/Illuminate/Pipeline/Pipeline.php(219): Juzaweb/Backend/Http/Middleware/XssSanitization->handle(Object(Illuminate/Http/Request), Object(Closure))
#46 C:/Users/user/MyFiles/ProgmiX/PEX-Form-main/vendor/spatie/laravel-csp/src/AddCspHeaders.php(13): Illuminate/Pipeline/Pipeline->Illuminate/Pipeline/{closure}(Object(Illuminate/Http/Request))
#47 C:/Users/user/MyFiles/ProgmiX/PEX-Form-main/vendor/laravel/framework/src/Illuminate/Pipeline/Pipeline.php(219): Spatie/Csp/AddCspHeaders->handle(Object(Illuminate/Http/Request), Object(Closure))
#48 C:/Users/user/MyFiles/ProgmiX/PEX-Form-main/vendor/barryvdh/laravel-debugbar/src/Middleware/InjectDebugbar.php(59): Illuminate/Pipeline/Pipeline->Illuminate/Pipeline/{closure}(Object(Illuminate/Http/Request))
#49 C:/Users/user/MyFiles/ProgmiX/PEX-Form-main/vendor/laravel/framework/src/Illuminate/Pipeline/Pipeline.php(219): Barryvdh/Debugbar/Middleware/InjectDebugbar->handle(Object(Illuminate/Http/Request), Object(Closure))
#50 C:/Users/user/MyFiles/ProgmiX/PEX-Form-main/modules/CMS/Http/Middleware/XFrameHeadersMiddleware.php(41): Illuminate/Pipeline/Pipeline->Illuminate/Pipeline/{closure}(Object(Illuminate/Http/Request))
#51 C:/Users/user/MyFiles/ProgmiX/PEX-Form-main/vendor/laravel/framework/src/Illuminate/Pipeline/Pipeline.php(219): Juzaweb/CMS/Http/Middleware/XFrameHeadersMiddleware->handle(Object(Illuminate/Http/Request), Object(Closure))
#52 C:/Users/user/MyFiles/ProgmiX/PEX-Form-main/vendor/laravel/framework/src/Illuminate/Routing/Middleware/SubstituteBindings.php(50): Illuminate/Pipeline/Pipeline->Illuminate/Pipeline/{closure}(Object(Illuminate/Http/Request))
#53 C:/Users/user/MyFiles/ProgmiX/PEX-Form-main/vendor/laravel/framework/src/Illuminate/Pipeline/Pipeline.php(219): Illuminate/Routing/Middleware/SubstituteBindings->handle(Object(Illuminate/Http/Request), Object(Closure))
#54 C:/Users/user/MyFiles/ProgmiX/PEX-Form-main/vendor/laravel/framework/src/Illuminate/Cookie/Middleware/AddQueuedCookiesToResponse.php(36): Illuminate/Pipeline/Pipeline->Illuminate/Pipeline/{closure}(Object(Illuminate/Http/Request))
#55 C:/Users/user/MyFiles/ProgmiX/PEX-Form-main/vendor/laravel/framework/src/Illuminate/Pipeline/Pipeline.php(219): Illuminate/Cookie/Middleware/AddQueuedCookiesToResponse->handle(Object(Illuminate/Http/Request), Object(Closure))
#56 C:/Users/user/MyFiles/ProgmiX/PEX-Form-main/vendor/laravel/framework/src/Illuminate/View/Middleware/ShareErrorsFromSession.php(48): Illuminate/Pipeline/Pipeline->Illuminate/Pipeline/{closure}(Object(Illuminate/Http/Request))
#57 C:/Users/user/MyFiles/ProgmiX/PEX-Form-main/modules/Backend/Http/Middleware/ShareErrorsUnlessBot.php(24): Illuminate/View/Middleware/ShareErrorsFromSession->handle(Object(Illuminate/Http/Request), Object(Closure))
#58 C:/Users/user/MyFiles/ProgmiX/PEX-Form-main/vendor/laravel/framework/src/Illuminate/Pipeline/Pipeline.php(219): Juzaweb/Backend/Http/Middleware/ShareErrorsUnlessBot->handle(Object(Illuminate/Http/Request), Object(Closure))
#59 C:/Users/user/MyFiles/ProgmiX/PEX-Form-main/vendor/laravel/framework/src/Illuminate/Session/Middleware/StartSession.php(120): Illuminate/Pipeline/Pipeline->Illuminate/Pipeline/{closure}(Object(Illuminate/Http/Request))
#60 C:/Users/user/MyFiles/ProgmiX/PEX-Form-main/vendor/laravel/framework/src/Illuminate/Session/Middleware/StartSession.php(63): Illuminate/Session/Middleware/StartSession->handleStatefulRequest(Object(Illuminate/Http/Request), Object(Illuminate/Session/Store), Object(Closure))
#61 C:/Users/user/MyFiles/ProgmiX/PEX-Form-main/modules/Backend/Http/Middleware/SkipSessionForBots.php(24): Illuminate/Session/Middleware/StartSession->handle(Object(Illuminate/Http/Request), Object(Closure))
#62 C:/Users/user/MyFiles/ProgmiX/PEX-Form-main/vendor/laravel/framework/src/Illuminate/Pipeline/Pipeline.php(219): Juzaweb/Backend/Http/Middleware/SkipSessionForBots->handle(Object(Illuminate/Http/Request), Object(Closure))
#63 C:/Users/user/MyFiles/ProgmiX/PEX-Form-main/vendor/laravel/framework/src/Illuminate/Cookie/Middleware/EncryptCookies.php(74): Illuminate/Pipeline/Pipeline->Illuminate/Pipeline/{closure}(Object(Illuminate/Http/Request))
#64 C:/Users/user/MyFiles/ProgmiX/PEX-Form-main/vendor/laravel/framework/src/Illuminate/Pipeline/Pipeline.php(219): Illuminate/Cookie/Middleware/EncryptCookies->handle(Object(Illuminate/Http/Request), Object(Closure))
#65 C:/Users/user/MyFiles/ProgmiX/PEX-Form-main/modules/CMS/Http/Middleware/GlobalMiddleware.php(11): Illuminate/Pipeline/Pipeline->Illuminate/Pipeline/{closure}(Object(Illuminate/Http/Request))
#66 C:/Users/user/MyFiles/ProgmiX/PEX-Form-main/vendor/laravel/framework/src/Illuminate/Pipeline/Pipeline.php(219): Juzaweb/CMS/Http/Middleware/GlobalMiddleware->handle(Object(Illuminate/Http/Request), Object(Closure))
#67 C:/Users/user/MyFiles/ProgmiX/PEX-Form-main/modules/Backend/Http/Middleware/DisableSessionForBots.php(30): Illuminate/Pipeline/Pipeline->Illuminate/Pipeline/{closure}(Object(Illuminate/Http/Request))
#68 C:/Users/user/MyFiles/ProgmiX/PEX-Form-main/vendor/laravel/framework/src/Illuminate/Pipeline/Pipeline.php(219): Juzaweb/Backend/Http/Middleware/DisableSessionForBots->handle(Object(Illuminate/Http/Request), Object(Closure))
#69 C:/Users/user/MyFiles/ProgmiX/PEX-Form-main/vendor/laravel/framework/src/Illuminate/Pipeline/Pipeline.php(137): Illuminate/Pipeline/Pipeline->Illuminate/Pipeline/{closure}(Object(Illuminate/Http/Request))
#70 C:/Users/user/MyFiles/ProgmiX/PEX-Form-main/vendor/laravel/framework/src/Illuminate/Routing/Router.php(821): Illuminate/Pipeline/Pipeline->then(Object(Closure))
#71 C:/Users/user/MyFiles/ProgmiX/PEX-Form-main/vendor/laravel/framework/src/Illuminate/Routing/Router.php(800): Illuminate/Routing/Router->runRouteWithinStack(Object(Illuminate/Routing/Route), Object(Illuminate/Http/Request))
#72 C:/Users/user/MyFiles/ProgmiX/PEX-Form-main/vendor/laravel/framework/src/Illuminate/Routing/Router.php(764): Illuminate/Routing/Router->runRoute(Object(Illuminate/Http/Request), Object(Illuminate/Routing/Route))
#73 C:/Users/user/MyFiles/ProgmiX/PEX-Form-main/vendor/laravel/framework/src/Illuminate/Routing/Router.php(753): Illuminate/Routing/Router->dispatchToRoute(Object(Illuminate/Http/Request))
#74 C:/Users/user/MyFiles/ProgmiX/PEX-Form-main/vendor/laravel/framework/src/Illuminate/Foundation/Http/Kernel.php(200): Illuminate/Routing/Router->dispatch(Object(Illuminate/Http/Request))
#75 C:/Users/user/MyFiles/ProgmiX/PEX-Form-main/vendor/laravel/framework/src/Illuminate/Pipeline/Pipeline.php(180): Illuminate/Foundation/Http/Kernel->Illuminate/Foundation/Http/{closure}(Object(Illuminate/Http/Request))
#76 C:/Users/user/MyFiles/ProgmiX/PEX-Form-main/vendor/barryvdh/laravel-debugbar/src/Middleware/InjectDebugbar.php(59): Illuminate/Pipeline/Pipeline->Illuminate/Pipeline/{closure}(Object(Illuminate/Http/Request))
#77 C:/Users/user/MyFiles/ProgmiX/PEX-Form-main/vendor/laravel/framework/src/Illuminate/Pipeline/Pipeline.php(219): Barryvdh/Debugbar/Middleware/InjectDebugbar->handle(Object(Illuminate/Http/Request), Object(Closure))
#78 C:/Users/user/MyFiles/ProgmiX/PEX-Form-main/modules/Backend/Http/Middleware/BlockIpMiddleware.php(31): Illuminate/Pipeline/Pipeline->Illuminate/Pipeline/{closure}(Object(Illuminate/Http/Request))
#79 C:/Users/user/MyFiles/ProgmiX/PEX-Form-main/vendor/laravel/framework/src/Illuminate/Pipeline/Pipeline.php(219): Juzaweb/Backend/Http/Middleware/BlockIpMiddleware->handle(Object(Illuminate/Http/Request), Object(Closure))
#80 C:/Users/user/MyFiles/ProgmiX/PEX-Form-main/modules/Backend/Http/Middleware/SecurityHeaders.php(25): Illuminate/Pipeline/Pipeline->Illuminate/Pipeline/{closure}(Object(Illuminate/Http/Request))
#81 C:/Users/user/MyFiles/ProgmiX/PEX-Form-main/vendor/laravel/framework/src/Illuminate/Pipeline/Pipeline.php(219): Juzaweb/Backend/Http/Middleware/SecurityHeaders->handle(Object(Illuminate/Http/Request), Object(Closure))
#82 C:/Users/user/MyFiles/ProgmiX/PEX-Form-main/vendor/laravel/framework/src/Illuminate/Foundation/Http/Middleware/TransformsRequest.php(21): Illuminate/Pipeline/Pipeline->Illuminate/Pipeline/{closure}(Object(Illuminate/Http/Request))
#83 C:/Users/user/MyFiles/ProgmiX/PEX-Form-main/vendor/laravel/framework/src/Illuminate/Foundation/Http/Middleware/ConvertEmptyStringsToNull.php(31): Illuminate/Foundation/Http/Middleware/TransformsRequest->handle(Object(Illuminate/Http/Request), Object(Closure))
#84 C:/Users/user/MyFiles/ProgmiX/PEX-Form-main/vendor/laravel/framework/src/Illuminate/Pipeline/Pipeline.php(219): Illuminate/Foundation/Http/Middleware/ConvertEmptyStringsToNull->handle(Object(Illuminate/Http/Request), Object(Closure))
#85 C:/Users/user/MyFiles/ProgmiX/PEX-Form-main/vendor/laravel/framework/src/Illuminate/Foundation/Http/Middleware/TransformsRequest.php(21): Illuminate/Pipeline/Pipeline->Illuminate/Pipeline/{closure}(Object(Illuminate/Http/Request))
#86 C:/Users/user/MyFiles/ProgmiX/PEX-Form-main/vendor/laravel/framework/src/Illuminate/Foundation/Http/Middleware/TrimStrings.php(51): Illuminate/Foundation/Http/Middleware/TransformsRequest->handle(Object(Illuminate/Http/Request), Object(Closure))
#87 C:/Users/user/MyFiles/ProgmiX/PEX-Form-main/vendor/laravel/framework/src/Illuminate/Pipeline/Pipeline.php(219): Illuminate/Foundation/Http/Middleware/TrimStrings->handle(Object(Illuminate/Http/Request), Object(Closure))
#88 C:/Users/user/MyFiles/ProgmiX/PEX-Form-main/vendor/laravel/framework/src/Illuminate/Http/Middleware/ValidatePostSize.php(27): Illuminate/Pipeline/Pipeline->Illuminate/Pipeline/{closure}(Object(Illuminate/Http/Request))
#89 C:/Users/user/MyFiles/ProgmiX/PEX-Form-main/vendor/laravel/framework/src/Illuminate/Pipeline/Pipeline.php(219): Illuminate/Http/Middleware/ValidatePostSize->handle(Object(Illuminate/Http/Request), Object(Closure))
#90 C:/Users/user/MyFiles/ProgmiX/PEX-Form-main/vendor/laravel/framework/src/Illuminate/Foundation/Http/Middleware/PreventRequestsDuringMaintenance.php(109): Illuminate/Pipeline/Pipeline->Illuminate/Pipeline/{closure}(Object(Illuminate/Http/Request))
#91 C:/Users/user/MyFiles/ProgmiX/PEX-Form-main/vendor/laravel/framework/src/Illuminate/Pipeline/Pipeline.php(219): Illuminate/Foundation/Http/Middleware/PreventRequestsDuringMaintenance->handle(Object(Illuminate/Http/Request), Object(Closure))
#92 C:/Users/user/MyFiles/ProgmiX/PEX-Form-main/vendor/laravel/framework/src/Illuminate/Http/Middleware/HandleCors.php(61): Illuminate/Pipeline/Pipeline->Illuminate/Pipeline/{closure}(Object(Illuminate/Http/Request))
#93 C:/Users/user/MyFiles/ProgmiX/PEX-Form-main/vendor/laravel/framework/src/Illuminate/Pipeline/Pipeline.php(219): Illuminate/Http/Middleware/HandleCors->handle(Object(Illuminate/Http/Request), Object(Closure))
#94 C:/Users/user/MyFiles/ProgmiX/PEX-Form-main/vendor/laravel/framework/src/Illuminate/Http/Middleware/TrustProxies.php(58): Illuminate/Pipeline/Pipeline->Illuminate/Pipeline/{closure}(Object(Illuminate/Http/Request))
#95 C:/Users/user/MyFiles/ProgmiX/PEX-Form-main/vendor/laravel/framework/src/Illuminate/Pipeline/Pipeline.php(219): Illuminate/Http/Middleware/TrustProxies->handle(Object(Illuminate/Http/Request), Object(Closure))
#96 C:/Users/user/MyFiles/ProgmiX/PEX-Form-main/vendor/laravel/framework/src/Illuminate/Pipeline/Pipeline.php(137): Illuminate/Pipeline/Pipeline->Illuminate/Pipeline/{closure}(Object(Illuminate/Http/Request))
#97 C:/Users/user/MyFiles/ProgmiX/PEX-Form-main/vendor/laravel/framework/src/Illuminate/Foundation/Http/Kernel.php(175): Illuminate/Pipeline/Pipeline->then(Object(Closure))
#98 C:/Users/user/MyFiles/ProgmiX/PEX-Form-main/vendor/laravel/framework/src/Illuminate/Foundation/Http/Kernel.php(144): Illuminate/Foundation/Http/Kernel->sendRequestThroughRouter(Object(Illuminate/Http/Request))
#99 C:/Users/user/MyFiles/ProgmiX/PEX-Form-main/public/index.php(51): Illuminate/Foundation/Http/Kernel->handle(Object(Illuminate/Http/Request))
#100 C:/Users/user/MyFiles/ProgmiX/PEX-Form-main/vendor/laravel/framework/src/Illuminate/Foundation/resources/server.php(23): require_once('C://Users//user//M...')
#101 {main}

[previous exception] [object] (PDOException(code: 42S02): SQLSTATE[42S02]: Base table or view not found: 1146 Table 'pex_form.forum_registrations' doesn't exist at C:/Users/user/MyFiles/ProgmiX/PEX-Form-main/vendor/laravel/framework/src/Illuminate/Database/Connection.php:420)
[stacktrace]
#0 C:/Users/user/MyFiles/ProgmiX/PEX-Form-main/vendor/laravel/framework/src/Illuminate/Database/Connection.php(420): PDO->prepare('select count(*)...')
#1 C:/Users/user/MyFiles/ProgmiX/PEX-Form-main/vendor/laravel/framework/src/Illuminate/Database/Connection.php(827): Illuminate/Database/Connection->Illuminate/Database/{closure}('select count(*)...', Array)
#2 C:/Users/user/MyFiles/ProgmiX/PEX-Form-main/vendor/laravel/framework/src/Illuminate/Database/Connection.php(794): Illuminate/Database/Connection->runQueryCallback('select count(*)...', Array, Object(Closure))
#3 C:/Users/user/MyFiles/ProgmiX/PEX-Form-main/vendor/laravel/framework/src/Illuminate/Database/Connection.php(411): Illuminate/Database/Connection->run('select count(*)...', Array, Object(Closure))
#4 C:/Users/user/MyFiles/ProgmiX/PEX-Form-main/vendor/laravel/framework/src/Illuminate/Database/Query/Builder.php(3505): Illuminate/Database/Connection->select('select count(*)...', Array, false)
#5 C:/Users/user/MyFiles/ProgmiX/PEX-Form-main/vendor/laravel/framework/src/Illuminate/Database/Query/Builder.php(3490): Illuminate/Database/Query/Builder->runSelect()
#6 C:/Users/user/MyFiles/ProgmiX/PEX-Form-main/vendor/laravel/framework/src/Illuminate/Database/Query/Builder.php(4080): Illuminate/Database/Query/Builder->Illuminate/Database/Query/{closure}()
#7 C:/Users/user/MyFiles/ProgmiX/PEX-Form-main/vendor/laravel/framework/src/Illuminate/Database/Query/Builder.php(3489): Illuminate/Database/Query/Builder->onceWithColumns(Array, Object(Closure))
#8 C:/Users/user/MyFiles/ProgmiX/PEX-Form-main/vendor/laravel/framework/src/Illuminate/Database/Query/Builder.php(4004): Illuminate/Database/Query/Builder->get(Array)
#9 C:/Users/user/MyFiles/ProgmiX/PEX-Form-main/vendor/laravel/framework/src/Illuminate/Database/Query/Builder.php(3932): Illuminate/Database/Query/Builder->aggregate('count', Array)
#10 C:/Users/user/MyFiles/ProgmiX/PEX-Form-main/vendor/laravel/framework/src/Illuminate/Validation/DatabasePresenceVerifier.php(53): Illuminate/Database/Query/Builder->count()
#11 C:/Users/user/MyFiles/ProgmiX/PEX-Form-main/vendor/laravel/framework/src/Illuminate/Validation/Concerns/ValidatesAttributes.php(1087): Illuminate/Validation/DatabasePresenceVerifier->getCount('forum_registrat...', 'email', 'nooraldeentumeh...', NULL, 'id', Array)
#12 C:/Users/user/MyFiles/ProgmiX/PEX-Form-main/vendor/laravel/framework/src/Illuminate/Validation/Validator.php(726): Illuminate/Validation/Validator->validateUnique('email', 'nooraldeentumeh...', Array, Object(Illuminate/Validation/Validator))
#13 C:/Users/user/MyFiles/ProgmiX/PEX-Form-main/vendor/laravel/framework/src/Illuminate/Validation/Validator.php(481): Illuminate/Validation/Validator->validateAttribute('email', 'Unique')
#14 C:/Users/user/MyFiles/ProgmiX/PEX-Form-main/vendor/laravel/framework/src/Illuminate/Validation/Validator.php(516): Illuminate/Validation/Validator->passes()
#15 C:/Users/user/MyFiles/ProgmiX/PEX-Form-main/vendor/laravel/framework/src/Illuminate/Validation/ValidatesWhenResolvedTrait.php(31): Illuminate/Validation/Validator->fails()
#16 C:/Users/user/MyFiles/ProgmiX/PEX-Form-main/vendor/laravel/framework/src/Illuminate/Foundation/Providers/FormRequestServiceProvider.php(30): Illuminate/Foundation/Http/FormRequest->validateResolved()
#17 C:/Users/user/MyFiles/ProgmiX/PEX-Form-main/vendor/laravel/framework/src/Illuminate/Container/Container.php(1618): Illuminate/Foundation/Providers/FormRequestServiceProvider->Illuminate/Foundation/Providers/{closure}(Object(Juzaweb/Frontend/Http/Requests/ForumRegistrationRequest), Object(Juzaweb/CMS/Support/Application))
#18 C:/Users/user/MyFiles/ProgmiX/PEX-Form-main/vendor/laravel/framework/src/Illuminate/Container/Container.php(1556): Illuminate/Container/Container->fireCallbackArray(Object(Juzaweb/Frontend/Http/Requests/ForumRegistrationRequest), Array)
#19 C:/Users/user/MyFiles/ProgmiX/PEX-Form-main/vendor/laravel/framework/src/Illuminate/Container/Container.php(1542): Illuminate/Container/Container->fireAfterResolvingCallbacks('Juzaweb//Fronten...', Object(Juzaweb/Frontend/Http/Requests/ForumRegistrationRequest))
#20 C:/Users/user/MyFiles/ProgmiX/PEX-Form-main/vendor/laravel/framework/src/Illuminate/Container/Container.php(951): Illuminate/Container/Container->fireResolvingCallbacks('Juzaweb//Fronten...', Object(Juzaweb/Frontend/Http/Requests/ForumRegistrationRequest))
#21 C:/Users/user/MyFiles/ProgmiX/PEX-Form-main/vendor/laravel/framework/src/Illuminate/Foundation/Application.php(1078): Illuminate/Container/Container->resolve('Juzaweb//Fronten...', Array, true)
#22 C:/Users/user/MyFiles/ProgmiX/PEX-Form-main/vendor/laravel/framework/src/Illuminate/Container/Container.php(864): Illuminate/Foundation/Application->resolve('Juzaweb//Fronten...', Array)
#23 C:/Users/user/MyFiles/ProgmiX/PEX-Form-main/vendor/laravel/framework/src/Illuminate/Foundation/Application.php(1058): Illuminate/Container/Container->make('Juzaweb//Fronten...', Array)
#24 C:/Users/user/MyFiles/ProgmiX/PEX-Form-main/vendor/laravel/framework/src/Illuminate/Routing/ResolvesRouteDependencies.php(92): Illuminate/Foundation/Application->make('Juzaweb//Fronten...')
#25 C:/Users/user/MyFiles/ProgmiX/PEX-Form-main/vendor/laravel/framework/src/Illuminate/Routing/ResolvesRouteDependencies.php(51): Illuminate/Routing/ControllerDispatcher->transformDependency(Object(ReflectionParameter), Array, Object(stdClass))
#26 C:/Users/user/MyFiles/ProgmiX/PEX-Form-main/vendor/laravel/framework/src/Illuminate/Routing/ResolvesRouteDependencies.php(30): Illuminate/Routing/ControllerDispatcher->resolveMethodDependencies(Array, Object(ReflectionMethod))
#27 C:/Users/user/MyFiles/ProgmiX/PEX-Form-main/vendor/laravel/framework/src/Illuminate/Routing/ControllerDispatcher.php(59): Illuminate/Routing/ControllerDispatcher->resolveClassMethodDependencies(Array, Object(Juzaweb/Frontend/Http/Controllers/ForumRegistrationController), 'store')
#28 C:/Users/user/MyFiles/ProgmiX/PEX-Form-main/vendor/laravel/framework/src/Illuminate/Routing/ControllerDispatcher.php(40): Illuminate/Routing/ControllerDispatcher->resolveParameters(Object(Illuminate/Routing/Route), Object(Juzaweb/Frontend/Http/Controllers/ForumRegistrationController), 'store')
#29 C:/Users/user/MyFiles/ProgmiX/PEX-Form-main/vendor/laravel/framework/src/Illuminate/Routing/Route.php(265): Illuminate/Routing/ControllerDispatcher->dispatch(Object(Illuminate/Routing/Route), Object(Juzaweb/Frontend/Http/Controllers/ForumRegistrationController), 'store')
#30 C:/Users/user/MyFiles/ProgmiX/PEX-Form-main/vendor/laravel/framework/src/Illuminate/Routing/Route.php(211): Illuminate/Routing/Route->runController()
#31 C:/Users/user/MyFiles/ProgmiX/PEX-Form-main/vendor/laravel/framework/src/Illuminate/Routing/Router.php(822): Illuminate/Routing/Route->run()
#32 C:/Users/user/MyFiles/ProgmiX/PEX-Form-main/vendor/laravel/framework/src/Illuminate/Pipeline/Pipeline.php(180): Illuminate/Routing/Router->Illuminate/Routing/{closure}(Object(Illuminate/Http/Request))
#33 C:/Users/user/MyFiles/ProgmiX/PEX-Form-main/vendor/laravel/framework/src/Illuminate/Routing/Middleware/ThrottleRequests.php(166): Illuminate/Pipeline/Pipeline->Illuminate/Pipeline/{closure}(Object(Illuminate/Http/Request))
#34 C:/Users/user/MyFiles/ProgmiX/PEX-Form-main/vendor/laravel/framework/src/Illuminate/Routing/Middleware/ThrottleRequests.php(129): Illuminate/Routing/Middleware/ThrottleRequests->handleRequest(Object(Illuminate/Http/Request), Object(Closure), Array)
#35 C:/Users/user/MyFiles/ProgmiX/PEX-Form-main/vendor/laravel/framework/src/Illuminate/Routing/Middleware/ThrottleRequests.php(90): Illuminate/Routing/Middleware/ThrottleRequests->handleRequestUsingNamedLimiter(Object(Illuminate/Http/Request), Object(Closure), 'forum-registrat...', Object(Closure))
#36 C:/Users/user/MyFiles/ProgmiX/PEX-Form-main/vendor/laravel/framework/src/Illuminate/Pipeline/Pipeline.php(219): Illuminate/Routing/Middleware/ThrottleRequests->handle(Object(Illuminate/Http/Request), Object(Closure), 'forum-registrat...')
#37 C:/Users/user/MyFiles/ProgmiX/PEX-Form-main/modules/Frontend/Http/Middleware/Locale.php(49): Illuminate/Pipeline/Pipeline->Illuminate/Pipeline/{closure}(Object(Illuminate/Http/Request))
#38 C:/Users/user/MyFiles/ProgmiX/PEX-Form-main/vendor/laravel/framework/src/Illuminate/Pipeline/Pipeline.php(219): Juzaweb/Frontend/Http/Middleware/Locale->handle(Object(Illuminate/Http/Request), Object(Closure))
#39 C:/Users/user/MyFiles/ProgmiX/PEX-Form-main/modules/Backend/Http/Middleware/SecurityHeaders.php(25): Illuminate/Pipeline/Pipeline->Illuminate/Pipeline/{closure}(Object(Illuminate/Http/Request))
#40 C:/Users/user/MyFiles/ProgmiX/PEX-Form-main/vendor/laravel/framework/src/Illuminate/Pipeline/Pipeline.php(219): Juzaweb/Backend/Http/Middleware/SecurityHeaders->handle(Object(Illuminate/Http/Request), Object(Closure))
#41 C:/Users/user/MyFiles/ProgmiX/PEX-Form-main/vendor/laravel/framework/src/Illuminate/Routing/Middleware/ThrottleRequests.php(166): Illuminate/Pipeline/Pipeline->Illuminate/Pipeline/{closure}(Object(Illuminate/Http/Request))
#42 C:/Users/user/MyFiles/ProgmiX/PEX-Form-main/vendor/laravel/framework/src/Illuminate/Routing/Middleware/ThrottleRequests.php(93): Illuminate/Routing/Middleware/ThrottleRequests->handleRequest(Object(Illuminate/Http/Request), Object(Closure), Array)
#43 C:/Users/user/MyFiles/ProgmiX/PEX-Form-main/vendor/laravel/framework/src/Illuminate/Pipeline/Pipeline.php(219): Illuminate/Routing/Middleware/ThrottleRequests->handle(Object(Illuminate/Http/Request), Object(Closure))
#44 C:/Users/user/MyFiles/ProgmiX/PEX-Form-main/modules/Backend/Http/Middleware/PathTraversal.php(57): Illuminate/Pipeline/Pipeline->Illuminate/Pipeline/{closure}(Object(Illuminate/Http/Request))
#45 C:/Users/user/MyFiles/ProgmiX/PEX-Form-main/vendor/laravel/framework/src/Illuminate/Pipeline/Pipeline.php(219): Juzaweb/Backend/Http/Middleware/PathTraversal->handle(Object(Illuminate/Http/Request), Object(Closure))
#46 C:/Users/user/MyFiles/ProgmiX/PEX-Form-main/modules/Backend/Http/Middleware/XssSanitization.php(44): Illuminate/Pipeline/Pipeline->Illuminate/Pipeline/{closure}(Object(Illuminate/Http/Request))
#47 C:/Users/user/MyFiles/ProgmiX/PEX-Form-main/vendor/laravel/framework/src/Illuminate/Pipeline/Pipeline.php(219): Juzaweb/Backend/Http/Middleware/XssSanitization->handle(Object(Illuminate/Http/Request), Object(Closure))
#48 C:/Users/user/MyFiles/ProgmiX/PEX-Form-main/vendor/spatie/laravel-csp/src/AddCspHeaders.php(13): Illuminate/Pipeline/Pipeline->Illuminate/Pipeline/{closure}(Object(Illuminate/Http/Request))
#49 C:/Users/user/MyFiles/ProgmiX/PEX-Form-main/vendor/laravel/framework/src/Illuminate/Pipeline/Pipeline.php(219): Spatie/Csp/AddCspHeaders->handle(Object(Illuminate/Http/Request), Object(Closure))
#50 C:/Users/user/MyFiles/ProgmiX/PEX-Form-main/vendor/barryvdh/laravel-debugbar/src/Middleware/InjectDebugbar.php(59): Illuminate/Pipeline/Pipeline->Illuminate/Pipeline/{closure}(Object(Illuminate/Http/Request))
#51 C:/Users/user/MyFiles/ProgmiX/PEX-Form-main/vendor/laravel/framework/src/Illuminate/Pipeline/Pipeline.php(219): Barryvdh/Debugbar/Middleware/InjectDebugbar->handle(Object(Illuminate/Http/Request), Object(Closure))
#52 C:/Users/user/MyFiles/ProgmiX/PEX-Form-main/modules/CMS/Http/Middleware/XFrameHeadersMiddleware.php(41): Illuminate/Pipeline/Pipeline->Illuminate/Pipeline/{closure}(Object(Illuminate/Http/Request))
#53 C:/Users/user/MyFiles/ProgmiX/PEX-Form-main/vendor/laravel/framework/src/Illuminate/Pipeline/Pipeline.php(219): Juzaweb/CMS/Http/Middleware/XFrameHeadersMiddleware->handle(Object(Illuminate/Http/Request), Object(Closure))
#54 C:/Users/user/MyFiles/ProgmiX/PEX-Form-main/vendor/laravel/framework/src/Illuminate/Routing/Middleware/SubstituteBindings.php(50): Illuminate/Pipeline/Pipeline->Illuminate/Pipeline/{closure}(Object(Illuminate/Http/Request))
#55 C:/Users/user/MyFiles/ProgmiX/PEX-Form-main/vendor/laravel/framework/src/Illuminate/Pipeline/Pipeline.php(219): Illuminate/Routing/Middleware/SubstituteBindings->handle(Object(Illuminate/Http/Request), Object(Closure))
#56 C:/Users/user/MyFiles/ProgmiX/PEX-Form-main/vendor/laravel/framework/src/Illuminate/Cookie/Middleware/AddQueuedCookiesToResponse.php(36): Illuminate/Pipeline/Pipeline->Illuminate/Pipeline/{closure}(Object(Illuminate/Http/Request))
#57 C:/Users/user/MyFiles/ProgmiX/PEX-Form-main/vendor/laravel/framework/src/Illuminate/Pipeline/Pipeline.php(219): Illuminate/Cookie/Middleware/AddQueuedCookiesToResponse->handle(Object(Illuminate/Http/Request), Object(Closure))
#58 C:/Users/user/MyFiles/ProgmiX/PEX-Form-main/vendor/laravel/framework/src/Illuminate/View/Middleware/ShareErrorsFromSession.php(48): Illuminate/Pipeline/Pipeline->Illuminate/Pipeline/{closure}(Object(Illuminate/Http/Request))
#59 C:/Users/user/MyFiles/ProgmiX/PEX-Form-main/modules/Backend/Http/Middleware/ShareErrorsUnlessBot.php(24): Illuminate/View/Middleware/ShareErrorsFromSession->handle(Object(Illuminate/Http/Request), Object(Closure))
#60 C:/Users/user/MyFiles/ProgmiX/PEX-Form-main/vendor/laravel/framework/src/Illuminate/Pipeline/Pipeline.php(219): Juzaweb/Backend/Http/Middleware/ShareErrorsUnlessBot->handle(Object(Illuminate/Http/Request), Object(Closure))
#61 C:/Users/user/MyFiles/ProgmiX/PEX-Form-main/vendor/laravel/framework/src/Illuminate/Session/Middleware/StartSession.php(120): Illuminate/Pipeline/Pipeline->Illuminate/Pipeline/{closure}(Object(Illuminate/Http/Request))
#62 C:/Users/user/MyFiles/ProgmiX/PEX-Form-main/vendor/laravel/framework/src/Illuminate/Session/Middleware/StartSession.php(63): Illuminate/Session/Middleware/StartSession->handleStatefulRequest(Object(Illuminate/Http/Request), Object(Illuminate/Session/Store), Object(Closure))
#63 C:/Users/user/MyFiles/ProgmiX/PEX-Form-main/modules/Backend/Http/Middleware/SkipSessionForBots.php(24): Illuminate/Session/Middleware/StartSession->handle(Object(Illuminate/Http/Request), Object(Closure))
#64 C:/Users/user/MyFiles/ProgmiX/PEX-Form-main/vendor/laravel/framework/src/Illuminate/Pipeline/Pipeline.php(219): Juzaweb/Backend/Http/Middleware/SkipSessionForBots->handle(Object(Illuminate/Http/Request), Object(Closure))
#65 C:/Users/user/MyFiles/ProgmiX/PEX-Form-main/vendor/laravel/framework/src/Illuminate/Cookie/Middleware/EncryptCookies.php(74): Illuminate/Pipeline/Pipeline->Illuminate/Pipeline/{closure}(Object(Illuminate/Http/Request))
#66 C:/Users/user/MyFiles/ProgmiX/PEX-Form-main/vendor/laravel/framework/src/Illuminate/Pipeline/Pipeline.php(219): Illuminate/Cookie/Middleware/EncryptCookies->handle(Object(Illuminate/Http/Request), Object(Closure))
#67 C:/Users/user/MyFiles/ProgmiX/PEX-Form-main/modules/CMS/Http/Middleware/GlobalMiddleware.php(11): Illuminate/Pipeline/Pipeline->Illuminate/Pipeline/{closure}(Object(Illuminate/Http/Request))
#68 C:/Users/user/MyFiles/ProgmiX/PEX-Form-main/vendor/laravel/framework/src/Illuminate/Pipeline/Pipeline.php(219): Juzaweb/CMS/Http/Middleware/GlobalMiddleware->handle(Object(Illuminate/Http/Request), Object(Closure))
#69 C:/Users/user/MyFiles/ProgmiX/PEX-Form-main/modules/Backend/Http/Middleware/DisableSessionForBots.php(30): Illuminate/Pipeline/Pipeline->Illuminate/Pipeline/{closure}(Object(Illuminate/Http/Request))
#70 C:/Users/user/MyFiles/ProgmiX/PEX-Form-main/vendor/laravel/framework/src/Illuminate/Pipeline/Pipeline.php(219): Juzaweb/Backend/Http/Middleware/DisableSessionForBots->handle(Object(Illuminate/Http/Request), Object(Closure))
#71 C:/Users/user/MyFiles/ProgmiX/PEX-Form-main/vendor/laravel/framework/src/Illuminate/Pipeline/Pipeline.php(137): Illuminate/Pipeline/Pipeline->Illuminate/Pipeline/{closure}(Object(Illuminate/Http/Request))
#72 C:/Users/user/MyFiles/ProgmiX/PEX-Form-main/vendor/laravel/framework/src/Illuminate/Routing/Router.php(821): Illuminate/Pipeline/Pipeline->then(Object(Closure))
#73 C:/Users/user/MyFiles/ProgmiX/PEX-Form-main/vendor/laravel/framework/src/Illuminate/Routing/Router.php(800): Illuminate/Routing/Router->runRouteWithinStack(Object(Illuminate/Routing/Route), Object(Illuminate/Http/Request))
#74 C:/Users/user/MyFiles/ProgmiX/PEX-Form-main/vendor/laravel/framework/src/Illuminate/Routing/Router.php(764): Illuminate/Routing/Router->runRoute(Object(Illuminate/Http/Request), Object(Illuminate/Routing/Route))
#75 C:/Users/user/MyFiles/ProgmiX/PEX-Form-main/vendor/laravel/framework/src/Illuminate/Routing/Router.php(753): Illuminate/Routing/Router->dispatchToRoute(Object(Illuminate/Http/Request))
#76 C:/Users/user/MyFiles/ProgmiX/PEX-Form-main/vendor/laravel/framework/src/Illuminate/Foundation/Http/Kernel.php(200): Illuminate/Routing/Router->dispatch(Object(Illuminate/Http/Request))
#77 C:/Users/user/MyFiles/ProgmiX/PEX-Form-main/vendor/laravel/framework/src/Illuminate/Pipeline/Pipeline.php(180): Illuminate/Foundation/Http/Kernel->Illuminate/Foundation/Http/{closure}(Object(Illuminate/Http/Request))
#78 C:/Users/user/MyFiles/ProgmiX/PEX-Form-main/vendor/barryvdh/laravel-debugbar/src/Middleware/InjectDebugbar.php(59): Illuminate/Pipeline/Pipeline->Illuminate/Pipeline/{closure}(Object(Illuminate/Http/Request))
#79 C:/Users/user/MyFiles/ProgmiX/PEX-Form-main/vendor/laravel/framework/src/Illuminate/Pipeline/Pipeline.php(219): Barryvdh/Debugbar/Middleware/InjectDebugbar->handle(Object(Illuminate/Http/Request), Object(Closure))
#80 C:/Users/user/MyFiles/ProgmiX/PEX-Form-main/modules/Backend/Http/Middleware/BlockIpMiddleware.php(31): Illuminate/Pipeline/Pipeline->Illuminate/Pipeline/{closure}(Object(Illuminate/Http/Request))
#81 C:/Users/user/MyFiles/ProgmiX/PEX-Form-main/vendor/laravel/framework/src/Illuminate/Pipeline/Pipeline.php(219): Juzaweb/Backend/Http/Middleware/BlockIpMiddleware->handle(Object(Illuminate/Http/Request), Object(Closure))
#82 C:/Users/user/MyFiles/ProgmiX/PEX-Form-main/modules/Backend/Http/Middleware/SecurityHeaders.php(25): Illuminate/Pipeline/Pipeline->Illuminate/Pipeline/{closure}(Object(Illuminate/Http/Request))
#83 C:/Users/user/MyFiles/ProgmiX/PEX-Form-main/vendor/laravel/framework/src/Illuminate/Pipeline/Pipeline.php(219): Juzaweb/Backend/Http/Middleware/SecurityHeaders->handle(Object(Illuminate/Http/Request), Object(Closure))
#84 C:/Users/user/MyFiles/ProgmiX/PEX-Form-main/vendor/laravel/framework/src/Illuminate/Foundation/Http/Middleware/TransformsRequest.php(21): Illuminate/Pipeline/Pipeline->Illuminate/Pipeline/{closure}(Object(Illuminate/Http/Request))
#85 C:/Users/user/MyFiles/ProgmiX/PEX-Form-main/vendor/laravel/framework/src/Illuminate/Foundation/Http/Middleware/ConvertEmptyStringsToNull.php(31): Illuminate/Foundation/Http/Middleware/TransformsRequest->handle(Object(Illuminate/Http/Request), Object(Closure))
#86 C:/Users/user/MyFiles/ProgmiX/PEX-Form-main/vendor/laravel/framework/src/Illuminate/Pipeline/Pipeline.php(219): Illuminate/Foundation/Http/Middleware/ConvertEmptyStringsToNull->handle(Object(Illuminate/Http/Request), Object(Closure))
#87 C:/Users/user/MyFiles/ProgmiX/PEX-Form-main/vendor/laravel/framework/src/Illuminate/Foundation/Http/Middleware/TransformsRequest.php(21): Illuminate/Pipeline/Pipeline->Illuminate/Pipeline/{closure}(Object(Illuminate/Http/Request))
#88 C:/Users/user/MyFiles/ProgmiX/PEX-Form-main/vendor/laravel/framework/src/Illuminate/Foundation/Http/Middleware/TrimStrings.php(51): Illuminate/Foundation/Http/Middleware/TransformsRequest->handle(Object(Illuminate/Http/Request), Object(Closure))
#89 C:/Users/user/MyFiles/ProgmiX/PEX-Form-main/vendor/laravel/framework/src/Illuminate/Pipeline/Pipeline.php(219): Illuminate/Foundation/Http/Middleware/TrimStrings->handle(Object(Illuminate/Http/Request), Object(Closure))
#90 C:/Users/user/MyFiles/ProgmiX/PEX-Form-main/vendor/laravel/framework/src/Illuminate/Http/Middleware/ValidatePostSize.php(27): Illuminate/Pipeline/Pipeline->Illuminate/Pipeline/{closure}(Object(Illuminate/Http/Request))
#91 C:/Users/user/MyFiles/ProgmiX/PEX-Form-main/vendor/laravel/framework/src/Illuminate/Pipeline/Pipeline.php(219): Illuminate/Http/Middleware/ValidatePostSize->handle(Object(Illuminate/Http/Request), Object(Closure))
#92 C:/Users/user/MyFiles/ProgmiX/PEX-Form-main/vendor/laravel/framework/src/Illuminate/Foundation/Http/Middleware/PreventRequestsDuringMaintenance.php(109): Illuminate/Pipeline/Pipeline->Illuminate/Pipeline/{closure}(Object(Illuminate/Http/Request))
#93 C:/Users/user/MyFiles/ProgmiX/PEX-Form-main/vendor/laravel/framework/src/Illuminate/Pipeline/Pipeline.php(219): Illuminate/Foundation/Http/Middleware/PreventRequestsDuringMaintenance->handle(Object(Illuminate/Http/Request), Object(Closure))
#94 C:/Users/user/MyFiles/ProgmiX/PEX-Form-main/vendor/laravel/framework/src/Illuminate/Http/Middleware/HandleCors.php(61): Illuminate/Pipeline/Pipeline->Illuminate/Pipeline/{closure}(Object(Illuminate/Http/Request))
#95 C:/Users/user/MyFiles/ProgmiX/PEX-Form-main/vendor/laravel/framework/src/Illuminate/Pipeline/Pipeline.php(219): Illuminate/Http/Middleware/HandleCors->handle(Object(Illuminate/Http/Request), Object(Closure))
#96 C:/Users/user/MyFiles/ProgmiX/PEX-Form-main/vendor/laravel/framework/src/Illuminate/Http/Middleware/TrustProxies.php(58): Illuminate/Pipeline/Pipeline->Illuminate/Pipeline/{closure}(Object(Illuminate/Http/Request))
#97 C:/Users/user/MyFiles/ProgmiX/PEX-Form-main/vendor/laravel/framework/src/Illuminate/Pipeline/Pipeline.php(219): Illuminate/Http/Middleware/TrustProxies->handle(Object(Illuminate/Http/Request), Object(Closure))
#98 C:/Users/user/MyFiles/ProgmiX/PEX-Form-main/vendor/laravel/framework/src/Illuminate/Pipeline/Pipeline.php(137): Illuminate/Pipeline/Pipeline->Illuminate/Pipeline/{closure}(Object(Illuminate/Http/Request))
#99 C:/Users/user/MyFiles/ProgmiX/PEX-Form-main/vendor/laravel/framework/src/Illuminate/Foundation/Http/Kernel.php(175): Illuminate/Pipeline/Pipeline->then(Object(Closure))
#100 C:/Users/user/MyFiles/ProgmiX/PEX-Form-main/vendor/laravel/framework/src/Illuminate/Foundation/Http/Kernel.php(144): Illuminate/Foundation/Http/Kernel->sendRequestThroughRouter(Object(Illuminate/Http/Request))
#101 C:/Users/user/MyFiles/ProgmiX/PEX-Form-main/public/index.php(51): Illuminate/Foundation/Http/Kernel->handle(Object(Illuminate/Http/Request))
#102 C:/Users/user/MyFiles/ProgmiX/PEX-Form-main/vendor/laravel/framework/src/Illuminate/Foundation/resources/server.php(23): require_once('C://Users//user//M...')
#103 {main}
"} 
[2026-09-06 07:55:57] local.ERROR: SQLSTATE[42000]: Syntax error or access violation: 1061 Duplicate key name 'forum_registrations_email_unique' (Connection: mysql, Host: 127.0.0.1, Port: 3306, Database: pex_form, SQL: alter table `forum_registrations` add unique `forum_registrations_email_unique`(`email`)) {"userId":1,"exception":"[object] (Illuminate\\Database\\QueryException(code: 42000): SQLSTATE[42000]: Syntax error or access violation: 1061 Duplicate key name 'forum_registrations_email_unique' (Connection: mysql, Host: 127.0.0.1, Port: 3306, Database: pex_form, SQL: alter table `forum_registrations` add unique `forum_registrations_email_unique`(`email`)) at C:/Users/user/MyFiles/ProgmiX/PEX-Form-main/vendor/laravel/framework/src/Illuminate/Database/Connection.php:838)
[stacktrace]
#0 C:/Users/user/MyFiles/ProgmiX/PEX-Form-main/vendor/laravel/framework/src/Illuminate/Database/Connection.php(794): Illuminate/Database/Connection->runQueryCallback('alter table `fo...', Array, Object(Closure))
#1 C:/Users/user/MyFiles/ProgmiX/PEX-Form-main/vendor/laravel/framework/src/Illuminate/Database/Connection.php(573): Illuminate/Database/Connection->run('alter table `fo...', Array, Object(Closure))
#2 C:/Users/user/MyFiles/ProgmiX/PEX-Form-main/vendor/laravel/framework/src/Illuminate/Database/Schema/Blueprint.php(121): Illuminate/Database/Connection->statement('alter table `fo...')
#3 C:/Users/user/MyFiles/ProgmiX/PEX-Form-main/vendor/laravel/framework/src/Illuminate/Database/Schema/Builder.php(686): Illuminate/Database/Schema/Blueprint->build()
#4 C:/Users/user/MyFiles/ProgmiX/PEX-Form-main/vendor/laravel/framework/src/Illuminate/Database/Schema/Builder.php(494): Illuminate/Database/Schema/Builder->build(Object(Illuminate/Database/Schema/Blueprint))
#5 C:/Users/user/MyFiles/ProgmiX/PEX-Form-main/vendor/laravel/framework/src/Illuminate/Support/Facades/Facade.php(363): Illuminate/Database/Schema/Builder->table('forum_registrat...', Object(Closure))
#6 C:/Users/user/MyFiles/ProgmiX/PEX-Form-main/plugins/forum-registration/database/migrations/2026_08_09_120000_align_forum_registrations_schema.php(11): Illuminate/Support/Facades/Facade::__callStatic('table', Array)
#7 C:/Users/user/MyFiles/ProgmiX/PEX-Form-main/vendor/laravel/framework/src/Illuminate/Database/Migrations/Migrator.php(517): Illuminate/Database/Migrations/Migration@anonymous->up()
#8 C:/Users/user/MyFiles/ProgmiX/PEX-Form-main/vendor/laravel/framework/src/Illuminate/Database/Migrations/Migrator.php(442): Illuminate/Database/Migrations/Migrator->runMethod(Object(Illuminate/Database/MySqlConnection), Object(Illuminate/Database/Migrations/Migration@anonymous), 'up')
#9 C:/Users/user/MyFiles/ProgmiX/PEX-Form-main/vendor/laravel/framework/src/Illuminate/Database/Migrations/Migrator.php(451): Illuminate/Database/Migrations/Migrator->Illuminate/Database/Migrations/{closure}()
#10 C:/Users/user/MyFiles/ProgmiX/PEX-Form-main/vendor/laravel/framework/src/Illuminate/Database/Migrations/Migrator.php(253): Illuminate/Database/Migrations/Migrator->runMigration(Object(Illuminate/Database/Migrations/Migration@anonymous), 'up')
#11 C:/Users/user/MyFiles/ProgmiX/PEX-Form-main/vendor/laravel/framework/src/Illuminate/Console/View/Components/Task.php(41): Illuminate/Database/Migrations/Migrator->Illuminate/Database/Migrations/{closure}()
#12 C:/Users/user/MyFiles/ProgmiX/PEX-Form-main/vendor/laravel/framework/src/Illuminate/Database/Migrations/Migrator.php(814): Illuminate/Console/View/Components/Task->render('2026_08_09_1200...', Object(Closure))
#13 C:/Users/user/MyFiles/ProgmiX/PEX-Form-main/vendor/laravel/framework/src/Illuminate/Database/Migrations/Migrator.php(253): Illuminate/Database/Migrations/Migrator->write('Illuminate//Cons...', '2026_08_09_1200...', Object(Closure))
#14 C:/Users/user/MyFiles/ProgmiX/PEX-Form-main/vendor/laravel/framework/src/Illuminate/Database/Migrations/Migrator.php(211): Illuminate/Database/Migrations/Migrator->runUp('C://Users//user//M...', 2, false)
#15 C:/Users/user/MyFiles/ProgmiX/PEX-Form-main/vendor/laravel/framework/src/Illuminate/Database/Migrations/Migrator.php(138): Illuminate/Database/Migrations/Migrator->runPending(Array, Array)
#16 C:/Users/user/MyFiles/ProgmiX/PEX-Form-main/vendor/laravel/framework/src/Illuminate/Database/Console/Migrations/MigrateCommand.php(116): Illuminate/Database/Migrations/Migrator->run(Array, Array)
#17 C:/Users/user/MyFiles/ProgmiX/PEX-Form-main/vendor/laravel/framework/src/Illuminate/Database/Migrations/Migrator.php(671): Illuminate/Database/Console/Migrations/MigrateCommand->Illuminate/Database/Console/Migrations/{closure}()
#18 C:/Users/user/MyFiles/ProgmiX/PEX-Form-main/vendor/laravel/framework/src/Illuminate/Database/Console/Migrations/MigrateCommand.php(109): Illuminate/Database/Migrations/Migrator->usingConnection(NULL, Object(Closure))
#19 C:/Users/user/MyFiles/ProgmiX/PEX-Form-main/vendor/laravel/framework/src/Illuminate/Database/Console/Migrations/MigrateCommand.php(88): Illuminate/Database/Console/Migrations/MigrateCommand->runMigrations()
#20 C:/Users/user/MyFiles/ProgmiX/PEX-Form-main/vendor/laravel/framework/src/Illuminate/Container/BoundMethod.php(36): Illuminate/Database/Console/Migrations/MigrateCommand->handle()
#21 C:/Users/user/MyFiles/ProgmiX/PEX-Form-main/vendor/laravel/framework/src/Illuminate/Container/Util.php(43): Illuminate/Container/BoundMethod::Illuminate/Container/{closure}()
#22 C:/Users/user/MyFiles/ProgmiX/PEX-Form-main/vendor/laravel/framework/src/Illuminate/Container/BoundMethod.php(96): Illuminate/Container/Util::unwrapIfClosure(Object(Closure))
#23 C:/Users/user/MyFiles/ProgmiX/PEX-Form-main/vendor/laravel/framework/src/Illuminate/Container/BoundMethod.php(35): Illuminate/Container/BoundMethod::callBoundMethod(Object(Juzaweb/CMS/Support/Application), Array, Object(Closure))
#24 C:/Users/user/MyFiles/ProgmiX/PEX-Form-main/vendor/laravel/framework/src/Illuminate/Container/Container.php(799): Illuminate/Container/BoundMethod::call(Object(Juzaweb/CMS/Support/Application), Array, Array, NULL)
#25 C:/Users/user/MyFiles/ProgmiX/PEX-Form-main/vendor/laravel/framework/src/Illuminate/Console/Command.php(211): Illuminate/Container/Container->call(Array)
#26 C:/Users/user/MyFiles/ProgmiX/PEX-Form-main/vendor/symfony/console/Command/Command.php(341): Illuminate/Console/Command->execute(Object(Symfony/Component/Console/Input/ArrayInput), Object(Illuminate/Console/OutputStyle))
#27 C:/Users/user/MyFiles/ProgmiX/PEX-Form-main/vendor/laravel/framework/src/Illuminate/Console/Command.php(180): Symfony/Component/Console/Command/Command->run(Object(Symfony/Component/Console/Input/ArrayInput), Object(Illuminate/Console/OutputStyle))
#28 C:/Users/user/MyFiles/ProgmiX/PEX-Form-main/vendor/laravel/framework/src/Illuminate/Console/Concerns/CallsCommands.php(68): Illuminate/Console/Command->run(Object(Symfony/Component/Console/Input/ArrayInput), Object(Illuminate/Console/OutputStyle))
#29 C:/Users/user/MyFiles/ProgmiX/PEX-Form-main/vendor/laravel/framework/src/Illuminate/Console/Concerns/CallsCommands.php(29): Illuminate/Console/Command->runCommand('migrate', Array, Object(Illuminate/Console/OutputStyle))
#30 C:/Users/user/MyFiles/ProgmiX/PEX-Form-main/modules/DevTool/Commands/Plugin/MigrateCommand.php(69): Illuminate/Console/Command->call('migrate', Array)
#31 C:/Users/user/MyFiles/ProgmiX/PEX-Form-main/modules/DevTool/Commands/Plugin/MigrateCommand.php(46): Juzaweb/DevTool/Commands/Plugin/MigrateCommand->migrate(Object(Juzaweb/CMS/Support/Plugin))
#32 C:/Users/user/MyFiles/ProgmiX/PEX-Form-main/vendor/laravel/framework/src/Illuminate/Container/BoundMethod.php(36): Juzaweb/DevTool/Commands/Plugin/MigrateCommand->handle()
#33 C:/Users/user/MyFiles/ProgmiX/PEX-Form-main/vendor/laravel/framework/src/Illuminate/Container/Util.php(43): Illuminate/Container/BoundMethod::Illuminate/Container/{closure}()
#34 C:/Users/user/MyFiles/ProgmiX/PEX-Form-main/vendor/laravel/framework/src/Illuminate/Container/BoundMethod.php(96): Illuminate/Container/Util::unwrapIfClosure(Object(Closure))
#35 C:/Users/user/MyFiles/ProgmiX/PEX-Form-main/vendor/laravel/framework/src/Illuminate/Container/BoundMethod.php(35): Illuminate/Container/BoundMethod::callBoundMethod(Object(Juzaweb/CMS/Support/Application), Array, Object(Closure))
#36 C:/Users/user/MyFiles/ProgmiX/PEX-Form-main/vendor/laravel/framework/src/Illuminate/Container/Container.php(799): Illuminate/Container/BoundMethod::call(Object(Juzaweb/CMS/Support/Application), Array, Array, NULL)
#37 C:/Users/user/MyFiles/ProgmiX/PEX-Form-main/vendor/laravel/framework/src/Illuminate/Console/Command.php(211): Illuminate/Container/Container->call(Array)
#38 C:/Users/user/MyFiles/ProgmiX/PEX-Form-main/vendor/symfony/console/Command/Command.php(341): Illuminate/Console/Command->execute(Object(Symfony/Component/Console/Input/ArrayInput), Object(Illuminate/Console/OutputStyle))
#39 C:/Users/user/MyFiles/ProgmiX/PEX-Form-main/vendor/laravel/framework/src/Illuminate/Console/Command.php(180): Symfony/Component/Console/Command/Command->run(Object(Symfony/Component/Console/Input/ArrayInput), Object(Illuminate/Console/OutputStyle))
#40 C:/Users/user/MyFiles/ProgmiX/PEX-Form-main/vendor/symfony/console/Application.php(1117): Illuminate/Console/Command->run(Object(Symfony/Component/Console/Input/ArrayInput), Object(Symfony/Component/Console/Output/BufferedOutput))
#41 C:/Users/user/MyFiles/ProgmiX/PEX-Form-main/vendor/symfony/console/Application.php(356): Symfony/Component/Console/Application->doRunCommand(Object(Juzaweb/DevTool/Commands/Plugin/MigrateCommand), Object(Symfony/Component/Console/Input/ArrayInput), Object(Symfony/Component/Console/Output/BufferedOutput))
#42 C:/Users/user/MyFiles/ProgmiX/PEX-Form-main/vendor/symfony/console/Application.php(195): Symfony/Component/Console/Application->doRun(Object(Symfony/Component/Console/Input/ArrayInput), Object(Symfony/Component/Console/Output/BufferedOutput))
#43 C:/Users/user/MyFiles/ProgmiX/PEX-Form-main/vendor/laravel/framework/src/Illuminate/Console/Application.php(165): Symfony/Component/Console/Application->run(Object(Symfony/Component/Console/Input/ArrayInput), Object(Symfony/Component/Console/Output/BufferedOutput))
#44 C:/Users/user/MyFiles/ProgmiX/PEX-Form-main/vendor/laravel/framework/src/Illuminate/Foundation/Console/Kernel.php(447): Illuminate/Console/Application->call('plugin:migrate', Array, NULL)
#45 C:/Users/user/MyFiles/ProgmiX/PEX-Form-main/vendor/laravel/framework/src/Illuminate/Support/Facades/Facade.php(363): Illuminate/Foundation/Console/Kernel->call('plugin:migrate', Array)
#46 C:/Users/user/MyFiles/ProgmiX/PEX-Form-main/modules/CMS/Support/Plugin.php(649): Illuminate/Support/Facades/Facade::__callStatic('call', Array)
#47 C:/Users/user/MyFiles/ProgmiX/PEX-Form-main/modules/CMS/Support/Plugin.php(490): Juzaweb/CMS/Support/Plugin->runMigrate()
#48 C:/Users/user/MyFiles/ProgmiX/PEX-Form-main/modules/CMS/Support/LocalPluginRepository.php(586): Juzaweb/CMS/Support/Plugin->enable()
#49 C:/Users/user/MyFiles/ProgmiX/PEX-Form-main/vendor/laravel/framework/src/Illuminate/Support/Facades/Facade.php(363): Juzaweb/CMS/Support/LocalPluginRepository->enable('progmix/forum-r...')
#50 C:/Users/user/MyFiles/ProgmiX/PEX-Form-main/modules/Backend/Http/Controllers/Backend/Plugin/PluginController.php(134): Illuminate/Support/Facades/Facade::__callStatic('enable', Array)
#51 C:/Users/user/MyFiles/ProgmiX/PEX-Form-main/vendor/laravel/framework/src/Illuminate/Routing/Controller.php(54): Juzaweb/Backend/Http/Controllers/Backend/Plugin/PluginController->bulkActions(Object(Juzaweb/Backend/Http/Requests/Plugin/BulkActionRequest))
#52 C:/Users/user/MyFiles/ProgmiX/PEX-Form-main/modules/CMS/Http/Controllers/BackendController.php(28): Illuminate/Routing/Controller->callAction('bulkActions', Array)
#53 C:/Users/user/MyFiles/ProgmiX/PEX-Form-main/vendor/laravel/framework/src/Illuminate/Routing/ControllerDispatcher.php(43): Juzaweb/CMS/Http/Controllers/BackendController->callAction('bulkActions', Array)
#54 C:/Users/user/MyFiles/ProgmiX/PEX-Form-main/vendor/laravel/framework/src/Illuminate/Routing/Route.php(265): Illuminate/Routing/ControllerDispatcher->dispatch(Object(Illuminate/Routing/Route), Object(Juzaweb/Backend/Http/Controllers/Backend/Plugin/PluginController), 'bulkActions')
#55 C:/Users/user/MyFiles/ProgmiX/PEX-Form-main/vendor/laravel/framework/src/Illuminate/Routing/Route.php(211): Illuminate/Routing/Route->runController()
#56 C:/Users/user/MyFiles/ProgmiX/PEX-Form-main/vendor/laravel/framework/src/Illuminate/Routing/Router.php(822): Illuminate/Routing/Route->run()
#57 C:/Users/user/MyFiles/ProgmiX/PEX-Form-main/vendor/laravel/framework/src/Illuminate/Pipeline/Pipeline.php(180): Illuminate/Routing/Router->Illuminate/Routing/{closure}(Object(Illuminate/Http/Request))
#58 C:/Users/user/MyFiles/ProgmiX/PEX-Form-main/modules/CMS/Http/Middleware/Admin.php(74): Illuminate/Pipeline/Pipeline->Illuminate/Pipeline/{closure}(Object(Illuminate/Http/Request))
#59 C:/Users/user/MyFiles/ProgmiX/PEX-Form-main/vendor/laravel/framework/src/Illuminate/Pipeline/Pipeline.php(219): Juzaweb/CMS/Http/Middleware/Admin->handle(Object(Illuminate/Http/Request), Object(Closure))
#60 C:/Users/user/MyFiles/ProgmiX/PEX-Form-main/vendor/barryvdh/laravel-debugbar/src/Middleware/InjectDebugbar.php(59): Illuminate/Pipeline/Pipeline->Illuminate/Pipeline/{closure}(Object(Illuminate/Http/Request))
#61 C:/Users/user/MyFiles/ProgmiX/PEX-Form-main/vendor/laravel/framework/src/Illuminate/Pipeline/Pipeline.php(219): Barryvdh/Debugbar/Middleware/InjectDebugbar->handle(Object(Illuminate/Http/Request), Object(Closure))
#62 C:/Users/user/MyFiles/ProgmiX/PEX-Form-main/modules/CMS/Http/Middleware/XFrameHeadersMiddleware.php(41): Illuminate/Pipeline/Pipeline->Illuminate/Pipeline/{closure}(Object(Illuminate/Http/Request))
#63 C:/Users/user/MyFiles/ProgmiX/PEX-Form-main/vendor/laravel/framework/src/Illuminate/Pipeline/Pipeline.php(219): Juzaweb/CMS/Http/Middleware/XFrameHeadersMiddleware->handle(Object(Illuminate/Http/Request), Object(Closure))
#64 C:/Users/user/MyFiles/ProgmiX/PEX-Form-main/vendor/laravel/framework/src/Illuminate/Routing/Middleware/SubstituteBindings.php(50): Illuminate/Pipeline/Pipeline->Illuminate/Pipeline/{closure}(Object(Illuminate/Http/Request))
#65 C:/Users/user/MyFiles/ProgmiX/PEX-Form-main/vendor/laravel/framework/src/Illuminate/Pipeline/Pipeline.php(219): Illuminate/Routing/Middleware/SubstituteBindings->handle(Object(Illuminate/Http/Request), Object(Closure))
#66 C:/Users/user/MyFiles/ProgmiX/PEX-Form-main/vendor/laravel/framework/src/Illuminate/Cookie/Middleware/AddQueuedCookiesToResponse.php(36): Illuminate/Pipeline/Pipeline->Illuminate/Pipeline/{closure}(Object(Illuminate/Http/Request))
#67 C:/Users/user/MyFiles/ProgmiX/PEX-Form-main/vendor/laravel/framework/src/Illuminate/Pipeline/Pipeline.php(219): Illuminate/Cookie/Middleware/AddQueuedCookiesToResponse->handle(Object(Illuminate/Http/Request), Object(Closure))
#68 C:/Users/user/MyFiles/ProgmiX/PEX-Form-main/vendor/laravel/framework/src/Illuminate/View/Middleware/ShareErrorsFromSession.php(48): Illuminate/Pipeline/Pipeline->Illuminate/Pipeline/{closure}(Object(Illuminate/Http/Request))
#69 C:/Users/user/MyFiles/ProgmiX/PEX-Form-main/modules/Backend/Http/Middleware/ShareErrorsUnlessBot.php(24): Illuminate/View/Middleware/ShareErrorsFromSession->handle(Object(Illuminate/Http/Request), Object(Closure))
#70 C:/Users/user/MyFiles/ProgmiX/PEX-Form-main/vendor/laravel/framework/src/Illuminate/Pipeline/Pipeline.php(219): Juzaweb/Backend/Http/Middleware/ShareErrorsUnlessBot->handle(Object(Illuminate/Http/Request), Object(Closure))
#71 C:/Users/user/MyFiles/ProgmiX/PEX-Form-main/vendor/laravel/framework/src/Illuminate/Session/Middleware/StartSession.php(120): Illuminate/Pipeline/Pipeline->Illuminate/Pipeline/{closure}(Object(Illuminate/Http/Request))
#72 C:/Users/user/MyFiles/ProgmiX/PEX-Form-main/vendor/laravel/framework/src/Illuminate/Session/Middleware/StartSession.php(63): Illuminate/Session/Middleware/StartSession->handleStatefulRequest(Object(Illuminate/Http/Request), Object(Illuminate/Session/Store), Object(Closure))
#73 C:/Users/user/MyFiles/ProgmiX/PEX-Form-main/modules/Backend/Http/Middleware/SkipSessionForBots.php(24): Illuminate/Session/Middleware/StartSession->handle(Object(Illuminate/Http/Request), Object(Closure))
#74 C:/Users/user/MyFiles/ProgmiX/PEX-Form-main/vendor/laravel/framework/src/Illuminate/Pipeline/Pipeline.php(219): Juzaweb/Backend/Http/Middleware/SkipSessionForBots->handle(Object(Illuminate/Http/Request), Object(Closure))
#75 C:/Users/user/MyFiles/ProgmiX/PEX-Form-main/vendor/laravel/framework/src/Illuminate/Cookie/Middleware/EncryptCookies.php(74): Illuminate/Pipeline/Pipeline->Illuminate/Pipeline/{closure}(Object(Illuminate/Http/Request))
#76 C:/Users/user/MyFiles/ProgmiX/PEX-Form-main/vendor/laravel/framework/src/Illuminate/Pipeline/Pipeline.php(219): Illuminate/Cookie/Middleware/EncryptCookies->handle(Object(Illuminate/Http/Request), Object(Closure))
#77 C:/Users/user/MyFiles/ProgmiX/PEX-Form-main/modules/CMS/Http/Middleware/GlobalMiddleware.php(11): Illuminate/Pipeline/Pipeline->Illuminate/Pipeline/{closure}(Object(Illuminate/Http/Request))
#78 C:/Users/user/MyFiles/ProgmiX/PEX-Form-main/vendor/laravel/framework/src/Illuminate/Pipeline/Pipeline.php(219): Juzaweb/CMS/Http/Middleware/GlobalMiddleware->handle(Object(Illuminate/Http/Request), Object(Closure))
#79 C:/Users/user/MyFiles/ProgmiX/PEX-Form-main/modules/Backend/Http/Middleware/DisableSessionForBots.php(30): Illuminate/Pipeline/Pipeline->Illuminate/Pipeline/{closure}(Object(Illuminate/Http/Request))
#80 C:/Users/user/MyFiles/ProgmiX/PEX-Form-main/vendor/laravel/framework/src/Illuminate/Pipeline/Pipeline.php(219): Juzaweb/Backend/Http/Middleware/DisableSessionForBots->handle(Object(Illuminate/Http/Request), Object(Closure))
#81 C:/Users/user/MyFiles/ProgmiX/PEX-Form-main/vendor/laravel/framework/src/Illuminate/Pipeline/Pipeline.php(137): Illuminate/Pipeline/Pipeline->Illuminate/Pipeline/{closure}(Object(Illuminate/Http/Request))
#82 C:/Users/user/MyFiles/ProgmiX/PEX-Form-main/vendor/laravel/framework/src/Illuminate/Routing/Router.php(821): Illuminate/Pipeline/Pipeline->then(Object(Closure))
#83 C:/Users/user/MyFiles/ProgmiX/PEX-Form-main/vendor/laravel/framework/src/Illuminate/Routing/Router.php(800): Illuminate/Routing/Router->runRouteWithinStack(Object(Illuminate/Routing/Route), Object(Illuminate/Http/Request))
#84 C:/Users/user/MyFiles/ProgmiX/PEX-Form-main/vendor/laravel/framework/src/Illuminate/Routing/Router.php(764): Illuminate/Routing/Router->runRoute(Object(Illuminate/Http/Request), Object(Illuminate/Routing/Route))
#85 C:/Users/user/MyFiles/ProgmiX/PEX-Form-main/vendor/laravel/framework/src/Illuminate/Routing/Router.php(753): Illuminate/Routing/Router->dispatchToRoute(Object(Illuminate/Http/Request))
#86 C:/Users/user/MyFiles/ProgmiX/PEX-Form-main/vendor/laravel/framework/src/Illuminate/Foundation/Http/Kernel.php(200): Illuminate/Routing/Router->dispatch(Object(Illuminate/Http/Request))
#87 C:/Users/user/MyFiles/ProgmiX/PEX-Form-main/vendor/laravel/framework/src/Illuminate/Pipeline/Pipeline.php(180): Illuminate/Foundation/Http/Kernel->Illuminate/Foundation/Http/{closure}(Object(Illuminate/Http/Request))
#88 C:/Users/user/MyFiles/ProgmiX/PEX-Form-main/vendor/barryvdh/laravel-debugbar/src/Middleware/InjectDebugbar.php(59): Illuminate/Pipeline/Pipeline->Illuminate/Pipeline/{closure}(Object(Illuminate/Http/Request))
#89 C:/Users/user/MyFiles/ProgmiX/PEX-Form-main/vendor/laravel/framework/src/Illuminate/Pipeline/Pipeline.php(219): Barryvdh/Debugbar/Middleware/InjectDebugbar->handle(Object(Illuminate/Http/Request), Object(Closure))
#90 C:/Users/user/MyFiles/ProgmiX/PEX-Form-main/modules/Backend/Http/Middleware/BlockIpMiddleware.php(31): Illuminate/Pipeline/Pipeline->Illuminate/Pipeline/{closure}(Object(Illuminate/Http/Request))
#91 C:/Users/user/MyFiles/ProgmiX/PEX-Form-main/vendor/laravel/framework/src/Illuminate/Pipeline/Pipeline.php(219): Juzaweb/Backend/Http/Middleware/BlockIpMiddleware->handle(Object(Illuminate/Http/Request), Object(Closure))
#92 C:/Users/user/MyFiles/ProgmiX/PEX-Form-main/modules/Backend/Http/Middleware/SecurityHeaders.php(25): Illuminate/Pipeline/Pipeline->Illuminate/Pipeline/{closure}(Object(Illuminate/Http/Request))
#93 C:/Users/user/MyFiles/ProgmiX/PEX-Form-main/vendor/laravel/framework/src/Illuminate/Pipeline/Pipeline.php(219): Juzaweb/Backend/Http/Middleware/SecurityHeaders->handle(Object(Illuminate/Http/Request), Object(Closure))
#94 C:/Users/user/MyFiles/ProgmiX/PEX-Form-main/vendor/laravel/framework/src/Illuminate/Foundation/Http/Middleware/TransformsRequest.php(21): Illuminate/Pipeline/Pipeline->Illuminate/Pipeline/{closure}(Object(Illuminate/Http/Request))
#95 C:/Users/user/MyFiles/ProgmiX/PEX-Form-main/vendor/laravel/framework/src/Illuminate/Foundation/Http/Middleware/ConvertEmptyStringsToNull.php(31): Illuminate/Foundation/Http/Middleware/TransformsRequest->handle(Object(Illuminate/Http/Request), Object(Closure))
#96 C:/Users/user/MyFiles/ProgmiX/PEX-Form-main/vendor/laravel/framework/src/Illuminate/Pipeline/Pipeline.php(219): Illuminate/Foundation/Http/Middleware/ConvertEmptyStringsToNull->handle(Object(Illuminate/Http/Request), Object(Closure))
#97 C:/Users/user/MyFiles/ProgmiX/PEX-Form-main/vendor/laravel/framework/src/Illuminate/Foundation/Http/Middleware/TransformsRequest.php(21): Illuminate/Pipeline/Pipeline->Illuminate/Pipeline/{closure}(Object(Illuminate/Http/Request))
#98 C:/Users/user/MyFiles/ProgmiX/PEX-Form-main/vendor/laravel/framework/src/Illuminate/Foundation/Http/Middleware/TrimStrings.php(51): Illuminate/Foundation/Http/Middleware/TransformsRequest->handle(Object(Illuminate/Http/Request), Object(Closure))
#99 C:/Users/user/MyFiles/ProgmiX/PEX-Form-main/vendor/laravel/framework/src/Illuminate/Pipeline/Pipeline.php(219): Illuminate/Foundation/Http/Middleware/TrimStrings->handle(Object(Illuminate/Http/Request), Object(Closure))
#100 C:/Users/user/MyFiles/ProgmiX/PEX-Form-main/vendor/laravel/framework/src/Illuminate/Http/Middleware/ValidatePostSize.php(27): Illuminate/Pipeline/Pipeline->Illuminate/Pipeline/{closure}(Object(Illuminate/Http/Request))
#101 C:/Users/user/MyFiles/ProgmiX/PEX-Form-main/vendor/laravel/framework/src/Illuminate/Pipeline/Pipeline.php(219): Illuminate/Http/Middleware/ValidatePostSize->handle(Object(Illuminate/Http/Request), Object(Closure))
#102 C:/Users/user/MyFiles/ProgmiX/PEX-Form-main/vendor/laravel/framework/src/Illuminate/Foundation/Http/Middleware/PreventRequestsDuringMaintenance.php(109): Illuminate/Pipeline/Pipeline->Illuminate/Pipeline/{closure}(Object(Illuminate/Http/Request))
#103 C:/Users/user/MyFiles/ProgmiX/PEX-Form-main/vendor/laravel/framework/src/Illuminate/Pipeline/Pipeline.php(219): Illuminate/Foundation/Http/Middleware/PreventRequestsDuringMaintenance->handle(Object(Illuminate/Http/Request), Object(Closure))
#104 C:/Users/user/MyFiles/ProgmiX/PEX-Form-main/vendor/laravel/framework/src/Illuminate/Http/Middleware/HandleCors.php(61): Illuminate/Pipeline/Pipeline->Illuminate/Pipeline/{closure}(Object(Illuminate/Http/Request))
#105 C:/Users/user/MyFiles/ProgmiX/PEX-Form-main/vendor/laravel/framework/src/Illuminate/Pipeline/Pipeline.php(219): Illuminate/Http/Middleware/HandleCors->handle(Object(Illuminate/Http/Request), Object(Closure))
#106 C:/Users/user/MyFiles/ProgmiX/PEX-Form-main/vendor/laravel/framework/src/Illuminate/Http/Middleware/TrustProxies.php(58): Illuminate/Pipeline/Pipeline->Illuminate/Pipeline/{closure}(Object(Illuminate/Http/Request))
#107 C:/Users/user/MyFiles/ProgmiX/PEX-Form-main/vendor/laravel/framework/src/Illuminate/Pipeline/Pipeline.php(219): Illuminate/Http/Middleware/TrustProxies->handle(Object(Illuminate/Http/Request), Object(Closure))
#108 C:/Users/user/MyFiles/ProgmiX/PEX-Form-main/vendor/laravel/framework/src/Illuminate/Pipeline/Pipeline.php(137): Illuminate/Pipeline/Pipeline->Illuminate/Pipeline/{closure}(Object(Illuminate/Http/Request))
#109 C:/Users/user/MyFiles/ProgmiX/PEX-Form-main/vendor/laravel/framework/src/Illuminate/Foundation/Http/Kernel.php(175): Illuminate/Pipeline/Pipeline->then(Object(Closure))
#110 C:/Users/user/MyFiles/ProgmiX/PEX-Form-main/vendor/laravel/framework/src/Illuminate/Foundation/Http/Kernel.php(144): Illuminate/Foundation/Http/Kernel->sendRequestThroughRouter(Object(Illuminate/Http/Request))
#111 C:/Users/user/MyFiles/ProgmiX/PEX-Form-main/public/index.php(51): Illuminate/Foundation/Http/Kernel->handle(Object(Illuminate/Http/Request))
#112 C:/Users/user/MyFiles/ProgmiX/PEX-Form-main/vendor/laravel/framework/src/Illuminate/Foundation/resources/server.php(23): require_once('C://Users//user//M...')
#113 {main}

[previous exception] [object] (PDOException(code: 42000): SQLSTATE[42000]: Syntax error or access violation: 1061 Duplicate key name 'forum_registrations_email_unique' at C:/Users/user/MyFiles/ProgmiX/PEX-Form-main/vendor/laravel/framework/src/Illuminate/Database/Connection.php:584)
[stacktrace]
#0 C:/Users/user/MyFiles/ProgmiX/PEX-Form-main/vendor/laravel/framework/src/Illuminate/Database/Connection.php(584): PDOStatement->execute()
#1 C:/Users/user/MyFiles/ProgmiX/PEX-Form-main/vendor/laravel/framework/src/Illuminate/Database/Connection.php(827): Illuminate/Database/Connection->Illuminate/Database/{closure}('alter table `fo...', Array)
#2 C:/Users/user/MyFiles/ProgmiX/PEX-Form-main/vendor/laravel/framework/src/Illuminate/Database/Connection.php(794): Illuminate/Database/Connection->runQueryCallback('alter table `fo...', Array, Object(Closure))
#3 C:/Users/user/MyFiles/ProgmiX/PEX-Form-main/vendor/laravel/framework/src/Illuminate/Database/Connection.php(573): Illuminate/Database/Connection->run('alter table `fo...', Array, Object(Closure))
#4 C:/Users/user/MyFiles/ProgmiX/PEX-Form-main/vendor/laravel/framework/src/Illuminate/Database/Schema/Blueprint.php(121): Illuminate/Database/Connection->statement('alter table `fo...')
#5 C:/Users/user/MyFiles/ProgmiX/PEX-Form-main/vendor/laravel/framework/src/Illuminate/Database/Schema/Builder.php(686): Illuminate/Database/Schema/Blueprint->build()
#6 C:/Users/user/MyFiles/ProgmiX/PEX-Form-main/vendor/laravel/framework/src/Illuminate/Database/Schema/Builder.php(494): Illuminate/Database/Schema/Builder->build(Object(Illuminate/Database/Schema/Blueprint))
#7 C:/Users/user/MyFiles/ProgmiX/PEX-Form-main/vendor/laravel/framework/src/Illuminate/Support/Facades/Facade.php(363): Illuminate/Database/Schema/Builder->table('forum_registrat...', Object(Closure))
#8 C:/Users/user/MyFiles/ProgmiX/PEX-Form-main/plugins/forum-registration/database/migrations/2026_08_09_120000_align_forum_registrations_schema.php(11): Illuminate/Support/Facades/Facade::__callStatic('table', Array)
#9 C:/Users/user/MyFiles/ProgmiX/PEX-Form-main/vendor/laravel/framework/src/Illuminate/Database/Migrations/Migrator.php(517): Illuminate/Database/Migrations/Migration@anonymous->up()
#10 C:/Users/user/MyFiles/ProgmiX/PEX-Form-main/vendor/laravel/framework/src/Illuminate/Database/Migrations/Migrator.php(442): Illuminate/Database/Migrations/Migrator->runMethod(Object(Illuminate/Database/MySqlConnection), Object(Illuminate/Database/Migrations/Migration@anonymous), 'up')
#11 C:/Users/user/MyFiles/ProgmiX/PEX-Form-main/vendor/laravel/framework/src/Illuminate/Database/Migrations/Migrator.php(451): Illuminate/Database/Migrations/Migrator->Illuminate/Database/Migrations/{closure}()
#12 C:/Users/user/MyFiles/ProgmiX/PEX-Form-main/vendor/laravel/framework/src/Illuminate/Database/Migrations/Migrator.php(253): Illuminate/Database/Migrations/Migrator->runMigration(Object(Illuminate/Database/Migrations/Migration@anonymous), 'up')
#13 C:/Users/user/MyFiles/ProgmiX/PEX-Form-main/vendor/laravel/framework/src/Illuminate/Console/View/Components/Task.php(41): Illuminate/Database/Migrations/Migrator->Illuminate/Database/Migrations/{closure}()
#14 C:/Users/user/MyFiles/ProgmiX/PEX-Form-main/vendor/laravel/framework/src/Illuminate/Database/Migrations/Migrator.php(814): Illuminate/Console/View/Components/Task->render('2026_08_09_1200...', Object(Closure))
#15 C:/Users/user/MyFiles/ProgmiX/PEX-Form-main/vendor/laravel/framework/src/Illuminate/Database/Migrations/Migrator.php(253): Illuminate/Database/Migrations/Migrator->write('Illuminate//Cons...', '2026_08_09_1200...', Object(Closure))
#16 C:/Users/user/MyFiles/ProgmiX/PEX-Form-main/vendor/laravel/framework/src/Illuminate/Database/Migrations/Migrator.php(211): Illuminate/Database/Migrations/Migrator->runUp('C://Users//user//M...', 2, false)
#17 C:/Users/user/MyFiles/ProgmiX/PEX-Form-main/vendor/laravel/framework/src/Illuminate/Database/Migrations/Migrator.php(138): Illuminate/Database/Migrations/Migrator->runPending(Array, Array)
#18 C:/Users/user/MyFiles/ProgmiX/PEX-Form-main/vendor/laravel/framework/src/Illuminate/Database/Console/Migrations/MigrateCommand.php(116): Illuminate/Database/Migrations/Migrator->run(Array, Array)
#19 C:/Users/user/MyFiles/ProgmiX/PEX-Form-main/vendor/laravel/framework/src/Illuminate/Database/Migrations/Migrator.php(671): Illuminate/Database/Console/Migrations/MigrateCommand->Illuminate/Database/Console/Migrations/{closure}()
#20 C:/Users/user/MyFiles/ProgmiX/PEX-Form-main/vendor/laravel/framework/src/Illuminate/Database/Console/Migrations/MigrateCommand.php(109): Illuminate/Database/Migrations/Migrator->usingConnection(NULL, Object(Closure))
#21 C:/Users/user/MyFiles/ProgmiX/PEX-Form-main/vendor/laravel/framework/src/Illuminate/Database/Console/Migrations/MigrateCommand.php(88): Illuminate/Database/Console/Migrations/MigrateCommand->runMigrations()
#22 C:/Users/user/MyFiles/ProgmiX/PEX-Form-main/vendor/laravel/framework/src/Illuminate/Container/BoundMethod.php(36): Illuminate/Database/Console/Migrations/MigrateCommand->handle()
#23 C:/Users/user/MyFiles/ProgmiX/PEX-Form-main/vendor/laravel/framework/src/Illuminate/Container/Util.php(43): Illuminate/Container/BoundMethod::Illuminate/Container/{closure}()
#24 C:/Users/user/MyFiles/ProgmiX/PEX-Form-main/vendor/laravel/framework/src/Illuminate/Container/BoundMethod.php(96): Illuminate/Container/Util::unwrapIfClosure(Object(Closure))
#25 C:/Users/user/MyFiles/ProgmiX/PEX-Form-main/vendor/laravel/framework/src/Illuminate/Container/BoundMethod.php(35): Illuminate/Container/BoundMethod::callBoundMethod(Object(Juzaweb/CMS/Support/Application), Array, Object(Closure))
#26 C:/Users/user/MyFiles/ProgmiX/PEX-Form-main/vendor/laravel/framework/src/Illuminate/Container/Container.php(799): Illuminate/Container/BoundMethod::call(Object(Juzaweb/CMS/Support/Application), Array, Array, NULL)
#27 C:/Users/user/MyFiles/ProgmiX/PEX-Form-main/vendor/laravel/framework/src/Illuminate/Console/Command.php(211): Illuminate/Container/Container->call(Array)
#28 C:/Users/user/MyFiles/ProgmiX/PEX-Form-main/vendor/symfony/console/Command/Command.php(341): Illuminate/Console/Command->execute(Object(Symfony/Component/Console/Input/ArrayInput), Object(Illuminate/Console/OutputStyle))
#29 C:/Users/user/MyFiles/ProgmiX/PEX-Form-main/vendor/laravel/framework/src/Illuminate/Console/Command.php(180): Symfony/Component/Console/Command/Command->run(Object(Symfony/Component/Console/Input/ArrayInput), Object(Illuminate/Console/OutputStyle))
#30 C:/Users/user/MyFiles/ProgmiX/PEX-Form-main/vendor/laravel/framework/src/Illuminate/Console/Concerns/CallsCommands.php(68): Illuminate/Console/Command->run(Object(Symfony/Component/Console/Input/ArrayInput), Object(Illuminate/Console/OutputStyle))
#31 C:/Users/user/MyFiles/ProgmiX/PEX-Form-main/vendor/laravel/framework/src/Illuminate/Console/Concerns/CallsCommands.php(29): Illuminate/Console/Command->runCommand('migrate', Array, Object(Illuminate/Console/OutputStyle))
#32 C:/Users/user/MyFiles/ProgmiX/PEX-Form-main/modules/DevTool/Commands/Plugin/MigrateCommand.php(69): Illuminate/Console/Command->call('migrate', Array)
#33 C:/Users/user/MyFiles/ProgmiX/PEX-Form-main/modules/DevTool/Commands/Plugin/MigrateCommand.php(46): Juzaweb/DevTool/Commands/Plugin/MigrateCommand->migrate(Object(Juzaweb/CMS/Support/Plugin))
#34 C:/Users/user/MyFiles/ProgmiX/PEX-Form-main/vendor/laravel/framework/src/Illuminate/Container/BoundMethod.php(36): Juzaweb/DevTool/Commands/Plugin/MigrateCommand->handle()
#35 C:/Users/user/MyFiles/ProgmiX/PEX-Form-main/vendor/laravel/framework/src/Illuminate/Container/Util.php(43): Illuminate/Container/BoundMethod::Illuminate/Container/{closure}()
#36 C:/Users/user/MyFiles/ProgmiX/PEX-Form-main/vendor/laravel/framework/src/Illuminate/Container/BoundMethod.php(96): Illuminate/Container/Util::unwrapIfClosure(Object(Closure))
#37 C:/Users/user/MyFiles/ProgmiX/PEX-Form-main/vendor/laravel/framework/src/Illuminate/Container/BoundMethod.php(35): Illuminate/Container/BoundMethod::callBoundMethod(Object(Juzaweb/CMS/Support/Application), Array, Object(Closure))
#38 C:/Users/user/MyFiles/ProgmiX/PEX-Form-main/vendor/laravel/framework/src/Illuminate/Container/Container.php(799): Illuminate/Container/BoundMethod::call(Object(Juzaweb/CMS/Support/Application), Array, Array, NULL)
#39 C:/Users/user/MyFiles/ProgmiX/PEX-Form-main/vendor/laravel/framework/src/Illuminate/Console/Command.php(211): Illuminate/Container/Container->call(Array)
#40 C:/Users/user/MyFiles/ProgmiX/PEX-Form-main/vendor/symfony/console/Command/Command.php(341): Illuminate/Console/Command->execute(Object(Symfony/Component/Console/Input/ArrayInput), Object(Illuminate/Console/OutputStyle))
#41 C:/Users/user/MyFiles/ProgmiX/PEX-Form-main/vendor/laravel/framework/src/Illuminate/Console/Command.php(180): Symfony/Component/Console/Command/Command->run(Object(Symfony/Component/Console/Input/ArrayInput), Object(Illuminate/Console/OutputStyle))
#42 C:/Users/user/MyFiles/ProgmiX/PEX-Form-main/vendor/symfony/console/Application.php(1117): Illuminate/Console/Command->run(Object(Symfony/Component/Console/Input/ArrayInput), Object(Symfony/Component/Console/Output/BufferedOutput))
#43 C:/Users/user/MyFiles/ProgmiX/PEX-Form-main/vendor/symfony/console/Application.php(356): Symfony/Component/Console/Application->doRunCommand(Object(Juzaweb/DevTool/Commands/Plugin/MigrateCommand), Object(Symfony/Component/Console/Input/ArrayInput), Object(Symfony/Component/Console/Output/BufferedOutput))
#44 C:/Users/user/MyFiles/ProgmiX/PEX-Form-main/vendor/symfony/console/Application.php(195): Symfony/Component/Console/Application->doRun(Object(Symfony/Component/Console/Input/ArrayInput), Object(Symfony/Component/Console/Output/BufferedOutput))
#45 C:/Users/user/MyFiles/ProgmiX/PEX-Form-main/vendor/laravel/framework/src/Illuminate/Console/Application.php(165): Symfony/Component/Console/Application->run(Object(Symfony/Component/Console/Input/ArrayInput), Object(Symfony/Component/Console/Output/BufferedOutput))
#46 C:/Users/user/MyFiles/ProgmiX/PEX-Form-main/vendor/laravel/framework/src/Illuminate/Foundation/Console/Kernel.php(447): Illuminate/Console/Application->call('plugin:migrate', Array, NULL)
#47 C:/Users/user/MyFiles/ProgmiX/PEX-Form-main/vendor/laravel/framework/src/Illuminate/Support/Facades/Facade.php(363): Illuminate/Foundation/Console/Kernel->call('plugin:migrate', Array)
#48 C:/Users/user/MyFiles/ProgmiX/PEX-Form-main/modules/CMS/Support/Plugin.php(649): Illuminate/Support/Facades/Facade::__callStatic('call', Array)
#49 C:/Users/user/MyFiles/ProgmiX/PEX-Form-main/modules/CMS/Support/Plugin.php(490): Juzaweb/CMS/Support/Plugin->runMigrate()
#50 C:/Users/user/MyFiles/ProgmiX/PEX-Form-main/modules/CMS/Support/LocalPluginRepository.php(586): Juzaweb/CMS/Support/Plugin->enable()
#51 C:/Users/user/MyFiles/ProgmiX/PEX-Form-main/vendor/laravel/framework/src/Illuminate/Support/Facades/Facade.php(363): Juzaweb/CMS/Support/LocalPluginRepository->enable('progmix/forum-r...')
#52 C:/Users/user/MyFiles/ProgmiX/PEX-Form-main/modules/Backend/Http/Controllers/Backend/Plugin/PluginController.php(134): Illuminate/Support/Facades/Facade::__callStatic('enable', Array)
#53 C:/Users/user/MyFiles/ProgmiX/PEX-Form-main/vendor/laravel/framework/src/Illuminate/Routing/Controller.php(54): Juzaweb/Backend/Http/Controllers/Backend/Plugin/PluginController->bulkActions(Object(Juzaweb/Backend/Http/Requests/Plugin/BulkActionRequest))
#54 C:/Users/user/MyFiles/ProgmiX/PEX-Form-main/modules/CMS/Http/Controllers/BackendController.php(28): Illuminate/Routing/Controller->callAction('bulkActions', Array)
#55 C:/Users/user/MyFiles/ProgmiX/PEX-Form-main/vendor/laravel/framework/src/Illuminate/Routing/ControllerDispatcher.php(43): Juzaweb/CMS/Http/Controllers/BackendController->callAction('bulkActions', Array)
#56 C:/Users/user/MyFiles/ProgmiX/PEX-Form-main/vendor/laravel/framework/src/Illuminate/Routing/Route.php(265): Illuminate/Routing/ControllerDispatcher->dispatch(Object(Illuminate/Routing/Route), Object(Juzaweb/Backend/Http/Controllers/Backend/Plugin/PluginController), 'bulkActions')
#57 C:/Users/user/MyFiles/ProgmiX/PEX-Form-main/vendor/laravel/framework/src/Illuminate/Routing/Route.php(211): Illuminate/Routing/Route->runController()
#58 C:/Users/user/MyFiles/ProgmiX/PEX-Form-main/vendor/laravel/framework/src/Illuminate/Routing/Router.php(822): Illuminate/Routing/Route->run()
#59 C:/Users/user/MyFiles/ProgmiX/PEX-Form-main/vendor/laravel/framework/src/Illuminate/Pipeline/Pipeline.php(180): Illuminate/Routing/Router->Illuminate/Routing/{closure}(Object(Illuminate/Http/Request))
#60 C:/Users/user/MyFiles/ProgmiX/PEX-Form-main/modules/CMS/Http/Middleware/Admin.php(74): Illuminate/Pipeline/Pipeline->Illuminate/Pipeline/{closure}(Object(Illuminate/Http/Request))
#61 C:/Users/user/MyFiles/ProgmiX/PEX-Form-main/vendor/laravel/framework/src/Illuminate/Pipeline/Pipeline.php(219): Juzaweb/CMS/Http/Middleware/Admin->handle(Object(Illuminate/Http/Request), Object(Closure))
#62 C:/Users/user/MyFiles/ProgmiX/PEX-Form-main/vendor/barryvdh/laravel-debugbar/src/Middleware/InjectDebugbar.php(59): Illuminate/Pipeline/Pipeline->Illuminate/Pipeline/{closure}(Object(Illuminate/Http/Request))
#63 C:/Users/user/MyFiles/ProgmiX/PEX-Form-main/vendor/laravel/framework/src/Illuminate/Pipeline/Pipeline.php(219): Barryvdh/Debugbar/Middleware/InjectDebugbar->handle(Object(Illuminate/Http/Request), Object(Closure))
#64 C:/Users/user/MyFiles/ProgmiX/PEX-Form-main/modules/CMS/Http/Middleware/XFrameHeadersMiddleware.php(41): Illuminate/Pipeline/Pipeline->Illuminate/Pipeline/{closure}(Object(Illuminate/Http/Request))
#65 C:/Users/user/MyFiles/ProgmiX/PEX-Form-main/vendor/laravel/framework/src/Illuminate/Pipeline/Pipeline.php(219): Juzaweb/CMS/Http/Middleware/XFrameHeadersMiddleware->handle(Object(Illuminate/Http/Request), Object(Closure))
#66 C:/Users/user/MyFiles/ProgmiX/PEX-Form-main/vendor/laravel/framework/src/Illuminate/Routing/Middleware/SubstituteBindings.php(50): Illuminate/Pipeline/Pipeline->Illuminate/Pipeline/{closure}(Object(Illuminate/Http/Request))
#67 C:/Users/user/MyFiles/ProgmiX/PEX-Form-main/vendor/laravel/framework/src/Illuminate/Pipeline/Pipeline.php(219): Illuminate/Routing/Middleware/SubstituteBindings->handle(Object(Illuminate/Http/Request), Object(Closure))
#68 C:/Users/user/MyFiles/ProgmiX/PEX-Form-main/vendor/laravel/framework/src/Illuminate/Cookie/Middleware/AddQueuedCookiesToResponse.php(36): Illuminate/Pipeline/Pipeline->Illuminate/Pipeline/{closure}(Object(Illuminate/Http/Request))
#69 C:/Users/user/MyFiles/ProgmiX/PEX-Form-main/vendor/laravel/framework/src/Illuminate/Pipeline/Pipeline.php(219): Illuminate/Cookie/Middleware/AddQueuedCookiesToResponse->handle(Object(Illuminate/Http/Request), Object(Closure))
#70 C:/Users/user/MyFiles/ProgmiX/PEX-Form-main/vendor/laravel/framework/src/Illuminate/View/Middleware/ShareErrorsFromSession.php(48): Illuminate/Pipeline/Pipeline->Illuminate/Pipeline/{closure}(Object(Illuminate/Http/Request))
#71 C:/Users/user/MyFiles/ProgmiX/PEX-Form-main/modules/Backend/Http/Middleware/ShareErrorsUnlessBot.php(24): Illuminate/View/Middleware/ShareErrorsFromSession->handle(Object(Illuminate/Http/Request), Object(Closure))
#72 C:/Users/user/MyFiles/ProgmiX/PEX-Form-main/vendor/laravel/framework/src/Illuminate/Pipeline/Pipeline.php(219): Juzaweb/Backend/Http/Middleware/ShareErrorsUnlessBot->handle(Object(Illuminate/Http/Request), Object(Closure))
#73 C:/Users/user/MyFiles/ProgmiX/PEX-Form-main/vendor/laravel/framework/src/Illuminate/Session/Middleware/StartSession.php(120): Illuminate/Pipeline/Pipeline->Illuminate/Pipeline/{closure}(Object(Illuminate/Http/Request))
#74 C:/Users/user/MyFiles/ProgmiX/PEX-Form-main/vendor/laravel/framework/src/Illuminate/Session/Middleware/StartSession.php(63): Illuminate/Session/Middleware/StartSession->handleStatefulRequest(Object(Illuminate/Http/Request), Object(Illuminate/Session/Store), Object(Closure))
#75 C:/Users/user/MyFiles/ProgmiX/PEX-Form-main/modules/Backend/Http/Middleware/SkipSessionForBots.php(24): Illuminate/Session/Middleware/StartSession->handle(Object(Illuminate/Http/Request), Object(Closure))
#76 C:/Users/user/MyFiles/ProgmiX/PEX-Form-main/vendor/laravel/framework/src/Illuminate/Pipeline/Pipeline.php(219): Juzaweb/Backend/Http/Middleware/SkipSessionForBots->handle(Object(Illuminate/Http/Request), Object(Closure))
#77 C:/Users/user/MyFiles/ProgmiX/PEX-Form-main/vendor/laravel/framework/src/Illuminate/Cookie/Middleware/EncryptCookies.php(74): Illuminate/Pipeline/Pipeline->Illuminate/Pipeline/{closure}(Object(Illuminate/Http/Request))
#78 C:/Users/user/MyFiles/ProgmiX/PEX-Form-main/vendor/laravel/framework/src/Illuminate/Pipeline/Pipeline.php(219): Illuminate/Cookie/Middleware/EncryptCookies->handle(Object(Illuminate/Http/Request), Object(Closure))
#79 C:/Users/user/MyFiles/ProgmiX/PEX-Form-main/modules/CMS/Http/Middleware/GlobalMiddleware.php(11): Illuminate/Pipeline/Pipeline->Illuminate/Pipeline/{closure}(Object(Illuminate/Http/Request))
#80 C:/Users/user/MyFiles/ProgmiX/PEX-Form-main/vendor/laravel/framework/src/Illuminate/Pipeline/Pipeline.php(219): Juzaweb/CMS/Http/Middleware/GlobalMiddleware->handle(Object(Illuminate/Http/Request), Object(Closure))
#81 C:/Users/user/MyFiles/ProgmiX/PEX-Form-main/modules/Backend/Http/Middleware/DisableSessionForBots.php(30): Illuminate/Pipeline/Pipeline->Illuminate/Pipeline/{closure}(Object(Illuminate/Http/Request))
#82 C:/Users/user/MyFiles/ProgmiX/PEX-Form-main/vendor/laravel/framework/src/Illuminate/Pipeline/Pipeline.php(219): Juzaweb/Backend/Http/Middleware/DisableSessionForBots->handle(Object(Illuminate/Http/Request), Object(Closure))
#83 C:/Users/user/MyFiles/ProgmiX/PEX-Form-main/vendor/laravel/framework/src/Illuminate/Pipeline/Pipeline.php(137): Illuminate/Pipeline/Pipeline->Illuminate/Pipeline/{closure}(Object(Illuminate/Http/Request))
#84 C:/Users/user/MyFiles/ProgmiX/PEX-Form-main/vendor/laravel/framework/src/Illuminate/Routing/Router.php(821): Illuminate/Pipeline/Pipeline->then(Object(Closure))
#85 C:/Users/user/MyFiles/ProgmiX/PEX-Form-main/vendor/laravel/framework/src/Illuminate/Routing/Router.php(800): Illuminate/Routing/Router->runRouteWithinStack(Object(Illuminate/Routing/Route), Object(Illuminate/Http/Request))
#86 C:/Users/user/MyFiles/ProgmiX/PEX-Form-main/vendor/laravel/framework/src/Illuminate/Routing/Router.php(764): Illuminate/Routing/Router->runRoute(Object(Illuminate/Http/Request), Object(Illuminate/Routing/Route))
#87 C:/Users/user/MyFiles/ProgmiX/PEX-Form-main/vendor/laravel/framework/src/Illuminate/Routing/Router.php(753): Illuminate/Routing/Router->dispatchToRoute(Object(Illuminate/Http/Request))
#88 C:/Users/user/MyFiles/ProgmiX/PEX-Form-main/vendor/laravel/framework/src/Illuminate/Foundation/Http/Kernel.php(200): Illuminate/Routing/Router->dispatch(Object(Illuminate/Http/Request))
#89 C:/Users/user/MyFiles/ProgmiX/PEX-Form-main/vendor/laravel/framework/src/Illuminate/Pipeline/Pipeline.php(180): Illuminate/Foundation/Http/Kernel->Illuminate/Foundation/Http/{closure}(Object(Illuminate/Http/Request))
#90 C:/Users/user/MyFiles/ProgmiX/PEX-Form-main/vendor/barryvdh/laravel-debugbar/src/Middleware/InjectDebugbar.php(59): Illuminate/Pipeline/Pipeline->Illuminate/Pipeline/{closure}(Object(Illuminate/Http/Request))
#91 C:/Users/user/MyFiles/ProgmiX/PEX-Form-main/vendor/laravel/framework/src/Illuminate/Pipeline/Pipeline.php(219): Barryvdh/Debugbar/Middleware/InjectDebugbar->handle(Object(Illuminate/Http/Request), Object(Closure))
#92 C:/Users/user/MyFiles/ProgmiX/PEX-Form-main/modules/Backend/Http/Middleware/BlockIpMiddleware.php(31): Illuminate/Pipeline/Pipeline->Illuminate/Pipeline/{closure}(Object(Illuminate/Http/Request))
#93 C:/Users/user/MyFiles/ProgmiX/PEX-Form-main/vendor/laravel/framework/src/Illuminate/Pipeline/Pipeline.php(219): Juzaweb/Backend/Http/Middleware/BlockIpMiddleware->handle(Object(Illuminate/Http/Request), Object(Closure))
#94 C:/Users/user/MyFiles/ProgmiX/PEX-Form-main/modules/Backend/Http/Middleware/SecurityHeaders.php(25): Illuminate/Pipeline/Pipeline->Illuminate/Pipeline/{closure}(Object(Illuminate/Http/Request))
#95 C:/Users/user/MyFiles/ProgmiX/PEX-Form-main/vendor/laravel/framework/src/Illuminate/Pipeline/Pipeline.php(219): Juzaweb/Backend/Http/Middleware/SecurityHeaders->handle(Object(Illuminate/Http/Request), Object(Closure))
#96 C:/Users/user/MyFiles/ProgmiX/PEX-Form-main/vendor/laravel/framework/src/Illuminate/Foundation/Http/Middleware/TransformsRequest.php(21): Illuminate/Pipeline/Pipeline->Illuminate/Pipeline/{closure}(Object(Illuminate/Http/Request))
#97 C:/Users/user/MyFiles/ProgmiX/PEX-Form-main/vendor/laravel/framework/src/Illuminate/Foundation/Http/Middleware/ConvertEmptyStringsToNull.php(31): Illuminate/Foundation/Http/Middleware/TransformsRequest->handle(Object(Illuminate/Http/Request), Object(Closure))
#98 C:/Users/user/MyFiles/ProgmiX/PEX-Form-main/vendor/laravel/framework/src/Illuminate/Pipeline/Pipeline.php(219): Illuminate/Foundation/Http/Middleware/ConvertEmptyStringsToNull->handle(Object(Illuminate/Http/Request), Object(Closure))
#99 C:/Users/user/MyFiles/ProgmiX/PEX-Form-main/vendor/laravel/framework/src/Illuminate/Foundation/Http/Middleware/TransformsRequest.php(21): Illuminate/Pipeline/Pipeline->Illuminate/Pipeline/{closure}(Object(Illuminate/Http/Request))
#100 C:/Users/user/MyFiles/ProgmiX/PEX-Form-main/vendor/laravel/framework/src/Illuminate/Foundation/Http/Middleware/TrimStrings.php(51): Illuminate/Foundation/Http/Middleware/TransformsRequest->handle(Object(Illuminate/Http/Request), Object(Closure))
#101 C:/Users/user/MyFiles/ProgmiX/PEX-Form-main/vendor/laravel/framework/src/Illuminate/Pipeline/Pipeline.php(219): Illuminate/Foundation/Http/Middleware/TrimStrings->handle(Object(Illuminate/Http/Request), Object(Closure))
#102 C:/Users/user/MyFiles/ProgmiX/PEX-Form-main/vendor/laravel/framework/src/Illuminate/Http/Middleware/ValidatePostSize.php(27): Illuminate/Pipeline/Pipeline->Illuminate/Pipeline/{closure}(Object(Illuminate/Http/Request))
#103 C:/Users/user/MyFiles/ProgmiX/PEX-Form-main/vendor/laravel/framework/src/Illuminate/Pipeline/Pipeline.php(219): Illuminate/Http/Middleware/ValidatePostSize->handle(Object(Illuminate/Http/Request), Object(Closure))
#104 C:/Users/user/MyFiles/ProgmiX/PEX-Form-main/vendor/laravel/framework/src/Illuminate/Foundation/Http/Middleware/PreventRequestsDuringMaintenance.php(109): Illuminate/Pipeline/Pipeline->Illuminate/Pipeline/{closure}(Object(Illuminate/Http/Request))
#105 C:/Users/user/MyFiles/ProgmiX/PEX-Form-main/vendor/laravel/framework/src/Illuminate/Pipeline/Pipeline.php(219): Illuminate/Foundation/Http/Middleware/PreventRequestsDuringMaintenance->handle(Object(Illuminate/Http/Request), Object(Closure))
#106 C:/Users/user/MyFiles/ProgmiX/PEX-Form-main/vendor/laravel/framework/src/Illuminate/Http/Middleware/HandleCors.php(61): Illuminate/Pipeline/Pipeline->Illuminate/Pipeline/{closure}(Object(Illuminate/Http/Request))
#107 C:/Users/user/MyFiles/ProgmiX/PEX-Form-main/vendor/laravel/framework/src/Illuminate/Pipeline/Pipeline.php(219): Illuminate/Http/Middleware/HandleCors->handle(Object(Illuminate/Http/Request), Object(Closure))
#108 C:/Users/user/MyFiles/ProgmiX/PEX-Form-main/vendor/laravel/framework/src/Illuminate/Http/Middleware/TrustProxies.php(58): Illuminate/Pipeline/Pipeline->Illuminate/Pipeline/{closure}(Object(Illuminate/Http/Request))
#109 C:/Users/user/MyFiles/ProgmiX/PEX-Form-main/vendor/laravel/framework/src/Illuminate/Pipeline/Pipeline.php(219): Illuminate/Http/Middleware/TrustProxies->handle(Object(Illuminate/Http/Request), Object(Closure))
#110 C:/Users/user/MyFiles/ProgmiX/PEX-Form-main/vendor/laravel/framework/src/Illuminate/Pipeline/Pipeline.php(137): Illuminate/Pipeline/Pipeline->Illuminate/Pipeline/{closure}(Object(Illuminate/Http/Request))
#111 C:/Users/user/MyFiles/ProgmiX/PEX-Form-main/vendor/laravel/framework/src/Illuminate/Foundation/Http/Kernel.php(175): Illuminate/Pipeline/Pipeline->then(Object(Closure))
#112 C:/Users/user/MyFiles/ProgmiX/PEX-Form-main/vendor/laravel/framework/src/Illuminate/Foundation/Http/Kernel.php(144): Illuminate/Foundation/Http/Kernel->sendRequestThroughRouter(Object(Illuminate/Http/Request))
#113 C:/Users/user/MyFiles/ProgmiX/PEX-Form-main/public/index.php(51): Illuminate/Foundation/Http/Kernel->handle(Object(Illuminate/Http/Request))
#114 C:/Users/user/MyFiles/ProgmiX/PEX-Form-main/vendor/laravel/framework/src/Illuminate/Foundation/resources/server.php(23): require_once('C://Users//user//M...')
#115 {main}
"} 
[2026-09-06 11:25:02] local.ERROR: Unclosed '(' on line 462 does not match ']' {"exception":"[object] (ParseError(code: 0): Unclosed '(' on line 462 does not match ']' at C:/Users/user/MyFiles/ProgmiX/PEX-Form-main/modules/Backend/Actions/MenuAction.php:494)
[stacktrace]
#0 C:/Users/user/MyFiles/ProgmiX/PEX-Form-main/vendor/composer/ClassLoader.php(427): Composer/Autoload/{closure}('C://Users//user//M...')
#1 [internal function]: Composer/Autoload/ClassLoader->loadClass('Juzaweb//Backend...')
#2 C:/Users/user/MyFiles/ProgmiX/PEX-Form-main/vendor/laravel/framework/src/Illuminate/Container/Container.php(1000): ReflectionClass->__construct('Juzaweb//Backend...')
#3 C:/Users/user/MyFiles/ProgmiX/PEX-Form-main/vendor/laravel/framework/src/Illuminate/Container/Container.php(986): Illuminate/Container/Container->getConcreteBindingFromAttributes('Juzaweb//Backend...')
#4 C:/Users/user/MyFiles/ProgmiX/PEX-Form-main/vendor/laravel/framework/src/Illuminate/Container/Container.php(926): Illuminate/Container/Container->getConcrete('Juzaweb//Backend...')
#5 C:/Users/user/MyFiles/ProgmiX/PEX-Form-main/vendor/laravel/framework/src/Illuminate/Foundation/Application.php(1078): Illuminate/Container/Container->resolve('Juzaweb//Backend...', Array, true)
#6 C:/Users/user/MyFiles/ProgmiX/PEX-Form-main/vendor/laravel/framework/src/Illuminate/Container/Container.php(864): Illuminate/Foundation/Application->resolve('Juzaweb//Backend...', Array)
#7 C:/Users/user/MyFiles/ProgmiX/PEX-Form-main/vendor/laravel/framework/src/Illuminate/Foundation/Application.php(1058): Illuminate/Container/Container->make('Juzaweb//Backend...', Array)
#8 C:/Users/user/MyFiles/ProgmiX/PEX-Form-main/vendor/laravel/framework/src/Illuminate/Foundation/helpers.php(138): Illuminate/Foundation/Application->make('Juzaweb//Backend...', Array)
#9 C:/Users/user/MyFiles/ProgmiX/PEX-Form-main/modules/CMS/Support/ActionRegister.php(21): app('Juzaweb//Backend...')
#10 C:/Users/user/MyFiles/ProgmiX/PEX-Form-main/vendor/laravel/framework/src/Illuminate/Support/Facades/Facade.php(363): Juzaweb/CMS/Support/ActionRegister->init()
#11 C:/Users/user/MyFiles/ProgmiX/PEX-Form-main/modules/CMS/Providers/BootstrapServiceProvider.php(22): Illuminate/Support/Facades/Facade::__callStatic('init', Array)
#12 C:/Users/user/MyFiles/ProgmiX/PEX-Form-main/vendor/laravel/framework/src/Illuminate/Container/BoundMethod.php(36): Juzaweb/CMS/Providers/BootstrapServiceProvider->Juzaweb/CMS/Providers/{closure}()
#13 C:/Users/user/MyFiles/ProgmiX/PEX-Form-main/vendor/laravel/framework/src/Illuminate/Container/Util.php(43): Illuminate/Container/BoundMethod::Illuminate/Container/{closure}()
#14 C:/Users/user/MyFiles/ProgmiX/PEX-Form-main/vendor/laravel/framework/src/Illuminate/Container/BoundMethod.php(84): Illuminate/Container/Util::unwrapIfClosure(Object(Closure))
#15 C:/Users/user/MyFiles/ProgmiX/PEX-Form-main/vendor/laravel/framework/src/Illuminate/Container/BoundMethod.php(35): Illuminate/Container/BoundMethod::callBoundMethod(Object(Juzaweb/CMS/Support/Application), Object(Closure), Object(Closure))
#16 C:/Users/user/MyFiles/ProgmiX/PEX-Form-main/vendor/laravel/framework/src/Illuminate/Container/Container.php(799): Illuminate/Container/BoundMethod::call(Object(Juzaweb/CMS/Support/Application), Object(Closure), Array, NULL)
#17 C:/Users/user/MyFiles/ProgmiX/PEX-Form-main/vendor/laravel/framework/src/Illuminate/Support/ServiceProvider.php(150): Illuminate/Container/Container->call(Object(Closure))
#18 C:/Users/user/MyFiles/ProgmiX/PEX-Form-main/vendor/laravel/framework/src/Illuminate/Foundation/Application.php(1154): Illuminate/Support/ServiceProvider->callBootedCallbacks()
#19 C:/Users/user/MyFiles/ProgmiX/PEX-Form-main/vendor/laravel/framework/src/Illuminate/Foundation/Application.php(1132): Illuminate/Foundation/Application->bootProvider(Object(Juzaweb/CMS/Providers/BootstrapServiceProvider))
#20 [internal function]: Illuminate/Foundation/Application->Illuminate/Foundation/{closure}(Object(Juzaweb/CMS/Providers/BootstrapServiceProvider), 'Juzaweb//CMS//Pro...')
#21 C:/Users/user/MyFiles/ProgmiX/PEX-Form-main/vendor/laravel/framework/src/Illuminate/Foundation/Application.php(1131): array_walk(Array, Object(Closure))
#22 C:/Users/user/MyFiles/ProgmiX/PEX-Form-main/vendor/laravel/framework/src/Illuminate/Foundation/Bootstrap/BootProviders.php(17): Illuminate/Foundation/Application->boot()
#23 C:/Users/user/MyFiles/ProgmiX/PEX-Form-main/vendor/laravel/framework/src/Illuminate/Foundation/Application.php(342): Illuminate/Foundation/Bootstrap/BootProviders->bootstrap(Object(Juzaweb/CMS/Support/Application))
#24 C:/Users/user/MyFiles/ProgmiX/PEX-Form-main/vendor/laravel/framework/src/Illuminate/Foundation/Http/Kernel.php(186): Illuminate/Foundation/Application->bootstrapWith(Array)
#25 C:/Users/user/MyFiles/ProgmiX/PEX-Form-main/vendor/laravel/framework/src/Illuminate/Foundation/Http/Kernel.php(170): Illuminate/Foundation/Http/Kernel->bootstrap()
#26 C:/Users/user/MyFiles/ProgmiX/PEX-Form-main/vendor/laravel/framework/src/Illuminate/Foundation/Http/Kernel.php(144): Illuminate/Foundation/Http/Kernel->sendRequestThroughRouter(Object(Illuminate/Http/Request))
#27 C:/Users/user/MyFiles/ProgmiX/PEX-Form-main/public/index.php(51): Illuminate/Foundation/Http/Kernel->handle(Object(Illuminate/Http/Request))
#28 C:/Users/user/MyFiles/ProgmiX/PEX-Form-main/vendor/laravel/framework/src/Illuminate/Foundation/resources/server.php(23): require_once('C://Users//user//M...')
#29 {main}
"} 
