[2026-09-21 15:41:47] local.ERROR: Undefined variable $agendaData {"userId":1,"exception":"[object] (Spatie\\LaravelIgnition\\Exceptions\\ViewException(code: 0): Undefined variable $agendaData at C:/Users/user/MyFiles/ProgmiX/PEX-Form-main/modules/Frontend/resources/views/templates/homepage/pex/agenda.blade.php:13)
[stacktrace]
#0 C:/Users/user/MyFiles/ProgmiX/PEX-Form-main/vendor/laravel/framework/src/Illuminate/Filesystem/Filesystem.php(123): require('C://Users//user//M...')
#1 C:/Users/user/MyFiles/ProgmiX/PEX-Form-main/vendor/laravel/framework/src/Illuminate/Filesystem/Filesystem.php(124): Illuminate/Filesystem/Filesystem::Illuminate/Filesystem/{closure}()
#2 C:/Users/user/MyFiles/ProgmiX/PEX-Form-main/vendor/laravel/framework/src/Illuminate/View/Engines/PhpEngine.php(57): Illuminate/Filesystem/Filesystem->getRequire('C://Users//user//M...', Array)
#3 C:/Users/user/MyFiles/ProgmiX/PEX-Form-main/vendor/laravel/framework/src/Illuminate/View/Engines/CompilerEngine.php(76): Illuminate/View/Engines/PhpEngine->evaluatePath('C://Users//user//M...', Array)
#4 C:/Users/user/MyFiles/ProgmiX/PEX-Form-main/vendor/laravel/framework/src/Illuminate/View/View.php(208): Illuminate/View/Engines/CompilerEngine->get('C://Users//user//M...', Array)
#5 C:/Users/user/MyFiles/ProgmiX/PEX-Form-main/vendor/laravel/framework/src/Illuminate/View/View.php(191): Illuminate/View/View->getContents()
#6 C:/Users/user/MyFiles/ProgmiX/PEX-Form-main/vendor/laravel/framework/src/Illuminate/View/View.php(160): Illuminate/View/View->renderContents()
#7 C:/Users/user/MyFiles/ProgmiX/PEX-Form-main/modules/Frontend/resources/views/home.blade.php(1): Illuminate/View/View->render()
#8 C:/Users/user/MyFiles/ProgmiX/PEX-Form-main/vendor/laravel/framework/src/Illuminate/Filesystem/Filesystem.php(123): require('C://Users//user//M...')
#9 C:/Users/user/MyFiles/ProgmiX/PEX-Form-main/vendor/laravel/framework/src/Illuminate/Filesystem/Filesystem.php(124): Illuminate/Filesystem/Filesystem::Illuminate/Filesystem/{closure}()
#10 C:/Users/user/MyFiles/ProgmiX/PEX-Form-main/vendor/laravel/framework/src/Illuminate/View/Engines/PhpEngine.php(57): Illuminate/Filesystem/Filesystem->getRequire('C://Users//user//M...', Array)
#11 C:/Users/user/MyFiles/ProgmiX/PEX-Form-main/vendor/laravel/framework/src/Illuminate/View/Engines/CompilerEngine.php(76): Illuminate/View/Engines/PhpEngine->evaluatePath('C://Users//user//M...', Array)
#12 C:/Users/user/MyFiles/ProgmiX/PEX-Form-main/vendor/laravel/framework/src/Illuminate/View/View.php(208): Illuminate/View/Engines/CompilerEngine->get('C://Users//user//M...', Array)
#13 C:/Users/user/MyFiles/ProgmiX/PEX-Form-main/vendor/laravel/framework/src/Illuminate/View/View.php(191): Illuminate/View/View->getContents()
#14 C:/Users/user/MyFiles/ProgmiX/PEX-Form-main/vendor/laravel/framework/src/Illuminate/View/View.php(160): Illuminate/View/View->renderContents()
#15 C:/Users/user/MyFiles/ProgmiX/PEX-Form-main/vendor/laravel/framework/src/Illuminate/Http/Response.php(78): Illuminate/View/View->render()
#16 C:/Users/user/MyFiles/ProgmiX/PEX-Form-main/vendor/laravel/framework/src/Illuminate/Http/Response.php(34): Illuminate/Http/Response->setContent(Object(Illuminate/View/View))
#17 C:/Users/user/MyFiles/ProgmiX/PEX-Form-main/vendor/laravel/framework/src/Illuminate/Routing/Router.php(939): Illuminate/Http/Response->__construct(Object(Illuminate/View/View), 200, Array)
#18 C:/Users/user/MyFiles/ProgmiX/PEX-Form-main/vendor/laravel/framework/src/Illuminate/Routing/Router.php(906): Illuminate/Routing/Router::toResponse(Object(Illuminate/Http/Request), Object(Illuminate/View/View))
#19 C:/Users/user/MyFiles/ProgmiX/PEX-Form-main/vendor/laravel/framework/src/Illuminate/Routing/Router.php(821): Illuminate/Routing/Router->prepareResponse(Object(Illuminate/Http/Request), Object(Illuminate/View/View))
#20 C:/Users/user/MyFiles/ProgmiX/PEX-Form-main/vendor/laravel/framework/src/Illuminate/Pipeline/Pipeline.php(180): Illuminate/Routing/Router->Illuminate/Routing/{closure}(Object(Illuminate/Http/Request))
#21 C:/Users/user/MyFiles/ProgmiX/PEX-Form-main/modules/Frontend/Http/Middleware/Locale.php(49): Illuminate/Pipeline/Pipeline->Illuminate/Pipeline/{closure}(Object(Illuminate/Http/Request))
#22 C:/Users/user/MyFiles/ProgmiX/PEX-Form-main/vendor/laravel/framework/src/Illuminate/Pipeline/Pipeline.php(219): Juzaweb/Frontend/Http/Middleware/Locale->handle(Object(Illuminate/Http/Request), Object(Closure))
#23 C:/Users/user/MyFiles/ProgmiX/PEX-Form-main/modules/Backend/Http/Middleware/SecurityHeaders.php(25): Illuminate/Pipeline/Pipeline->Illuminate/Pipeline/{closure}(Object(Illuminate/Http/Request))
#24 C:/Users/user/MyFiles/ProgmiX/PEX-Form-main/vendor/laravel/framework/src/Illuminate/Pipeline/Pipeline.php(219): Juzaweb/Backend/Http/Middleware/SecurityHeaders->handle(Object(Illuminate/Http/Request), Object(Closure))
#25 C:/Users/user/MyFiles/ProgmiX/PEX-Form-main/vendor/laravel/framework/src/Illuminate/Routing/Middleware/ThrottleRequests.php(166): Illuminate/Pipeline/Pipeline->Illuminate/Pipeline/{closure}(Object(Illuminate/Http/Request))
#26 C:/Users/user/MyFiles/ProgmiX/PEX-Form-main/vendor/laravel/framework/src/Illuminate/Routing/Middleware/ThrottleRequests.php(93): Illuminate/Routing/Middleware/ThrottleRequests->handleRequest(Object(Illuminate/Http/Request), Object(Closure), Array)
#27 C:/Users/user/MyFiles/ProgmiX/PEX-Form-main/vendor/laravel/framework/src/Illuminate/Pipeline/Pipeline.php(219): Illuminate/Routing/Middleware/ThrottleRequests->handle(Object(Illuminate/Http/Request), Object(Closure))
#28 C:/Users/user/MyFiles/ProgmiX/PEX-Form-main/modules/Backend/Http/Middleware/PathTraversal.php(57): Illuminate/Pipeline/Pipeline->Illuminate/Pipeline/{closure}(Object(Illuminate/Http/Request))
#29 C:/Users/user/MyFiles/ProgmiX/PEX-Form-main/vendor/laravel/framework/src/Illuminate/Pipeline/Pipeline.php(219): Juzaweb/Backend/Http/Middleware/PathTraversal->handle(Object(Illuminate/Http/Request), Object(Closure))
#30 C:/Users/user/MyFiles/ProgmiX/PEX-Form-main/modules/Backend/Http/Middleware/XssSanitization.php(44): Illuminate/Pipeline/Pipeline->Illuminate/Pipeline/{closure}(Object(Illuminate/Http/Request))
#31 C:/Users/user/MyFiles/ProgmiX/PEX-Form-main/vendor/laravel/framework/src/Illuminate/Pipeline/Pipeline.php(219): Juzaweb/Backend/Http/Middleware/XssSanitization->handle(Object(Illuminate/Http/Request), Object(Closure))
#32 C:/Users/user/MyFiles/ProgmiX/PEX-Form-main/vendor/spatie/laravel-csp/src/AddCspHeaders.php(13): Illuminate/Pipeline/Pipeline->Illuminate/Pipeline/{closure}(Object(Illuminate/Http/Request))
#33 C:/Users/user/MyFiles/ProgmiX/PEX-Form-main/vendor/laravel/framework/src/Illuminate/Pipeline/Pipeline.php(219): Spatie/Csp/AddCspHeaders->handle(Object(Illuminate/Http/Request), Object(Closure))
#34 C:/Users/user/MyFiles/ProgmiX/PEX-Form-main/vendor/barryvdh/laravel-debugbar/src/Middleware/InjectDebugbar.php(59): Illuminate/Pipeline/Pipeline->Illuminate/Pipeline/{closure}(Object(Illuminate/Http/Request))
#35 C:/Users/user/MyFiles/ProgmiX/PEX-Form-main/vendor/laravel/framework/src/Illuminate/Pipeline/Pipeline.php(219): Barryvdh/Debugbar/Middleware/InjectDebugbar->handle(Object(Illuminate/Http/Request), Object(Closure))
#36 C:/Users/user/MyFiles/ProgmiX/PEX-Form-main/modules/CMS/Http/Middleware/XFrameHeadersMiddleware.php(41): Illuminate/Pipeline/Pipeline->Illuminate/Pipeline/{closure}(Object(Illuminate/Http/Request))
#37 C:/Users/user/MyFiles/ProgmiX/PEX-Form-main/vendor/laravel/framework/src/Illuminate/Pipeline/Pipeline.php(219): Juzaweb/CMS/Http/Middleware/XFrameHeadersMiddleware->handle(Object(Illuminate/Http/Request), Object(Closure))
#38 C:/Users/user/MyFiles/ProgmiX/PEX-Form-main/vendor/laravel/framework/src/Illuminate/Routing/Middleware/SubstituteBindings.php(50): Illuminate/Pipeline/Pipeline->Illuminate/Pipeline/{closure}(Object(Illuminate/Http/Request))
#39 C:/Users/user/MyFiles/ProgmiX/PEX-Form-main/vendor/laravel/framework/src/Illuminate/Pipeline/Pipeline.php(219): Illuminate/Routing/Middleware/SubstituteBindings->handle(Object(Illuminate/Http/Request), Object(Closure))
#40 C:/Users/user/MyFiles/ProgmiX/PEX-Form-main/vendor/laravel/framework/src/Illuminate/Cookie/Middleware/AddQueuedCookiesToResponse.php(36): Illuminate/Pipeline/Pipeline->Illuminate/Pipeline/{closure}(Object(Illuminate/Http/Request))
#41 C:/Users/user/MyFiles/ProgmiX/PEX-Form-main/vendor/laravel/framework/src/Illuminate/Pipeline/Pipeline.php(219): Illuminate/Cookie/Middleware/AddQueuedCookiesToResponse->handle(Object(Illuminate/Http/Request), Object(Closure))
#42 C:/Users/user/MyFiles/ProgmiX/PEX-Form-main/vendor/laravel/framework/src/Illuminate/View/Middleware/ShareErrorsFromSession.php(48): Illuminate/Pipeline/Pipeline->Illuminate/Pipeline/{closure}(Object(Illuminate/Http/Request))
#43 C:/Users/user/MyFiles/ProgmiX/PEX-Form-main/modules/Backend/Http/Middleware/ShareErrorsUnlessBot.php(24): Illuminate/View/Middleware/ShareErrorsFromSession->handle(Object(Illuminate/Http/Request), Object(Closure))
#44 C:/Users/user/MyFiles/ProgmiX/PEX-Form-main/vendor/laravel/framework/src/Illuminate/Pipeline/Pipeline.php(219): Juzaweb/Backend/Http/Middleware/ShareErrorsUnlessBot->handle(Object(Illuminate/Http/Request), Object(Closure))
#45 C:/Users/user/MyFiles/ProgmiX/PEX-Form-main/vendor/laravel/framework/src/Illuminate/Session/Middleware/StartSession.php(120): Illuminate/Pipeline/Pipeline->Illuminate/Pipeline/{closure}(Object(Illuminate/Http/Request))
#46 C:/Users/user/MyFiles/ProgmiX/PEX-Form-main/vendor/laravel/framework/src/Illuminate/Session/Middleware/StartSession.php(63): Illuminate/Session/Middleware/StartSession->handleStatefulRequest(Object(Illuminate/Http/Request), Object(Illuminate/Session/Store), Object(Closure))
#47 C:/Users/user/MyFiles/ProgmiX/PEX-Form-main/modules/Backend/Http/Middleware/SkipSessionForBots.php(24): Illuminate/Session/Middleware/StartSession->handle(Object(Illuminate/Http/Request), Object(Closure))
#48 C:/Users/user/MyFiles/ProgmiX/PEX-Form-main/vendor/laravel/framework/src/Illuminate/Pipeline/Pipeline.php(219): Juzaweb/Backend/Http/Middleware/SkipSessionForBots->handle(Object(Illuminate/Http/Request), Object(Closure))
#49 C:/Users/user/MyFiles/ProgmiX/PEX-Form-main/vendor/laravel/framework/src/Illuminate/Cookie/Middleware/EncryptCookies.php(74): Illuminate/Pipeline/Pipeline->Illuminate/Pipeline/{closure}(Object(Illuminate/Http/Request))
#50 C:/Users/user/MyFiles/ProgmiX/PEX-Form-main/vendor/laravel/framework/src/Illuminate/Pipeline/Pipeline.php(219): Illuminate/Cookie/Middleware/EncryptCookies->handle(Object(Illuminate/Http/Request), Object(Closure))
#51 C:/Users/user/MyFiles/ProgmiX/PEX-Form-main/modules/CMS/Http/Middleware/GlobalMiddleware.php(11): Illuminate/Pipeline/Pipeline->Illuminate/Pipeline/{closure}(Object(Illuminate/Http/Request))
#52 C:/Users/user/MyFiles/ProgmiX/PEX-Form-main/vendor/laravel/framework/src/Illuminate/Pipeline/Pipeline.php(219): Juzaweb/CMS/Http/Middleware/GlobalMiddleware->handle(Object(Illuminate/Http/Request), Object(Closure))
#53 C:/Users/user/MyFiles/ProgmiX/PEX-Form-main/modules/Backend/Http/Middleware/DisableSessionForBots.php(30): Illuminate/Pipeline/Pipeline->Illuminate/Pipeline/{closure}(Object(Illuminate/Http/Request))
#54 C:/Users/user/MyFiles/ProgmiX/PEX-Form-main/vendor/laravel/framework/src/Illuminate/Pipeline/Pipeline.php(219): Juzaweb/Backend/Http/Middleware/DisableSessionForBots->handle(Object(Illuminate/Http/Request), Object(Closure))
#55 C:/Users/user/MyFiles/ProgmiX/PEX-Form-main/vendor/laravel/framework/src/Illuminate/Pipeline/Pipeline.php(137): Illuminate/Pipeline/Pipeline->Illuminate/Pipeline/{closure}(Object(Illuminate/Http/Request))
#56 C:/Users/user/MyFiles/ProgmiX/PEX-Form-main/vendor/laravel/framework/src/Illuminate/Routing/Router.php(821): Illuminate/Pipeline/Pipeline->then(Object(Closure))
#57 C:/Users/user/MyFiles/ProgmiX/PEX-Form-main/vendor/laravel/framework/src/Illuminate/Routing/Router.php(800): Illuminate/Routing/Router->runRouteWithinStack(Object(Illuminate/Routing/Route), Object(Illuminate/Http/Request))
#58 C:/Users/user/MyFiles/ProgmiX/PEX-Form-main/vendor/laravel/framework/src/Illuminate/Routing/Router.php(764): Illuminate/Routing/Router->runRoute(Object(Illuminate/Http/Request), Object(Illuminate/Routing/Route))
#59 C:/Users/user/MyFiles/ProgmiX/PEX-Form-main/vendor/laravel/framework/src/Illuminate/Routing/Router.php(753): Illuminate/Routing/Router->dispatchToRoute(Object(Illuminate/Http/Request))
#60 C:/Users/user/MyFiles/ProgmiX/PEX-Form-main/vendor/laravel/framework/src/Illuminate/Foundation/Http/Kernel.php(200): Illuminate/Routing/Router->dispatch(Object(Illuminate/Http/Request))
#61 C:/Users/user/MyFiles/ProgmiX/PEX-Form-main/vendor/laravel/framework/src/Illuminate/Pipeline/Pipeline.php(180): Illuminate/Foundation/Http/Kernel->Illuminate/Foundation/Http/{closure}(Object(Illuminate/Http/Request))
#62 C:/Users/user/MyFiles/ProgmiX/PEX-Form-main/vendor/barryvdh/laravel-debugbar/src/Middleware/InjectDebugbar.php(59): Illuminate/Pipeline/Pipeline->Illuminate/Pipeline/{closure}(Object(Illuminate/Http/Request))
#63 C:/Users/user/MyFiles/ProgmiX/PEX-Form-main/vendor/laravel/framework/src/Illuminate/Pipeline/Pipeline.php(219): Barryvdh/Debugbar/Middleware/InjectDebugbar->handle(Object(Illuminate/Http/Request), Object(Closure))
#64 C:/Users/user/MyFiles/ProgmiX/PEX-Form-main/modules/Backend/Http/Middleware/BlockIpMiddleware.php(31): Illuminate/Pipeline/Pipeline->Illuminate/Pipeline/{closure}(Object(Illuminate/Http/Request))
#65 C:/Users/user/MyFiles/ProgmiX/PEX-Form-main/vendor/laravel/framework/src/Illuminate/Pipeline/Pipeline.php(219): Juzaweb/Backend/Http/Middleware/BlockIpMiddleware->handle(Object(Illuminate/Http/Request), Object(Closure))
#66 C:/Users/user/MyFiles/ProgmiX/PEX-Form-main/modules/Backend/Http/Middleware/SecurityHeaders.php(25): Illuminate/Pipeline/Pipeline->Illuminate/Pipeline/{closure}(Object(Illuminate/Http/Request))
#67 C:/Users/user/MyFiles/ProgmiX/PEX-Form-main/vendor/laravel/framework/src/Illuminate/Pipeline/Pipeline.php(219): Juzaweb/Backend/Http/Middleware/SecurityHeaders->handle(Object(Illuminate/Http/Request), Object(Closure))
#68 C:/Users/user/MyFiles/ProgmiX/PEX-Form-main/vendor/laravel/framework/src/Illuminate/Foundation/Http/Middleware/TransformsRequest.php(21): Illuminate/Pipeline/Pipeline->Illuminate/Pipeline/{closure}(Object(Illuminate/Http/Request))
#69 C:/Users/user/MyFiles/ProgmiX/PEX-Form-main/vendor/laravel/framework/src/Illuminate/Foundation/Http/Middleware/ConvertEmptyStringsToNull.php(31): Illuminate/Foundation/Http/Middleware/TransformsRequest->handle(Object(Illuminate/Http/Request), Object(Closure))
#70 C:/Users/user/MyFiles/ProgmiX/PEX-Form-main/vendor/laravel/framework/src/Illuminate/Pipeline/Pipeline.php(219): Illuminate/Foundation/Http/Middleware/ConvertEmptyStringsToNull->handle(Object(Illuminate/Http/Request), Object(Closure))
#71 C:/Users/user/MyFiles/ProgmiX/PEX-Form-main/vendor/laravel/framework/src/Illuminate/Foundation/Http/Middleware/TransformsRequest.php(21): Illuminate/Pipeline/Pipeline->Illuminate/Pipeline/{closure}(Object(Illuminate/Http/Request))
#72 C:/Users/user/MyFiles/ProgmiX/PEX-Form-main/vendor/laravel/framework/src/Illuminate/Foundation/Http/Middleware/TrimStrings.php(51): Illuminate/Foundation/Http/Middleware/TransformsRequest->handle(Object(Illuminate/Http/Request), Object(Closure))
#73 C:/Users/user/MyFiles/ProgmiX/PEX-Form-main/vendor/laravel/framework/src/Illuminate/Pipeline/Pipeline.php(219): Illuminate/Foundation/Http/Middleware/TrimStrings->handle(Object(Illuminate/Http/Request), Object(Closure))
#74 C:/Users/user/MyFiles/ProgmiX/PEX-Form-main/vendor/laravel/framework/src/Illuminate/Http/Middleware/ValidatePostSize.php(27): Illuminate/Pipeline/Pipeline->Illuminate/Pipeline/{closure}(Object(Illuminate/Http/Request))
#75 C:/Users/user/MyFiles/ProgmiX/PEX-Form-main/vendor/laravel/framework/src/Illuminate/Pipeline/Pipeline.php(219): Illuminate/Http/Middleware/ValidatePostSize->handle(Object(Illuminate/Http/Request), Object(Closure))
#76 C:/Users/user/MyFiles/ProgmiX/PEX-Form-main/vendor/laravel/framework/src/Illuminate/Foundation/Http/Middleware/PreventRequestsDuringMaintenance.php(109): Illuminate/Pipeline/Pipeline->Illuminate/Pipeline/{closure}(Object(Illuminate/Http/Request))
#77 C:/Users/user/MyFiles/ProgmiX/PEX-Form-main/vendor/laravel/framework/src/Illuminate/Pipeline/Pipeline.php(219): Illuminate/Foundation/Http/Middleware/PreventRequestsDuringMaintenance->handle(Object(Illuminate/Http/Request), Object(Closure))
#78 C:/Users/user/MyFiles/ProgmiX/PEX-Form-main/vendor/laravel/framework/src/Illuminate/Http/Middleware/HandleCors.php(61): Illuminate/Pipeline/Pipeline->Illuminate/Pipeline/{closure}(Object(Illuminate/Http/Request))
#79 C:/Users/user/MyFiles/ProgmiX/PEX-Form-main/vendor/laravel/framework/src/Illuminate/Pipeline/Pipeline.php(219): Illuminate/Http/Middleware/HandleCors->handle(Object(Illuminate/Http/Request), Object(Closure))
#80 C:/Users/user/MyFiles/ProgmiX/PEX-Form-main/vendor/laravel/framework/src/Illuminate/Http/Middleware/TrustProxies.php(58): Illuminate/Pipeline/Pipeline->Illuminate/Pipeline/{closure}(Object(Illuminate/Http/Request))
#81 C:/Users/user/MyFiles/ProgmiX/PEX-Form-main/vendor/laravel/framework/src/Illuminate/Pipeline/Pipeline.php(219): Illuminate/Http/Middleware/TrustProxies->handle(Object(Illuminate/Http/Request), Object(Closure))
#82 C:/Users/user/MyFiles/ProgmiX/PEX-Form-main/vendor/laravel/framework/src/Illuminate/Pipeline/Pipeline.php(137): Illuminate/Pipeline/Pipeline->Illuminate/Pipeline/{closure}(Object(Illuminate/Http/Request))
#83 C:/Users/user/MyFiles/ProgmiX/PEX-Form-main/vendor/laravel/framework/src/Illuminate/Foundation/Http/Kernel.php(175): Illuminate/Pipeline/Pipeline->then(Object(Closure))
#84 C:/Users/user/MyFiles/ProgmiX/PEX-Form-main/vendor/laravel/framework/src/Illuminate/Foundation/Http/Kernel.php(144): Illuminate/Foundation/Http/Kernel->sendRequestThroughRouter(Object(Illuminate/Http/Request))
#85 C:/Users/user/MyFiles/ProgmiX/PEX-Form-main/public/index.php(51): Illuminate/Foundation/Http/Kernel->handle(Object(Illuminate/Http/Request))
#86 C:/Users/user/MyFiles/ProgmiX/PEX-Form-main/vendor/laravel/framework/src/Illuminate/Foundation/resources/server.php(23): require_once('C://Users//user//M...')
#87 {main}

[previous exception] [object] (ErrorException(code: 0): Undefined variable $agendaData at C:/Users/user/MyFiles/ProgmiX/PEX-Form-main/storage/framework/views/e957588816674c7d6bc884ad75301905.php:13)
[stacktrace]
#0 C:/Users/user/MyFiles/ProgmiX/PEX-Form-main/vendor/laravel/framework/src/Illuminate/Foundation/Bootstrap/HandleExceptions.php(262): Illuminate/Foundation/Bootstrap/HandleExceptions->handleError(2, 'Undefined varia...', 'C://Users//user//M...', 13)
#1 C:/Users/user/MyFiles/ProgmiX/PEX-Form-main/storage/framework/views/e957588816674c7d6bc884ad75301905.php(13): Illuminate/Foundation/Bootstrap/HandleExceptions->Illuminate/Foundation/Bootstrap/{closure}(2, 'Undefined varia...', 'C://Users//user//M...', 13)
#2 C:/Users/user/MyFiles/ProgmiX/PEX-Form-main/vendor/laravel/framework/src/Illuminate/Filesystem/Filesystem.php(123): require('C://Users//user//M...')
#3 C:/Users/user/MyFiles/ProgmiX/PEX-Form-main/vendor/laravel/framework/src/Illuminate/Filesystem/Filesystem.php(124): Illuminate/Filesystem/Filesystem::Illuminate/Filesystem/{closure}()
#4 C:/Users/user/MyFiles/ProgmiX/PEX-Form-main/vendor/laravel/framework/src/Illuminate/View/Engines/PhpEngine.php(57): Illuminate/Filesystem/Filesystem->getRequire('C://Users//user//M...', Array)
#5 C:/Users/user/MyFiles/ProgmiX/PEX-Form-main/vendor/laravel/framework/src/Illuminate/View/Engines/CompilerEngine.php(76): Illuminate/View/Engines/PhpEngine->evaluatePath('C://Users//user//M...', Array)
#6 C:/Users/user/MyFiles/ProgmiX/PEX-Form-main/vendor/laravel/framework/src/Illuminate/View/View.php(208): Illuminate/View/Engines/CompilerEngine->get('C://Users//user//M...', Array)
#7 C:/Users/user/MyFiles/ProgmiX/PEX-Form-main/vendor/laravel/framework/src/Illuminate/View/View.php(191): Illuminate/View/View->getContents()
#8 C:/Users/user/MyFiles/ProgmiX/PEX-Form-main/vendor/laravel/framework/src/Illuminate/View/View.php(160): Illuminate/View/View->renderContents()
#9 C:/Users/user/MyFiles/ProgmiX/PEX-Form-main/storage/framework/views/078e945ecbf82d678121cbf4f8650dce.php(1): Illuminate/View/View->render()
#10 C:/Users/user/MyFiles/ProgmiX/PEX-Form-main/vendor/laravel/framework/src/Illuminate/Filesystem/Filesystem.php(123): require('C://Users//user//M...')
#11 C:/Users/user/MyFiles/ProgmiX/PEX-Form-main/vendor/laravel/framework/src/Illuminate/Filesystem/Filesystem.php(124): Illuminate/Filesystem/Filesystem::Illuminate/Filesystem/{closure}()
#12 C:/Users/user/MyFiles/ProgmiX/PEX-Form-main/vendor/laravel/framework/src/Illuminate/View/Engines/PhpEngine.php(57): Illuminate/Filesystem/Filesystem->getRequire('C://Users//user//M...', Array)
#13 C:/Users/user/MyFiles/ProgmiX/PEX-Form-main/vendor/laravel/framework/src/Illuminate/View/Engines/CompilerEngine.php(76): Illuminate/View/Engines/PhpEngine->evaluatePath('C://Users//user//M...', Array)
#14 C:/Users/user/MyFiles/ProgmiX/PEX-Form-main/vendor/laravel/framework/src/Illuminate/View/View.php(208): Illuminate/View/Engines/CompilerEngine->get('C://Users//user//M...', Array)
#15 C:/Users/user/MyFiles/ProgmiX/PEX-Form-main/vendor/laravel/framework/src/Illuminate/View/View.php(191): Illuminate/View/View->getContents()
#16 C:/Users/user/MyFiles/ProgmiX/PEX-Form-main/vendor/laravel/framework/src/Illuminate/View/View.php(160): Illuminate/View/View->renderContents()
#17 C:/Users/user/MyFiles/ProgmiX/PEX-Form-main/vendor/laravel/framework/src/Illuminate/Http/Response.php(78): Illuminate/View/View->render()
#18 C:/Users/user/MyFiles/ProgmiX/PEX-Form-main/vendor/laravel/framework/src/Illuminate/Http/Response.php(34): Illuminate/Http/Response->setContent(Object(Illuminate/View/View))
#19 C:/Users/user/MyFiles/ProgmiX/PEX-Form-main/vendor/laravel/framework/src/Illuminate/Routing/Router.php(939): Illuminate/Http/Response->__construct(Object(Illuminate/View/View), 200, Array)
#20 C:/Users/user/MyFiles/ProgmiX/PEX-Form-main/vendor/laravel/framework/src/Illuminate/Routing/Router.php(906): Illuminate/Routing/Router::toResponse(Object(Illuminate/Http/Request), Object(Illuminate/View/View))
#21 C:/Users/user/MyFiles/ProgmiX/PEX-Form-main/vendor/laravel/framework/src/Illuminate/Routing/Router.php(821): Illuminate/Routing/Router->prepareResponse(Object(Illuminate/Http/Request), Object(Illuminate/View/View))
#22 C:/Users/user/MyFiles/ProgmiX/PEX-Form-main/vendor/laravel/framework/src/Illuminate/Pipeline/Pipeline.php(180): Illuminate/Routing/Router->Illuminate/Routing/{closure}(Object(Illuminate/Http/Request))
#23 C:/Users/user/MyFiles/ProgmiX/PEX-Form-main/modules/Frontend/Http/Middleware/Locale.php(49): Illuminate/Pipeline/Pipeline->Illuminate/Pipeline/{closure}(Object(Illuminate/Http/Request))
#24 C:/Users/user/MyFiles/ProgmiX/PEX-Form-main/vendor/laravel/framework/src/Illuminate/Pipeline/Pipeline.php(219): Juzaweb/Frontend/Http/Middleware/Locale->handle(Object(Illuminate/Http/Request), Object(Closure))
#25 C:/Users/user/MyFiles/ProgmiX/PEX-Form-main/modules/Backend/Http/Middleware/SecurityHeaders.php(25): Illuminate/Pipeline/Pipeline->Illuminate/Pipeline/{closure}(Object(Illuminate/Http/Request))
#26 C:/Users/user/MyFiles/ProgmiX/PEX-Form-main/vendor/laravel/framework/src/Illuminate/Pipeline/Pipeline.php(219): Juzaweb/Backend/Http/Middleware/SecurityHeaders->handle(Object(Illuminate/Http/Request), Object(Closure))
#27 C:/Users/user/MyFiles/ProgmiX/PEX-Form-main/vendor/laravel/framework/src/Illuminate/Routing/Middleware/ThrottleRequests.php(166): Illuminate/Pipeline/Pipeline->Illuminate/Pipeline/{closure}(Object(Illuminate/Http/Request))
#28 C:/Users/user/MyFiles/ProgmiX/PEX-Form-main/vendor/laravel/framework/src/Illuminate/Routing/Middleware/ThrottleRequests.php(93): Illuminate/Routing/Middleware/ThrottleRequests->handleRequest(Object(Illuminate/Http/Request), Object(Closure), Array)
#29 C:/Users/user/MyFiles/ProgmiX/PEX-Form-main/vendor/laravel/framework/src/Illuminate/Pipeline/Pipeline.php(219): Illuminate/Routing/Middleware/ThrottleRequests->handle(Object(Illuminate/Http/Request), Object(Closure))
#30 C:/Users/user/MyFiles/ProgmiX/PEX-Form-main/modules/Backend/Http/Middleware/PathTraversal.php(57): Illuminate/Pipeline/Pipeline->Illuminate/Pipeline/{closure}(Object(Illuminate/Http/Request))
#31 C:/Users/user/MyFiles/ProgmiX/PEX-Form-main/vendor/laravel/framework/src/Illuminate/Pipeline/Pipeline.php(219): Juzaweb/Backend/Http/Middleware/PathTraversal->handle(Object(Illuminate/Http/Request), Object(Closure))
#32 C:/Users/user/MyFiles/ProgmiX/PEX-Form-main/modules/Backend/Http/Middleware/XssSanitization.php(44): Illuminate/Pipeline/Pipeline->Illuminate/Pipeline/{closure}(Object(Illuminate/Http/Request))
#33 C:/Users/user/MyFiles/ProgmiX/PEX-Form-main/vendor/laravel/framework/src/Illuminate/Pipeline/Pipeline.php(219): Juzaweb/Backend/Http/Middleware/XssSanitization->handle(Object(Illuminate/Http/Request), Object(Closure))
#34 C:/Users/user/MyFiles/ProgmiX/PEX-Form-main/vendor/spatie/laravel-csp/src/AddCspHeaders.php(13): Illuminate/Pipeline/Pipeline->Illuminate/Pipeline/{closure}(Object(Illuminate/Http/Request))
#35 C:/Users/user/MyFiles/ProgmiX/PEX-Form-main/vendor/laravel/framework/src/Illuminate/Pipeline/Pipeline.php(219): Spatie/Csp/AddCspHeaders->handle(Object(Illuminate/Http/Request), Object(Closure))
#36 C:/Users/user/MyFiles/ProgmiX/PEX-Form-main/vendor/barryvdh/laravel-debugbar/src/Middleware/InjectDebugbar.php(59): Illuminate/Pipeline/Pipeline->Illuminate/Pipeline/{closure}(Object(Illuminate/Http/Request))
#37 C:/Users/user/MyFiles/ProgmiX/PEX-Form-main/vendor/laravel/framework/src/Illuminate/Pipeline/Pipeline.php(219): Barryvdh/Debugbar/Middleware/InjectDebugbar->handle(Object(Illuminate/Http/Request), Object(Closure))
#38 C:/Users/user/MyFiles/ProgmiX/PEX-Form-main/modules/CMS/Http/Middleware/XFrameHeadersMiddleware.php(41): Illuminate/Pipeline/Pipeline->Illuminate/Pipeline/{closure}(Object(Illuminate/Http/Request))
#39 C:/Users/user/MyFiles/ProgmiX/PEX-Form-main/vendor/laravel/framework/src/Illuminate/Pipeline/Pipeline.php(219): Juzaweb/CMS/Http/Middleware/XFrameHeadersMiddleware->handle(Object(Illuminate/Http/Request), Object(Closure))
#40 C:/Users/user/MyFiles/ProgmiX/PEX-Form-main/vendor/laravel/framework/src/Illuminate/Routing/Middleware/SubstituteBindings.php(50): Illuminate/Pipeline/Pipeline->Illuminate/Pipeline/{closure}(Object(Illuminate/Http/Request))
#41 C:/Users/user/MyFiles/ProgmiX/PEX-Form-main/vendor/laravel/framework/src/Illuminate/Pipeline/Pipeline.php(219): Illuminate/Routing/Middleware/SubstituteBindings->handle(Object(Illuminate/Http/Request), Object(Closure))
#42 C:/Users/user/MyFiles/ProgmiX/PEX-Form-main/vendor/laravel/framework/src/Illuminate/Cookie/Middleware/AddQueuedCookiesToResponse.php(36): Illuminate/Pipeline/Pipeline->Illuminate/Pipeline/{closure}(Object(Illuminate/Http/Request))
#43 C:/Users/user/MyFiles/ProgmiX/PEX-Form-main/vendor/laravel/framework/src/Illuminate/Pipeline/Pipeline.php(219): Illuminate/Cookie/Middleware/AddQueuedCookiesToResponse->handle(Object(Illuminate/Http/Request), Object(Closure))
#44 C:/Users/user/MyFiles/ProgmiX/PEX-Form-main/vendor/laravel/framework/src/Illuminate/View/Middleware/ShareErrorsFromSession.php(48): Illuminate/Pipeline/Pipeline->Illuminate/Pipeline/{closure}(Object(Illuminate/Http/Request))
#45 C:/Users/user/MyFiles/ProgmiX/PEX-Form-main/modules/Backend/Http/Middleware/ShareErrorsUnlessBot.php(24): Illuminate/View/Middleware/ShareErrorsFromSession->handle(Object(Illuminate/Http/Request), Object(Closure))
#46 C:/Users/user/MyFiles/ProgmiX/PEX-Form-main/vendor/laravel/framework/src/Illuminate/Pipeline/Pipeline.php(219): Juzaweb/Backend/Http/Middleware/ShareErrorsUnlessBot->handle(Object(Illuminate/Http/Request), Object(Closure))
#47 C:/Users/user/MyFiles/ProgmiX/PEX-Form-main/vendor/laravel/framework/src/Illuminate/Session/Middleware/StartSession.php(120): Illuminate/Pipeline/Pipeline->Illuminate/Pipeline/{closure}(Object(Illuminate/Http/Request))
#48 C:/Users/user/MyFiles/ProgmiX/PEX-Form-main/vendor/laravel/framework/src/Illuminate/Session/Middleware/StartSession.php(63): Illuminate/Session/Middleware/StartSession->handleStatefulRequest(Object(Illuminate/Http/Request), Object(Illuminate/Session/Store), Object(Closure))
#49 C:/Users/user/MyFiles/ProgmiX/PEX-Form-main/modules/Backend/Http/Middleware/SkipSessionForBots.php(24): Illuminate/Session/Middleware/StartSession->handle(Object(Illuminate/Http/Request), Object(Closure))
#50 C:/Users/user/MyFiles/ProgmiX/PEX-Form-main/vendor/laravel/framework/src/Illuminate/Pipeline/Pipeline.php(219): Juzaweb/Backend/Http/Middleware/SkipSessionForBots->handle(Object(Illuminate/Http/Request), Object(Closure))
#51 C:/Users/user/MyFiles/ProgmiX/PEX-Form-main/vendor/laravel/framework/src/Illuminate/Cookie/Middleware/EncryptCookies.php(74): Illuminate/Pipeline/Pipeline->Illuminate/Pipeline/{closure}(Object(Illuminate/Http/Request))
#52 C:/Users/user/MyFiles/ProgmiX/PEX-Form-main/vendor/laravel/framework/src/Illuminate/Pipeline/Pipeline.php(219): Illuminate/Cookie/Middleware/EncryptCookies->handle(Object(Illuminate/Http/Request), Object(Closure))
#53 C:/Users/user/MyFiles/ProgmiX/PEX-Form-main/modules/CMS/Http/Middleware/GlobalMiddleware.php(11): Illuminate/Pipeline/Pipeline->Illuminate/Pipeline/{closure}(Object(Illuminate/Http/Request))
#54 C:/Users/user/MyFiles/ProgmiX/PEX-Form-main/vendor/laravel/framework/src/Illuminate/Pipeline/Pipeline.php(219): Juzaweb/CMS/Http/Middleware/GlobalMiddleware->handle(Object(Illuminate/Http/Request), Object(Closure))
#55 C:/Users/user/MyFiles/ProgmiX/PEX-Form-main/modules/Backend/Http/Middleware/DisableSessionForBots.php(30): Illuminate/Pipeline/Pipeline->Illuminate/Pipeline/{closure}(Object(Illuminate/Http/Request))
#56 C:/Users/user/MyFiles/ProgmiX/PEX-Form-main/vendor/laravel/framework/src/Illuminate/Pipeline/Pipeline.php(219): Juzaweb/Backend/Http/Middleware/DisableSessionForBots->handle(Object(Illuminate/Http/Request), Object(Closure))
#57 C:/Users/user/MyFiles/ProgmiX/PEX-Form-main/vendor/laravel/framework/src/Illuminate/Pipeline/Pipeline.php(137): Illuminate/Pipeline/Pipeline->Illuminate/Pipeline/{closure}(Object(Illuminate/Http/Request))
#58 C:/Users/user/MyFiles/ProgmiX/PEX-Form-main/vendor/laravel/framework/src/Illuminate/Routing/Router.php(821): Illuminate/Pipeline/Pipeline->then(Object(Closure))
#59 C:/Users/user/MyFiles/ProgmiX/PEX-Form-main/vendor/laravel/framework/src/Illuminate/Routing/Router.php(800): Illuminate/Routing/Router->runRouteWithinStack(Object(Illuminate/Routing/Route), Object(Illuminate/Http/Request))
#60 C:/Users/user/MyFiles/ProgmiX/PEX-Form-main/vendor/laravel/framework/src/Illuminate/Routing/Router.php(764): Illuminate/Routing/Router->runRoute(Object(Illuminate/Http/Request), Object(Illuminate/Routing/Route))
#61 C:/Users/user/MyFiles/ProgmiX/PEX-Form-main/vendor/laravel/framework/src/Illuminate/Routing/Router.php(753): Illuminate/Routing/Router->dispatchToRoute(Object(Illuminate/Http/Request))
#62 C:/Users/user/MyFiles/ProgmiX/PEX-Form-main/vendor/laravel/framework/src/Illuminate/Foundation/Http/Kernel.php(200): Illuminate/Routing/Router->dispatch(Object(Illuminate/Http/Request))
#63 C:/Users/user/MyFiles/ProgmiX/PEX-Form-main/vendor/laravel/framework/src/Illuminate/Pipeline/Pipeline.php(180): Illuminate/Foundation/Http/Kernel->Illuminate/Foundation/Http/{closure}(Object(Illuminate/Http/Request))
#64 C:/Users/user/MyFiles/ProgmiX/PEX-Form-main/vendor/barryvdh/laravel-debugbar/src/Middleware/InjectDebugbar.php(59): Illuminate/Pipeline/Pipeline->Illuminate/Pipeline/{closure}(Object(Illuminate/Http/Request))
#65 C:/Users/user/MyFiles/ProgmiX/PEX-Form-main/vendor/laravel/framework/src/Illuminate/Pipeline/Pipeline.php(219): Barryvdh/Debugbar/Middleware/InjectDebugbar->handle(Object(Illuminate/Http/Request), Object(Closure))
#66 C:/Users/user/MyFiles/ProgmiX/PEX-Form-main/modules/Backend/Http/Middleware/BlockIpMiddleware.php(31): Illuminate/Pipeline/Pipeline->Illuminate/Pipeline/{closure}(Object(Illuminate/Http/Request))
#67 C:/Users/user/MyFiles/ProgmiX/PEX-Form-main/vendor/laravel/framework/src/Illuminate/Pipeline/Pipeline.php(219): Juzaweb/Backend/Http/Middleware/BlockIpMiddleware->handle(Object(Illuminate/Http/Request), Object(Closure))
#68 C:/Users/user/MyFiles/ProgmiX/PEX-Form-main/modules/Backend/Http/Middleware/SecurityHeaders.php(25): Illuminate/Pipeline/Pipeline->Illuminate/Pipeline/{closure}(Object(Illuminate/Http/Request))
#69 C:/Users/user/MyFiles/ProgmiX/PEX-Form-main/vendor/laravel/framework/src/Illuminate/Pipeline/Pipeline.php(219): Juzaweb/Backend/Http/Middleware/SecurityHeaders->handle(Object(Illuminate/Http/Request), Object(Closure))
#70 C:/Users/user/MyFiles/ProgmiX/PEX-Form-main/vendor/laravel/framework/src/Illuminate/Foundation/Http/Middleware/TransformsRequest.php(21): Illuminate/Pipeline/Pipeline->Illuminate/Pipeline/{closure}(Object(Illuminate/Http/Request))
#71 C:/Users/user/MyFiles/ProgmiX/PEX-Form-main/vendor/laravel/framework/src/Illuminate/Foundation/Http/Middleware/ConvertEmptyStringsToNull.php(31): Illuminate/Foundation/Http/Middleware/TransformsRequest->handle(Object(Illuminate/Http/Request), Object(Closure))
#72 C:/Users/user/MyFiles/ProgmiX/PEX-Form-main/vendor/laravel/framework/src/Illuminate/Pipeline/Pipeline.php(219): Illuminate/Foundation/Http/Middleware/ConvertEmptyStringsToNull->handle(Object(Illuminate/Http/Request), Object(Closure))
#73 C:/Users/user/MyFiles/ProgmiX/PEX-Form-main/vendor/laravel/framework/src/Illuminate/Foundation/Http/Middleware/TransformsRequest.php(21): Illuminate/Pipeline/Pipeline->Illuminate/Pipeline/{closure}(Object(Illuminate/Http/Request))
#74 C:/Users/user/MyFiles/ProgmiX/PEX-Form-main/vendor/laravel/framework/src/Illuminate/Foundation/Http/Middleware/TrimStrings.php(51): Illuminate/Foundation/Http/Middleware/TransformsRequest->handle(Object(Illuminate/Http/Request), Object(Closure))
#75 C:/Users/user/MyFiles/ProgmiX/PEX-Form-main/vendor/laravel/framework/src/Illuminate/Pipeline/Pipeline.php(219): Illuminate/Foundation/Http/Middleware/TrimStrings->handle(Object(Illuminate/Http/Request), Object(Closure))
#76 C:/Users/user/MyFiles/ProgmiX/PEX-Form-main/vendor/laravel/framework/src/Illuminate/Http/Middleware/ValidatePostSize.php(27): Illuminate/Pipeline/Pipeline->Illuminate/Pipeline/{closure}(Object(Illuminate/Http/Request))
#77 C:/Users/user/MyFiles/ProgmiX/PEX-Form-main/vendor/laravel/framework/src/Illuminate/Pipeline/Pipeline.php(219): Illuminate/Http/Middleware/ValidatePostSize->handle(Object(Illuminate/Http/Request), Object(Closure))
#78 C:/Users/user/MyFiles/ProgmiX/PEX-Form-main/vendor/laravel/framework/src/Illuminate/Foundation/Http/Middleware/PreventRequestsDuringMaintenance.php(109): Illuminate/Pipeline/Pipeline->Illuminate/Pipeline/{closure}(Object(Illuminate/Http/Request))
#79 C:/Users/user/MyFiles/ProgmiX/PEX-Form-main/vendor/laravel/framework/src/Illuminate/Pipeline/Pipeline.php(219): Illuminate/Foundation/Http/Middleware/PreventRequestsDuringMaintenance->handle(Object(Illuminate/Http/Request), Object(Closure))
#80 C:/Users/user/MyFiles/ProgmiX/PEX-Form-main/vendor/laravel/framework/src/Illuminate/Http/Middleware/HandleCors.php(61): Illuminate/Pipeline/Pipeline->Illuminate/Pipeline/{closure}(Object(Illuminate/Http/Request))
#81 C:/Users/user/MyFiles/ProgmiX/PEX-Form-main/vendor/laravel/framework/src/Illuminate/Pipeline/Pipeline.php(219): Illuminate/Http/Middleware/HandleCors->handle(Object(Illuminate/Http/Request), Object(Closure))
#82 C:/Users/user/MyFiles/ProgmiX/PEX-Form-main/vendor/laravel/framework/src/Illuminate/Http/Middleware/TrustProxies.php(58): Illuminate/Pipeline/Pipeline->Illuminate/Pipeline/{closure}(Object(Illuminate/Http/Request))
#83 C:/Users/user/MyFiles/ProgmiX/PEX-Form-main/vendor/laravel/framework/src/Illuminate/Pipeline/Pipeline.php(219): Illuminate/Http/Middleware/TrustProxies->handle(Object(Illuminate/Http/Request), Object(Closure))
#84 C:/Users/user/MyFiles/ProgmiX/PEX-Form-main/vendor/laravel/framework/src/Illuminate/Pipeline/Pipeline.php(137): Illuminate/Pipeline/Pipeline->Illuminate/Pipeline/{closure}(Object(Illuminate/Http/Request))
#85 C:/Users/user/MyFiles/ProgmiX/PEX-Form-main/vendor/laravel/framework/src/Illuminate/Foundation/Http/Kernel.php(175): Illuminate/Pipeline/Pipeline->then(Object(Closure))
#86 C:/Users/user/MyFiles/ProgmiX/PEX-Form-main/vendor/laravel/framework/src/Illuminate/Foundation/Http/Kernel.php(144): Illuminate/Foundation/Http/Kernel->sendRequestThroughRouter(Object(Illuminate/Http/Request))
#87 C:/Users/user/MyFiles/ProgmiX/PEX-Form-main/public/index.php(51): Illuminate/Foundation/Http/Kernel->handle(Object(Illuminate/Http/Request))
#88 C:/Users/user/MyFiles/ProgmiX/PEX-Form-main/vendor/laravel/framework/src/Illuminate/Foundation/resources/server.php(23): require_once('C://Users//user//M...')
#89 {main}
"} 
[2026-09-21 15:44:22] local.ERROR: Undefined variable $agendaData {"userId":1,"exception":"[object] (Spatie\\LaravelIgnition\\Exceptions\\ViewException(code: 0): Undefined variable $agendaData at C:/Users/user/MyFiles/ProgmiX/PEX-Form-main/modules/Frontend/resources/views/templates/homepage/pex/agenda.blade.php:13)
[stacktrace]
#0 C:/Users/user/MyFiles/ProgmiX/PEX-Form-main/vendor/laravel/framework/src/Illuminate/Filesystem/Filesystem.php(123): require('C://Users//user//M...')
#1 C:/Users/user/MyFiles/ProgmiX/PEX-Form-main/vendor/laravel/framework/src/Illuminate/Filesystem/Filesystem.php(124): Illuminate/Filesystem/Filesystem::Illuminate/Filesystem/{closure}()
#2 C:/Users/user/MyFiles/ProgmiX/PEX-Form-main/vendor/laravel/framework/src/Illuminate/View/Engines/PhpEngine.php(57): Illuminate/Filesystem/Filesystem->getRequire('C://Users//user//M...', Array)
#3 C:/Users/user/MyFiles/ProgmiX/PEX-Form-main/vendor/laravel/framework/src/Illuminate/View/Engines/CompilerEngine.php(76): Illuminate/View/Engines/PhpEngine->evaluatePath('C://Users//user//M...', Array)
#4 C:/Users/user/MyFiles/ProgmiX/PEX-Form-main/vendor/laravel/framework/src/Illuminate/View/View.php(208): Illuminate/View/Engines/CompilerEngine->get('C://Users//user//M...', Array)
#5 C:/Users/user/MyFiles/ProgmiX/PEX-Form-main/vendor/laravel/framework/src/Illuminate/View/View.php(191): Illuminate/View/View->getContents()
#6 C:/Users/user/MyFiles/ProgmiX/PEX-Form-main/vendor/laravel/framework/src/Illuminate/View/View.php(160): Illuminate/View/View->renderContents()
#7 C:/Users/user/MyFiles/ProgmiX/PEX-Form-main/modules/Frontend/resources/views/home.blade.php(1): Illuminate/View/View->render()
#8 C:/Users/user/MyFiles/ProgmiX/PEX-Form-main/vendor/laravel/framework/src/Illuminate/Filesystem/Filesystem.php(123): require('C://Users//user//M...')
#9 C:/Users/user/MyFiles/ProgmiX/PEX-Form-main/vendor/laravel/framework/src/Illuminate/Filesystem/Filesystem.php(124): Illuminate/Filesystem/Filesystem::Illuminate/Filesystem/{closure}()
#10 C:/Users/user/MyFiles/ProgmiX/PEX-Form-main/vendor/laravel/framework/src/Illuminate/View/Engines/PhpEngine.php(57): Illuminate/Filesystem/Filesystem->getRequire('C://Users//user//M...', Array)
#11 C:/Users/user/MyFiles/ProgmiX/PEX-Form-main/vendor/laravel/framework/src/Illuminate/View/Engines/CompilerEngine.php(76): Illuminate/View/Engines/PhpEngine->evaluatePath('C://Users//user//M...', Array)
#12 C:/Users/user/MyFiles/ProgmiX/PEX-Form-main/vendor/laravel/framework/src/Illuminate/View/View.php(208): Illuminate/View/Engines/CompilerEngine->get('C://Users//user//M...', Array)
#13 C:/Users/user/MyFiles/ProgmiX/PEX-Form-main/vendor/laravel/framework/src/Illuminate/View/View.php(191): Illuminate/View/View->getContents()
#14 C:/Users/user/MyFiles/ProgmiX/PEX-Form-main/vendor/laravel/framework/src/Illuminate/View/View.php(160): Illuminate/View/View->renderContents()
#15 C:/Users/user/MyFiles/ProgmiX/PEX-Form-main/vendor/laravel/framework/src/Illuminate/Http/Response.php(78): Illuminate/View/View->render()
#16 C:/Users/user/MyFiles/ProgmiX/PEX-Form-main/vendor/laravel/framework/src/Illuminate/Http/Response.php(34): Illuminate/Http/Response->setContent(Object(Illuminate/View/View))
#17 C:/Users/user/MyFiles/ProgmiX/PEX-Form-main/vendor/laravel/framework/src/Illuminate/Routing/Router.php(939): Illuminate/Http/Response->__construct(Object(Illuminate/View/View), 200, Array)
#18 C:/Users/user/MyFiles/ProgmiX/PEX-Form-main/vendor/laravel/framework/src/Illuminate/Routing/Router.php(906): Illuminate/Routing/Router::toResponse(Object(Illuminate/Http/Request), Object(Illuminate/View/View))
#19 C:/Users/user/MyFiles/ProgmiX/PEX-Form-main/vendor/laravel/framework/src/Illuminate/Routing/Router.php(821): Illuminate/Routing/Router->prepareResponse(Object(Illuminate/Http/Request), Object(Illuminate/View/View))
#20 C:/Users/user/MyFiles/ProgmiX/PEX-Form-main/vendor/laravel/framework/src/Illuminate/Pipeline/Pipeline.php(180): Illuminate/Routing/Router->Illuminate/Routing/{closure}(Object(Illuminate/Http/Request))
#21 C:/Users/user/MyFiles/ProgmiX/PEX-Form-main/modules/Frontend/Http/Middleware/Locale.php(49): Illuminate/Pipeline/Pipeline->Illuminate/Pipeline/{closure}(Object(Illuminate/Http/Request))
#22 C:/Users/user/MyFiles/ProgmiX/PEX-Form-main/vendor/laravel/framework/src/Illuminate/Pipeline/Pipeline.php(219): Juzaweb/Frontend/Http/Middleware/Locale->handle(Object(Illuminate/Http/Request), Object(Closure))
#23 C:/Users/user/MyFiles/ProgmiX/PEX-Form-main/modules/Backend/Http/Middleware/SecurityHeaders.php(25): Illuminate/Pipeline/Pipeline->Illuminate/Pipeline/{closure}(Object(Illuminate/Http/Request))
#24 C:/Users/user/MyFiles/ProgmiX/PEX-Form-main/vendor/laravel/framework/src/Illuminate/Pipeline/Pipeline.php(219): Juzaweb/Backend/Http/Middleware/SecurityHeaders->handle(Object(Illuminate/Http/Request), Object(Closure))
#25 C:/Users/user/MyFiles/ProgmiX/PEX-Form-main/vendor/laravel/framework/src/Illuminate/Routing/Middleware/ThrottleRequests.php(166): Illuminate/Pipeline/Pipeline->Illuminate/Pipeline/{closure}(Object(Illuminate/Http/Request))
#26 C:/Users/user/MyFiles/ProgmiX/PEX-Form-main/vendor/laravel/framework/src/Illuminate/Routing/Middleware/ThrottleRequests.php(93): Illuminate/Routing/Middleware/ThrottleRequests->handleRequest(Object(Illuminate/Http/Request), Object(Closure), Array)
#27 C:/Users/user/MyFiles/ProgmiX/PEX-Form-main/vendor/laravel/framework/src/Illuminate/Pipeline/Pipeline.php(219): Illuminate/Routing/Middleware/ThrottleRequests->handle(Object(Illuminate/Http/Request), Object(Closure))
#28 C:/Users/user/MyFiles/ProgmiX/PEX-Form-main/modules/Backend/Http/Middleware/PathTraversal.php(57): Illuminate/Pipeline/Pipeline->Illuminate/Pipeline/{closure}(Object(Illuminate/Http/Request))
#29 C:/Users/user/MyFiles/ProgmiX/PEX-Form-main/vendor/laravel/framework/src/Illuminate/Pipeline/Pipeline.php(219): Juzaweb/Backend/Http/Middleware/PathTraversal->handle(Object(Illuminate/Http/Request), Object(Closure))
#30 C:/Users/user/MyFiles/ProgmiX/PEX-Form-main/modules/Backend/Http/Middleware/XssSanitization.php(44): Illuminate/Pipeline/Pipeline->Illuminate/Pipeline/{closure}(Object(Illuminate/Http/Request))
#31 C:/Users/user/MyFiles/ProgmiX/PEX-Form-main/vendor/laravel/framework/src/Illuminate/Pipeline/Pipeline.php(219): Juzaweb/Backend/Http/Middleware/XssSanitization->handle(Object(Illuminate/Http/Request), Object(Closure))
#32 C:/Users/user/MyFiles/ProgmiX/PEX-Form-main/vendor/spatie/laravel-csp/src/AddCspHeaders.php(13): Illuminate/Pipeline/Pipeline->Illuminate/Pipeline/{closure}(Object(Illuminate/Http/Request))
#33 C:/Users/user/MyFiles/ProgmiX/PEX-Form-main/vendor/laravel/framework/src/Illuminate/Pipeline/Pipeline.php(219): Spatie/Csp/AddCspHeaders->handle(Object(Illuminate/Http/Request), Object(Closure))
#34 C:/Users/user/MyFiles/ProgmiX/PEX-Form-main/vendor/barryvdh/laravel-debugbar/src/Middleware/InjectDebugbar.php(59): Illuminate/Pipeline/Pipeline->Illuminate/Pipeline/{closure}(Object(Illuminate/Http/Request))
#35 C:/Users/user/MyFiles/ProgmiX/PEX-Form-main/vendor/laravel/framework/src/Illuminate/Pipeline/Pipeline.php(219): Barryvdh/Debugbar/Middleware/InjectDebugbar->handle(Object(Illuminate/Http/Request), Object(Closure))
#36 C:/Users/user/MyFiles/ProgmiX/PEX-Form-main/modules/CMS/Http/Middleware/XFrameHeadersMiddleware.php(41): Illuminate/Pipeline/Pipeline->Illuminate/Pipeline/{closure}(Object(Illuminate/Http/Request))
#37 C:/Users/user/MyFiles/ProgmiX/PEX-Form-main/vendor/laravel/framework/src/Illuminate/Pipeline/Pipeline.php(219): Juzaweb/CMS/Http/Middleware/XFrameHeadersMiddleware->handle(Object(Illuminate/Http/Request), Object(Closure))
#38 C:/Users/user/MyFiles/ProgmiX/PEX-Form-main/vendor/laravel/framework/src/Illuminate/Routing/Middleware/SubstituteBindings.php(50): Illuminate/Pipeline/Pipeline->Illuminate/Pipeline/{closure}(Object(Illuminate/Http/Request))
#39 C:/Users/user/MyFiles/ProgmiX/PEX-Form-main/vendor/laravel/framework/src/Illuminate/Pipeline/Pipeline.php(219): Illuminate/Routing/Middleware/SubstituteBindings->handle(Object(Illuminate/Http/Request), Object(Closure))
#40 C:/Users/user/MyFiles/ProgmiX/PEX-Form-main/vendor/laravel/framework/src/Illuminate/Cookie/Middleware/AddQueuedCookiesToResponse.php(36): Illuminate/Pipeline/Pipeline->Illuminate/Pipeline/{closure}(Object(Illuminate/Http/Request))
#41 C:/Users/user/MyFiles/ProgmiX/PEX-Form-main/vendor/laravel/framework/src/Illuminate/Pipeline/Pipeline.php(219): Illuminate/Cookie/Middleware/AddQueuedCookiesToResponse->handle(Object(Illuminate/Http/Request), Object(Closure))
#42 C:/Users/user/MyFiles/ProgmiX/PEX-Form-main/vendor/laravel/framework/src/Illuminate/View/Middleware/ShareErrorsFromSession.php(48): Illuminate/Pipeline/Pipeline->Illuminate/Pipeline/{closure}(Object(Illuminate/Http/Request))
#43 C:/Users/user/MyFiles/ProgmiX/PEX-Form-main/modules/Backend/Http/Middleware/ShareErrorsUnlessBot.php(24): Illuminate/View/Middleware/ShareErrorsFromSession->handle(Object(Illuminate/Http/Request), Object(Closure))
#44 C:/Users/user/MyFiles/ProgmiX/PEX-Form-main/vendor/laravel/framework/src/Illuminate/Pipeline/Pipeline.php(219): Juzaweb/Backend/Http/Middleware/ShareErrorsUnlessBot->handle(Object(Illuminate/Http/Request), Object(Closure))
#45 C:/Users/user/MyFiles/ProgmiX/PEX-Form-main/vendor/laravel/framework/src/Illuminate/Session/Middleware/StartSession.php(120): Illuminate/Pipeline/Pipeline->Illuminate/Pipeline/{closure}(Object(Illuminate/Http/Request))
#46 C:/Users/user/MyFiles/ProgmiX/PEX-Form-main/vendor/laravel/framework/src/Illuminate/Session/Middleware/StartSession.php(63): Illuminate/Session/Middleware/StartSession->handleStatefulRequest(Object(Illuminate/Http/Request), Object(Illuminate/Session/Store), Object(Closure))
#47 C:/Users/user/MyFiles/ProgmiX/PEX-Form-main/modules/Backend/Http/Middleware/SkipSessionForBots.php(24): Illuminate/Session/Middleware/StartSession->handle(Object(Illuminate/Http/Request), Object(Closure))
#48 C:/Users/user/MyFiles/ProgmiX/PEX-Form-main/vendor/laravel/framework/src/Illuminate/Pipeline/Pipeline.php(219): Juzaweb/Backend/Http/Middleware/SkipSessionForBots->handle(Object(Illuminate/Http/Request), Object(Closure))
#49 C:/Users/user/MyFiles/ProgmiX/PEX-Form-main/vendor/laravel/framework/src/Illuminate/Cookie/Middleware/EncryptCookies.php(74): Illuminate/Pipeline/Pipeline->Illuminate/Pipeline/{closure}(Object(Illuminate/Http/Request))
#50 C:/Users/user/MyFiles/ProgmiX/PEX-Form-main/vendor/laravel/framework/src/Illuminate/Pipeline/Pipeline.php(219): Illuminate/Cookie/Middleware/EncryptCookies->handle(Object(Illuminate/Http/Request), Object(Closure))
#51 C:/Users/user/MyFiles/ProgmiX/PEX-Form-main/modules/CMS/Http/Middleware/GlobalMiddleware.php(11): Illuminate/Pipeline/Pipeline->Illuminate/Pipeline/{closure}(Object(Illuminate/Http/Request))
#52 C:/Users/user/MyFiles/ProgmiX/PEX-Form-main/vendor/laravel/framework/src/Illuminate/Pipeline/Pipeline.php(219): Juzaweb/CMS/Http/Middleware/GlobalMiddleware->handle(Object(Illuminate/Http/Request), Object(Closure))
#53 C:/Users/user/MyFiles/ProgmiX/PEX-Form-main/modules/Backend/Http/Middleware/DisableSessionForBots.php(30): Illuminate/Pipeline/Pipeline->Illuminate/Pipeline/{closure}(Object(Illuminate/Http/Request))
#54 C:/Users/user/MyFiles/ProgmiX/PEX-Form-main/vendor/laravel/framework/src/Illuminate/Pipeline/Pipeline.php(219): Juzaweb/Backend/Http/Middleware/DisableSessionForBots->handle(Object(Illuminate/Http/Request), Object(Closure))
#55 C:/Users/user/MyFiles/ProgmiX/PEX-Form-main/vendor/laravel/framework/src/Illuminate/Pipeline/Pipeline.php(137): Illuminate/Pipeline/Pipeline->Illuminate/Pipeline/{closure}(Object(Illuminate/Http/Request))
#56 C:/Users/user/MyFiles/ProgmiX/PEX-Form-main/vendor/laravel/framework/src/Illuminate/Routing/Router.php(821): Illuminate/Pipeline/Pipeline->then(Object(Closure))
#57 C:/Users/user/MyFiles/ProgmiX/PEX-Form-main/vendor/laravel/framework/src/Illuminate/Routing/Router.php(800): Illuminate/Routing/Router->runRouteWithinStack(Object(Illuminate/Routing/Route), Object(Illuminate/Http/Request))
#58 C:/Users/user/MyFiles/ProgmiX/PEX-Form-main/vendor/laravel/framework/src/Illuminate/Routing/Router.php(764): Illuminate/Routing/Router->runRoute(Object(Illuminate/Http/Request), Object(Illuminate/Routing/Route))
#59 C:/Users/user/MyFiles/ProgmiX/PEX-Form-main/vendor/laravel/framework/src/Illuminate/Routing/Router.php(753): Illuminate/Routing/Router->dispatchToRoute(Object(Illuminate/Http/Request))
#60 C:/Users/user/MyFiles/ProgmiX/PEX-Form-main/vendor/laravel/framework/src/Illuminate/Foundation/Http/Kernel.php(200): Illuminate/Routing/Router->dispatch(Object(Illuminate/Http/Request))
#61 C:/Users/user/MyFiles/ProgmiX/PEX-Form-main/vendor/laravel/framework/src/Illuminate/Pipeline/Pipeline.php(180): Illuminate/Foundation/Http/Kernel->Illuminate/Foundation/Http/{closure}(Object(Illuminate/Http/Request))
#62 C:/Users/user/MyFiles/ProgmiX/PEX-Form-main/vendor/barryvdh/laravel-debugbar/src/Middleware/InjectDebugbar.php(59): Illuminate/Pipeline/Pipeline->Illuminate/Pipeline/{closure}(Object(Illuminate/Http/Request))
#63 C:/Users/user/MyFiles/ProgmiX/PEX-Form-main/vendor/laravel/framework/src/Illuminate/Pipeline/Pipeline.php(219): Barryvdh/Debugbar/Middleware/InjectDebugbar->handle(Object(Illuminate/Http/Request), Object(Closure))
#64 C:/Users/user/MyFiles/ProgmiX/PEX-Form-main/modules/Backend/Http/Middleware/BlockIpMiddleware.php(31): Illuminate/Pipeline/Pipeline->Illuminate/Pipeline/{closure}(Object(Illuminate/Http/Request))
#65 C:/Users/user/MyFiles/ProgmiX/PEX-Form-main/vendor/laravel/framework/src/Illuminate/Pipeline/Pipeline.php(219): Juzaweb/Backend/Http/Middleware/BlockIpMiddleware->handle(Object(Illuminate/Http/Request), Object(Closure))
#66 C:/Users/user/MyFiles/ProgmiX/PEX-Form-main/modules/Backend/Http/Middleware/SecurityHeaders.php(25): Illuminate/Pipeline/Pipeline->Illuminate/Pipeline/{closure}(Object(Illuminate/Http/Request))
#67 C:/Users/user/MyFiles/ProgmiX/PEX-Form-main/vendor/laravel/framework/src/Illuminate/Pipeline/Pipeline.php(219): Juzaweb/Backend/Http/Middleware/SecurityHeaders->handle(Object(Illuminate/Http/Request), Object(Closure))
#68 C:/Users/user/MyFiles/ProgmiX/PEX-Form-main/vendor/laravel/framework/src/Illuminate/Foundation/Http/Middleware/TransformsRequest.php(21): Illuminate/Pipeline/Pipeline->Illuminate/Pipeline/{closure}(Object(Illuminate/Http/Request))
#69 C:/Users/user/MyFiles/ProgmiX/PEX-Form-main/vendor/laravel/framework/src/Illuminate/Foundation/Http/Middleware/ConvertEmptyStringsToNull.php(31): Illuminate/Foundation/Http/Middleware/TransformsRequest->handle(Object(Illuminate/Http/Request), Object(Closure))
#70 C:/Users/user/MyFiles/ProgmiX/PEX-Form-main/vendor/laravel/framework/src/Illuminate/Pipeline/Pipeline.php(219): Illuminate/Foundation/Http/Middleware/ConvertEmptyStringsToNull->handle(Object(Illuminate/Http/Request), Object(Closure))
#71 C:/Users/user/MyFiles/ProgmiX/PEX-Form-main/vendor/laravel/framework/src/Illuminate/Foundation/Http/Middleware/TransformsRequest.php(21): Illuminate/Pipeline/Pipeline->Illuminate/Pipeline/{closure}(Object(Illuminate/Http/Request))
#72 C:/Users/user/MyFiles/ProgmiX/PEX-Form-main/vendor/laravel/framework/src/Illuminate/Foundation/Http/Middleware/TrimStrings.php(51): Illuminate/Foundation/Http/Middleware/TransformsRequest->handle(Object(Illuminate/Http/Request), Object(Closure))
#73 C:/Users/user/MyFiles/ProgmiX/PEX-Form-main/vendor/laravel/framework/src/Illuminate/Pipeline/Pipeline.php(219): Illuminate/Foundation/Http/Middleware/TrimStrings->handle(Object(Illuminate/Http/Request), Object(Closure))
#74 C:/Users/user/MyFiles/ProgmiX/PEX-Form-main/vendor/laravel/framework/src/Illuminate/Http/Middleware/ValidatePostSize.php(27): Illuminate/Pipeline/Pipeline->Illuminate/Pipeline/{closure}(Object(Illuminate/Http/Request))
#75 C:/Users/user/MyFiles/ProgmiX/PEX-Form-main/vendor/laravel/framework/src/Illuminate/Pipeline/Pipeline.php(219): Illuminate/Http/Middleware/ValidatePostSize->handle(Object(Illuminate/Http/Request), Object(Closure))
#76 C:/Users/user/MyFiles/ProgmiX/PEX-Form-main/vendor/laravel/framework/src/Illuminate/Foundation/Http/Middleware/PreventRequestsDuringMaintenance.php(109): Illuminate/Pipeline/Pipeline->Illuminate/Pipeline/{closure}(Object(Illuminate/Http/Request))
#77 C:/Users/user/MyFiles/ProgmiX/PEX-Form-main/vendor/laravel/framework/src/Illuminate/Pipeline/Pipeline.php(219): Illuminate/Foundation/Http/Middleware/PreventRequestsDuringMaintenance->handle(Object(Illuminate/Http/Request), Object(Closure))
#78 C:/Users/user/MyFiles/ProgmiX/PEX-Form-main/vendor/laravel/framework/src/Illuminate/Http/Middleware/HandleCors.php(61): Illuminate/Pipeline/Pipeline->Illuminate/Pipeline/{closure}(Object(Illuminate/Http/Request))
#79 C:/Users/user/MyFiles/ProgmiX/PEX-Form-main/vendor/laravel/framework/src/Illuminate/Pipeline/Pipeline.php(219): Illuminate/Http/Middleware/HandleCors->handle(Object(Illuminate/Http/Request), Object(Closure))
#80 C:/Users/user/MyFiles/ProgmiX/PEX-Form-main/vendor/laravel/framework/src/Illuminate/Http/Middleware/TrustProxies.php(58): Illuminate/Pipeline/Pipeline->Illuminate/Pipeline/{closure}(Object(Illuminate/Http/Request))
#81 C:/Users/user/MyFiles/ProgmiX/PEX-Form-main/vendor/laravel/framework/src/Illuminate/Pipeline/Pipeline.php(219): Illuminate/Http/Middleware/TrustProxies->handle(Object(Illuminate/Http/Request), Object(Closure))
#82 C:/Users/user/MyFiles/ProgmiX/PEX-Form-main/vendor/laravel/framework/src/Illuminate/Pipeline/Pipeline.php(137): Illuminate/Pipeline/Pipeline->Illuminate/Pipeline/{closure}(Object(Illuminate/Http/Request))
#83 C:/Users/user/MyFiles/ProgmiX/PEX-Form-main/vendor/laravel/framework/src/Illuminate/Foundation/Http/Kernel.php(175): Illuminate/Pipeline/Pipeline->then(Object(Closure))
#84 C:/Users/user/MyFiles/ProgmiX/PEX-Form-main/vendor/laravel/framework/src/Illuminate/Foundation/Http/Kernel.php(144): Illuminate/Foundation/Http/Kernel->sendRequestThroughRouter(Object(Illuminate/Http/Request))
#85 C:/Users/user/MyFiles/ProgmiX/PEX-Form-main/public/index.php(51): Illuminate/Foundation/Http/Kernel->handle(Object(Illuminate/Http/Request))
#86 C:/Users/user/MyFiles/ProgmiX/PEX-Form-main/vendor/laravel/framework/src/Illuminate/Foundation/resources/server.php(23): require_once('C://Users//user//M...')
#87 {main}

[previous exception] [object] (ErrorException(code: 0): Undefined variable $agendaData at C:/Users/user/MyFiles/ProgmiX/PEX-Form-main/storage/framework/views/e957588816674c7d6bc884ad75301905.php:13)
[stacktrace]
#0 C:/Users/user/MyFiles/ProgmiX/PEX-Form-main/vendor/laravel/framework/src/Illuminate/Foundation/Bootstrap/HandleExceptions.php(262): Illuminate/Foundation/Bootstrap/HandleExceptions->handleError(2, 'Undefined varia...', 'C://Users//user//M...', 13)
#1 C:/Users/user/MyFiles/ProgmiX/PEX-Form-main/storage/framework/views/e957588816674c7d6bc884ad75301905.php(13): Illuminate/Foundation/Bootstrap/HandleExceptions->Illuminate/Foundation/Bootstrap/{closure}(2, 'Undefined varia...', 'C://Users//user//M...', 13)
#2 C:/Users/user/MyFiles/ProgmiX/PEX-Form-main/vendor/laravel/framework/src/Illuminate/Filesystem/Filesystem.php(123): require('C://Users//user//M...')
#3 C:/Users/user/MyFiles/ProgmiX/PEX-Form-main/vendor/laravel/framework/src/Illuminate/Filesystem/Filesystem.php(124): Illuminate/Filesystem/Filesystem::Illuminate/Filesystem/{closure}()
#4 C:/Users/user/MyFiles/ProgmiX/PEX-Form-main/vendor/laravel/framework/src/Illuminate/View/Engines/PhpEngine.php(57): Illuminate/Filesystem/Filesystem->getRequire('C://Users//user//M...', Array)
#5 C:/Users/user/MyFiles/ProgmiX/PEX-Form-main/vendor/laravel/framework/src/Illuminate/View/Engines/CompilerEngine.php(76): Illuminate/View/Engines/PhpEngine->evaluatePath('C://Users//user//M...', Array)
#6 C:/Users/user/MyFiles/ProgmiX/PEX-Form-main/vendor/laravel/framework/src/Illuminate/View/View.php(208): Illuminate/View/Engines/CompilerEngine->get('C://Users//user//M...', Array)
#7 C:/Users/user/MyFiles/ProgmiX/PEX-Form-main/vendor/laravel/framework/src/Illuminate/View/View.php(191): Illuminate/View/View->getContents()
#8 C:/Users/user/MyFiles/ProgmiX/PEX-Form-main/vendor/laravel/framework/src/Illuminate/View/View.php(160): Illuminate/View/View->renderContents()
#9 C:/Users/user/MyFiles/ProgmiX/PEX-Form-main/storage/framework/views/078e945ecbf82d678121cbf4f8650dce.php(1): Illuminate/View/View->render()
#10 C:/Users/user/MyFiles/ProgmiX/PEX-Form-main/vendor/laravel/framework/src/Illuminate/Filesystem/Filesystem.php(123): require('C://Users//user//M...')
#11 C:/Users/user/MyFiles/ProgmiX/PEX-Form-main/vendor/laravel/framework/src/Illuminate/Filesystem/Filesystem.php(124): Illuminate/Filesystem/Filesystem::Illuminate/Filesystem/{closure}()
#12 C:/Users/user/MyFiles/ProgmiX/PEX-Form-main/vendor/laravel/framework/src/Illuminate/View/Engines/PhpEngine.php(57): Illuminate/Filesystem/Filesystem->getRequire('C://Users//user//M...', Array)
#13 C:/Users/user/MyFiles/ProgmiX/PEX-Form-main/vendor/laravel/framework/src/Illuminate/View/Engines/CompilerEngine.php(76): Illuminate/View/Engines/PhpEngine->evaluatePath('C://Users//user//M...', Array)
#14 C:/Users/user/MyFiles/ProgmiX/PEX-Form-main/vendor/laravel/framework/src/Illuminate/View/View.php(208): Illuminate/View/Engines/CompilerEngine->get('C://Users//user//M...', Array)
#15 C:/Users/user/MyFiles/ProgmiX/PEX-Form-main/vendor/laravel/framework/src/Illuminate/View/View.php(191): Illuminate/View/View->getContents()
#16 C:/Users/user/MyFiles/ProgmiX/PEX-Form-main/vendor/laravel/framework/src/Illuminate/View/View.php(160): Illuminate/View/View->renderContents()
#17 C:/Users/user/MyFiles/ProgmiX/PEX-Form-main/vendor/laravel/framework/src/Illuminate/Http/Response.php(78): Illuminate/View/View->render()
#18 C:/Users/user/MyFiles/ProgmiX/PEX-Form-main/vendor/laravel/framework/src/Illuminate/Http/Response.php(34): Illuminate/Http/Response->setContent(Object(Illuminate/View/View))
#19 C:/Users/user/MyFiles/ProgmiX/PEX-Form-main/vendor/laravel/framework/src/Illuminate/Routing/Router.php(939): Illuminate/Http/Response->__construct(Object(Illuminate/View/View), 200, Array)
#20 C:/Users/user/MyFiles/ProgmiX/PEX-Form-main/vendor/laravel/framework/src/Illuminate/Routing/Router.php(906): Illuminate/Routing/Router::toResponse(Object(Illuminate/Http/Request), Object(Illuminate/View/View))
#21 C:/Users/user/MyFiles/ProgmiX/PEX-Form-main/vendor/laravel/framework/src/Illuminate/Routing/Router.php(821): Illuminate/Routing/Router->prepareResponse(Object(Illuminate/Http/Request), Object(Illuminate/View/View))
#22 C:/Users/user/MyFiles/ProgmiX/PEX-Form-main/vendor/laravel/framework/src/Illuminate/Pipeline/Pipeline.php(180): Illuminate/Routing/Router->Illuminate/Routing/{closure}(Object(Illuminate/Http/Request))
#23 C:/Users/user/MyFiles/ProgmiX/PEX-Form-main/modules/Frontend/Http/Middleware/Locale.php(49): Illuminate/Pipeline/Pipeline->Illuminate/Pipeline/{closure}(Object(Illuminate/Http/Request))
#24 C:/Users/user/MyFiles/ProgmiX/PEX-Form-main/vendor/laravel/framework/src/Illuminate/Pipeline/Pipeline.php(219): Juzaweb/Frontend/Http/Middleware/Locale->handle(Object(Illuminate/Http/Request), Object(Closure))
#25 C:/Users/user/MyFiles/ProgmiX/PEX-Form-main/modules/Backend/Http/Middleware/SecurityHeaders.php(25): Illuminate/Pipeline/Pipeline->Illuminate/Pipeline/{closure}(Object(Illuminate/Http/Request))
#26 C:/Users/user/MyFiles/ProgmiX/PEX-Form-main/vendor/laravel/framework/src/Illuminate/Pipeline/Pipeline.php(219): Juzaweb/Backend/Http/Middleware/SecurityHeaders->handle(Object(Illuminate/Http/Request), Object(Closure))
#27 C:/Users/user/MyFiles/ProgmiX/PEX-Form-main/vendor/laravel/framework/src/Illuminate/Routing/Middleware/ThrottleRequests.php(166): Illuminate/Pipeline/Pipeline->Illuminate/Pipeline/{closure}(Object(Illuminate/Http/Request))
#28 C:/Users/user/MyFiles/ProgmiX/PEX-Form-main/vendor/laravel/framework/src/Illuminate/Routing/Middleware/ThrottleRequests.php(93): Illuminate/Routing/Middleware/ThrottleRequests->handleRequest(Object(Illuminate/Http/Request), Object(Closure), Array)
#29 C:/Users/user/MyFiles/ProgmiX/PEX-Form-main/vendor/laravel/framework/src/Illuminate/Pipeline/Pipeline.php(219): Illuminate/Routing/Middleware/ThrottleRequests->handle(Object(Illuminate/Http/Request), Object(Closure))
#30 C:/Users/user/MyFiles/ProgmiX/PEX-Form-main/modules/Backend/Http/Middleware/PathTraversal.php(57): Illuminate/Pipeline/Pipeline->Illuminate/Pipeline/{closure}(Object(Illuminate/Http/Request))
#31 C:/Users/user/MyFiles/ProgmiX/PEX-Form-main/vendor/laravel/framework/src/Illuminate/Pipeline/Pipeline.php(219): Juzaweb/Backend/Http/Middleware/PathTraversal->handle(Object(Illuminate/Http/Request), Object(Closure))
#32 C:/Users/user/MyFiles/ProgmiX/PEX-Form-main/modules/Backend/Http/Middleware/XssSanitization.php(44): Illuminate/Pipeline/Pipeline->Illuminate/Pipeline/{closure}(Object(Illuminate/Http/Request))
#33 C:/Users/user/MyFiles/ProgmiX/PEX-Form-main/vendor/laravel/framework/src/Illuminate/Pipeline/Pipeline.php(219): Juzaweb/Backend/Http/Middleware/XssSanitization->handle(Object(Illuminate/Http/Request), Object(Closure))
#34 C:/Users/user/MyFiles/ProgmiX/PEX-Form-main/vendor/spatie/laravel-csp/src/AddCspHeaders.php(13): Illuminate/Pipeline/Pipeline->Illuminate/Pipeline/{closure}(Object(Illuminate/Http/Request))
#35 C:/Users/user/MyFiles/ProgmiX/PEX-Form-main/vendor/laravel/framework/src/Illuminate/Pipeline/Pipeline.php(219): Spatie/Csp/AddCspHeaders->handle(Object(Illuminate/Http/Request), Object(Closure))
#36 C:/Users/user/MyFiles/ProgmiX/PEX-Form-main/vendor/barryvdh/laravel-debugbar/src/Middleware/InjectDebugbar.php(59): Illuminate/Pipeline/Pipeline->Illuminate/Pipeline/{closure}(Object(Illuminate/Http/Request))
#37 C:/Users/user/MyFiles/ProgmiX/PEX-Form-main/vendor/laravel/framework/src/Illuminate/Pipeline/Pipeline.php(219): Barryvdh/Debugbar/Middleware/InjectDebugbar->handle(Object(Illuminate/Http/Request), Object(Closure))
#38 C:/Users/user/MyFiles/ProgmiX/PEX-Form-main/modules/CMS/Http/Middleware/XFrameHeadersMiddleware.php(41): Illuminate/Pipeline/Pipeline->Illuminate/Pipeline/{closure}(Object(Illuminate/Http/Request))
#39 C:/Users/user/MyFiles/ProgmiX/PEX-Form-main/vendor/laravel/framework/src/Illuminate/Pipeline/Pipeline.php(219): Juzaweb/CMS/Http/Middleware/XFrameHeadersMiddleware->handle(Object(Illuminate/Http/Request), Object(Closure))
#40 C:/Users/user/MyFiles/ProgmiX/PEX-Form-main/vendor/laravel/framework/src/Illuminate/Routing/Middleware/SubstituteBindings.php(50): Illuminate/Pipeline/Pipeline->Illuminate/Pipeline/{closure}(Object(Illuminate/Http/Request))
#41 C:/Users/user/MyFiles/ProgmiX/PEX-Form-main/vendor/laravel/framework/src/Illuminate/Pipeline/Pipeline.php(219): Illuminate/Routing/Middleware/SubstituteBindings->handle(Object(Illuminate/Http/Request), Object(Closure))
#42 C:/Users/user/MyFiles/ProgmiX/PEX-Form-main/vendor/laravel/framework/src/Illuminate/Cookie/Middleware/AddQueuedCookiesToResponse.php(36): Illuminate/Pipeline/Pipeline->Illuminate/Pipeline/{closure}(Object(Illuminate/Http/Request))
#43 C:/Users/user/MyFiles/ProgmiX/PEX-Form-main/vendor/laravel/framework/src/Illuminate/Pipeline/Pipeline.php(219): Illuminate/Cookie/Middleware/AddQueuedCookiesToResponse->handle(Object(Illuminate/Http/Request), Object(Closure))
#44 C:/Users/user/MyFiles/ProgmiX/PEX-Form-main/vendor/laravel/framework/src/Illuminate/View/Middleware/ShareErrorsFromSession.php(48): Illuminate/Pipeline/Pipeline->Illuminate/Pipeline/{closure}(Object(Illuminate/Http/Request))
#45 C:/Users/user/MyFiles/ProgmiX/PEX-Form-main/modules/Backend/Http/Middleware/ShareErrorsUnlessBot.php(24): Illuminate/View/Middleware/ShareErrorsFromSession->handle(Object(Illuminate/Http/Request), Object(Closure))
#46 C:/Users/user/MyFiles/ProgmiX/PEX-Form-main/vendor/laravel/framework/src/Illuminate/Pipeline/Pipeline.php(219): Juzaweb/Backend/Http/Middleware/ShareErrorsUnlessBot->handle(Object(Illuminate/Http/Request), Object(Closure))
#47 C:/Users/user/MyFiles/ProgmiX/PEX-Form-main/vendor/laravel/framework/src/Illuminate/Session/Middleware/StartSession.php(120): Illuminate/Pipeline/Pipeline->Illuminate/Pipeline/{closure}(Object(Illuminate/Http/Request))
#48 C:/Users/user/MyFiles/ProgmiX/PEX-Form-main/vendor/laravel/framework/src/Illuminate/Session/Middleware/StartSession.php(63): Illuminate/Session/Middleware/StartSession->handleStatefulRequest(Object(Illuminate/Http/Request), Object(Illuminate/Session/Store), Object(Closure))
#49 C:/Users/user/MyFiles/ProgmiX/PEX-Form-main/modules/Backend/Http/Middleware/SkipSessionForBots.php(24): Illuminate/Session/Middleware/StartSession->handle(Object(Illuminate/Http/Request), Object(Closure))
#50 C:/Users/user/MyFiles/ProgmiX/PEX-Form-main/vendor/laravel/framework/src/Illuminate/Pipeline/Pipeline.php(219): Juzaweb/Backend/Http/Middleware/SkipSessionForBots->handle(Object(Illuminate/Http/Request), Object(Closure))
#51 C:/Users/user/MyFiles/ProgmiX/PEX-Form-main/vendor/laravel/framework/src/Illuminate/Cookie/Middleware/EncryptCookies.php(74): Illuminate/Pipeline/Pipeline->Illuminate/Pipeline/{closure}(Object(Illuminate/Http/Request))
#52 C:/Users/user/MyFiles/ProgmiX/PEX-Form-main/vendor/laravel/framework/src/Illuminate/Pipeline/Pipeline.php(219): Illuminate/Cookie/Middleware/EncryptCookies->handle(Object(Illuminate/Http/Request), Object(Closure))
#53 C:/Users/user/MyFiles/ProgmiX/PEX-Form-main/modules/CMS/Http/Middleware/GlobalMiddleware.php(11): Illuminate/Pipeline/Pipeline->Illuminate/Pipeline/{closure}(Object(Illuminate/Http/Request))
#54 C:/Users/user/MyFiles/ProgmiX/PEX-Form-main/vendor/laravel/framework/src/Illuminate/Pipeline/Pipeline.php(219): Juzaweb/CMS/Http/Middleware/GlobalMiddleware->handle(Object(Illuminate/Http/Request), Object(Closure))
#55 C:/Users/user/MyFiles/ProgmiX/PEX-Form-main/modules/Backend/Http/Middleware/DisableSessionForBots.php(30): Illuminate/Pipeline/Pipeline->Illuminate/Pipeline/{closure}(Object(Illuminate/Http/Request))
#56 C:/Users/user/MyFiles/ProgmiX/PEX-Form-main/vendor/laravel/framework/src/Illuminate/Pipeline/Pipeline.php(219): Juzaweb/Backend/Http/Middleware/DisableSessionForBots->handle(Object(Illuminate/Http/Request), Object(Closure))
#57 C:/Users/user/MyFiles/ProgmiX/PEX-Form-main/vendor/laravel/framework/src/Illuminate/Pipeline/Pipeline.php(137): Illuminate/Pipeline/Pipeline->Illuminate/Pipeline/{closure}(Object(Illuminate/Http/Request))
#58 C:/Users/user/MyFiles/ProgmiX/PEX-Form-main/vendor/laravel/framework/src/Illuminate/Routing/Router.php(821): Illuminate/Pipeline/Pipeline->then(Object(Closure))
#59 C:/Users/user/MyFiles/ProgmiX/PEX-Form-main/vendor/laravel/framework/src/Illuminate/Routing/Router.php(800): Illuminate/Routing/Router->runRouteWithinStack(Object(Illuminate/Routing/Route), Object(Illuminate/Http/Request))
#60 C:/Users/user/MyFiles/ProgmiX/PEX-Form-main/vendor/laravel/framework/src/Illuminate/Routing/Router.php(764): Illuminate/Routing/Router->runRoute(Object(Illuminate/Http/Request), Object(Illuminate/Routing/Route))
#61 C:/Users/user/MyFiles/ProgmiX/PEX-Form-main/vendor/laravel/framework/src/Illuminate/Routing/Router.php(753): Illuminate/Routing/Router->dispatchToRoute(Object(Illuminate/Http/Request))
#62 C:/Users/user/MyFiles/ProgmiX/PEX-Form-main/vendor/laravel/framework/src/Illuminate/Foundation/Http/Kernel.php(200): Illuminate/Routing/Router->dispatch(Object(Illuminate/Http/Request))
#63 C:/Users/user/MyFiles/ProgmiX/PEX-Form-main/vendor/laravel/framework/src/Illuminate/Pipeline/Pipeline.php(180): Illuminate/Foundation/Http/Kernel->Illuminate/Foundation/Http/{closure}(Object(Illuminate/Http/Request))
#64 C:/Users/user/MyFiles/ProgmiX/PEX-Form-main/vendor/barryvdh/laravel-debugbar/src/Middleware/InjectDebugbar.php(59): Illuminate/Pipeline/Pipeline->Illuminate/Pipeline/{closure}(Object(Illuminate/Http/Request))
#65 C:/Users/user/MyFiles/ProgmiX/PEX-Form-main/vendor/laravel/framework/src/Illuminate/Pipeline/Pipeline.php(219): Barryvdh/Debugbar/Middleware/InjectDebugbar->handle(Object(Illuminate/Http/Request), Object(Closure))
#66 C:/Users/user/MyFiles/ProgmiX/PEX-Form-main/modules/Backend/Http/Middleware/BlockIpMiddleware.php(31): Illuminate/Pipeline/Pipeline->Illuminate/Pipeline/{closure}(Object(Illuminate/Http/Request))
#67 C:/Users/user/MyFiles/ProgmiX/PEX-Form-main/vendor/laravel/framework/src/Illuminate/Pipeline/Pipeline.php(219): Juzaweb/Backend/Http/Middleware/BlockIpMiddleware->handle(Object(Illuminate/Http/Request), Object(Closure))
#68 C:/Users/user/MyFiles/ProgmiX/PEX-Form-main/modules/Backend/Http/Middleware/SecurityHeaders.php(25): Illuminate/Pipeline/Pipeline->Illuminate/Pipeline/{closure}(Object(Illuminate/Http/Request))
#69 C:/Users/user/MyFiles/ProgmiX/PEX-Form-main/vendor/laravel/framework/src/Illuminate/Pipeline/Pipeline.php(219): Juzaweb/Backend/Http/Middleware/SecurityHeaders->handle(Object(Illuminate/Http/Request), Object(Closure))
#70 C:/Users/user/MyFiles/ProgmiX/PEX-Form-main/vendor/laravel/framework/src/Illuminate/Foundation/Http/Middleware/TransformsRequest.php(21): Illuminate/Pipeline/Pipeline->Illuminate/Pipeline/{closure}(Object(Illuminate/Http/Request))
#71 C:/Users/user/MyFiles/ProgmiX/PEX-Form-main/vendor/laravel/framework/src/Illuminate/Foundation/Http/Middleware/ConvertEmptyStringsToNull.php(31): Illuminate/Foundation/Http/Middleware/TransformsRequest->handle(Object(Illuminate/Http/Request), Object(Closure))
#72 C:/Users/user/MyFiles/ProgmiX/PEX-Form-main/vendor/laravel/framework/src/Illuminate/Pipeline/Pipeline.php(219): Illuminate/Foundation/Http/Middleware/ConvertEmptyStringsToNull->handle(Object(Illuminate/Http/Request), Object(Closure))
#73 C:/Users/user/MyFiles/ProgmiX/PEX-Form-main/vendor/laravel/framework/src/Illuminate/Foundation/Http/Middleware/TransformsRequest.php(21): Illuminate/Pipeline/Pipeline->Illuminate/Pipeline/{closure}(Object(Illuminate/Http/Request))
#74 C:/Users/user/MyFiles/ProgmiX/PEX-Form-main/vendor/laravel/framework/src/Illuminate/Foundation/Http/Middleware/TrimStrings.php(51): Illuminate/Foundation/Http/Middleware/TransformsRequest->handle(Object(Illuminate/Http/Request), Object(Closure))
#75 C:/Users/user/MyFiles/ProgmiX/PEX-Form-main/vendor/laravel/framework/src/Illuminate/Pipeline/Pipeline.php(219): Illuminate/Foundation/Http/Middleware/TrimStrings->handle(Object(Illuminate/Http/Request), Object(Closure))
#76 C:/Users/user/MyFiles/ProgmiX/PEX-Form-main/vendor/laravel/framework/src/Illuminate/Http/Middleware/ValidatePostSize.php(27): Illuminate/Pipeline/Pipeline->Illuminate/Pipeline/{closure}(Object(Illuminate/Http/Request))
#77 C:/Users/user/MyFiles/ProgmiX/PEX-Form-main/vendor/laravel/framework/src/Illuminate/Pipeline/Pipeline.php(219): Illuminate/Http/Middleware/ValidatePostSize->handle(Object(Illuminate/Http/Request), Object(Closure))
#78 C:/Users/user/MyFiles/ProgmiX/PEX-Form-main/vendor/laravel/framework/src/Illuminate/Foundation/Http/Middleware/PreventRequestsDuringMaintenance.php(109): Illuminate/Pipeline/Pipeline->Illuminate/Pipeline/{closure}(Object(Illuminate/Http/Request))
#79 C:/Users/user/MyFiles/ProgmiX/PEX-Form-main/vendor/laravel/framework/src/Illuminate/Pipeline/Pipeline.php(219): Illuminate/Foundation/Http/Middleware/PreventRequestsDuringMaintenance->handle(Object(Illuminate/Http/Request), Object(Closure))
#80 C:/Users/user/MyFiles/ProgmiX/PEX-Form-main/vendor/laravel/framework/src/Illuminate/Http/Middleware/HandleCors.php(61): Illuminate/Pipeline/Pipeline->Illuminate/Pipeline/{closure}(Object(Illuminate/Http/Request))
#81 C:/Users/user/MyFiles/ProgmiX/PEX-Form-main/vendor/laravel/framework/src/Illuminate/Pipeline/Pipeline.php(219): Illuminate/Http/Middleware/HandleCors->handle(Object(Illuminate/Http/Request), Object(Closure))
#82 C:/Users/user/MyFiles/ProgmiX/PEX-Form-main/vendor/laravel/framework/src/Illuminate/Http/Middleware/TrustProxies.php(58): Illuminate/Pipeline/Pipeline->Illuminate/Pipeline/{closure}(Object(Illuminate/Http/Request))
#83 C:/Users/user/MyFiles/ProgmiX/PEX-Form-main/vendor/laravel/framework/src/Illuminate/Pipeline/Pipeline.php(219): Illuminate/Http/Middleware/TrustProxies->handle(Object(Illuminate/Http/Request), Object(Closure))
#84 C:/Users/user/MyFiles/ProgmiX/PEX-Form-main/vendor/laravel/framework/src/Illuminate/Pipeline/Pipeline.php(137): Illuminate/Pipeline/Pipeline->Illuminate/Pipeline/{closure}(Object(Illuminate/Http/Request))
#85 C:/Users/user/MyFiles/ProgmiX/PEX-Form-main/vendor/laravel/framework/src/Illuminate/Foundation/Http/Kernel.php(175): Illuminate/Pipeline/Pipeline->then(Object(Closure))
#86 C:/Users/user/MyFiles/ProgmiX/PEX-Form-main/vendor/laravel/framework/src/Illuminate/Foundation/Http/Kernel.php(144): Illuminate/Foundation/Http/Kernel->sendRequestThroughRouter(Object(Illuminate/Http/Request))
#87 C:/Users/user/MyFiles/ProgmiX/PEX-Form-main/public/index.php(51): Illuminate/Foundation/Http/Kernel->handle(Object(Illuminate/Http/Request))
#88 C:/Users/user/MyFiles/ProgmiX/PEX-Form-main/vendor/laravel/framework/src/Illuminate/Foundation/resources/server.php(23): require_once('C://Users//user//M...')
#89 {main}
"} 
[2026-09-21 15:46:54] local.ERROR: Undefined variable $speakerNames {"userId":1,"exception":"[object] (Spatie\\LaravelIgnition\\Exceptions\\ViewException(code: 0): Undefined variable $speakerNames at C:/Users/user/MyFiles/ProgmiX/PEX-Form-main/modules/Frontend/resources/views/templates/homepage/pex/agenda.blade.php:1)
[stacktrace]
#0 C:/Users/user/MyFiles/ProgmiX/PEX-Form-main/vendor/laravel/framework/src/Illuminate/Filesystem/Filesystem.php(123): require('C://Users//user//M...')
#1 C:/Users/user/MyFiles/ProgmiX/PEX-Form-main/vendor/laravel/framework/src/Illuminate/Filesystem/Filesystem.php(124): Illuminate/Filesystem/Filesystem::Illuminate/Filesystem/{closure}()
#2 C:/Users/user/MyFiles/ProgmiX/PEX-Form-main/vendor/laravel/framework/src/Illuminate/View/Engines/PhpEngine.php(57): Illuminate/Filesystem/Filesystem->getRequire('C://Users//user//M...', Array)
#3 C:/Users/user/MyFiles/ProgmiX/PEX-Form-main/vendor/laravel/framework/src/Illuminate/View/Engines/CompilerEngine.php(76): Illuminate/View/Engines/PhpEngine->evaluatePath('C://Users//user//M...', Array)
#4 C:/Users/user/MyFiles/ProgmiX/PEX-Form-main/vendor/laravel/framework/src/Illuminate/View/View.php(208): Illuminate/View/Engines/CompilerEngine->get('C://Users//user//M...', Array)
#5 C:/Users/user/MyFiles/ProgmiX/PEX-Form-main/vendor/laravel/framework/src/Illuminate/View/View.php(191): Illuminate/View/View->getContents()
#6 C:/Users/user/MyFiles/ProgmiX/PEX-Form-main/vendor/laravel/framework/src/Illuminate/View/View.php(160): Illuminate/View/View->renderContents()
#7 C:/Users/user/MyFiles/ProgmiX/PEX-Form-main/modules/Frontend/resources/views/home.blade.php(1): Illuminate/View/View->render()
#8 C:/Users/user/MyFiles/ProgmiX/PEX-Form-main/vendor/laravel/framework/src/Illuminate/Filesystem/Filesystem.php(123): require('C://Users//user//M...')
#9 C:/Users/user/MyFiles/ProgmiX/PEX-Form-main/vendor/laravel/framework/src/Illuminate/Filesystem/Filesystem.php(124): Illuminate/Filesystem/Filesystem::Illuminate/Filesystem/{closure}()
#10 C:/Users/user/MyFiles/ProgmiX/PEX-Form-main/vendor/laravel/framework/src/Illuminate/View/Engines/PhpEngine.php(57): Illuminate/Filesystem/Filesystem->getRequire('C://Users//user//M...', Array)
#11 C:/Users/user/MyFiles/ProgmiX/PEX-Form-main/vendor/laravel/framework/src/Illuminate/View/Engines/CompilerEngine.php(76): Illuminate/View/Engines/PhpEngine->evaluatePath('C://Users//user//M...', Array)
#12 C:/Users/user/MyFiles/ProgmiX/PEX-Form-main/vendor/laravel/framework/src/Illuminate/View/View.php(208): Illuminate/View/Engines/CompilerEngine->get('C://Users//user//M...', Array)
#13 C:/Users/user/MyFiles/ProgmiX/PEX-Form-main/vendor/laravel/framework/src/Illuminate/View/View.php(191): Illuminate/View/View->getContents()
#14 C:/Users/user/MyFiles/ProgmiX/PEX-Form-main/vendor/laravel/framework/src/Illuminate/View/View.php(160): Illuminate/View/View->renderContents()
#15 C:/Users/user/MyFiles/ProgmiX/PEX-Form-main/vendor/laravel/framework/src/Illuminate/Http/Response.php(78): Illuminate/View/View->render()
#16 C:/Users/user/MyFiles/ProgmiX/PEX-Form-main/vendor/laravel/framework/src/Illuminate/Http/Response.php(34): Illuminate/Http/Response->setContent(Object(Illuminate/View/View))
#17 C:/Users/user/MyFiles/ProgmiX/PEX-Form-main/vendor/laravel/framework/src/Illuminate/Routing/Router.php(939): Illuminate/Http/Response->__construct(Object(Illuminate/View/View), 200, Array)
#18 C:/Users/user/MyFiles/ProgmiX/PEX-Form-main/vendor/laravel/framework/src/Illuminate/Routing/Router.php(906): Illuminate/Routing/Router::toResponse(Object(Illuminate/Http/Request), Object(Illuminate/View/View))
#19 C:/Users/user/MyFiles/ProgmiX/PEX-Form-main/vendor/laravel/framework/src/Illuminate/Routing/Router.php(821): Illuminate/Routing/Router->prepareResponse(Object(Illuminate/Http/Request), Object(Illuminate/View/View))
#20 C:/Users/user/MyFiles/ProgmiX/PEX-Form-main/vendor/laravel/framework/src/Illuminate/Pipeline/Pipeline.php(180): Illuminate/Routing/Router->Illuminate/Routing/{closure}(Object(Illuminate/Http/Request))
#21 C:/Users/user/MyFiles/ProgmiX/PEX-Form-main/modules/Frontend/Http/Middleware/Locale.php(49): Illuminate/Pipeline/Pipeline->Illuminate/Pipeline/{closure}(Object(Illuminate/Http/Request))
#22 C:/Users/user/MyFiles/ProgmiX/PEX-Form-main/vendor/laravel/framework/src/Illuminate/Pipeline/Pipeline.php(219): Juzaweb/Frontend/Http/Middleware/Locale->handle(Object(Illuminate/Http/Request), Object(Closure))
#23 C:/Users/user/MyFiles/ProgmiX/PEX-Form-main/modules/Backend/Http/Middleware/SecurityHeaders.php(25): Illuminate/Pipeline/Pipeline->Illuminate/Pipeline/{closure}(Object(Illuminate/Http/Request))
#24 C:/Users/user/MyFiles/ProgmiX/PEX-Form-main/vendor/laravel/framework/src/Illuminate/Pipeline/Pipeline.php(219): Juzaweb/Backend/Http/Middleware/SecurityHeaders->handle(Object(Illuminate/Http/Request), Object(Closure))
#25 C:/Users/user/MyFiles/ProgmiX/PEX-Form-main/vendor/laravel/framework/src/Illuminate/Routing/Middleware/ThrottleRequests.php(166): Illuminate/Pipeline/Pipeline->Illuminate/Pipeline/{closure}(Object(Illuminate/Http/Request))
#26 C:/Users/user/MyFiles/ProgmiX/PEX-Form-main/vendor/laravel/framework/src/Illuminate/Routing/Middleware/ThrottleRequests.php(93): Illuminate/Routing/Middleware/ThrottleRequests->handleRequest(Object(Illuminate/Http/Request), Object(Closure), Array)
#27 C:/Users/user/MyFiles/ProgmiX/PEX-Form-main/vendor/laravel/framework/src/Illuminate/Pipeline/Pipeline.php(219): Illuminate/Routing/Middleware/ThrottleRequests->handle(Object(Illuminate/Http/Request), Object(Closure))
#28 C:/Users/user/MyFiles/ProgmiX/PEX-Form-main/modules/Backend/Http/Middleware/PathTraversal.php(57): Illuminate/Pipeline/Pipeline->Illuminate/Pipeline/{closure}(Object(Illuminate/Http/Request))
#29 C:/Users/user/MyFiles/ProgmiX/PEX-Form-main/vendor/laravel/framework/src/Illuminate/Pipeline/Pipeline.php(219): Juzaweb/Backend/Http/Middleware/PathTraversal->handle(Object(Illuminate/Http/Request), Object(Closure))
#30 C:/Users/user/MyFiles/ProgmiX/PEX-Form-main/modules/Backend/Http/Middleware/XssSanitization.php(44): Illuminate/Pipeline/Pipeline->Illuminate/Pipeline/{closure}(Object(Illuminate/Http/Request))
#31 C:/Users/user/MyFiles/ProgmiX/PEX-Form-main/vendor/laravel/framework/src/Illuminate/Pipeline/Pipeline.php(219): Juzaweb/Backend/Http/Middleware/XssSanitization->handle(Object(Illuminate/Http/Request), Object(Closure))
#32 C:/Users/user/MyFiles/ProgmiX/PEX-Form-main/vendor/spatie/laravel-csp/src/AddCspHeaders.php(13): Illuminate/Pipeline/Pipeline->Illuminate/Pipeline/{closure}(Object(Illuminate/Http/Request))
#33 C:/Users/user/MyFiles/ProgmiX/PEX-Form-main/vendor/laravel/framework/src/Illuminate/Pipeline/Pipeline.php(219): Spatie/Csp/AddCspHeaders->handle(Object(Illuminate/Http/Request), Object(Closure))
#34 C:/Users/user/MyFiles/ProgmiX/PEX-Form-main/vendor/barryvdh/laravel-debugbar/src/Middleware/InjectDebugbar.php(59): Illuminate/Pipeline/Pipeline->Illuminate/Pipeline/{closure}(Object(Illuminate/Http/Request))
#35 C:/Users/user/MyFiles/ProgmiX/PEX-Form-main/vendor/laravel/framework/src/Illuminate/Pipeline/Pipeline.php(219): Barryvdh/Debugbar/Middleware/InjectDebugbar->handle(Object(Illuminate/Http/Request), Object(Closure))
#36 C:/Users/user/MyFiles/ProgmiX/PEX-Form-main/modules/CMS/Http/Middleware/XFrameHeadersMiddleware.php(41): Illuminate/Pipeline/Pipeline->Illuminate/Pipeline/{closure}(Object(Illuminate/Http/Request))
#37 C:/Users/user/MyFiles/ProgmiX/PEX-Form-main/vendor/laravel/framework/src/Illuminate/Pipeline/Pipeline.php(219): Juzaweb/CMS/Http/Middleware/XFrameHeadersMiddleware->handle(Object(Illuminate/Http/Request), Object(Closure))
#38 C:/Users/user/MyFiles/ProgmiX/PEX-Form-main/vendor/laravel/framework/src/Illuminate/Routing/Middleware/SubstituteBindings.php(50): Illuminate/Pipeline/Pipeline->Illuminate/Pipeline/{closure}(Object(Illuminate/Http/Request))
#39 C:/Users/user/MyFiles/ProgmiX/PEX-Form-main/vendor/laravel/framework/src/Illuminate/Pipeline/Pipeline.php(219): Illuminate/Routing/Middleware/SubstituteBindings->handle(Object(Illuminate/Http/Request), Object(Closure))
#40 C:/Users/user/MyFiles/ProgmiX/PEX-Form-main/vendor/laravel/framework/src/Illuminate/Cookie/Middleware/AddQueuedCookiesToResponse.php(36): Illuminate/Pipeline/Pipeline->Illuminate/Pipeline/{closure}(Object(Illuminate/Http/Request))
#41 C:/Users/user/MyFiles/ProgmiX/PEX-Form-main/vendor/laravel/framework/src/Illuminate/Pipeline/Pipeline.php(219): Illuminate/Cookie/Middleware/AddQueuedCookiesToResponse->handle(Object(Illuminate/Http/Request), Object(Closure))
#42 C:/Users/user/MyFiles/ProgmiX/PEX-Form-main/vendor/laravel/framework/src/Illuminate/View/Middleware/ShareErrorsFromSession.php(48): Illuminate/Pipeline/Pipeline->Illuminate/Pipeline/{closure}(Object(Illuminate/Http/Request))
#43 C:/Users/user/MyFiles/ProgmiX/PEX-Form-main/modules/Backend/Http/Middleware/ShareErrorsUnlessBot.php(24): Illuminate/View/Middleware/ShareErrorsFromSession->handle(Object(Illuminate/Http/Request), Object(Closure))
#44 C:/Users/user/MyFiles/ProgmiX/PEX-Form-main/vendor/laravel/framework/src/Illuminate/Pipeline/Pipeline.php(219): Juzaweb/Backend/Http/Middleware/ShareErrorsUnlessBot->handle(Object(Illuminate/Http/Request), Object(Closure))
#45 C:/Users/user/MyFiles/ProgmiX/PEX-Form-main/vendor/laravel/framework/src/Illuminate/Session/Middleware/StartSession.php(120): Illuminate/Pipeline/Pipeline->Illuminate/Pipeline/{closure}(Object(Illuminate/Http/Request))
#46 C:/Users/user/MyFiles/ProgmiX/PEX-Form-main/vendor/laravel/framework/src/Illuminate/Session/Middleware/StartSession.php(63): Illuminate/Session/Middleware/StartSession->handleStatefulRequest(Object(Illuminate/Http/Request), Object(Illuminate/Session/Store), Object(Closure))
#47 C:/Users/user/MyFiles/ProgmiX/PEX-Form-main/modules/Backend/Http/Middleware/SkipSessionForBots.php(24): Illuminate/Session/Middleware/StartSession->handle(Object(Illuminate/Http/Request), Object(Closure))
#48 C:/Users/user/MyFiles/ProgmiX/PEX-Form-main/vendor/laravel/framework/src/Illuminate/Pipeline/Pipeline.php(219): Juzaweb/Backend/Http/Middleware/SkipSessionForBots->handle(Object(Illuminate/Http/Request), Object(Closure))
#49 C:/Users/user/MyFiles/ProgmiX/PEX-Form-main/vendor/laravel/framework/src/Illuminate/Cookie/Middleware/EncryptCookies.php(74): Illuminate/Pipeline/Pipeline->Illuminate/Pipeline/{closure}(Object(Illuminate/Http/Request))
#50 C:/Users/user/MyFiles/ProgmiX/PEX-Form-main/vendor/laravel/framework/src/Illuminate/Pipeline/Pipeline.php(219): Illuminate/Cookie/Middleware/EncryptCookies->handle(Object(Illuminate/Http/Request), Object(Closure))
#51 C:/Users/user/MyFiles/ProgmiX/PEX-Form-main/modules/CMS/Http/Middleware/GlobalMiddleware.php(11): Illuminate/Pipeline/Pipeline->Illuminate/Pipeline/{closure}(Object(Illuminate/Http/Request))
#52 C:/Users/user/MyFiles/ProgmiX/PEX-Form-main/vendor/laravel/framework/src/Illuminate/Pipeline/Pipeline.php(219): Juzaweb/CMS/Http/Middleware/GlobalMiddleware->handle(Object(Illuminate/Http/Request), Object(Closure))
#53 C:/Users/user/MyFiles/ProgmiX/PEX-Form-main/modules/Backend/Http/Middleware/DisableSessionForBots.php(30): Illuminate/Pipeline/Pipeline->Illuminate/Pipeline/{closure}(Object(Illuminate/Http/Request))
#54 C:/Users/user/MyFiles/ProgmiX/PEX-Form-main/vendor/laravel/framework/src/Illuminate/Pipeline/Pipeline.php(219): Juzaweb/Backend/Http/Middleware/DisableSessionForBots->handle(Object(Illuminate/Http/Request), Object(Closure))
#55 C:/Users/user/MyFiles/ProgmiX/PEX-Form-main/vendor/laravel/framework/src/Illuminate/Pipeline/Pipeline.php(137): Illuminate/Pipeline/Pipeline->Illuminate/Pipeline/{closure}(Object(Illuminate/Http/Request))
#56 C:/Users/user/MyFiles/ProgmiX/PEX-Form-main/vendor/laravel/framework/src/Illuminate/Routing/Router.php(821): Illuminate/Pipeline/Pipeline->then(Object(Closure))
#57 C:/Users/user/MyFiles/ProgmiX/PEX-Form-main/vendor/laravel/framework/src/Illuminate/Routing/Router.php(800): Illuminate/Routing/Router->runRouteWithinStack(Object(Illuminate/Routing/Route), Object(Illuminate/Http/Request))
#58 C:/Users/user/MyFiles/ProgmiX/PEX-Form-main/vendor/laravel/framework/src/Illuminate/Routing/Router.php(764): Illuminate/Routing/Router->runRoute(Object(Illuminate/Http/Request), Object(Illuminate/Routing/Route))
#59 C:/Users/user/MyFiles/ProgmiX/PEX-Form-main/vendor/laravel/framework/src/Illuminate/Routing/Router.php(753): Illuminate/Routing/Router->dispatchToRoute(Object(Illuminate/Http/Request))
#60 C:/Users/user/MyFiles/ProgmiX/PEX-Form-main/vendor/laravel/framework/src/Illuminate/Foundation/Http/Kernel.php(200): Illuminate/Routing/Router->dispatch(Object(Illuminate/Http/Request))
#61 C:/Users/user/MyFiles/ProgmiX/PEX-Form-main/vendor/laravel/framework/src/Illuminate/Pipeline/Pipeline.php(180): Illuminate/Foundation/Http/Kernel->Illuminate/Foundation/Http/{closure}(Object(Illuminate/Http/Request))
#62 C:/Users/user/MyFiles/ProgmiX/PEX-Form-main/vendor/barryvdh/laravel-debugbar/src/Middleware/InjectDebugbar.php(59): Illuminate/Pipeline/Pipeline->Illuminate/Pipeline/{closure}(Object(Illuminate/Http/Request))
#63 C:/Users/user/MyFiles/ProgmiX/PEX-Form-main/vendor/laravel/framework/src/Illuminate/Pipeline/Pipeline.php(219): Barryvdh/Debugbar/Middleware/InjectDebugbar->handle(Object(Illuminate/Http/Request), Object(Closure))
#64 C:/Users/user/MyFiles/ProgmiX/PEX-Form-main/modules/Backend/Http/Middleware/BlockIpMiddleware.php(31): Illuminate/Pipeline/Pipeline->Illuminate/Pipeline/{closure}(Object(Illuminate/Http/Request))
#65 C:/Users/user/MyFiles/ProgmiX/PEX-Form-main/vendor/laravel/framework/src/Illuminate/Pipeline/Pipeline.php(219): Juzaweb/Backend/Http/Middleware/BlockIpMiddleware->handle(Object(Illuminate/Http/Request), Object(Closure))
#66 C:/Users/user/MyFiles/ProgmiX/PEX-Form-main/modules/Backend/Http/Middleware/SecurityHeaders.php(25): Illuminate/Pipeline/Pipeline->Illuminate/Pipeline/{closure}(Object(Illuminate/Http/Request))
#67 C:/Users/user/MyFiles/ProgmiX/PEX-Form-main/vendor/laravel/framework/src/Illuminate/Pipeline/Pipeline.php(219): Juzaweb/Backend/Http/Middleware/SecurityHeaders->handle(Object(Illuminate/Http/Request), Object(Closure))
#68 C:/Users/user/MyFiles/ProgmiX/PEX-Form-main/vendor/laravel/framework/src/Illuminate/Foundation/Http/Middleware/TransformsRequest.php(21): Illuminate/Pipeline/Pipeline->Illuminate/Pipeline/{closure}(Object(Illuminate/Http/Request))
#69 C:/Users/user/MyFiles/ProgmiX/PEX-Form-main/vendor/laravel/framework/src/Illuminate/Foundation/Http/Middleware/ConvertEmptyStringsToNull.php(31): Illuminate/Foundation/Http/Middleware/TransformsRequest->handle(Object(Illuminate/Http/Request), Object(Closure))
#70 C:/Users/user/MyFiles/ProgmiX/PEX-Form-main/vendor/laravel/framework/src/Illuminate/Pipeline/Pipeline.php(219): Illuminate/Foundation/Http/Middleware/ConvertEmptyStringsToNull->handle(Object(Illuminate/Http/Request), Object(Closure))
#71 C:/Users/user/MyFiles/ProgmiX/PEX-Form-main/vendor/laravel/framework/src/Illuminate/Foundation/Http/Middleware/TransformsRequest.php(21): Illuminate/Pipeline/Pipeline->Illuminate/Pipeline/{closure}(Object(Illuminate/Http/Request))
#72 C:/Users/user/MyFiles/ProgmiX/PEX-Form-main/vendor/laravel/framework/src/Illuminate/Foundation/Http/Middleware/TrimStrings.php(51): Illuminate/Foundation/Http/Middleware/TransformsRequest->handle(Object(Illuminate/Http/Request), Object(Closure))
#73 C:/Users/user/MyFiles/ProgmiX/PEX-Form-main/vendor/laravel/framework/src/Illuminate/Pipeline/Pipeline.php(219): Illuminate/Foundation/Http/Middleware/TrimStrings->handle(Object(Illuminate/Http/Request), Object(Closure))
#74 C:/Users/user/MyFiles/ProgmiX/PEX-Form-main/vendor/laravel/framework/src/Illuminate/Http/Middleware/ValidatePostSize.php(27): Illuminate/Pipeline/Pipeline->Illuminate/Pipeline/{closure}(Object(Illuminate/Http/Request))
#75 C:/Users/user/MyFiles/ProgmiX/PEX-Form-main/vendor/laravel/framework/src/Illuminate/Pipeline/Pipeline.php(219): Illuminate/Http/Middleware/ValidatePostSize->handle(Object(Illuminate/Http/Request), Object(Closure))
#76 C:/Users/user/MyFiles/ProgmiX/PEX-Form-main/vendor/laravel/framework/src/Illuminate/Foundation/Http/Middleware/PreventRequestsDuringMaintenance.php(109): Illuminate/Pipeline/Pipeline->Illuminate/Pipeline/{closure}(Object(Illuminate/Http/Request))
#77 C:/Users/user/MyFiles/ProgmiX/PEX-Form-main/vendor/laravel/framework/src/Illuminate/Pipeline/Pipeline.php(219): Illuminate/Foundation/Http/Middleware/PreventRequestsDuringMaintenance->handle(Object(Illuminate/Http/Request), Object(Closure))
#78 C:/Users/user/MyFiles/ProgmiX/PEX-Form-main/vendor/laravel/framework/src/Illuminate/Http/Middleware/HandleCors.php(61): Illuminate/Pipeline/Pipeline->Illuminate/Pipeline/{closure}(Object(Illuminate/Http/Request))
#79 C:/Users/user/MyFiles/ProgmiX/PEX-Form-main/vendor/laravel/framework/src/Illuminate/Pipeline/Pipeline.php(219): Illuminate/Http/Middleware/HandleCors->handle(Object(Illuminate/Http/Request), Object(Closure))
#80 C:/Users/user/MyFiles/ProgmiX/PEX-Form-main/vendor/laravel/framework/src/Illuminate/Http/Middleware/TrustProxies.php(58): Illuminate/Pipeline/Pipeline->Illuminate/Pipeline/{closure}(Object(Illuminate/Http/Request))
#81 C:/Users/user/MyFiles/ProgmiX/PEX-Form-main/vendor/laravel/framework/src/Illuminate/Pipeline/Pipeline.php(219): Illuminate/Http/Middleware/TrustProxies->handle(Object(Illuminate/Http/Request), Object(Closure))
#82 C:/Users/user/MyFiles/ProgmiX/PEX-Form-main/vendor/laravel/framework/src/Illuminate/Pipeline/Pipeline.php(137): Illuminate/Pipeline/Pipeline->Illuminate/Pipeline/{closure}(Object(Illuminate/Http/Request))
#83 C:/Users/user/MyFiles/ProgmiX/PEX-Form-main/vendor/laravel/framework/src/Illuminate/Foundation/Http/Kernel.php(175): Illuminate/Pipeline/Pipeline->then(Object(Closure))
#84 C:/Users/user/MyFiles/ProgmiX/PEX-Form-main/vendor/laravel/framework/src/Illuminate/Foundation/Http/Kernel.php(144): Illuminate/Foundation/Http/Kernel->sendRequestThroughRouter(Object(Illuminate/Http/Request))
#85 C:/Users/user/MyFiles/ProgmiX/PEX-Form-main/public/index.php(51): Illuminate/Foundation/Http/Kernel->handle(Object(Illuminate/Http/Request))
#86 C:/Users/user/MyFiles/ProgmiX/PEX-Form-main/vendor/laravel/framework/src/Illuminate/Foundation/resources/server.php(23): require_once('C://Users//user//M...')
#87 {main}

[previous exception] [object] (ErrorException(code: 0): Undefined variable $speakerNames at C:/Users/user/MyFiles/ProgmiX/PEX-Form-main/storage/framework/views/e957588816674c7d6bc884ad75301905.php:19)
[stacktrace]
#0 C:/Users/user/MyFiles/ProgmiX/PEX-Form-main/vendor/laravel/framework/src/Illuminate/Foundation/Bootstrap/HandleExceptions.php(262): Illuminate/Foundation/Bootstrap/HandleExceptions->handleError(2, 'Undefined varia...', 'C://Users//user//M...', 19)
#1 C:/Users/user/MyFiles/ProgmiX/PEX-Form-main/storage/framework/views/e957588816674c7d6bc884ad75301905.php(19): Illuminate/Foundation/Bootstrap/HandleExceptions->Illuminate/Foundation/Bootstrap/{closure}(2, 'Undefined varia...', 'C://Users//user//M...', 19)
#2 C:/Users/user/MyFiles/ProgmiX/PEX-Form-main/vendor/laravel/framework/src/Illuminate/Filesystem/Filesystem.php(123): require('C://Users//user//M...')
#3 C:/Users/user/MyFiles/ProgmiX/PEX-Form-main/vendor/laravel/framework/src/Illuminate/Filesystem/Filesystem.php(124): Illuminate/Filesystem/Filesystem::Illuminate/Filesystem/{closure}()
#4 C:/Users/user/MyFiles/ProgmiX/PEX-Form-main/vendor/laravel/framework/src/Illuminate/View/Engines/PhpEngine.php(57): Illuminate/Filesystem/Filesystem->getRequire('C://Users//user//M...', Array)
#5 C:/Users/user/MyFiles/ProgmiX/PEX-Form-main/vendor/laravel/framework/src/Illuminate/View/Engines/CompilerEngine.php(76): Illuminate/View/Engines/PhpEngine->evaluatePath('C://Users//user//M...', Array)
#6 C:/Users/user/MyFiles/ProgmiX/PEX-Form-main/vendor/laravel/framework/src/Illuminate/View/View.php(208): Illuminate/View/Engines/CompilerEngine->get('C://Users//user//M...', Array)
#7 C:/Users/user/MyFiles/ProgmiX/PEX-Form-main/vendor/laravel/framework/src/Illuminate/View/View.php(191): Illuminate/View/View->getContents()
#8 C:/Users/user/MyFiles/ProgmiX/PEX-Form-main/vendor/laravel/framework/src/Illuminate/View/View.php(160): Illuminate/View/View->renderContents()
#9 C:/Users/user/MyFiles/ProgmiX/PEX-Form-main/storage/framework/views/078e945ecbf82d678121cbf4f8650dce.php(1): Illuminate/View/View->render()
#10 C:/Users/user/MyFiles/ProgmiX/PEX-Form-main/vendor/laravel/framework/src/Illuminate/Filesystem/Filesystem.php(123): require('C://Users//user//M...')
#11 C:/Users/user/MyFiles/ProgmiX/PEX-Form-main/vendor/laravel/framework/src/Illuminate/Filesystem/Filesystem.php(124): Illuminate/Filesystem/Filesystem::Illuminate/Filesystem/{closure}()
#12 C:/Users/user/MyFiles/ProgmiX/PEX-Form-main/vendor/laravel/framework/src/Illuminate/View/Engines/PhpEngine.php(57): Illuminate/Filesystem/Filesystem->getRequire('C://Users//user//M...', Array)
#13 C:/Users/user/MyFiles/ProgmiX/PEX-Form-main/vendor/laravel/framework/src/Illuminate/View/Engines/CompilerEngine.php(76): Illuminate/View/Engines/PhpEngine->evaluatePath('C://Users//user//M...', Array)
#14 C:/Users/user/MyFiles/ProgmiX/PEX-Form-main/vendor/laravel/framework/src/Illuminate/View/View.php(208): Illuminate/View/Engines/CompilerEngine->get('C://Users//user//M...', Array)
#15 C:/Users/user/MyFiles/ProgmiX/PEX-Form-main/vendor/laravel/framework/src/Illuminate/View/View.php(191): Illuminate/View/View->getContents()
#16 C:/Users/user/MyFiles/ProgmiX/PEX-Form-main/vendor/laravel/framework/src/Illuminate/View/View.php(160): Illuminate/View/View->renderContents()
#17 C:/Users/user/MyFiles/ProgmiX/PEX-Form-main/vendor/laravel/framework/src/Illuminate/Http/Response.php(78): Illuminate/View/View->render()
#18 C:/Users/user/MyFiles/ProgmiX/PEX-Form-main/vendor/laravel/framework/src/Illuminate/Http/Response.php(34): Illuminate/Http/Response->setContent(Object(Illuminate/View/View))
#19 C:/Users/user/MyFiles/ProgmiX/PEX-Form-main/vendor/laravel/framework/src/Illuminate/Routing/Router.php(939): Illuminate/Http/Response->__construct(Object(Illuminate/View/View), 200, Array)
#20 C:/Users/user/MyFiles/ProgmiX/PEX-Form-main/vendor/laravel/framework/src/Illuminate/Routing/Router.php(906): Illuminate/Routing/Router::toResponse(Object(Illuminate/Http/Request), Object(Illuminate/View/View))
#21 C:/Users/user/MyFiles/ProgmiX/PEX-Form-main/vendor/laravel/framework/src/Illuminate/Routing/Router.php(821): Illuminate/Routing/Router->prepareResponse(Object(Illuminate/Http/Request), Object(Illuminate/View/View))
#22 C:/Users/user/MyFiles/ProgmiX/PEX-Form-main/vendor/laravel/framework/src/Illuminate/Pipeline/Pipeline.php(180): Illuminate/Routing/Router->Illuminate/Routing/{closure}(Object(Illuminate/Http/Request))
#23 C:/Users/user/MyFiles/ProgmiX/PEX-Form-main/modules/Frontend/Http/Middleware/Locale.php(49): Illuminate/Pipeline/Pipeline->Illuminate/Pipeline/{closure}(Object(Illuminate/Http/Request))
#24 C:/Users/user/MyFiles/ProgmiX/PEX-Form-main/vendor/laravel/framework/src/Illuminate/Pipeline/Pipeline.php(219): Juzaweb/Frontend/Http/Middleware/Locale->handle(Object(Illuminate/Http/Request), Object(Closure))
#25 C:/Users/user/MyFiles/ProgmiX/PEX-Form-main/modules/Backend/Http/Middleware/SecurityHeaders.php(25): Illuminate/Pipeline/Pipeline->Illuminate/Pipeline/{closure}(Object(Illuminate/Http/Request))
#26 C:/Users/user/MyFiles/ProgmiX/PEX-Form-main/vendor/laravel/framework/src/Illuminate/Pipeline/Pipeline.php(219): Juzaweb/Backend/Http/Middleware/SecurityHeaders->handle(Object(Illuminate/Http/Request), Object(Closure))
#27 C:/Users/user/MyFiles/ProgmiX/PEX-Form-main/vendor/laravel/framework/src/Illuminate/Routing/Middleware/ThrottleRequests.php(166): Illuminate/Pipeline/Pipeline->Illuminate/Pipeline/{closure}(Object(Illuminate/Http/Request))
#28 C:/Users/user/MyFiles/ProgmiX/PEX-Form-main/vendor/laravel/framework/src/Illuminate/Routing/Middleware/ThrottleRequests.php(93): Illuminate/Routing/Middleware/ThrottleRequests->handleRequest(Object(Illuminate/Http/Request), Object(Closure), Array)
#29 C:/Users/user/MyFiles/ProgmiX/PEX-Form-main/vendor/laravel/framework/src/Illuminate/Pipeline/Pipeline.php(219): Illuminate/Routing/Middleware/ThrottleRequests->handle(Object(Illuminate/Http/Request), Object(Closure))
#30 C:/Users/user/MyFiles/ProgmiX/PEX-Form-main/modules/Backend/Http/Middleware/PathTraversal.php(57): Illuminate/Pipeline/Pipeline->Illuminate/Pipeline/{closure}(Object(Illuminate/Http/Request))
#31 C:/Users/user/MyFiles/ProgmiX/PEX-Form-main/vendor/laravel/framework/src/Illuminate/Pipeline/Pipeline.php(219): Juzaweb/Backend/Http/Middleware/PathTraversal->handle(Object(Illuminate/Http/Request), Object(Closure))
#32 C:/Users/user/MyFiles/ProgmiX/PEX-Form-main/modules/Backend/Http/Middleware/XssSanitization.php(44): Illuminate/Pipeline/Pipeline->Illuminate/Pipeline/{closure}(Object(Illuminate/Http/Request))
#33 C:/Users/user/MyFiles/ProgmiX/PEX-Form-main/vendor/laravel/framework/src/Illuminate/Pipeline/Pipeline.php(219): Juzaweb/Backend/Http/Middleware/XssSanitization->handle(Object(Illuminate/Http/Request), Object(Closure))
#34 C:/Users/user/MyFiles/ProgmiX/PEX-Form-main/vendor/spatie/laravel-csp/src/AddCspHeaders.php(13): Illuminate/Pipeline/Pipeline->Illuminate/Pipeline/{closure}(Object(Illuminate/Http/Request))
#35 C:/Users/user/MyFiles/ProgmiX/PEX-Form-main/vendor/laravel/framework/src/Illuminate/Pipeline/Pipeline.php(219): Spatie/Csp/AddCspHeaders->handle(Object(Illuminate/Http/Request), Object(Closure))
#36 C:/Users/user/MyFiles/ProgmiX/PEX-Form-main/vendor/barryvdh/laravel-debugbar/src/Middleware/InjectDebugbar.php(59): Illuminate/Pipeline/Pipeline->Illuminate/Pipeline/{closure}(Object(Illuminate/Http/Request))
#37 C:/Users/user/MyFiles/ProgmiX/PEX-Form-main/vendor/laravel/framework/src/Illuminate/Pipeline/Pipeline.php(219): Barryvdh/Debugbar/Middleware/InjectDebugbar->handle(Object(Illuminate/Http/Request), Object(Closure))
#38 C:/Users/user/MyFiles/ProgmiX/PEX-Form-main/modules/CMS/Http/Middleware/XFrameHeadersMiddleware.php(41): Illuminate/Pipeline/Pipeline->Illuminate/Pipeline/{closure}(Object(Illuminate/Http/Request))
#39 C:/Users/user/MyFiles/ProgmiX/PEX-Form-main/vendor/laravel/framework/src/Illuminate/Pipeline/Pipeline.php(219): Juzaweb/CMS/Http/Middleware/XFrameHeadersMiddleware->handle(Object(Illuminate/Http/Request), Object(Closure))
#40 C:/Users/user/MyFiles/ProgmiX/PEX-Form-main/vendor/laravel/framework/src/Illuminate/Routing/Middleware/SubstituteBindings.php(50): Illuminate/Pipeline/Pipeline->Illuminate/Pipeline/{closure}(Object(Illuminate/Http/Request))
#41 C:/Users/user/MyFiles/ProgmiX/PEX-Form-main/vendor/laravel/framework/src/Illuminate/Pipeline/Pipeline.php(219): Illuminate/Routing/Middleware/SubstituteBindings->handle(Object(Illuminate/Http/Request), Object(Closure))
#42 C:/Users/user/MyFiles/ProgmiX/PEX-Form-main/vendor/laravel/framework/src/Illuminate/Cookie/Middleware/AddQueuedCookiesToResponse.php(36): Illuminate/Pipeline/Pipeline->Illuminate/Pipeline/{closure}(Object(Illuminate/Http/Request))
#43 C:/Users/user/MyFiles/ProgmiX/PEX-Form-main/vendor/laravel/framework/src/Illuminate/Pipeline/Pipeline.php(219): Illuminate/Cookie/Middleware/AddQueuedCookiesToResponse->handle(Object(Illuminate/Http/Request), Object(Closure))
#44 C:/Users/user/MyFiles/ProgmiX/PEX-Form-main/vendor/laravel/framework/src/Illuminate/View/Middleware/ShareErrorsFromSession.php(48): Illuminate/Pipeline/Pipeline->Illuminate/Pipeline/{closure}(Object(Illuminate/Http/Request))
#45 C:/Users/user/MyFiles/ProgmiX/PEX-Form-main/modules/Backend/Http/Middleware/ShareErrorsUnlessBot.php(24): Illuminate/View/Middleware/ShareErrorsFromSession->handle(Object(Illuminate/Http/Request), Object(Closure))
#46 C:/Users/user/MyFiles/ProgmiX/PEX-Form-main/vendor/laravel/framework/src/Illuminate/Pipeline/Pipeline.php(219): Juzaweb/Backend/Http/Middleware/ShareErrorsUnlessBot->handle(Object(Illuminate/Http/Request), Object(Closure))
#47 C:/Users/user/MyFiles/ProgmiX/PEX-Form-main/vendor/laravel/framework/src/Illuminate/Session/Middleware/StartSession.php(120): Illuminate/Pipeline/Pipeline->Illuminate/Pipeline/{closure}(Object(Illuminate/Http/Request))
#48 C:/Users/user/MyFiles/ProgmiX/PEX-Form-main/vendor/laravel/framework/src/Illuminate/Session/Middleware/StartSession.php(63): Illuminate/Session/Middleware/StartSession->handleStatefulRequest(Object(Illuminate/Http/Request), Object(Illuminate/Session/Store), Object(Closure))
#49 C:/Users/user/MyFiles/ProgmiX/PEX-Form-main/modules/Backend/Http/Middleware/SkipSessionForBots.php(24): Illuminate/Session/Middleware/StartSession->handle(Object(Illuminate/Http/Request), Object(Closure))
#50 C:/Users/user/MyFiles/ProgmiX/PEX-Form-main/vendor/laravel/framework/src/Illuminate/Pipeline/Pipeline.php(219): Juzaweb/Backend/Http/Middleware/SkipSessionForBots->handle(Object(Illuminate/Http/Request), Object(Closure))
#51 C:/Users/user/MyFiles/ProgmiX/PEX-Form-main/vendor/laravel/framework/src/Illuminate/Cookie/Middleware/EncryptCookies.php(74): Illuminate/Pipeline/Pipeline->Illuminate/Pipeline/{closure}(Object(Illuminate/Http/Request))
#52 C:/Users/user/MyFiles/ProgmiX/PEX-Form-main/vendor/laravel/framework/src/Illuminate/Pipeline/Pipeline.php(219): Illuminate/Cookie/Middleware/EncryptCookies->handle(Object(Illuminate/Http/Request), Object(Closure))
#53 C:/Users/user/MyFiles/ProgmiX/PEX-Form-main/modules/CMS/Http/Middleware/GlobalMiddleware.php(11): Illuminate/Pipeline/Pipeline->Illuminate/Pipeline/{closure}(Object(Illuminate/Http/Request))
#54 C:/Users/user/MyFiles/ProgmiX/PEX-Form-main/vendor/laravel/framework/src/Illuminate/Pipeline/Pipeline.php(219): Juzaweb/CMS/Http/Middleware/GlobalMiddleware->handle(Object(Illuminate/Http/Request), Object(Closure))
#55 C:/Users/user/MyFiles/ProgmiX/PEX-Form-main/modules/Backend/Http/Middleware/DisableSessionForBots.php(30): Illuminate/Pipeline/Pipeline->Illuminate/Pipeline/{closure}(Object(Illuminate/Http/Request))
#56 C:/Users/user/MyFiles/ProgmiX/PEX-Form-main/vendor/laravel/framework/src/Illuminate/Pipeline/Pipeline.php(219): Juzaweb/Backend/Http/Middleware/DisableSessionForBots->handle(Object(Illuminate/Http/Request), Object(Closure))
#57 C:/Users/user/MyFiles/ProgmiX/PEX-Form-main/vendor/laravel/framework/src/Illuminate/Pipeline/Pipeline.php(137): Illuminate/Pipeline/Pipeline->Illuminate/Pipeline/{closure}(Object(Illuminate/Http/Request))
#58 C:/Users/user/MyFiles/ProgmiX/PEX-Form-main/vendor/laravel/framework/src/Illuminate/Routing/Router.php(821): Illuminate/Pipeline/Pipeline->then(Object(Closure))
#59 C:/Users/user/MyFiles/ProgmiX/PEX-Form-main/vendor/laravel/framework/src/Illuminate/Routing/Router.php(800): Illuminate/Routing/Router->runRouteWithinStack(Object(Illuminate/Routing/Route), Object(Illuminate/Http/Request))
#60 C:/Users/user/MyFiles/ProgmiX/PEX-Form-main/vendor/laravel/framework/src/Illuminate/Routing/Router.php(764): Illuminate/Routing/Router->runRoute(Object(Illuminate/Http/Request), Object(Illuminate/Routing/Route))
#61 C:/Users/user/MyFiles/ProgmiX/PEX-Form-main/vendor/laravel/framework/src/Illuminate/Routing/Router.php(753): Illuminate/Routing/Router->dispatchToRoute(Object(Illuminate/Http/Request))
#62 C:/Users/user/MyFiles/ProgmiX/PEX-Form-main/vendor/laravel/framework/src/Illuminate/Foundation/Http/Kernel.php(200): Illuminate/Routing/Router->dispatch(Object(Illuminate/Http/Request))
#63 C:/Users/user/MyFiles/ProgmiX/PEX-Form-main/vendor/laravel/framework/src/Illuminate/Pipeline/Pipeline.php(180): Illuminate/Foundation/Http/Kernel->Illuminate/Foundation/Http/{closure}(Object(Illuminate/Http/Request))
#64 C:/Users/user/MyFiles/ProgmiX/PEX-Form-main/vendor/barryvdh/laravel-debugbar/src/Middleware/InjectDebugbar.php(59): Illuminate/Pipeline/Pipeline->Illuminate/Pipeline/{closure}(Object(Illuminate/Http/Request))
#65 C:/Users/user/MyFiles/ProgmiX/PEX-Form-main/vendor/laravel/framework/src/Illuminate/Pipeline/Pipeline.php(219): Barryvdh/Debugbar/Middleware/InjectDebugbar->handle(Object(Illuminate/Http/Request), Object(Closure))
#66 C:/Users/user/MyFiles/ProgmiX/PEX-Form-main/modules/Backend/Http/Middleware/BlockIpMiddleware.php(31): Illuminate/Pipeline/Pipeline->Illuminate/Pipeline/{closure}(Object(Illuminate/Http/Request))
#67 C:/Users/user/MyFiles/ProgmiX/PEX-Form-main/vendor/laravel/framework/src/Illuminate/Pipeline/Pipeline.php(219): Juzaweb/Backend/Http/Middleware/BlockIpMiddleware->handle(Object(Illuminate/Http/Request), Object(Closure))
#68 C:/Users/user/MyFiles/ProgmiX/PEX-Form-main/modules/Backend/Http/Middleware/SecurityHeaders.php(25): Illuminate/Pipeline/Pipeline->Illuminate/Pipeline/{closure}(Object(Illuminate/Http/Request))
#69 C:/Users/user/MyFiles/ProgmiX/PEX-Form-main/vendor/laravel/framework/src/Illuminate/Pipeline/Pipeline.php(219): Juzaweb/Backend/Http/Middleware/SecurityHeaders->handle(Object(Illuminate/Http/Request), Object(Closure))
#70 C:/Users/user/MyFiles/ProgmiX/PEX-Form-main/vendor/laravel/framework/src/Illuminate/Foundation/Http/Middleware/TransformsRequest.php(21): Illuminate/Pipeline/Pipeline->Illuminate/Pipeline/{closure}(Object(Illuminate/Http/Request))
#71 C:/Users/user/MyFiles/ProgmiX/PEX-Form-main/vendor/laravel/framework/src/Illuminate/Foundation/Http/Middleware/ConvertEmptyStringsToNull.php(31): Illuminate/Foundation/Http/Middleware/TransformsRequest->handle(Object(Illuminate/Http/Request), Object(Closure))
#72 C:/Users/user/MyFiles/ProgmiX/PEX-Form-main/vendor/laravel/framework/src/Illuminate/Pipeline/Pipeline.php(219): Illuminate/Foundation/Http/Middleware/ConvertEmptyStringsToNull->handle(Object(Illuminate/Http/Request), Object(Closure))
#73 C:/Users/user/MyFiles/ProgmiX/PEX-Form-main/vendor/laravel/framework/src/Illuminate/Foundation/Http/Middleware/TransformsRequest.php(21): Illuminate/Pipeline/Pipeline->Illuminate/Pipeline/{closure}(Object(Illuminate/Http/Request))
#74 C:/Users/user/MyFiles/ProgmiX/PEX-Form-main/vendor/laravel/framework/src/Illuminate/Foundation/Http/Middleware/TrimStrings.php(51): Illuminate/Foundation/Http/Middleware/TransformsRequest->handle(Object(Illuminate/Http/Request), Object(Closure))
#75 C:/Users/user/MyFiles/ProgmiX/PEX-Form-main/vendor/laravel/framework/src/Illuminate/Pipeline/Pipeline.php(219): Illuminate/Foundation/Http/Middleware/TrimStrings->handle(Object(Illuminate/Http/Request), Object(Closure))
#76 C:/Users/user/MyFiles/ProgmiX/PEX-Form-main/vendor/laravel/framework/src/Illuminate/Http/Middleware/ValidatePostSize.php(27): Illuminate/Pipeline/Pipeline->Illuminate/Pipeline/{closure}(Object(Illuminate/Http/Request))
#77 C:/Users/user/MyFiles/ProgmiX/PEX-Form-main/vendor/laravel/framework/src/Illuminate/Pipeline/Pipeline.php(219): Illuminate/Http/Middleware/ValidatePostSize->handle(Object(Illuminate/Http/Request), Object(Closure))
#78 C:/Users/user/MyFiles/ProgmiX/PEX-Form-main/vendor/laravel/framework/src/Illuminate/Foundation/Http/Middleware/PreventRequestsDuringMaintenance.php(109): Illuminate/Pipeline/Pipeline->Illuminate/Pipeline/{closure}(Object(Illuminate/Http/Request))
#79 C:/Users/user/MyFiles/ProgmiX/PEX-Form-main/vendor/laravel/framework/src/Illuminate/Pipeline/Pipeline.php(219): Illuminate/Foundation/Http/Middleware/PreventRequestsDuringMaintenance->handle(Object(Illuminate/Http/Request), Object(Closure))
#80 C:/Users/user/MyFiles/ProgmiX/PEX-Form-main/vendor/laravel/framework/src/Illuminate/Http/Middleware/HandleCors.php(61): Illuminate/Pipeline/Pipeline->Illuminate/Pipeline/{closure}(Object(Illuminate/Http/Request))
#81 C:/Users/user/MyFiles/ProgmiX/PEX-Form-main/vendor/laravel/framework/src/Illuminate/Pipeline/Pipeline.php(219): Illuminate/Http/Middleware/HandleCors->handle(Object(Illuminate/Http/Request), Object(Closure))
#82 C:/Users/user/MyFiles/ProgmiX/PEX-Form-main/vendor/laravel/framework/src/Illuminate/Http/Middleware/TrustProxies.php(58): Illuminate/Pipeline/Pipeline->Illuminate/Pipeline/{closure}(Object(Illuminate/Http/Request))
#83 C:/Users/user/MyFiles/ProgmiX/PEX-Form-main/vendor/laravel/framework/src/Illuminate/Pipeline/Pipeline.php(219): Illuminate/Http/Middleware/TrustProxies->handle(Object(Illuminate/Http/Request), Object(Closure))
#84 C:/Users/user/MyFiles/ProgmiX/PEX-Form-main/vendor/laravel/framework/src/Illuminate/Pipeline/Pipeline.php(137): Illuminate/Pipeline/Pipeline->Illuminate/Pipeline/{closure}(Object(Illuminate/Http/Request))
#85 C:/Users/user/MyFiles/ProgmiX/PEX-Form-main/vendor/laravel/framework/src/Illuminate/Foundation/Http/Kernel.php(175): Illuminate/Pipeline/Pipeline->then(Object(Closure))
#86 C:/Users/user/MyFiles/ProgmiX/PEX-Form-main/vendor/laravel/framework/src/Illuminate/Foundation/Http/Kernel.php(144): Illuminate/Foundation/Http/Kernel->sendRequestThroughRouter(Object(Illuminate/Http/Request))
#87 C:/Users/user/MyFiles/ProgmiX/PEX-Form-main/public/index.php(51): Illuminate/Foundation/Http/Kernel->handle(Object(Illuminate/Http/Request))
#88 C:/Users/user/MyFiles/ProgmiX/PEX-Form-main/vendor/laravel/framework/src/Illuminate/Foundation/resources/server.php(23): require_once('C://Users//user//M...')
#89 {main}
"} 
[2026-09-21 15:46:55] local.ERROR: Undefined variable $speakerNames {"userId":1,"exception":"[object] (Spatie\\LaravelIgnition\\Exceptions\\ViewException(code: 0): Undefined variable $speakerNames at C:/Users/user/MyFiles/ProgmiX/PEX-Form-main/modules/Frontend/resources/views/templates/homepage/pex/agenda.blade.php:1)
[stacktrace]
#0 C:/Users/user/MyFiles/ProgmiX/PEX-Form-main/vendor/laravel/framework/src/Illuminate/Filesystem/Filesystem.php(123): require('C://Users//user//M...')
#1 C:/Users/user/MyFiles/ProgmiX/PEX-Form-main/vendor/laravel/framework/src/Illuminate/Filesystem/Filesystem.php(124): Illuminate/Filesystem/Filesystem::Illuminate/Filesystem/{closure}()
#2 C:/Users/user/MyFiles/ProgmiX/PEX-Form-main/vendor/laravel/framework/src/Illuminate/View/Engines/PhpEngine.php(57): Illuminate/Filesystem/Filesystem->getRequire('C://Users//user//M...', Array)
#3 C:/Users/user/MyFiles/ProgmiX/PEX-Form-main/vendor/laravel/framework/src/Illuminate/View/Engines/CompilerEngine.php(76): Illuminate/View/Engines/PhpEngine->evaluatePath('C://Users//user//M...', Array)
#4 C:/Users/user/MyFiles/ProgmiX/PEX-Form-main/vendor/laravel/framework/src/Illuminate/View/View.php(208): Illuminate/View/Engines/CompilerEngine->get('C://Users//user//M...', Array)
#5 C:/Users/user/MyFiles/ProgmiX/PEX-Form-main/vendor/laravel/framework/src/Illuminate/View/View.php(191): Illuminate/View/View->getContents()
#6 C:/Users/user/MyFiles/ProgmiX/PEX-Form-main/vendor/laravel/framework/src/Illuminate/View/View.php(160): Illuminate/View/View->renderContents()
#7 C:/Users/user/MyFiles/ProgmiX/PEX-Form-main/modules/Frontend/resources/views/home.blade.php(1): Illuminate/View/View->render()
#8 C:/Users/user/MyFiles/ProgmiX/PEX-Form-main/vendor/laravel/framework/src/Illuminate/Filesystem/Filesystem.php(123): require('C://Users//user//M...')
#9 C:/Users/user/MyFiles/ProgmiX/PEX-Form-main/vendor/laravel/framework/src/Illuminate/Filesystem/Filesystem.php(124): Illuminate/Filesystem/Filesystem::Illuminate/Filesystem/{closure}()
#10 C:/Users/user/MyFiles/ProgmiX/PEX-Form-main/vendor/laravel/framework/src/Illuminate/View/Engines/PhpEngine.php(57): Illuminate/Filesystem/Filesystem->getRequire('C://Users//user//M...', Array)
#11 C:/Users/user/MyFiles/ProgmiX/PEX-Form-main/vendor/laravel/framework/src/Illuminate/View/Engines/CompilerEngine.php(76): Illuminate/View/Engines/PhpEngine->evaluatePath('C://Users//user//M...', Array)
#12 C:/Users/user/MyFiles/ProgmiX/PEX-Form-main/vendor/laravel/framework/src/Illuminate/View/View.php(208): Illuminate/View/Engines/CompilerEngine->get('C://Users//user//M...', Array)
#13 C:/Users/user/MyFiles/ProgmiX/PEX-Form-main/vendor/laravel/framework/src/Illuminate/View/View.php(191): Illuminate/View/View->getContents()
#14 C:/Users/user/MyFiles/ProgmiX/PEX-Form-main/vendor/laravel/framework/src/Illuminate/View/View.php(160): Illuminate/View/View->renderContents()
#15 C:/Users/user/MyFiles/ProgmiX/PEX-Form-main/vendor/laravel/framework/src/Illuminate/Http/Response.php(78): Illuminate/View/View->render()
#16 C:/Users/user/MyFiles/ProgmiX/PEX-Form-main/vendor/laravel/framework/src/Illuminate/Http/Response.php(34): Illuminate/Http/Response->setContent(Object(Illuminate/View/View))
#17 C:/Users/user/MyFiles/ProgmiX/PEX-Form-main/vendor/laravel/framework/src/Illuminate/Routing/Router.php(939): Illuminate/Http/Response->__construct(Object(Illuminate/View/View), 200, Array)
#18 C:/Users/user/MyFiles/ProgmiX/PEX-Form-main/vendor/laravel/framework/src/Illuminate/Routing/Router.php(906): Illuminate/Routing/Router::toResponse(Object(Illuminate/Http/Request), Object(Illuminate/View/View))
#19 C:/Users/user/MyFiles/ProgmiX/PEX-Form-main/vendor/laravel/framework/src/Illuminate/Routing/Router.php(821): Illuminate/Routing/Router->prepareResponse(Object(Illuminate/Http/Request), Object(Illuminate/View/View))
#20 C:/Users/user/MyFiles/ProgmiX/PEX-Form-main/vendor/laravel/framework/src/Illuminate/Pipeline/Pipeline.php(180): Illuminate/Routing/Router->Illuminate/Routing/{closure}(Object(Illuminate/Http/Request))
#21 C:/Users/user/MyFiles/ProgmiX/PEX-Form-main/modules/Frontend/Http/Middleware/Locale.php(49): Illuminate/Pipeline/Pipeline->Illuminate/Pipeline/{closure}(Object(Illuminate/Http/Request))
#22 C:/Users/user/MyFiles/ProgmiX/PEX-Form-main/vendor/laravel/framework/src/Illuminate/Pipeline/Pipeline.php(219): Juzaweb/Frontend/Http/Middleware/Locale->handle(Object(Illuminate/Http/Request), Object(Closure))
#23 C:/Users/user/MyFiles/ProgmiX/PEX-Form-main/modules/Backend/Http/Middleware/SecurityHeaders.php(25): Illuminate/Pipeline/Pipeline->Illuminate/Pipeline/{closure}(Object(Illuminate/Http/Request))
#24 C:/Users/user/MyFiles/ProgmiX/PEX-Form-main/vendor/laravel/framework/src/Illuminate/Pipeline/Pipeline.php(219): Juzaweb/Backend/Http/Middleware/SecurityHeaders->handle(Object(Illuminate/Http/Request), Object(Closure))
#25 C:/Users/user/MyFiles/ProgmiX/PEX-Form-main/vendor/laravel/framework/src/Illuminate/Routing/Middleware/ThrottleRequests.php(166): Illuminate/Pipeline/Pipeline->Illuminate/Pipeline/{closure}(Object(Illuminate/Http/Request))
#26 C:/Users/user/MyFiles/ProgmiX/PEX-Form-main/vendor/laravel/framework/src/Illuminate/Routing/Middleware/ThrottleRequests.php(93): Illuminate/Routing/Middleware/ThrottleRequests->handleRequest(Object(Illuminate/Http/Request), Object(Closure), Array)
#27 C:/Users/user/MyFiles/ProgmiX/PEX-Form-main/vendor/laravel/framework/src/Illuminate/Pipeline/Pipeline.php(219): Illuminate/Routing/Middleware/ThrottleRequests->handle(Object(Illuminate/Http/Request), Object(Closure))
#28 C:/Users/user/MyFiles/ProgmiX/PEX-Form-main/modules/Backend/Http/Middleware/PathTraversal.php(57): Illuminate/Pipeline/Pipeline->Illuminate/Pipeline/{closure}(Object(Illuminate/Http/Request))
#29 C:/Users/user/MyFiles/ProgmiX/PEX-Form-main/vendor/laravel/framework/src/Illuminate/Pipeline/Pipeline.php(219): Juzaweb/Backend/Http/Middleware/PathTraversal->handle(Object(Illuminate/Http/Request), Object(Closure))
#30 C:/Users/user/MyFiles/ProgmiX/PEX-Form-main/modules/Backend/Http/Middleware/XssSanitization.php(44): Illuminate/Pipeline/Pipeline->Illuminate/Pipeline/{closure}(Object(Illuminate/Http/Request))
#31 C:/Users/user/MyFiles/ProgmiX/PEX-Form-main/vendor/laravel/framework/src/Illuminate/Pipeline/Pipeline.php(219): Juzaweb/Backend/Http/Middleware/XssSanitization->handle(Object(Illuminate/Http/Request), Object(Closure))
#32 C:/Users/user/MyFiles/ProgmiX/PEX-Form-main/vendor/spatie/laravel-csp/src/AddCspHeaders.php(13): Illuminate/Pipeline/Pipeline->Illuminate/Pipeline/{closure}(Object(Illuminate/Http/Request))
#33 C:/Users/user/MyFiles/ProgmiX/PEX-Form-main/vendor/laravel/framework/src/Illuminate/Pipeline/Pipeline.php(219): Spatie/Csp/AddCspHeaders->handle(Object(Illuminate/Http/Request), Object(Closure))
#34 C:/Users/user/MyFiles/ProgmiX/PEX-Form-main/vendor/barryvdh/laravel-debugbar/src/Middleware/InjectDebugbar.php(59): Illuminate/Pipeline/Pipeline->Illuminate/Pipeline/{closure}(Object(Illuminate/Http/Request))
#35 C:/Users/user/MyFiles/ProgmiX/PEX-Form-main/vendor/laravel/framework/src/Illuminate/Pipeline/Pipeline.php(219): Barryvdh/Debugbar/Middleware/InjectDebugbar->handle(Object(Illuminate/Http/Request), Object(Closure))
#36 C:/Users/user/MyFiles/ProgmiX/PEX-Form-main/modules/CMS/Http/Middleware/XFrameHeadersMiddleware.php(41): Illuminate/Pipeline/Pipeline->Illuminate/Pipeline/{closure}(Object(Illuminate/Http/Request))
#37 C:/Users/user/MyFiles/ProgmiX/PEX-Form-main/vendor/laravel/framework/src/Illuminate/Pipeline/Pipeline.php(219): Juzaweb/CMS/Http/Middleware/XFrameHeadersMiddleware->handle(Object(Illuminate/Http/Request), Object(Closure))
#38 C:/Users/user/MyFiles/ProgmiX/PEX-Form-main/vendor/laravel/framework/src/Illuminate/Routing/Middleware/SubstituteBindings.php(50): Illuminate/Pipeline/Pipeline->Illuminate/Pipeline/{closure}(Object(Illuminate/Http/Request))
#39 C:/Users/user/MyFiles/ProgmiX/PEX-Form-main/vendor/laravel/framework/src/Illuminate/Pipeline/Pipeline.php(219): Illuminate/Routing/Middleware/SubstituteBindings->handle(Object(Illuminate/Http/Request), Object(Closure))
#40 C:/Users/user/MyFiles/ProgmiX/PEX-Form-main/vendor/laravel/framework/src/Illuminate/Cookie/Middleware/AddQueuedCookiesToResponse.php(36): Illuminate/Pipeline/Pipeline->Illuminate/Pipeline/{closure}(Object(Illuminate/Http/Request))
#41 C:/Users/user/MyFiles/ProgmiX/PEX-Form-main/vendor/laravel/framework/src/Illuminate/Pipeline/Pipeline.php(219): Illuminate/Cookie/Middleware/AddQueuedCookiesToResponse->handle(Object(Illuminate/Http/Request), Object(Closure))
#42 C:/Users/user/MyFiles/ProgmiX/PEX-Form-main/vendor/laravel/framework/src/Illuminate/View/Middleware/ShareErrorsFromSession.php(48): Illuminate/Pipeline/Pipeline->Illuminate/Pipeline/{closure}(Object(Illuminate/Http/Request))
#43 C:/Users/user/MyFiles/ProgmiX/PEX-Form-main/modules/Backend/Http/Middleware/ShareErrorsUnlessBot.php(24): Illuminate/View/Middleware/ShareErrorsFromSession->handle(Object(Illuminate/Http/Request), Object(Closure))
#44 C:/Users/user/MyFiles/ProgmiX/PEX-Form-main/vendor/laravel/framework/src/Illuminate/Pipeline/Pipeline.php(219): Juzaweb/Backend/Http/Middleware/ShareErrorsUnlessBot->handle(Object(Illuminate/Http/Request), Object(Closure))
#45 C:/Users/user/MyFiles/ProgmiX/PEX-Form-main/vendor/laravel/framework/src/Illuminate/Session/Middleware/StartSession.php(120): Illuminate/Pipeline/Pipeline->Illuminate/Pipeline/{closure}(Object(Illuminate/Http/Request))
#46 C:/Users/user/MyFiles/ProgmiX/PEX-Form-main/vendor/laravel/framework/src/Illuminate/Session/Middleware/StartSession.php(63): Illuminate/Session/Middleware/StartSession->handleStatefulRequest(Object(Illuminate/Http/Request), Object(Illuminate/Session/Store), Object(Closure))
#47 C:/Users/user/MyFiles/ProgmiX/PEX-Form-main/modules/Backend/Http/Middleware/SkipSessionForBots.php(24): Illuminate/Session/Middleware/StartSession->handle(Object(Illuminate/Http/Request), Object(Closure))
#48 C:/Users/user/MyFiles/ProgmiX/PEX-Form-main/vendor/laravel/framework/src/Illuminate/Pipeline/Pipeline.php(219): Juzaweb/Backend/Http/Middleware/SkipSessionForBots->handle(Object(Illuminate/Http/Request), Object(Closure))
#49 C:/Users/user/MyFiles/ProgmiX/PEX-Form-main/vendor/laravel/framework/src/Illuminate/Cookie/Middleware/EncryptCookies.php(74): Illuminate/Pipeline/Pipeline->Illuminate/Pipeline/{closure}(Object(Illuminate/Http/Request))
#50 C:/Users/user/MyFiles/ProgmiX/PEX-Form-main/vendor/laravel/framework/src/Illuminate/Pipeline/Pipeline.php(219): Illuminate/Cookie/Middleware/EncryptCookies->handle(Object(Illuminate/Http/Request), Object(Closure))
#51 C:/Users/user/MyFiles/ProgmiX/PEX-Form-main/modules/CMS/Http/Middleware/GlobalMiddleware.php(11): Illuminate/Pipeline/Pipeline->Illuminate/Pipeline/{closure}(Object(Illuminate/Http/Request))
#52 C:/Users/user/MyFiles/ProgmiX/PEX-Form-main/vendor/laravel/framework/src/Illuminate/Pipeline/Pipeline.php(219): Juzaweb/CMS/Http/Middleware/GlobalMiddleware->handle(Object(Illuminate/Http/Request), Object(Closure))
#53 C:/Users/user/MyFiles/ProgmiX/PEX-Form-main/modules/Backend/Http/Middleware/DisableSessionForBots.php(30): Illuminate/Pipeline/Pipeline->Illuminate/Pipeline/{closure}(Object(Illuminate/Http/Request))
#54 C:/Users/user/MyFiles/ProgmiX/PEX-Form-main/vendor/laravel/framework/src/Illuminate/Pipeline/Pipeline.php(219): Juzaweb/Backend/Http/Middleware/DisableSessionForBots->handle(Object(Illuminate/Http/Request), Object(Closure))
#55 C:/Users/user/MyFiles/ProgmiX/PEX-Form-main/vendor/laravel/framework/src/Illuminate/Pipeline/Pipeline.php(137): Illuminate/Pipeline/Pipeline->Illuminate/Pipeline/{closure}(Object(Illuminate/Http/Request))
#56 C:/Users/user/MyFiles/ProgmiX/PEX-Form-main/vendor/laravel/framework/src/Illuminate/Routing/Router.php(821): Illuminate/Pipeline/Pipeline->then(Object(Closure))
#57 C:/Users/user/MyFiles/ProgmiX/PEX-Form-main/vendor/laravel/framework/src/Illuminate/Routing/Router.php(800): Illuminate/Routing/Router->runRouteWithinStack(Object(Illuminate/Routing/Route), Object(Illuminate/Http/Request))
#58 C:/Users/user/MyFiles/ProgmiX/PEX-Form-main/vendor/laravel/framework/src/Illuminate/Routing/Router.php(764): Illuminate/Routing/Router->runRoute(Object(Illuminate/Http/Request), Object(Illuminate/Routing/Route))
#59 C:/Users/user/MyFiles/ProgmiX/PEX-Form-main/vendor/laravel/framework/src/Illuminate/Routing/Router.php(753): Illuminate/Routing/Router->dispatchToRoute(Object(Illuminate/Http/Request))
#60 C:/Users/user/MyFiles/ProgmiX/PEX-Form-main/vendor/laravel/framework/src/Illuminate/Foundation/Http/Kernel.php(200): Illuminate/Routing/Router->dispatch(Object(Illuminate/Http/Request))
#61 C:/Users/user/MyFiles/ProgmiX/PEX-Form-main/vendor/laravel/framework/src/Illuminate/Pipeline/Pipeline.php(180): Illuminate/Foundation/Http/Kernel->Illuminate/Foundation/Http/{closure}(Object(Illuminate/Http/Request))
#62 C:/Users/user/MyFiles/ProgmiX/PEX-Form-main/vendor/barryvdh/laravel-debugbar/src/Middleware/InjectDebugbar.php(59): Illuminate/Pipeline/Pipeline->Illuminate/Pipeline/{closure}(Object(Illuminate/Http/Request))
#63 C:/Users/user/MyFiles/ProgmiX/PEX-Form-main/vendor/laravel/framework/src/Illuminate/Pipeline/Pipeline.php(219): Barryvdh/Debugbar/Middleware/InjectDebugbar->handle(Object(Illuminate/Http/Request), Object(Closure))
#64 C:/Users/user/MyFiles/ProgmiX/PEX-Form-main/modules/Backend/Http/Middleware/BlockIpMiddleware.php(31): Illuminate/Pipeline/Pipeline->Illuminate/Pipeline/{closure}(Object(Illuminate/Http/Request))
#65 C:/Users/user/MyFiles/ProgmiX/PEX-Form-main/vendor/laravel/framework/src/Illuminate/Pipeline/Pipeline.php(219): Juzaweb/Backend/Http/Middleware/BlockIpMiddleware->handle(Object(Illuminate/Http/Request), Object(Closure))
#66 C:/Users/user/MyFiles/ProgmiX/PEX-Form-main/modules/Backend/Http/Middleware/SecurityHeaders.php(25): Illuminate/Pipeline/Pipeline->Illuminate/Pipeline/{closure}(Object(Illuminate/Http/Request))
#67 C:/Users/user/MyFiles/ProgmiX/PEX-Form-main/vendor/laravel/framework/src/Illuminate/Pipeline/Pipeline.php(219): Juzaweb/Backend/Http/Middleware/SecurityHeaders->handle(Object(Illuminate/Http/Request), Object(Closure))
#68 C:/Users/user/MyFiles/ProgmiX/PEX-Form-main/vendor/laravel/framework/src/Illuminate/Foundation/Http/Middleware/TransformsRequest.php(21): Illuminate/Pipeline/Pipeline->Illuminate/Pipeline/{closure}(Object(Illuminate/Http/Request))
#69 C:/Users/user/MyFiles/ProgmiX/PEX-Form-main/vendor/laravel/framework/src/Illuminate/Foundation/Http/Middleware/ConvertEmptyStringsToNull.php(31): Illuminate/Foundation/Http/Middleware/TransformsRequest->handle(Object(Illuminate/Http/Request), Object(Closure))
#70 C:/Users/user/MyFiles/ProgmiX/PEX-Form-main/vendor/laravel/framework/src/Illuminate/Pipeline/Pipeline.php(219): Illuminate/Foundation/Http/Middleware/ConvertEmptyStringsToNull->handle(Object(Illuminate/Http/Request), Object(Closure))
#71 C:/Users/user/MyFiles/ProgmiX/PEX-Form-main/vendor/laravel/framework/src/Illuminate/Foundation/Http/Middleware/TransformsRequest.php(21): Illuminate/Pipeline/Pipeline->Illuminate/Pipeline/{closure}(Object(Illuminate/Http/Request))
#72 C:/Users/user/MyFiles/ProgmiX/PEX-Form-main/vendor/laravel/framework/src/Illuminate/Foundation/Http/Middleware/TrimStrings.php(51): Illuminate/Foundation/Http/Middleware/TransformsRequest->handle(Object(Illuminate/Http/Request), Object(Closure))
#73 C:/Users/user/MyFiles/ProgmiX/PEX-Form-main/vendor/laravel/framework/src/Illuminate/Pipeline/Pipeline.php(219): Illuminate/Foundation/Http/Middleware/TrimStrings->handle(Object(Illuminate/Http/Request), Object(Closure))
#74 C:/Users/user/MyFiles/ProgmiX/PEX-Form-main/vendor/laravel/framework/src/Illuminate/Http/Middleware/ValidatePostSize.php(27): Illuminate/Pipeline/Pipeline->Illuminate/Pipeline/{closure}(Object(Illuminate/Http/Request))
#75 C:/Users/user/MyFiles/ProgmiX/PEX-Form-main/vendor/laravel/framework/src/Illuminate/Pipeline/Pipeline.php(219): Illuminate/Http/Middleware/ValidatePostSize->handle(Object(Illuminate/Http/Request), Object(Closure))
#76 C:/Users/user/MyFiles/ProgmiX/PEX-Form-main/vendor/laravel/framework/src/Illuminate/Foundation/Http/Middleware/PreventRequestsDuringMaintenance.php(109): Illuminate/Pipeline/Pipeline->Illuminate/Pipeline/{closure}(Object(Illuminate/Http/Request))
#77 C:/Users/user/MyFiles/ProgmiX/PEX-Form-main/vendor/laravel/framework/src/Illuminate/Pipeline/Pipeline.php(219): Illuminate/Foundation/Http/Middleware/PreventRequestsDuringMaintenance->handle(Object(Illuminate/Http/Request), Object(Closure))
#78 C:/Users/user/MyFiles/ProgmiX/PEX-Form-main/vendor/laravel/framework/src/Illuminate/Http/Middleware/HandleCors.php(61): Illuminate/Pipeline/Pipeline->Illuminate/Pipeline/{closure}(Object(Illuminate/Http/Request))
#79 C:/Users/user/MyFiles/ProgmiX/PEX-Form-main/vendor/laravel/framework/src/Illuminate/Pipeline/Pipeline.php(219): Illuminate/Http/Middleware/HandleCors->handle(Object(Illuminate/Http/Request), Object(Closure))
#80 C:/Users/user/MyFiles/ProgmiX/PEX-Form-main/vendor/laravel/framework/src/Illuminate/Http/Middleware/TrustProxies.php(58): Illuminate/Pipeline/Pipeline->Illuminate/Pipeline/{closure}(Object(Illuminate/Http/Request))
#81 C:/Users/user/MyFiles/ProgmiX/PEX-Form-main/vendor/laravel/framework/src/Illuminate/Pipeline/Pipeline.php(219): Illuminate/Http/Middleware/TrustProxies->handle(Object(Illuminate/Http/Request), Object(Closure))
#82 C:/Users/user/MyFiles/ProgmiX/PEX-Form-main/vendor/laravel/framework/src/Illuminate/Pipeline/Pipeline.php(137): Illuminate/Pipeline/Pipeline->Illuminate/Pipeline/{closure}(Object(Illuminate/Http/Request))
#83 C:/Users/user/MyFiles/ProgmiX/PEX-Form-main/vendor/laravel/framework/src/Illuminate/Foundation/Http/Kernel.php(175): Illuminate/Pipeline/Pipeline->then(Object(Closure))
#84 C:/Users/user/MyFiles/ProgmiX/PEX-Form-main/vendor/laravel/framework/src/Illuminate/Foundation/Http/Kernel.php(144): Illuminate/Foundation/Http/Kernel->sendRequestThroughRouter(Object(Illuminate/Http/Request))
#85 C:/Users/user/MyFiles/ProgmiX/PEX-Form-main/public/index.php(51): Illuminate/Foundation/Http/Kernel->handle(Object(Illuminate/Http/Request))
#86 C:/Users/user/MyFiles/ProgmiX/PEX-Form-main/vendor/laravel/framework/src/Illuminate/Foundation/resources/server.php(23): require_once('C://Users//user//M...')
#87 {main}

[previous exception] [object] (ErrorException(code: 0): Undefined variable $speakerNames at C:/Users/user/MyFiles/ProgmiX/PEX-Form-main/storage/framework/views/e957588816674c7d6bc884ad75301905.php:19)
[stacktrace]
#0 C:/Users/user/MyFiles/ProgmiX/PEX-Form-main/vendor/laravel/framework/src/Illuminate/Foundation/Bootstrap/HandleExceptions.php(262): Illuminate/Foundation/Bootstrap/HandleExceptions->handleError(2, 'Undefined varia...', 'C://Users//user//M...', 19)
#1 C:/Users/user/MyFiles/ProgmiX/PEX-Form-main/storage/framework/views/e957588816674c7d6bc884ad75301905.php(19): Illuminate/Foundation/Bootstrap/HandleExceptions->Illuminate/Foundation/Bootstrap/{closure}(2, 'Undefined varia...', 'C://Users//user//M...', 19)
#2 C:/Users/user/MyFiles/ProgmiX/PEX-Form-main/vendor/laravel/framework/src/Illuminate/Filesystem/Filesystem.php(123): require('C://Users//user//M...')
#3 C:/Users/user/MyFiles/ProgmiX/PEX-Form-main/vendor/laravel/framework/src/Illuminate/Filesystem/Filesystem.php(124): Illuminate/Filesystem/Filesystem::Illuminate/Filesystem/{closure}()
#4 C:/Users/user/MyFiles/ProgmiX/PEX-Form-main/vendor/laravel/framework/src/Illuminate/View/Engines/PhpEngine.php(57): Illuminate/Filesystem/Filesystem->getRequire('C://Users//user//M...', Array)
#5 C:/Users/user/MyFiles/ProgmiX/PEX-Form-main/vendor/laravel/framework/src/Illuminate/View/Engines/CompilerEngine.php(76): Illuminate/View/Engines/PhpEngine->evaluatePath('C://Users//user//M...', Array)
#6 C:/Users/user/MyFiles/ProgmiX/PEX-Form-main/vendor/laravel/framework/src/Illuminate/View/View.php(208): Illuminate/View/Engines/CompilerEngine->get('C://Users//user//M...', Array)
#7 C:/Users/user/MyFiles/ProgmiX/PEX-Form-main/vendor/laravel/framework/src/Illuminate/View/View.php(191): Illuminate/View/View->getContents()
#8 C:/Users/user/MyFiles/ProgmiX/PEX-Form-main/vendor/laravel/framework/src/Illuminate/View/View.php(160): Illuminate/View/View->renderContents()
#9 C:/Users/user/MyFiles/ProgmiX/PEX-Form-main/storage/framework/views/078e945ecbf82d678121cbf4f8650dce.php(1): Illuminate/View/View->render()
#10 C:/Users/user/MyFiles/ProgmiX/PEX-Form-main/vendor/laravel/framework/src/Illuminate/Filesystem/Filesystem.php(123): require('C://Users//user//M...')
#11 C:/Users/user/MyFiles/ProgmiX/PEX-Form-main/vendor/laravel/framework/src/Illuminate/Filesystem/Filesystem.php(124): Illuminate/Filesystem/Filesystem::Illuminate/Filesystem/{closure}()
#12 C:/Users/user/MyFiles/ProgmiX/PEX-Form-main/vendor/laravel/framework/src/Illuminate/View/Engines/PhpEngine.php(57): Illuminate/Filesystem/Filesystem->getRequire('C://Users//user//M...', Array)
#13 C:/Users/user/MyFiles/ProgmiX/PEX-Form-main/vendor/laravel/framework/src/Illuminate/View/Engines/CompilerEngine.php(76): Illuminate/View/Engines/PhpEngine->evaluatePath('C://Users//user//M...', Array)
#14 C:/Users/user/MyFiles/ProgmiX/PEX-Form-main/vendor/laravel/framework/src/Illuminate/View/View.php(208): Illuminate/View/Engines/CompilerEngine->get('C://Users//user//M...', Array)
#15 C:/Users/user/MyFiles/ProgmiX/PEX-Form-main/vendor/laravel/framework/src/Illuminate/View/View.php(191): Illuminate/View/View->getContents()
#16 C:/Users/user/MyFiles/ProgmiX/PEX-Form-main/vendor/laravel/framework/src/Illuminate/View/View.php(160): Illuminate/View/View->renderContents()
#17 C:/Users/user/MyFiles/ProgmiX/PEX-Form-main/vendor/laravel/framework/src/Illuminate/Http/Response.php(78): Illuminate/View/View->render()
#18 C:/Users/user/MyFiles/ProgmiX/PEX-Form-main/vendor/laravel/framework/src/Illuminate/Http/Response.php(34): Illuminate/Http/Response->setContent(Object(Illuminate/View/View))
#19 C:/Users/user/MyFiles/ProgmiX/PEX-Form-main/vendor/laravel/framework/src/Illuminate/Routing/Router.php(939): Illuminate/Http/Response->__construct(Object(Illuminate/View/View), 200, Array)
#20 C:/Users/user/MyFiles/ProgmiX/PEX-Form-main/vendor/laravel/framework/src/Illuminate/Routing/Router.php(906): Illuminate/Routing/Router::toResponse(Object(Illuminate/Http/Request), Object(Illuminate/View/View))
#21 C:/Users/user/MyFiles/ProgmiX/PEX-Form-main/vendor/laravel/framework/src/Illuminate/Routing/Router.php(821): Illuminate/Routing/Router->prepareResponse(Object(Illuminate/Http/Request), Object(Illuminate/View/View))
#22 C:/Users/user/MyFiles/ProgmiX/PEX-Form-main/vendor/laravel/framework/src/Illuminate/Pipeline/Pipeline.php(180): Illuminate/Routing/Router->Illuminate/Routing/{closure}(Object(Illuminate/Http/Request))
#23 C:/Users/user/MyFiles/ProgmiX/PEX-Form-main/modules/Frontend/Http/Middleware/Locale.php(49): Illuminate/Pipeline/Pipeline->Illuminate/Pipeline/{closure}(Object(Illuminate/Http/Request))
#24 C:/Users/user/MyFiles/ProgmiX/PEX-Form-main/vendor/laravel/framework/src/Illuminate/Pipeline/Pipeline.php(219): Juzaweb/Frontend/Http/Middleware/Locale->handle(Object(Illuminate/Http/Request), Object(Closure))
#25 C:/Users/user/MyFiles/ProgmiX/PEX-Form-main/modules/Backend/Http/Middleware/SecurityHeaders.php(25): Illuminate/Pipeline/Pipeline->Illuminate/Pipeline/{closure}(Object(Illuminate/Http/Request))
#26 C:/Users/user/MyFiles/ProgmiX/PEX-Form-main/vendor/laravel/framework/src/Illuminate/Pipeline/Pipeline.php(219): Juzaweb/Backend/Http/Middleware/SecurityHeaders->handle(Object(Illuminate/Http/Request), Object(Closure))
#27 C:/Users/user/MyFiles/ProgmiX/PEX-Form-main/vendor/laravel/framework/src/Illuminate/Routing/Middleware/ThrottleRequests.php(166): Illuminate/Pipeline/Pipeline->Illuminate/Pipeline/{closure}(Object(Illuminate/Http/Request))
#28 C:/Users/user/MyFiles/ProgmiX/PEX-Form-main/vendor/laravel/framework/src/Illuminate/Routing/Middleware/ThrottleRequests.php(93): Illuminate/Routing/Middleware/ThrottleRequests->handleRequest(Object(Illuminate/Http/Request), Object(Closure), Array)
#29 C:/Users/user/MyFiles/ProgmiX/PEX-Form-main/vendor/laravel/framework/src/Illuminate/Pipeline/Pipeline.php(219): Illuminate/Routing/Middleware/ThrottleRequests->handle(Object(Illuminate/Http/Request), Object(Closure))
#30 C:/Users/user/MyFiles/ProgmiX/PEX-Form-main/modules/Backend/Http/Middleware/PathTraversal.php(57): Illuminate/Pipeline/Pipeline->Illuminate/Pipeline/{closure}(Object(Illuminate/Http/Request))
#31 C:/Users/user/MyFiles/ProgmiX/PEX-Form-main/vendor/laravel/framework/src/Illuminate/Pipeline/Pipeline.php(219): Juzaweb/Backend/Http/Middleware/PathTraversal->handle(Object(Illuminate/Http/Request), Object(Closure))
#32 C:/Users/user/MyFiles/ProgmiX/PEX-Form-main/modules/Backend/Http/Middleware/XssSanitization.php(44): Illuminate/Pipeline/Pipeline->Illuminate/Pipeline/{closure}(Object(Illuminate/Http/Request))
#33 C:/Users/user/MyFiles/ProgmiX/PEX-Form-main/vendor/laravel/framework/src/Illuminate/Pipeline/Pipeline.php(219): Juzaweb/Backend/Http/Middleware/XssSanitization->handle(Object(Illuminate/Http/Request), Object(Closure))
#34 C:/Users/user/MyFiles/ProgmiX/PEX-Form-main/vendor/spatie/laravel-csp/src/AddCspHeaders.php(13): Illuminate/Pipeline/Pipeline->Illuminate/Pipeline/{closure}(Object(Illuminate/Http/Request))
#35 C:/Users/user/MyFiles/ProgmiX/PEX-Form-main/vendor/laravel/framework/src/Illuminate/Pipeline/Pipeline.php(219): Spatie/Csp/AddCspHeaders->handle(Object(Illuminate/Http/Request), Object(Closure))
#36 C:/Users/user/MyFiles/ProgmiX/PEX-Form-main/vendor/barryvdh/laravel-debugbar/src/Middleware/InjectDebugbar.php(59): Illuminate/Pipeline/Pipeline->Illuminate/Pipeline/{closure}(Object(Illuminate/Http/Request))
#37 C:/Users/user/MyFiles/ProgmiX/PEX-Form-main/vendor/laravel/framework/src/Illuminate/Pipeline/Pipeline.php(219): Barryvdh/Debugbar/Middleware/InjectDebugbar->handle(Object(Illuminate/Http/Request), Object(Closure))
#38 C:/Users/user/MyFiles/ProgmiX/PEX-Form-main/modules/CMS/Http/Middleware/XFrameHeadersMiddleware.php(41): Illuminate/Pipeline/Pipeline->Illuminate/Pipeline/{closure}(Object(Illuminate/Http/Request))
#39 C:/Users/user/MyFiles/ProgmiX/PEX-Form-main/vendor/laravel/framework/src/Illuminate/Pipeline/Pipeline.php(219): Juzaweb/CMS/Http/Middleware/XFrameHeadersMiddleware->handle(Object(Illuminate/Http/Request), Object(Closure))
#40 C:/Users/user/MyFiles/ProgmiX/PEX-Form-main/vendor/laravel/framework/src/Illuminate/Routing/Middleware/SubstituteBindings.php(50): Illuminate/Pipeline/Pipeline->Illuminate/Pipeline/{closure}(Object(Illuminate/Http/Request))
#41 C:/Users/user/MyFiles/ProgmiX/PEX-Form-main/vendor/laravel/framework/src/Illuminate/Pipeline/Pipeline.php(219): Illuminate/Routing/Middleware/SubstituteBindings->handle(Object(Illuminate/Http/Request), Object(Closure))
#42 C:/Users/user/MyFiles/ProgmiX/PEX-Form-main/vendor/laravel/framework/src/Illuminate/Cookie/Middleware/AddQueuedCookiesToResponse.php(36): Illuminate/Pipeline/Pipeline->Illuminate/Pipeline/{closure}(Object(Illuminate/Http/Request))
#43 C:/Users/user/MyFiles/ProgmiX/PEX-Form-main/vendor/laravel/framework/src/Illuminate/Pipeline/Pipeline.php(219): Illuminate/Cookie/Middleware/AddQueuedCookiesToResponse->handle(Object(Illuminate/Http/Request), Object(Closure))
#44 C:/Users/user/MyFiles/ProgmiX/PEX-Form-main/vendor/laravel/framework/src/Illuminate/View/Middleware/ShareErrorsFromSession.php(48): Illuminate/Pipeline/Pipeline->Illuminate/Pipeline/{closure}(Object(Illuminate/Http/Request))
#45 C:/Users/user/MyFiles/ProgmiX/PEX-Form-main/modules/Backend/Http/Middleware/ShareErrorsUnlessBot.php(24): Illuminate/View/Middleware/ShareErrorsFromSession->handle(Object(Illuminate/Http/Request), Object(Closure))
#46 C:/Users/user/MyFiles/ProgmiX/PEX-Form-main/vendor/laravel/framework/src/Illuminate/Pipeline/Pipeline.php(219): Juzaweb/Backend/Http/Middleware/ShareErrorsUnlessBot->handle(Object(Illuminate/Http/Request), Object(Closure))
#47 C:/Users/user/MyFiles/ProgmiX/PEX-Form-main/vendor/laravel/framework/src/Illuminate/Session/Middleware/StartSession.php(120): Illuminate/Pipeline/Pipeline->Illuminate/Pipeline/{closure}(Object(Illuminate/Http/Request))
#48 C:/Users/user/MyFiles/ProgmiX/PEX-Form-main/vendor/laravel/framework/src/Illuminate/Session/Middleware/StartSession.php(63): Illuminate/Session/Middleware/StartSession->handleStatefulRequest(Object(Illuminate/Http/Request), Object(Illuminate/Session/Store), Object(Closure))
#49 C:/Users/user/MyFiles/ProgmiX/PEX-Form-main/modules/Backend/Http/Middleware/SkipSessionForBots.php(24): Illuminate/Session/Middleware/StartSession->handle(Object(Illuminate/Http/Request), Object(Closure))
#50 C:/Users/user/MyFiles/ProgmiX/PEX-Form-main/vendor/laravel/framework/src/Illuminate/Pipeline/Pipeline.php(219): Juzaweb/Backend/Http/Middleware/SkipSessionForBots->handle(Object(Illuminate/Http/Request), Object(Closure))
#51 C:/Users/user/MyFiles/ProgmiX/PEX-Form-main/vendor/laravel/framework/src/Illuminate/Cookie/Middleware/EncryptCookies.php(74): Illuminate/Pipeline/Pipeline->Illuminate/Pipeline/{closure}(Object(Illuminate/Http/Request))
#52 C:/Users/user/MyFiles/ProgmiX/PEX-Form-main/vendor/laravel/framework/src/Illuminate/Pipeline/Pipeline.php(219): Illuminate/Cookie/Middleware/EncryptCookies->handle(Object(Illuminate/Http/Request), Object(Closure))
#53 C:/Users/user/MyFiles/ProgmiX/PEX-Form-main/modules/CMS/Http/Middleware/GlobalMiddleware.php(11): Illuminate/Pipeline/Pipeline->Illuminate/Pipeline/{closure}(Object(Illuminate/Http/Request))
#54 C:/Users/user/MyFiles/ProgmiX/PEX-Form-main/vendor/laravel/framework/src/Illuminate/Pipeline/Pipeline.php(219): Juzaweb/CMS/Http/Middleware/GlobalMiddleware->handle(Object(Illuminate/Http/Request), Object(Closure))
#55 C:/Users/user/MyFiles/ProgmiX/PEX-Form-main/modules/Backend/Http/Middleware/DisableSessionForBots.php(30): Illuminate/Pipeline/Pipeline->Illuminate/Pipeline/{closure}(Object(Illuminate/Http/Request))
#56 C:/Users/user/MyFiles/ProgmiX/PEX-Form-main/vendor/laravel/framework/src/Illuminate/Pipeline/Pipeline.php(219): Juzaweb/Backend/Http/Middleware/DisableSessionForBots->handle(Object(Illuminate/Http/Request), Object(Closure))
#57 C:/Users/user/MyFiles/ProgmiX/PEX-Form-main/vendor/laravel/framework/src/Illuminate/Pipeline/Pipeline.php(137): Illuminate/Pipeline/Pipeline->Illuminate/Pipeline/{closure}(Object(Illuminate/Http/Request))
#58 C:/Users/user/MyFiles/ProgmiX/PEX-Form-main/vendor/laravel/framework/src/Illuminate/Routing/Router.php(821): Illuminate/Pipeline/Pipeline->then(Object(Closure))
#59 C:/Users/user/MyFiles/ProgmiX/PEX-Form-main/vendor/laravel/framework/src/Illuminate/Routing/Router.php(800): Illuminate/Routing/Router->runRouteWithinStack(Object(Illuminate/Routing/Route), Object(Illuminate/Http/Request))
#60 C:/Users/user/MyFiles/ProgmiX/PEX-Form-main/vendor/laravel/framework/src/Illuminate/Routing/Router.php(764): Illuminate/Routing/Router->runRoute(Object(Illuminate/Http/Request), Object(Illuminate/Routing/Route))
#61 C:/Users/user/MyFiles/ProgmiX/PEX-Form-main/vendor/laravel/framework/src/Illuminate/Routing/Router.php(753): Illuminate/Routing/Router->dispatchToRoute(Object(Illuminate/Http/Request))
#62 C:/Users/user/MyFiles/ProgmiX/PEX-Form-main/vendor/laravel/framework/src/Illuminate/Foundation/Http/Kernel.php(200): Illuminate/Routing/Router->dispatch(Object(Illuminate/Http/Request))
#63 C:/Users/user/MyFiles/ProgmiX/PEX-Form-main/vendor/laravel/framework/src/Illuminate/Pipeline/Pipeline.php(180): Illuminate/Foundation/Http/Kernel->Illuminate/Foundation/Http/{closure}(Object(Illuminate/Http/Request))
#64 C:/Users/user/MyFiles/ProgmiX/PEX-Form-main/vendor/barryvdh/laravel-debugbar/src/Middleware/InjectDebugbar.php(59): Illuminate/Pipeline/Pipeline->Illuminate/Pipeline/{closure}(Object(Illuminate/Http/Request))
#65 C:/Users/user/MyFiles/ProgmiX/PEX-Form-main/vendor/laravel/framework/src/Illuminate/Pipeline/Pipeline.php(219): Barryvdh/Debugbar/Middleware/InjectDebugbar->handle(Object(Illuminate/Http/Request), Object(Closure))
#66 C:/Users/user/MyFiles/ProgmiX/PEX-Form-main/modules/Backend/Http/Middleware/BlockIpMiddleware.php(31): Illuminate/Pipeline/Pipeline->Illuminate/Pipeline/{closure}(Object(Illuminate/Http/Request))
#67 C:/Users/user/MyFiles/ProgmiX/PEX-Form-main/vendor/laravel/framework/src/Illuminate/Pipeline/Pipeline.php(219): Juzaweb/Backend/Http/Middleware/BlockIpMiddleware->handle(Object(Illuminate/Http/Request), Object(Closure))
#68 C:/Users/user/MyFiles/ProgmiX/PEX-Form-main/modules/Backend/Http/Middleware/SecurityHeaders.php(25): Illuminate/Pipeline/Pipeline->Illuminate/Pipeline/{closure}(Object(Illuminate/Http/Request))
#69 C:/Users/user/MyFiles/ProgmiX/PEX-Form-main/vendor/laravel/framework/src/Illuminate/Pipeline/Pipeline.php(219): Juzaweb/Backend/Http/Middleware/SecurityHeaders->handle(Object(Illuminate/Http/Request), Object(Closure))
#70 C:/Users/user/MyFiles/ProgmiX/PEX-Form-main/vendor/laravel/framework/src/Illuminate/Foundation/Http/Middleware/TransformsRequest.php(21): Illuminate/Pipeline/Pipeline->Illuminate/Pipeline/{closure}(Object(Illuminate/Http/Request))
#71 C:/Users/user/MyFiles/ProgmiX/PEX-Form-main/vendor/laravel/framework/src/Illuminate/Foundation/Http/Middleware/ConvertEmptyStringsToNull.php(31): Illuminate/Foundation/Http/Middleware/TransformsRequest->handle(Object(Illuminate/Http/Request), Object(Closure))
#72 C:/Users/user/MyFiles/ProgmiX/PEX-Form-main/vendor/laravel/framework/src/Illuminate/Pipeline/Pipeline.php(219): Illuminate/Foundation/Http/Middleware/ConvertEmptyStringsToNull->handle(Object(Illuminate/Http/Request), Object(Closure))
#73 C:/Users/user/MyFiles/ProgmiX/PEX-Form-main/vendor/laravel/framework/src/Illuminate/Foundation/Http/Middleware/TransformsRequest.php(21): Illuminate/Pipeline/Pipeline->Illuminate/Pipeline/{closure}(Object(Illuminate/Http/Request))
#74 C:/Users/user/MyFiles/ProgmiX/PEX-Form-main/vendor/laravel/framework/src/Illuminate/Foundation/Http/Middleware/TrimStrings.php(51): Illuminate/Foundation/Http/Middleware/TransformsRequest->handle(Object(Illuminate/Http/Request), Object(Closure))
#75 C:/Users/user/MyFiles/ProgmiX/PEX-Form-main/vendor/laravel/framework/src/Illuminate/Pipeline/Pipeline.php(219): Illuminate/Foundation/Http/Middleware/TrimStrings->handle(Object(Illuminate/Http/Request), Object(Closure))
#76 C:/Users/user/MyFiles/ProgmiX/PEX-Form-main/vendor/laravel/framework/src/Illuminate/Http/Middleware/ValidatePostSize.php(27): Illuminate/Pipeline/Pipeline->Illuminate/Pipeline/{closure}(Object(Illuminate/Http/Request))
#77 C:/Users/user/MyFiles/ProgmiX/PEX-Form-main/vendor/laravel/framework/src/Illuminate/Pipeline/Pipeline.php(219): Illuminate/Http/Middleware/ValidatePostSize->handle(Object(Illuminate/Http/Request), Object(Closure))
#78 C:/Users/user/MyFiles/ProgmiX/PEX-Form-main/vendor/laravel/framework/src/Illuminate/Foundation/Http/Middleware/PreventRequestsDuringMaintenance.php(109): Illuminate/Pipeline/Pipeline->Illuminate/Pipeline/{closure}(Object(Illuminate/Http/Request))
#79 C:/Users/user/MyFiles/ProgmiX/PEX-Form-main/vendor/laravel/framework/src/Illuminate/Pipeline/Pipeline.php(219): Illuminate/Foundation/Http/Middleware/PreventRequestsDuringMaintenance->handle(Object(Illuminate/Http/Request), Object(Closure))
#80 C:/Users/user/MyFiles/ProgmiX/PEX-Form-main/vendor/laravel/framework/src/Illuminate/Http/Middleware/HandleCors.php(61): Illuminate/Pipeline/Pipeline->Illuminate/Pipeline/{closure}(Object(Illuminate/Http/Request))
#81 C:/Users/user/MyFiles/ProgmiX/PEX-Form-main/vendor/laravel/framework/src/Illuminate/Pipeline/Pipeline.php(219): Illuminate/Http/Middleware/HandleCors->handle(Object(Illuminate/Http/Request), Object(Closure))
#82 C:/Users/user/MyFiles/ProgmiX/PEX-Form-main/vendor/laravel/framework/src/Illuminate/Http/Middleware/TrustProxies.php(58): Illuminate/Pipeline/Pipeline->Illuminate/Pipeline/{closure}(Object(Illuminate/Http/Request))
#83 C:/Users/user/MyFiles/ProgmiX/PEX-Form-main/vendor/laravel/framework/src/Illuminate/Pipeline/Pipeline.php(219): Illuminate/Http/Middleware/TrustProxies->handle(Object(Illuminate/Http/Request), Object(Closure))
#84 C:/Users/user/MyFiles/ProgmiX/PEX-Form-main/vendor/laravel/framework/src/Illuminate/Pipeline/Pipeline.php(137): Illuminate/Pipeline/Pipeline->Illuminate/Pipeline/{closure}(Object(Illuminate/Http/Request))
#85 C:/Users/user/MyFiles/ProgmiX/PEX-Form-main/vendor/laravel/framework/src/Illuminate/Foundation/Http/Kernel.php(175): Illuminate/Pipeline/Pipeline->then(Object(Closure))
#86 C:/Users/user/MyFiles/ProgmiX/PEX-Form-main/vendor/laravel/framework/src/Illuminate/Foundation/Http/Kernel.php(144): Illuminate/Foundation/Http/Kernel->sendRequestThroughRouter(Object(Illuminate/Http/Request))
#87 C:/Users/user/MyFiles/ProgmiX/PEX-Form-main/public/index.php(51): Illuminate/Foundation/Http/Kernel->handle(Object(Illuminate/Http/Request))
#88 C:/Users/user/MyFiles/ProgmiX/PEX-Form-main/vendor/laravel/framework/src/Illuminate/Foundation/resources/server.php(23): require_once('C://Users//user//M...')
#89 {main}
"} 
[2026-09-21 15:47:09] local.ERROR: Undefined variable $speakerNames {"userId":1,"exception":"[object] (Spatie\\LaravelIgnition\\Exceptions\\ViewException(code: 0): Undefined variable $speakerNames at C:/Users/user/MyFiles/ProgmiX/PEX-Form-main/modules/Frontend/resources/views/templates/homepage/pex/agenda.blade.php:1)
[stacktrace]
#0 C:/Users/user/MyFiles/ProgmiX/PEX-Form-main/vendor/laravel/framework/src/Illuminate/Filesystem/Filesystem.php(123): require('C://Users//user//M...')
#1 C:/Users/user/MyFiles/ProgmiX/PEX-Form-main/vendor/laravel/framework/src/Illuminate/Filesystem/Filesystem.php(124): Illuminate/Filesystem/Filesystem::Illuminate/Filesystem/{closure}()
#2 C:/Users/user/MyFiles/ProgmiX/PEX-Form-main/vendor/laravel/framework/src/Illuminate/View/Engines/PhpEngine.php(57): Illuminate/Filesystem/Filesystem->getRequire('C://Users//user//M...', Array)
#3 C:/Users/user/MyFiles/ProgmiX/PEX-Form-main/vendor/laravel/framework/src/Illuminate/View/Engines/CompilerEngine.php(76): Illuminate/View/Engines/PhpEngine->evaluatePath('C://Users//user//M...', Array)
#4 C:/Users/user/MyFiles/ProgmiX/PEX-Form-main/vendor/laravel/framework/src/Illuminate/View/View.php(208): Illuminate/View/Engines/CompilerEngine->get('C://Users//user//M...', Array)
#5 C:/Users/user/MyFiles/ProgmiX/PEX-Form-main/vendor/laravel/framework/src/Illuminate/View/View.php(191): Illuminate/View/View->getContents()
#6 C:/Users/user/MyFiles/ProgmiX/PEX-Form-main/vendor/laravel/framework/src/Illuminate/View/View.php(160): Illuminate/View/View->renderContents()
#7 C:/Users/user/MyFiles/ProgmiX/PEX-Form-main/modules/Frontend/resources/views/home.blade.php(1): Illuminate/View/View->render()
#8 C:/Users/user/MyFiles/ProgmiX/PEX-Form-main/vendor/laravel/framework/src/Illuminate/Filesystem/Filesystem.php(123): require('C://Users//user//M...')
#9 C:/Users/user/MyFiles/ProgmiX/PEX-Form-main/vendor/laravel/framework/src/Illuminate/Filesystem/Filesystem.php(124): Illuminate/Filesystem/Filesystem::Illuminate/Filesystem/{closure}()
#10 C:/Users/user/MyFiles/ProgmiX/PEX-Form-main/vendor/laravel/framework/src/Illuminate/View/Engines/PhpEngine.php(57): Illuminate/Filesystem/Filesystem->getRequire('C://Users//user//M...', Array)
#11 C:/Users/user/MyFiles/ProgmiX/PEX-Form-main/vendor/laravel/framework/src/Illuminate/View/Engines/CompilerEngine.php(76): Illuminate/View/Engines/PhpEngine->evaluatePath('C://Users//user//M...', Array)
#12 C:/Users/user/MyFiles/ProgmiX/PEX-Form-main/vendor/laravel/framework/src/Illuminate/View/View.php(208): Illuminate/View/Engines/CompilerEngine->get('C://Users//user//M...', Array)
#13 C:/Users/user/MyFiles/ProgmiX/PEX-Form-main/vendor/laravel/framework/src/Illuminate/View/View.php(191): Illuminate/View/View->getContents()
#14 C:/Users/user/MyFiles/ProgmiX/PEX-Form-main/vendor/laravel/framework/src/Illuminate/View/View.php(160): Illuminate/View/View->renderContents()
#15 C:/Users/user/MyFiles/ProgmiX/PEX-Form-main/vendor/laravel/framework/src/Illuminate/Http/Response.php(78): Illuminate/View/View->render()
#16 C:/Users/user/MyFiles/ProgmiX/PEX-Form-main/vendor/laravel/framework/src/Illuminate/Http/Response.php(34): Illuminate/Http/Response->setContent(Object(Illuminate/View/View))
#17 C:/Users/user/MyFiles/ProgmiX/PEX-Form-main/vendor/laravel/framework/src/Illuminate/Routing/Router.php(939): Illuminate/Http/Response->__construct(Object(Illuminate/View/View), 200, Array)
#18 C:/Users/user/MyFiles/ProgmiX/PEX-Form-main/vendor/laravel/framework/src/Illuminate/Routing/Router.php(906): Illuminate/Routing/Router::toResponse(Object(Illuminate/Http/Request), Object(Illuminate/View/View))
#19 C:/Users/user/MyFiles/ProgmiX/PEX-Form-main/vendor/laravel/framework/src/Illuminate/Routing/Router.php(821): Illuminate/Routing/Router->prepareResponse(Object(Illuminate/Http/Request), Object(Illuminate/View/View))
#20 C:/Users/user/MyFiles/ProgmiX/PEX-Form-main/vendor/laravel/framework/src/Illuminate/Pipeline/Pipeline.php(180): Illuminate/Routing/Router->Illuminate/Routing/{closure}(Object(Illuminate/Http/Request))
#21 C:/Users/user/MyFiles/ProgmiX/PEX-Form-main/modules/Frontend/Http/Middleware/Locale.php(49): Illuminate/Pipeline/Pipeline->Illuminate/Pipeline/{closure}(Object(Illuminate/Http/Request))
#22 C:/Users/user/MyFiles/ProgmiX/PEX-Form-main/vendor/laravel/framework/src/Illuminate/Pipeline/Pipeline.php(219): Juzaweb/Frontend/Http/Middleware/Locale->handle(Object(Illuminate/Http/Request), Object(Closure))
#23 C:/Users/user/MyFiles/ProgmiX/PEX-Form-main/modules/Backend/Http/Middleware/SecurityHeaders.php(25): Illuminate/Pipeline/Pipeline->Illuminate/Pipeline/{closure}(Object(Illuminate/Http/Request))
#24 C:/Users/user/MyFiles/ProgmiX/PEX-Form-main/vendor/laravel/framework/src/Illuminate/Pipeline/Pipeline.php(219): Juzaweb/Backend/Http/Middleware/SecurityHeaders->handle(Object(Illuminate/Http/Request), Object(Closure))
#25 C:/Users/user/MyFiles/ProgmiX/PEX-Form-main/vendor/laravel/framework/src/Illuminate/Routing/Middleware/ThrottleRequests.php(166): Illuminate/Pipeline/Pipeline->Illuminate/Pipeline/{closure}(Object(Illuminate/Http/Request))
#26 C:/Users/user/MyFiles/ProgmiX/PEX-Form-main/vendor/laravel/framework/src/Illuminate/Routing/Middleware/ThrottleRequests.php(93): Illuminate/Routing/Middleware/ThrottleRequests->handleRequest(Object(Illuminate/Http/Request), Object(Closure), Array)
#27 C:/Users/user/MyFiles/ProgmiX/PEX-Form-main/vendor/laravel/framework/src/Illuminate/Pipeline/Pipeline.php(219): Illuminate/Routing/Middleware/ThrottleRequests->handle(Object(Illuminate/Http/Request), Object(Closure))
#28 C:/Users/user/MyFiles/ProgmiX/PEX-Form-main/modules/Backend/Http/Middleware/PathTraversal.php(57): Illuminate/Pipeline/Pipeline->Illuminate/Pipeline/{closure}(Object(Illuminate/Http/Request))
#29 C:/Users/user/MyFiles/ProgmiX/PEX-Form-main/vendor/laravel/framework/src/Illuminate/Pipeline/Pipeline.php(219): Juzaweb/Backend/Http/Middleware/PathTraversal->handle(Object(Illuminate/Http/Request), Object(Closure))
#30 C:/Users/user/MyFiles/ProgmiX/PEX-Form-main/modules/Backend/Http/Middleware/XssSanitization.php(44): Illuminate/Pipeline/Pipeline->Illuminate/Pipeline/{closure}(Object(Illuminate/Http/Request))
#31 C:/Users/user/MyFiles/ProgmiX/PEX-Form-main/vendor/laravel/framework/src/Illuminate/Pipeline/Pipeline.php(219): Juzaweb/Backend/Http/Middleware/XssSanitization->handle(Object(Illuminate/Http/Request), Object(Closure))
#32 C:/Users/user/MyFiles/ProgmiX/PEX-Form-main/vendor/spatie/laravel-csp/src/AddCspHeaders.php(13): Illuminate/Pipeline/Pipeline->Illuminate/Pipeline/{closure}(Object(Illuminate/Http/Request))
#33 C:/Users/user/MyFiles/ProgmiX/PEX-Form-main/vendor/laravel/framework/src/Illuminate/Pipeline/Pipeline.php(219): Spatie/Csp/AddCspHeaders->handle(Object(Illuminate/Http/Request), Object(Closure))
#34 C:/Users/user/MyFiles/ProgmiX/PEX-Form-main/vendor/barryvdh/laravel-debugbar/src/Middleware/InjectDebugbar.php(59): Illuminate/Pipeline/Pipeline->Illuminate/Pipeline/{closure}(Object(Illuminate/Http/Request))
#35 C:/Users/user/MyFiles/ProgmiX/PEX-Form-main/vendor/laravel/framework/src/Illuminate/Pipeline/Pipeline.php(219): Barryvdh/Debugbar/Middleware/InjectDebugbar->handle(Object(Illuminate/Http/Request), Object(Closure))
#36 C:/Users/user/MyFiles/ProgmiX/PEX-Form-main/modules/CMS/Http/Middleware/XFrameHeadersMiddleware.php(41): Illuminate/Pipeline/Pipeline->Illuminate/Pipeline/{closure}(Object(Illuminate/Http/Request))
#37 C:/Users/user/MyFiles/ProgmiX/PEX-Form-main/vendor/laravel/framework/src/Illuminate/Pipeline/Pipeline.php(219): Juzaweb/CMS/Http/Middleware/XFrameHeadersMiddleware->handle(Object(Illuminate/Http/Request), Object(Closure))
#38 C:/Users/user/MyFiles/ProgmiX/PEX-Form-main/vendor/laravel/framework/src/Illuminate/Routing/Middleware/SubstituteBindings.php(50): Illuminate/Pipeline/Pipeline->Illuminate/Pipeline/{closure}(Object(Illuminate/Http/Request))
#39 C:/Users/user/MyFiles/ProgmiX/PEX-Form-main/vendor/laravel/framework/src/Illuminate/Pipeline/Pipeline.php(219): Illuminate/Routing/Middleware/SubstituteBindings->handle(Object(Illuminate/Http/Request), Object(Closure))
#40 C:/Users/user/MyFiles/ProgmiX/PEX-Form-main/vendor/laravel/framework/src/Illuminate/Cookie/Middleware/AddQueuedCookiesToResponse.php(36): Illuminate/Pipeline/Pipeline->Illuminate/Pipeline/{closure}(Object(Illuminate/Http/Request))
#41 C:/Users/user/MyFiles/ProgmiX/PEX-Form-main/vendor/laravel/framework/src/Illuminate/Pipeline/Pipeline.php(219): Illuminate/Cookie/Middleware/AddQueuedCookiesToResponse->handle(Object(Illuminate/Http/Request), Object(Closure))
#42 C:/Users/user/MyFiles/ProgmiX/PEX-Form-main/vendor/laravel/framework/src/Illuminate/View/Middleware/ShareErrorsFromSession.php(48): Illuminate/Pipeline/Pipeline->Illuminate/Pipeline/{closure}(Object(Illuminate/Http/Request))
#43 C:/Users/user/MyFiles/ProgmiX/PEX-Form-main/modules/Backend/Http/Middleware/ShareErrorsUnlessBot.php(24): Illuminate/View/Middleware/ShareErrorsFromSession->handle(Object(Illuminate/Http/Request), Object(Closure))
#44 C:/Users/user/MyFiles/ProgmiX/PEX-Form-main/vendor/laravel/framework/src/Illuminate/Pipeline/Pipeline.php(219): Juzaweb/Backend/Http/Middleware/ShareErrorsUnlessBot->handle(Object(Illuminate/Http/Request), Object(Closure))
#45 C:/Users/user/MyFiles/ProgmiX/PEX-Form-main/vendor/laravel/framework/src/Illuminate/Session/Middleware/StartSession.php(120): Illuminate/Pipeline/Pipeline->Illuminate/Pipeline/{closure}(Object(Illuminate/Http/Request))
#46 C:/Users/user/MyFiles/ProgmiX/PEX-Form-main/vendor/laravel/framework/src/Illuminate/Session/Middleware/StartSession.php(63): Illuminate/Session/Middleware/StartSession->handleStatefulRequest(Object(Illuminate/Http/Request), Object(Illuminate/Session/Store), Object(Closure))
#47 C:/Users/user/MyFiles/ProgmiX/PEX-Form-main/modules/Backend/Http/Middleware/SkipSessionForBots.php(24): Illuminate/Session/Middleware/StartSession->handle(Object(Illuminate/Http/Request), Object(Closure))
#48 C:/Users/user/MyFiles/ProgmiX/PEX-Form-main/vendor/laravel/framework/src/Illuminate/Pipeline/Pipeline.php(219): Juzaweb/Backend/Http/Middleware/SkipSessionForBots->handle(Object(Illuminate/Http/Request), Object(Closure))
#49 C:/Users/user/MyFiles/ProgmiX/PEX-Form-main/vendor/laravel/framework/src/Illuminate/Cookie/Middleware/EncryptCookies.php(74): Illuminate/Pipeline/Pipeline->Illuminate/Pipeline/{closure}(Object(Illuminate/Http/Request))
#50 C:/Users/user/MyFiles/ProgmiX/PEX-Form-main/vendor/laravel/framework/src/Illuminate/Pipeline/Pipeline.php(219): Illuminate/Cookie/Middleware/EncryptCookies->handle(Object(Illuminate/Http/Request), Object(Closure))
#51 C:/Users/user/MyFiles/ProgmiX/PEX-Form-main/modules/CMS/Http/Middleware/GlobalMiddleware.php(11): Illuminate/Pipeline/Pipeline->Illuminate/Pipeline/{closure}(Object(Illuminate/Http/Request))
#52 C:/Users/user/MyFiles/ProgmiX/PEX-Form-main/vendor/laravel/framework/src/Illuminate/Pipeline/Pipeline.php(219): Juzaweb/CMS/Http/Middleware/GlobalMiddleware->handle(Object(Illuminate/Http/Request), Object(Closure))
#53 C:/Users/user/MyFiles/ProgmiX/PEX-Form-main/modules/Backend/Http/Middleware/DisableSessionForBots.php(30): Illuminate/Pipeline/Pipeline->Illuminate/Pipeline/{closure}(Object(Illuminate/Http/Request))
#54 C:/Users/user/MyFiles/ProgmiX/PEX-Form-main/vendor/laravel/framework/src/Illuminate/Pipeline/Pipeline.php(219): Juzaweb/Backend/Http/Middleware/DisableSessionForBots->handle(Object(Illuminate/Http/Request), Object(Closure))
#55 C:/Users/user/MyFiles/ProgmiX/PEX-Form-main/vendor/laravel/framework/src/Illuminate/Pipeline/Pipeline.php(137): Illuminate/Pipeline/Pipeline->Illuminate/Pipeline/{closure}(Object(Illuminate/Http/Request))
#56 C:/Users/user/MyFiles/ProgmiX/PEX-Form-main/vendor/laravel/framework/src/Illuminate/Routing/Router.php(821): Illuminate/Pipeline/Pipeline->then(Object(Closure))
#57 C:/Users/user/MyFiles/ProgmiX/PEX-Form-main/vendor/laravel/framework/src/Illuminate/Routing/Router.php(800): Illuminate/Routing/Router->runRouteWithinStack(Object(Illuminate/Routing/Route), Object(Illuminate/Http/Request))
#58 C:/Users/user/MyFiles/ProgmiX/PEX-Form-main/vendor/laravel/framework/src/Illuminate/Routing/Router.php(764): Illuminate/Routing/Router->runRoute(Object(Illuminate/Http/Request), Object(Illuminate/Routing/Route))
#59 C:/Users/user/MyFiles/ProgmiX/PEX-Form-main/vendor/laravel/framework/src/Illuminate/Routing/Router.php(753): Illuminate/Routing/Router->dispatchToRoute(Object(Illuminate/Http/Request))
#60 C:/Users/user/MyFiles/ProgmiX/PEX-Form-main/vendor/laravel/framework/src/Illuminate/Foundation/Http/Kernel.php(200): Illuminate/Routing/Router->dispatch(Object(Illuminate/Http/Request))
#61 C:/Users/user/MyFiles/ProgmiX/PEX-Form-main/vendor/laravel/framework/src/Illuminate/Pipeline/Pipeline.php(180): Illuminate/Foundation/Http/Kernel->Illuminate/Foundation/Http/{closure}(Object(Illuminate/Http/Request))
#62 C:/Users/user/MyFiles/ProgmiX/PEX-Form-main/vendor/barryvdh/laravel-debugbar/src/Middleware/InjectDebugbar.php(59): Illuminate/Pipeline/Pipeline->Illuminate/Pipeline/{closure}(Object(Illuminate/Http/Request))
#63 C:/Users/user/MyFiles/ProgmiX/PEX-Form-main/vendor/laravel/framework/src/Illuminate/Pipeline/Pipeline.php(219): Barryvdh/Debugbar/Middleware/InjectDebugbar->handle(Object(Illuminate/Http/Request), Object(Closure))
#64 C:/Users/user/MyFiles/ProgmiX/PEX-Form-main/modules/Backend/Http/Middleware/BlockIpMiddleware.php(31): Illuminate/Pipeline/Pipeline->Illuminate/Pipeline/{closure}(Object(Illuminate/Http/Request))
#65 C:/Users/user/MyFiles/ProgmiX/PEX-Form-main/vendor/laravel/framework/src/Illuminate/Pipeline/Pipeline.php(219): Juzaweb/Backend/Http/Middleware/BlockIpMiddleware->handle(Object(Illuminate/Http/Request), Object(Closure))
#66 C:/Users/user/MyFiles/ProgmiX/PEX-Form-main/modules/Backend/Http/Middleware/SecurityHeaders.php(25): Illuminate/Pipeline/Pipeline->Illuminate/Pipeline/{closure}(Object(Illuminate/Http/Request))
#67 C:/Users/user/MyFiles/ProgmiX/PEX-Form-main/vendor/laravel/framework/src/Illuminate/Pipeline/Pipeline.php(219): Juzaweb/Backend/Http/Middleware/SecurityHeaders->handle(Object(Illuminate/Http/Request), Object(Closure))
#68 C:/Users/user/MyFiles/ProgmiX/PEX-Form-main/vendor/laravel/framework/src/Illuminate/Foundation/Http/Middleware/TransformsRequest.php(21): Illuminate/Pipeline/Pipeline->Illuminate/Pipeline/{closure}(Object(Illuminate/Http/Request))
#69 C:/Users/user/MyFiles/ProgmiX/PEX-Form-main/vendor/laravel/framework/src/Illuminate/Foundation/Http/Middleware/ConvertEmptyStringsToNull.php(31): Illuminate/Foundation/Http/Middleware/TransformsRequest->handle(Object(Illuminate/Http/Request), Object(Closure))
#70 C:/Users/user/MyFiles/ProgmiX/PEX-Form-main/vendor/laravel/framework/src/Illuminate/Pipeline/Pipeline.php(219): Illuminate/Foundation/Http/Middleware/ConvertEmptyStringsToNull->handle(Object(Illuminate/Http/Request), Object(Closure))
#71 C:/Users/user/MyFiles/ProgmiX/PEX-Form-main/vendor/laravel/framework/src/Illuminate/Foundation/Http/Middleware/TransformsRequest.php(21): Illuminate/Pipeline/Pipeline->Illuminate/Pipeline/{closure}(Object(Illuminate/Http/Request))
#72 C:/Users/user/MyFiles/ProgmiX/PEX-Form-main/vendor/laravel/framework/src/Illuminate/Foundation/Http/Middleware/TrimStrings.php(51): Illuminate/Foundation/Http/Middleware/TransformsRequest->handle(Object(Illuminate/Http/Request), Object(Closure))
#73 C:/Users/user/MyFiles/ProgmiX/PEX-Form-main/vendor/laravel/framework/src/Illuminate/Pipeline/Pipeline.php(219): Illuminate/Foundation/Http/Middleware/TrimStrings->handle(Object(Illuminate/Http/Request), Object(Closure))
#74 C:/Users/user/MyFiles/ProgmiX/PEX-Form-main/vendor/laravel/framework/src/Illuminate/Http/Middleware/ValidatePostSize.php(27): Illuminate/Pipeline/Pipeline->Illuminate/Pipeline/{closure}(Object(Illuminate/Http/Request))
#75 C:/Users/user/MyFiles/ProgmiX/PEX-Form-main/vendor/laravel/framework/src/Illuminate/Pipeline/Pipeline.php(219): Illuminate/Http/Middleware/ValidatePostSize->handle(Object(Illuminate/Http/Request), Object(Closure))
#76 C:/Users/user/MyFiles/ProgmiX/PEX-Form-main/vendor/laravel/framework/src/Illuminate/Foundation/Http/Middleware/PreventRequestsDuringMaintenance.php(109): Illuminate/Pipeline/Pipeline->Illuminate/Pipeline/{closure}(Object(Illuminate/Http/Request))
#77 C:/Users/user/MyFiles/ProgmiX/PEX-Form-main/vendor/laravel/framework/src/Illuminate/Pipeline/Pipeline.php(219): Illuminate/Foundation/Http/Middleware/PreventRequestsDuringMaintenance->handle(Object(Illuminate/Http/Request), Object(Closure))
#78 C:/Users/user/MyFiles/ProgmiX/PEX-Form-main/vendor/laravel/framework/src/Illuminate/Http/Middleware/HandleCors.php(61): Illuminate/Pipeline/Pipeline->Illuminate/Pipeline/{closure}(Object(Illuminate/Http/Request))
#79 C:/Users/user/MyFiles/ProgmiX/PEX-Form-main/vendor/laravel/framework/src/Illuminate/Pipeline/Pipeline.php(219): Illuminate/Http/Middleware/HandleCors->handle(Object(Illuminate/Http/Request), Object(Closure))
#80 C:/Users/user/MyFiles/ProgmiX/PEX-Form-main/vendor/laravel/framework/src/Illuminate/Http/Middleware/TrustProxies.php(58): Illuminate/Pipeline/Pipeline->Illuminate/Pipeline/{closure}(Object(Illuminate/Http/Request))
#81 C:/Users/user/MyFiles/ProgmiX/PEX-Form-main/vendor/laravel/framework/src/Illuminate/Pipeline/Pipeline.php(219): Illuminate/Http/Middleware/TrustProxies->handle(Object(Illuminate/Http/Request), Object(Closure))
#82 C:/Users/user/MyFiles/ProgmiX/PEX-Form-main/vendor/laravel/framework/src/Illuminate/Pipeline/Pipeline.php(137): Illuminate/Pipeline/Pipeline->Illuminate/Pipeline/{closure}(Object(Illuminate/Http/Request))
#83 C:/Users/user/MyFiles/ProgmiX/PEX-Form-main/vendor/laravel/framework/src/Illuminate/Foundation/Http/Kernel.php(175): Illuminate/Pipeline/Pipeline->then(Object(Closure))
#84 C:/Users/user/MyFiles/ProgmiX/PEX-Form-main/vendor/laravel/framework/src/Illuminate/Foundation/Http/Kernel.php(144): Illuminate/Foundation/Http/Kernel->sendRequestThroughRouter(Object(Illuminate/Http/Request))
#85 C:/Users/user/MyFiles/ProgmiX/PEX-Form-main/public/index.php(51): Illuminate/Foundation/Http/Kernel->handle(Object(Illuminate/Http/Request))
#86 C:/Users/user/MyFiles/ProgmiX/PEX-Form-main/vendor/laravel/framework/src/Illuminate/Foundation/resources/server.php(23): require_once('C://Users//user//M...')
#87 {main}

[previous exception] [object] (ErrorException(code: 0): Undefined variable $speakerNames at C:/Users/user/MyFiles/ProgmiX/PEX-Form-main/storage/framework/views/e957588816674c7d6bc884ad75301905.php:19)
[stacktrace]
#0 C:/Users/user/MyFiles/ProgmiX/PEX-Form-main/vendor/laravel/framework/src/Illuminate/Foundation/Bootstrap/HandleExceptions.php(262): Illuminate/Foundation/Bootstrap/HandleExceptions->handleError(2, 'Undefined varia...', 'C://Users//user//M...', 19)
#1 C:/Users/user/MyFiles/ProgmiX/PEX-Form-main/storage/framework/views/e957588816674c7d6bc884ad75301905.php(19): Illuminate/Foundation/Bootstrap/HandleExceptions->Illuminate/Foundation/Bootstrap/{closure}(2, 'Undefined varia...', 'C://Users//user//M...', 19)
#2 C:/Users/user/MyFiles/ProgmiX/PEX-Form-main/vendor/laravel/framework/src/Illuminate/Filesystem/Filesystem.php(123): require('C://Users//user//M...')
#3 C:/Users/user/MyFiles/ProgmiX/PEX-Form-main/vendor/laravel/framework/src/Illuminate/Filesystem/Filesystem.php(124): Illuminate/Filesystem/Filesystem::Illuminate/Filesystem/{closure}()
#4 C:/Users/user/MyFiles/ProgmiX/PEX-Form-main/vendor/laravel/framework/src/Illuminate/View/Engines/PhpEngine.php(57): Illuminate/Filesystem/Filesystem->getRequire('C://Users//user//M...', Array)
#5 C:/Users/user/MyFiles/ProgmiX/PEX-Form-main/vendor/laravel/framework/src/Illuminate/View/Engines/CompilerEngine.php(76): Illuminate/View/Engines/PhpEngine->evaluatePath('C://Users//user//M...', Array)
#6 C:/Users/user/MyFiles/ProgmiX/PEX-Form-main/vendor/laravel/framework/src/Illuminate/View/View.php(208): Illuminate/View/Engines/CompilerEngine->get('C://Users//user//M...', Array)
#7 C:/Users/user/MyFiles/ProgmiX/PEX-Form-main/vendor/laravel/framework/src/Illuminate/View/View.php(191): Illuminate/View/View->getContents()
#8 C:/Users/user/MyFiles/ProgmiX/PEX-Form-main/vendor/laravel/framework/src/Illuminate/View/View.php(160): Illuminate/View/View->renderContents()
#9 C:/Users/user/MyFiles/ProgmiX/PEX-Form-main/storage/framework/views/078e945ecbf82d678121cbf4f8650dce.php(1): Illuminate/View/View->render()
#10 C:/Users/user/MyFiles/ProgmiX/PEX-Form-main/vendor/laravel/framework/src/Illuminate/Filesystem/Filesystem.php(123): require('C://Users//user//M...')
#11 C:/Users/user/MyFiles/ProgmiX/PEX-Form-main/vendor/laravel/framework/src/Illuminate/Filesystem/Filesystem.php(124): Illuminate/Filesystem/Filesystem::Illuminate/Filesystem/{closure}()
#12 C:/Users/user/MyFiles/ProgmiX/PEX-Form-main/vendor/laravel/framework/src/Illuminate/View/Engines/PhpEngine.php(57): Illuminate/Filesystem/Filesystem->getRequire('C://Users//user//M...', Array)
#13 C:/Users/user/MyFiles/ProgmiX/PEX-Form-main/vendor/laravel/framework/src/Illuminate/View/Engines/CompilerEngine.php(76): Illuminate/View/Engines/PhpEngine->evaluatePath('C://Users//user//M...', Array)
#14 C:/Users/user/MyFiles/ProgmiX/PEX-Form-main/vendor/laravel/framework/src/Illuminate/View/View.php(208): Illuminate/View/Engines/CompilerEngine->get('C://Users//user//M...', Array)
#15 C:/Users/user/MyFiles/ProgmiX/PEX-Form-main/vendor/laravel/framework/src/Illuminate/View/View.php(191): Illuminate/View/View->getContents()
#16 C:/Users/user/MyFiles/ProgmiX/PEX-Form-main/vendor/laravel/framework/src/Illuminate/View/View.php(160): Illuminate/View/View->renderContents()
#17 C:/Users/user/MyFiles/ProgmiX/PEX-Form-main/vendor/laravel/framework/src/Illuminate/Http/Response.php(78): Illuminate/View/View->render()
#18 C:/Users/user/MyFiles/ProgmiX/PEX-Form-main/vendor/laravel/framework/src/Illuminate/Http/Response.php(34): Illuminate/Http/Response->setContent(Object(Illuminate/View/View))
#19 C:/Users/user/MyFiles/ProgmiX/PEX-Form-main/vendor/laravel/framework/src/Illuminate/Routing/Router.php(939): Illuminate/Http/Response->__construct(Object(Illuminate/View/View), 200, Array)
#20 C:/Users/user/MyFiles/ProgmiX/PEX-Form-main/vendor/laravel/framework/src/Illuminate/Routing/Router.php(906): Illuminate/Routing/Router::toResponse(Object(Illuminate/Http/Request), Object(Illuminate/View/View))
#21 C:/Users/user/MyFiles/ProgmiX/PEX-Form-main/vendor/laravel/framework/src/Illuminate/Routing/Router.php(821): Illuminate/Routing/Router->prepareResponse(Object(Illuminate/Http/Request), Object(Illuminate/View/View))
#22 C:/Users/user/MyFiles/ProgmiX/PEX-Form-main/vendor/laravel/framework/src/Illuminate/Pipeline/Pipeline.php(180): Illuminate/Routing/Router->Illuminate/Routing/{closure}(Object(Illuminate/Http/Request))
#23 C:/Users/user/MyFiles/ProgmiX/PEX-Form-main/modules/Frontend/Http/Middleware/Locale.php(49): Illuminate/Pipeline/Pipeline->Illuminate/Pipeline/{closure}(Object(Illuminate/Http/Request))
#24 C:/Users/user/MyFiles/ProgmiX/PEX-Form-main/vendor/laravel/framework/src/Illuminate/Pipeline/Pipeline.php(219): Juzaweb/Frontend/Http/Middleware/Locale->handle(Object(Illuminate/Http/Request), Object(Closure))
#25 C:/Users/user/MyFiles/ProgmiX/PEX-Form-main/modules/Backend/Http/Middleware/SecurityHeaders.php(25): Illuminate/Pipeline/Pipeline->Illuminate/Pipeline/{closure}(Object(Illuminate/Http/Request))
#26 C:/Users/user/MyFiles/ProgmiX/PEX-Form-main/vendor/laravel/framework/src/Illuminate/Pipeline/Pipeline.php(219): Juzaweb/Backend/Http/Middleware/SecurityHeaders->handle(Object(Illuminate/Http/Request), Object(Closure))
#27 C:/Users/user/MyFiles/ProgmiX/PEX-Form-main/vendor/laravel/framework/src/Illuminate/Routing/Middleware/ThrottleRequests.php(166): Illuminate/Pipeline/Pipeline->Illuminate/Pipeline/{closure}(Object(Illuminate/Http/Request))
#28 C:/Users/user/MyFiles/ProgmiX/PEX-Form-main/vendor/laravel/framework/src/Illuminate/Routing/Middleware/ThrottleRequests.php(93): Illuminate/Routing/Middleware/ThrottleRequests->handleRequest(Object(Illuminate/Http/Request), Object(Closure), Array)
#29 C:/Users/user/MyFiles/ProgmiX/PEX-Form-main/vendor/laravel/framework/src/Illuminate/Pipeline/Pipeline.php(219): Illuminate/Routing/Middleware/ThrottleRequests->handle(Object(Illuminate/Http/Request), Object(Closure))
#30 C:/Users/user/MyFiles/ProgmiX/PEX-Form-main/modules/Backend/Http/Middleware/PathTraversal.php(57): Illuminate/Pipeline/Pipeline->Illuminate/Pipeline/{closure}(Object(Illuminate/Http/Request))
#31 C:/Users/user/MyFiles/ProgmiX/PEX-Form-main/vendor/laravel/framework/src/Illuminate/Pipeline/Pipeline.php(219): Juzaweb/Backend/Http/Middleware/PathTraversal->handle(Object(Illuminate/Http/Request), Object(Closure))
#32 C:/Users/user/MyFiles/ProgmiX/PEX-Form-main/modules/Backend/Http/Middleware/XssSanitization.php(44): Illuminate/Pipeline/Pipeline->Illuminate/Pipeline/{closure}(Object(Illuminate/Http/Request))
#33 C:/Users/user/MyFiles/ProgmiX/PEX-Form-main/vendor/laravel/framework/src/Illuminate/Pipeline/Pipeline.php(219): Juzaweb/Backend/Http/Middleware/XssSanitization->handle(Object(Illuminate/Http/Request), Object(Closure))
#34 C:/Users/user/MyFiles/ProgmiX/PEX-Form-main/vendor/spatie/laravel-csp/src/AddCspHeaders.php(13): Illuminate/Pipeline/Pipeline->Illuminate/Pipeline/{closure}(Object(Illuminate/Http/Request))
#35 C:/Users/user/MyFiles/ProgmiX/PEX-Form-main/vendor/laravel/framework/src/Illuminate/Pipeline/Pipeline.php(219): Spatie/Csp/AddCspHeaders->handle(Object(Illuminate/Http/Request), Object(Closure))
#36 C:/Users/user/MyFiles/ProgmiX/PEX-Form-main/vendor/barryvdh/laravel-debugbar/src/Middleware/InjectDebugbar.php(59): Illuminate/Pipeline/Pipeline->Illuminate/Pipeline/{closure}(Object(Illuminate/Http/Request))
#37 C:/Users/user/MyFiles/ProgmiX/PEX-Form-main/vendor/laravel/framework/src/Illuminate/Pipeline/Pipeline.php(219): Barryvdh/Debugbar/Middleware/InjectDebugbar->handle(Object(Illuminate/Http/Request), Object(Closure))
#38 C:/Users/user/MyFiles/ProgmiX/PEX-Form-main/modules/CMS/Http/Middleware/XFrameHeadersMiddleware.php(41): Illuminate/Pipeline/Pipeline->Illuminate/Pipeline/{closure}(Object(Illuminate/Http/Request))
#39 C:/Users/user/MyFiles/ProgmiX/PEX-Form-main/vendor/laravel/framework/src/Illuminate/Pipeline/Pipeline.php(219): Juzaweb/CMS/Http/Middleware/XFrameHeadersMiddleware->handle(Object(Illuminate/Http/Request), Object(Closure))
#40 C:/Users/user/MyFiles/ProgmiX/PEX-Form-main/vendor/laravel/framework/src/Illuminate/Routing/Middleware/SubstituteBindings.php(50): Illuminate/Pipeline/Pipeline->Illuminate/Pipeline/{closure}(Object(Illuminate/Http/Request))
#41 C:/Users/user/MyFiles/ProgmiX/PEX-Form-main/vendor/laravel/framework/src/Illuminate/Pipeline/Pipeline.php(219): Illuminate/Routing/Middleware/SubstituteBindings->handle(Object(Illuminate/Http/Request), Object(Closure))
#42 C:/Users/user/MyFiles/ProgmiX/PEX-Form-main/vendor/laravel/framework/src/Illuminate/Cookie/Middleware/AddQueuedCookiesToResponse.php(36): Illuminate/Pipeline/Pipeline->Illuminate/Pipeline/{closure}(Object(Illuminate/Http/Request))
#43 C:/Users/user/MyFiles/ProgmiX/PEX-Form-main/vendor/laravel/framework/src/Illuminate/Pipeline/Pipeline.php(219): Illuminate/Cookie/Middleware/AddQueuedCookiesToResponse->handle(Object(Illuminate/Http/Request), Object(Closure))
#44 C:/Users/user/MyFiles/ProgmiX/PEX-Form-main/vendor/laravel/framework/src/Illuminate/View/Middleware/ShareErrorsFromSession.php(48): Illuminate/Pipeline/Pipeline->Illuminate/Pipeline/{closure}(Object(Illuminate/Http/Request))
#45 C:/Users/user/MyFiles/ProgmiX/PEX-Form-main/modules/Backend/Http/Middleware/ShareErrorsUnlessBot.php(24): Illuminate/View/Middleware/ShareErrorsFromSession->handle(Object(Illuminate/Http/Request), Object(Closure))
#46 C:/Users/user/MyFiles/ProgmiX/PEX-Form-main/vendor/laravel/framework/src/Illuminate/Pipeline/Pipeline.php(219): Juzaweb/Backend/Http/Middleware/ShareErrorsUnlessBot->handle(Object(Illuminate/Http/Request), Object(Closure))
#47 C:/Users/user/MyFiles/ProgmiX/PEX-Form-main/vendor/laravel/framework/src/Illuminate/Session/Middleware/StartSession.php(120): Illuminate/Pipeline/Pipeline->Illuminate/Pipeline/{closure}(Object(Illuminate/Http/Request))
#48 C:/Users/user/MyFiles/ProgmiX/PEX-Form-main/vendor/laravel/framework/src/Illuminate/Session/Middleware/StartSession.php(63): Illuminate/Session/Middleware/StartSession->handleStatefulRequest(Object(Illuminate/Http/Request), Object(Illuminate/Session/Store), Object(Closure))
#49 C:/Users/user/MyFiles/ProgmiX/PEX-Form-main/modules/Backend/Http/Middleware/SkipSessionForBots.php(24): Illuminate/Session/Middleware/StartSession->handle(Object(Illuminate/Http/Request), Object(Closure))
#50 C:/Users/user/MyFiles/ProgmiX/PEX-Form-main/vendor/laravel/framework/src/Illuminate/Pipeline/Pipeline.php(219): Juzaweb/Backend/Http/Middleware/SkipSessionForBots->handle(Object(Illuminate/Http/Request), Object(Closure))
#51 C:/Users/user/MyFiles/ProgmiX/PEX-Form-main/vendor/laravel/framework/src/Illuminate/Cookie/Middleware/EncryptCookies.php(74): Illuminate/Pipeline/Pipeline->Illuminate/Pipeline/{closure}(Object(Illuminate/Http/Request))
#52 C:/Users/user/MyFiles/ProgmiX/PEX-Form-main/vendor/laravel/framework/src/Illuminate/Pipeline/Pipeline.php(219): Illuminate/Cookie/Middleware/EncryptCookies->handle(Object(Illuminate/Http/Request), Object(Closure))
#53 C:/Users/user/MyFiles/ProgmiX/PEX-Form-main/modules/CMS/Http/Middleware/GlobalMiddleware.php(11): Illuminate/Pipeline/Pipeline->Illuminate/Pipeline/{closure}(Object(Illuminate/Http/Request))
#54 C:/Users/user/MyFiles/ProgmiX/PEX-Form-main/vendor/laravel/framework/src/Illuminate/Pipeline/Pipeline.php(219): Juzaweb/CMS/Http/Middleware/GlobalMiddleware->handle(Object(Illuminate/Http/Request), Object(Closure))
#55 C:/Users/user/MyFiles/ProgmiX/PEX-Form-main/modules/Backend/Http/Middleware/DisableSessionForBots.php(30): Illuminate/Pipeline/Pipeline->Illuminate/Pipeline/{closure}(Object(Illuminate/Http/Request))
#56 C:/Users/user/MyFiles/ProgmiX/PEX-Form-main/vendor/laravel/framework/src/Illuminate/Pipeline/Pipeline.php(219): Juzaweb/Backend/Http/Middleware/DisableSessionForBots->handle(Object(Illuminate/Http/Request), Object(Closure))
#57 C:/Users/user/MyFiles/ProgmiX/PEX-Form-main/vendor/laravel/framework/src/Illuminate/Pipeline/Pipeline.php(137): Illuminate/Pipeline/Pipeline->Illuminate/Pipeline/{closure}(Object(Illuminate/Http/Request))
#58 C:/Users/user/MyFiles/ProgmiX/PEX-Form-main/vendor/laravel/framework/src/Illuminate/Routing/Router.php(821): Illuminate/Pipeline/Pipeline->then(Object(Closure))
#59 C:/Users/user/MyFiles/ProgmiX/PEX-Form-main/vendor/laravel/framework/src/Illuminate/Routing/Router.php(800): Illuminate/Routing/Router->runRouteWithinStack(Object(Illuminate/Routing/Route), Object(Illuminate/Http/Request))
#60 C:/Users/user/MyFiles/ProgmiX/PEX-Form-main/vendor/laravel/framework/src/Illuminate/Routing/Router.php(764): Illuminate/Routing/Router->runRoute(Object(Illuminate/Http/Request), Object(Illuminate/Routing/Route))
#61 C:/Users/user/MyFiles/ProgmiX/PEX-Form-main/vendor/laravel/framework/src/Illuminate/Routing/Router.php(753): Illuminate/Routing/Router->dispatchToRoute(Object(Illuminate/Http/Request))
#62 C:/Users/user/MyFiles/ProgmiX/PEX-Form-main/vendor/laravel/framework/src/Illuminate/Foundation/Http/Kernel.php(200): Illuminate/Routing/Router->dispatch(Object(Illuminate/Http/Request))
#63 C:/Users/user/MyFiles/ProgmiX/PEX-Form-main/vendor/laravel/framework/src/Illuminate/Pipeline/Pipeline.php(180): Illuminate/Foundation/Http/Kernel->Illuminate/Foundation/Http/{closure}(Object(Illuminate/Http/Request))
#64 C:/Users/user/MyFiles/ProgmiX/PEX-Form-main/vendor/barryvdh/laravel-debugbar/src/Middleware/InjectDebugbar.php(59): Illuminate/Pipeline/Pipeline->Illuminate/Pipeline/{closure}(Object(Illuminate/Http/Request))
#65 C:/Users/user/MyFiles/ProgmiX/PEX-Form-main/vendor/laravel/framework/src/Illuminate/Pipeline/Pipeline.php(219): Barryvdh/Debugbar/Middleware/InjectDebugbar->handle(Object(Illuminate/Http/Request), Object(Closure))
#66 C:/Users/user/MyFiles/ProgmiX/PEX-Form-main/modules/Backend/Http/Middleware/BlockIpMiddleware.php(31): Illuminate/Pipeline/Pipeline->Illuminate/Pipeline/{closure}(Object(Illuminate/Http/Request))
#67 C:/Users/user/MyFiles/ProgmiX/PEX-Form-main/vendor/laravel/framework/src/Illuminate/Pipeline/Pipeline.php(219): Juzaweb/Backend/Http/Middleware/BlockIpMiddleware->handle(Object(Illuminate/Http/Request), Object(Closure))
#68 C:/Users/user/MyFiles/ProgmiX/PEX-Form-main/modules/Backend/Http/Middleware/SecurityHeaders.php(25): Illuminate/Pipeline/Pipeline->Illuminate/Pipeline/{closure}(Object(Illuminate/Http/Request))
#69 C:/Users/user/MyFiles/ProgmiX/PEX-Form-main/vendor/laravel/framework/src/Illuminate/Pipeline/Pipeline.php(219): Juzaweb/Backend/Http/Middleware/SecurityHeaders->handle(Object(Illuminate/Http/Request), Object(Closure))
#70 C:/Users/user/MyFiles/ProgmiX/PEX-Form-main/vendor/laravel/framework/src/Illuminate/Foundation/Http/Middleware/TransformsRequest.php(21): Illuminate/Pipeline/Pipeline->Illuminate/Pipeline/{closure}(Object(Illuminate/Http/Request))
#71 C:/Users/user/MyFiles/ProgmiX/PEX-Form-main/vendor/laravel/framework/src/Illuminate/Foundation/Http/Middleware/ConvertEmptyStringsToNull.php(31): Illuminate/Foundation/Http/Middleware/TransformsRequest->handle(Object(Illuminate/Http/Request), Object(Closure))
#72 C:/Users/user/MyFiles/ProgmiX/PEX-Form-main/vendor/laravel/framework/src/Illuminate/Pipeline/Pipeline.php(219): Illuminate/Foundation/Http/Middleware/ConvertEmptyStringsToNull->handle(Object(Illuminate/Http/Request), Object(Closure))
#73 C:/Users/user/MyFiles/ProgmiX/PEX-Form-main/vendor/laravel/framework/src/Illuminate/Foundation/Http/Middleware/TransformsRequest.php(21): Illuminate/Pipeline/Pipeline->Illuminate/Pipeline/{closure}(Object(Illuminate/Http/Request))
#74 C:/Users/user/MyFiles/ProgmiX/PEX-Form-main/vendor/laravel/framework/src/Illuminate/Foundation/Http/Middleware/TrimStrings.php(51): Illuminate/Foundation/Http/Middleware/TransformsRequest->handle(Object(Illuminate/Http/Request), Object(Closure))
#75 C:/Users/user/MyFiles/ProgmiX/PEX-Form-main/vendor/laravel/framework/src/Illuminate/Pipeline/Pipeline.php(219): Illuminate/Foundation/Http/Middleware/TrimStrings->handle(Object(Illuminate/Http/Request), Object(Closure))
#76 C:/Users/user/MyFiles/ProgmiX/PEX-Form-main/vendor/laravel/framework/src/Illuminate/Http/Middleware/ValidatePostSize.php(27): Illuminate/Pipeline/Pipeline->Illuminate/Pipeline/{closure}(Object(Illuminate/Http/Request))
#77 C:/Users/user/MyFiles/ProgmiX/PEX-Form-main/vendor/laravel/framework/src/Illuminate/Pipeline/Pipeline.php(219): Illuminate/Http/Middleware/ValidatePostSize->handle(Object(Illuminate/Http/Request), Object(Closure))
#78 C:/Users/user/MyFiles/ProgmiX/PEX-Form-main/vendor/laravel/framework/src/Illuminate/Foundation/Http/Middleware/PreventRequestsDuringMaintenance.php(109): Illuminate/Pipeline/Pipeline->Illuminate/Pipeline/{closure}(Object(Illuminate/Http/Request))
#79 C:/Users/user/MyFiles/ProgmiX/PEX-Form-main/vendor/laravel/framework/src/Illuminate/Pipeline/Pipeline.php(219): Illuminate/Foundation/Http/Middleware/PreventRequestsDuringMaintenance->handle(Object(Illuminate/Http/Request), Object(Closure))
#80 C:/Users/user/MyFiles/ProgmiX/PEX-Form-main/vendor/laravel/framework/src/Illuminate/Http/Middleware/HandleCors.php(61): Illuminate/Pipeline/Pipeline->Illuminate/Pipeline/{closure}(Object(Illuminate/Http/Request))
#81 C:/Users/user/MyFiles/ProgmiX/PEX-Form-main/vendor/laravel/framework/src/Illuminate/Pipeline/Pipeline.php(219): Illuminate/Http/Middleware/HandleCors->handle(Object(Illuminate/Http/Request), Object(Closure))
#82 C:/Users/user/MyFiles/ProgmiX/PEX-Form-main/vendor/laravel/framework/src/Illuminate/Http/Middleware/TrustProxies.php(58): Illuminate/Pipeline/Pipeline->Illuminate/Pipeline/{closure}(Object(Illuminate/Http/Request))
#83 C:/Users/user/MyFiles/ProgmiX/PEX-Form-main/vendor/laravel/framework/src/Illuminate/Pipeline/Pipeline.php(219): Illuminate/Http/Middleware/TrustProxies->handle(Object(Illuminate/Http/Request), Object(Closure))
#84 C:/Users/user/MyFiles/ProgmiX/PEX-Form-main/vendor/laravel/framework/src/Illuminate/Pipeline/Pipeline.php(137): Illuminate/Pipeline/Pipeline->Illuminate/Pipeline/{closure}(Object(Illuminate/Http/Request))
#85 C:/Users/user/MyFiles/ProgmiX/PEX-Form-main/vendor/laravel/framework/src/Illuminate/Foundation/Http/Kernel.php(175): Illuminate/Pipeline/Pipeline->then(Object(Closure))
#86 C:/Users/user/MyFiles/ProgmiX/PEX-Form-main/vendor/laravel/framework/src/Illuminate/Foundation/Http/Kernel.php(144): Illuminate/Foundation/Http/Kernel->sendRequestThroughRouter(Object(Illuminate/Http/Request))
#87 C:/Users/user/MyFiles/ProgmiX/PEX-Form-main/public/index.php(51): Illuminate/Foundation/Http/Kernel->handle(Object(Illuminate/Http/Request))
#88 C:/Users/user/MyFiles/ProgmiX/PEX-Form-main/vendor/laravel/framework/src/Illuminate/Foundation/resources/server.php(23): require_once('C://Users//user//M...')
#89 {main}
"} 
[2026-09-21 15:48:03] local.ERROR: Undefined variable $speakerNames {"userId":1,"exception":"[object] (Spatie\\LaravelIgnition\\Exceptions\\ViewException(code: 0): Undefined variable $speakerNames at C:/Users/user/MyFiles/ProgmiX/PEX-Form-main/modules/Frontend/resources/views/templates/homepage/pex/agenda.blade.php:1)
[stacktrace]
#0 C:/Users/user/MyFiles/ProgmiX/PEX-Form-main/vendor/laravel/framework/src/Illuminate/Filesystem/Filesystem.php(123): require('C://Users//user//M...')
#1 C:/Users/user/MyFiles/ProgmiX/PEX-Form-main/vendor/laravel/framework/src/Illuminate/Filesystem/Filesystem.php(124): Illuminate/Filesystem/Filesystem::Illuminate/Filesystem/{closure}()
#2 C:/Users/user/MyFiles/ProgmiX/PEX-Form-main/vendor/laravel/framework/src/Illuminate/View/Engines/PhpEngine.php(57): Illuminate/Filesystem/Filesystem->getRequire('C://Users//user//M...', Array)
#3 C:/Users/user/MyFiles/ProgmiX/PEX-Form-main/vendor/laravel/framework/src/Illuminate/View/Engines/CompilerEngine.php(76): Illuminate/View/Engines/PhpEngine->evaluatePath('C://Users//user//M...', Array)
#4 C:/Users/user/MyFiles/ProgmiX/PEX-Form-main/vendor/laravel/framework/src/Illuminate/View/View.php(208): Illuminate/View/Engines/CompilerEngine->get('C://Users//user//M...', Array)
#5 C:/Users/user/MyFiles/ProgmiX/PEX-Form-main/vendor/laravel/framework/src/Illuminate/View/View.php(191): Illuminate/View/View->getContents()
#6 C:/Users/user/MyFiles/ProgmiX/PEX-Form-main/vendor/laravel/framework/src/Illuminate/View/View.php(160): Illuminate/View/View->renderContents()
#7 C:/Users/user/MyFiles/ProgmiX/PEX-Form-main/modules/Frontend/resources/views/home.blade.php(1): Illuminate/View/View->render()
#8 C:/Users/user/MyFiles/ProgmiX/PEX-Form-main/vendor/laravel/framework/src/Illuminate/Filesystem/Filesystem.php(123): require('C://Users//user//M...')
#9 C:/Users/user/MyFiles/ProgmiX/PEX-Form-main/vendor/laravel/framework/src/Illuminate/Filesystem/Filesystem.php(124): Illuminate/Filesystem/Filesystem::Illuminate/Filesystem/{closure}()
#10 C:/Users/user/MyFiles/ProgmiX/PEX-Form-main/vendor/laravel/framework/src/Illuminate/View/Engines/PhpEngine.php(57): Illuminate/Filesystem/Filesystem->getRequire('C://Users//user//M...', Array)
#11 C:/Users/user/MyFiles/ProgmiX/PEX-Form-main/vendor/laravel/framework/src/Illuminate/View/Engines/CompilerEngine.php(76): Illuminate/View/Engines/PhpEngine->evaluatePath('C://Users//user//M...', Array)
#12 C:/Users/user/MyFiles/ProgmiX/PEX-Form-main/vendor/laravel/framework/src/Illuminate/View/View.php(208): Illuminate/View/Engines/CompilerEngine->get('C://Users//user//M...', Array)
#13 C:/Users/user/MyFiles/ProgmiX/PEX-Form-main/vendor/laravel/framework/src/Illuminate/View/View.php(191): Illuminate/View/View->getContents()
#14 C:/Users/user/MyFiles/ProgmiX/PEX-Form-main/vendor/laravel/framework/src/Illuminate/View/View.php(160): Illuminate/View/View->renderContents()
#15 C:/Users/user/MyFiles/ProgmiX/PEX-Form-main/vendor/laravel/framework/src/Illuminate/Http/Response.php(78): Illuminate/View/View->render()
#16 C:/Users/user/MyFiles/ProgmiX/PEX-Form-main/vendor/laravel/framework/src/Illuminate/Http/Response.php(34): Illuminate/Http/Response->setContent(Object(Illuminate/View/View))
#17 C:/Users/user/MyFiles/ProgmiX/PEX-Form-main/vendor/laravel/framework/src/Illuminate/Routing/Router.php(939): Illuminate/Http/Response->__construct(Object(Illuminate/View/View), 200, Array)
#18 C:/Users/user/MyFiles/ProgmiX/PEX-Form-main/vendor/laravel/framework/src/Illuminate/Routing/Router.php(906): Illuminate/Routing/Router::toResponse(Object(Illuminate/Http/Request), Object(Illuminate/View/View))
#19 C:/Users/user/MyFiles/ProgmiX/PEX-Form-main/vendor/laravel/framework/src/Illuminate/Routing/Router.php(821): Illuminate/Routing/Router->prepareResponse(Object(Illuminate/Http/Request), Object(Illuminate/View/View))
#20 C:/Users/user/MyFiles/ProgmiX/PEX-Form-main/vendor/laravel/framework/src/Illuminate/Pipeline/Pipeline.php(180): Illuminate/Routing/Router->Illuminate/Routing/{closure}(Object(Illuminate/Http/Request))
#21 C:/Users/user/MyFiles/ProgmiX/PEX-Form-main/modules/Frontend/Http/Middleware/Locale.php(49): Illuminate/Pipeline/Pipeline->Illuminate/Pipeline/{closure}(Object(Illuminate/Http/Request))
#22 C:/Users/user/MyFiles/ProgmiX/PEX-Form-main/vendor/laravel/framework/src/Illuminate/Pipeline/Pipeline.php(219): Juzaweb/Frontend/Http/Middleware/Locale->handle(Object(Illuminate/Http/Request), Object(Closure))
#23 C:/Users/user/MyFiles/ProgmiX/PEX-Form-main/modules/Backend/Http/Middleware/SecurityHeaders.php(25): Illuminate/Pipeline/Pipeline->Illuminate/Pipeline/{closure}(Object(Illuminate/Http/Request))
#24 C:/Users/user/MyFiles/ProgmiX/PEX-Form-main/vendor/laravel/framework/src/Illuminate/Pipeline/Pipeline.php(219): Juzaweb/Backend/Http/Middleware/SecurityHeaders->handle(Object(Illuminate/Http/Request), Object(Closure))
#25 C:/Users/user/MyFiles/ProgmiX/PEX-Form-main/vendor/laravel/framework/src/Illuminate/Routing/Middleware/ThrottleRequests.php(166): Illuminate/Pipeline/Pipeline->Illuminate/Pipeline/{closure}(Object(Illuminate/Http/Request))
#26 C:/Users/user/MyFiles/ProgmiX/PEX-Form-main/vendor/laravel/framework/src/Illuminate/Routing/Middleware/ThrottleRequests.php(93): Illuminate/Routing/Middleware/ThrottleRequests->handleRequest(Object(Illuminate/Http/Request), Object(Closure), Array)
#27 C:/Users/user/MyFiles/ProgmiX/PEX-Form-main/vendor/laravel/framework/src/Illuminate/Pipeline/Pipeline.php(219): Illuminate/Routing/Middleware/ThrottleRequests->handle(Object(Illuminate/Http/Request), Object(Closure))
#28 C:/Users/user/MyFiles/ProgmiX/PEX-Form-main/modules/Backend/Http/Middleware/PathTraversal.php(57): Illuminate/Pipeline/Pipeline->Illuminate/Pipeline/{closure}(Object(Illuminate/Http/Request))
#29 C:/Users/user/MyFiles/ProgmiX/PEX-Form-main/vendor/laravel/framework/src/Illuminate/Pipeline/Pipeline.php(219): Juzaweb/Backend/Http/Middleware/PathTraversal->handle(Object(Illuminate/Http/Request), Object(Closure))
#30 C:/Users/user/MyFiles/ProgmiX/PEX-Form-main/modules/Backend/Http/Middleware/XssSanitization.php(44): Illuminate/Pipeline/Pipeline->Illuminate/Pipeline/{closure}(Object(Illuminate/Http/Request))
#31 C:/Users/user/MyFiles/ProgmiX/PEX-Form-main/vendor/laravel/framework/src/Illuminate/Pipeline/Pipeline.php(219): Juzaweb/Backend/Http/Middleware/XssSanitization->handle(Object(Illuminate/Http/Request), Object(Closure))
#32 C:/Users/user/MyFiles/ProgmiX/PEX-Form-main/vendor/spatie/laravel-csp/src/AddCspHeaders.php(13): Illuminate/Pipeline/Pipeline->Illuminate/Pipeline/{closure}(Object(Illuminate/Http/Request))
#33 C:/Users/user/MyFiles/ProgmiX/PEX-Form-main/vendor/laravel/framework/src/Illuminate/Pipeline/Pipeline.php(219): Spatie/Csp/AddCspHeaders->handle(Object(Illuminate/Http/Request), Object(Closure))
#34 C:/Users/user/MyFiles/ProgmiX/PEX-Form-main/vendor/barryvdh/laravel-debugbar/src/Middleware/InjectDebugbar.php(59): Illuminate/Pipeline/Pipeline->Illuminate/Pipeline/{closure}(Object(Illuminate/Http/Request))
#35 C:/Users/user/MyFiles/ProgmiX/PEX-Form-main/vendor/laravel/framework/src/Illuminate/Pipeline/Pipeline.php(219): Barryvdh/Debugbar/Middleware/InjectDebugbar->handle(Object(Illuminate/Http/Request), Object(Closure))
#36 C:/Users/user/MyFiles/ProgmiX/PEX-Form-main/modules/CMS/Http/Middleware/XFrameHeadersMiddleware.php(41): Illuminate/Pipeline/Pipeline->Illuminate/Pipeline/{closure}(Object(Illuminate/Http/Request))
#37 C:/Users/user/MyFiles/ProgmiX/PEX-Form-main/vendor/laravel/framework/src/Illuminate/Pipeline/Pipeline.php(219): Juzaweb/CMS/Http/Middleware/XFrameHeadersMiddleware->handle(Object(Illuminate/Http/Request), Object(Closure))
#38 C:/Users/user/MyFiles/ProgmiX/PEX-Form-main/vendor/laravel/framework/src/Illuminate/Routing/Middleware/SubstituteBindings.php(50): Illuminate/Pipeline/Pipeline->Illuminate/Pipeline/{closure}(Object(Illuminate/Http/Request))
#39 C:/Users/user/MyFiles/ProgmiX/PEX-Form-main/vendor/laravel/framework/src/Illuminate/Pipeline/Pipeline.php(219): Illuminate/Routing/Middleware/SubstituteBindings->handle(Object(Illuminate/Http/Request), Object(Closure))
#40 C:/Users/user/MyFiles/ProgmiX/PEX-Form-main/vendor/laravel/framework/src/Illuminate/Cookie/Middleware/AddQueuedCookiesToResponse.php(36): Illuminate/Pipeline/Pipeline->Illuminate/Pipeline/{closure}(Object(Illuminate/Http/Request))
#41 C:/Users/user/MyFiles/ProgmiX/PEX-Form-main/vendor/laravel/framework/src/Illuminate/Pipeline/Pipeline.php(219): Illuminate/Cookie/Middleware/AddQueuedCookiesToResponse->handle(Object(Illuminate/Http/Request), Object(Closure))
#42 C:/Users/user/MyFiles/ProgmiX/PEX-Form-main/vendor/laravel/framework/src/Illuminate/View/Middleware/ShareErrorsFromSession.php(48): Illuminate/Pipeline/Pipeline->Illuminate/Pipeline/{closure}(Object(Illuminate/Http/Request))
#43 C:/Users/user/MyFiles/ProgmiX/PEX-Form-main/modules/Backend/Http/Middleware/ShareErrorsUnlessBot.php(24): Illuminate/View/Middleware/ShareErrorsFromSession->handle(Object(Illuminate/Http/Request), Object(Closure))
#44 C:/Users/user/MyFiles/ProgmiX/PEX-Form-main/vendor/laravel/framework/src/Illuminate/Pipeline/Pipeline.php(219): Juzaweb/Backend/Http/Middleware/ShareErrorsUnlessBot->handle(Object(Illuminate/Http/Request), Object(Closure))
#45 C:/Users/user/MyFiles/ProgmiX/PEX-Form-main/vendor/laravel/framework/src/Illuminate/Session/Middleware/StartSession.php(120): Illuminate/Pipeline/Pipeline->Illuminate/Pipeline/{closure}(Object(Illuminate/Http/Request))
#46 C:/Users/user/MyFiles/ProgmiX/PEX-Form-main/vendor/laravel/framework/src/Illuminate/Session/Middleware/StartSession.php(63): Illuminate/Session/Middleware/StartSession->handleStatefulRequest(Object(Illuminate/Http/Request), Object(Illuminate/Session/Store), Object(Closure))
#47 C:/Users/user/MyFiles/ProgmiX/PEX-Form-main/modules/Backend/Http/Middleware/SkipSessionForBots.php(24): Illuminate/Session/Middleware/StartSession->handle(Object(Illuminate/Http/Request), Object(Closure))
#48 C:/Users/user/MyFiles/ProgmiX/PEX-Form-main/vendor/laravel/framework/src/Illuminate/Pipeline/Pipeline.php(219): Juzaweb/Backend/Http/Middleware/SkipSessionForBots->handle(Object(Illuminate/Http/Request), Object(Closure))
#49 C:/Users/user/MyFiles/ProgmiX/PEX-Form-main/vendor/laravel/framework/src/Illuminate/Cookie/Middleware/EncryptCookies.php(74): Illuminate/Pipeline/Pipeline->Illuminate/Pipeline/{closure}(Object(Illuminate/Http/Request))
#50 C:/Users/user/MyFiles/ProgmiX/PEX-Form-main/vendor/laravel/framework/src/Illuminate/Pipeline/Pipeline.php(219): Illuminate/Cookie/Middleware/EncryptCookies->handle(Object(Illuminate/Http/Request), Object(Closure))
#51 C:/Users/user/MyFiles/ProgmiX/PEX-Form-main/modules/CMS/Http/Middleware/GlobalMiddleware.php(11): Illuminate/Pipeline/Pipeline->Illuminate/Pipeline/{closure}(Object(Illuminate/Http/Request))
#52 C:/Users/user/MyFiles/ProgmiX/PEX-Form-main/vendor/laravel/framework/src/Illuminate/Pipeline/Pipeline.php(219): Juzaweb/CMS/Http/Middleware/GlobalMiddleware->handle(Object(Illuminate/Http/Request), Object(Closure))
#53 C:/Users/user/MyFiles/ProgmiX/PEX-Form-main/modules/Backend/Http/Middleware/DisableSessionForBots.php(30): Illuminate/Pipeline/Pipeline->Illuminate/Pipeline/{closure}(Object(Illuminate/Http/Request))
#54 C:/Users/user/MyFiles/ProgmiX/PEX-Form-main/vendor/laravel/framework/src/Illuminate/Pipeline/Pipeline.php(219): Juzaweb/Backend/Http/Middleware/DisableSessionForBots->handle(Object(Illuminate/Http/Request), Object(Closure))
#55 C:/Users/user/MyFiles/ProgmiX/PEX-Form-main/vendor/laravel/framework/src/Illuminate/Pipeline/Pipeline.php(137): Illuminate/Pipeline/Pipeline->Illuminate/Pipeline/{closure}(Object(Illuminate/Http/Request))
#56 C:/Users/user/MyFiles/ProgmiX/PEX-Form-main/vendor/laravel/framework/src/Illuminate/Routing/Router.php(821): Illuminate/Pipeline/Pipeline->then(Object(Closure))
#57 C:/Users/user/MyFiles/ProgmiX/PEX-Form-main/vendor/laravel/framework/src/Illuminate/Routing/Router.php(800): Illuminate/Routing/Router->runRouteWithinStack(Object(Illuminate/Routing/Route), Object(Illuminate/Http/Request))
#58 C:/Users/user/MyFiles/ProgmiX/PEX-Form-main/vendor/laravel/framework/src/Illuminate/Routing/Router.php(764): Illuminate/Routing/Router->runRoute(Object(Illuminate/Http/Request), Object(Illuminate/Routing/Route))
#59 C:/Users/user/MyFiles/ProgmiX/PEX-Form-main/vendor/laravel/framework/src/Illuminate/Routing/Router.php(753): Illuminate/Routing/Router->dispatchToRoute(Object(Illuminate/Http/Request))
#60 C:/Users/user/MyFiles/ProgmiX/PEX-Form-main/vendor/laravel/framework/src/Illuminate/Foundation/Http/Kernel.php(200): Illuminate/Routing/Router->dispatch(Object(Illuminate/Http/Request))
#61 C:/Users/user/MyFiles/ProgmiX/PEX-Form-main/vendor/laravel/framework/src/Illuminate/Pipeline/Pipeline.php(180): Illuminate/Foundation/Http/Kernel->Illuminate/Foundation/Http/{closure}(Object(Illuminate/Http/Request))
#62 C:/Users/user/MyFiles/ProgmiX/PEX-Form-main/vendor/barryvdh/laravel-debugbar/src/Middleware/InjectDebugbar.php(59): Illuminate/Pipeline/Pipeline->Illuminate/Pipeline/{closure}(Object(Illuminate/Http/Request))
#63 C:/Users/user/MyFiles/ProgmiX/PEX-Form-main/vendor/laravel/framework/src/Illuminate/Pipeline/Pipeline.php(219): Barryvdh/Debugbar/Middleware/InjectDebugbar->handle(Object(Illuminate/Http/Request), Object(Closure))
#64 C:/Users/user/MyFiles/ProgmiX/PEX-Form-main/modules/Backend/Http/Middleware/BlockIpMiddleware.php(31): Illuminate/Pipeline/Pipeline->Illuminate/Pipeline/{closure}(Object(Illuminate/Http/Request))
#65 C:/Users/user/MyFiles/ProgmiX/PEX-Form-main/vendor/laravel/framework/src/Illuminate/Pipeline/Pipeline.php(219): Juzaweb/Backend/Http/Middleware/BlockIpMiddleware->handle(Object(Illuminate/Http/Request), Object(Closure))
#66 C:/Users/user/MyFiles/ProgmiX/PEX-Form-main/modules/Backend/Http/Middleware/SecurityHeaders.php(25): Illuminate/Pipeline/Pipeline->Illuminate/Pipeline/{closure}(Object(Illuminate/Http/Request))
#67 C:/Users/user/MyFiles/ProgmiX/PEX-Form-main/vendor/laravel/framework/src/Illuminate/Pipeline/Pipeline.php(219): Juzaweb/Backend/Http/Middleware/SecurityHeaders->handle(Object(Illuminate/Http/Request), Object(Closure))
#68 C:/Users/user/MyFiles/ProgmiX/PEX-Form-main/vendor/laravel/framework/src/Illuminate/Foundation/Http/Middleware/TransformsRequest.php(21): Illuminate/Pipeline/Pipeline->Illuminate/Pipeline/{closure}(Object(Illuminate/Http/Request))
#69 C:/Users/user/MyFiles/ProgmiX/PEX-Form-main/vendor/laravel/framework/src/Illuminate/Foundation/Http/Middleware/ConvertEmptyStringsToNull.php(31): Illuminate/Foundation/Http/Middleware/TransformsRequest->handle(Object(Illuminate/Http/Request), Object(Closure))
#70 C:/Users/user/MyFiles/ProgmiX/PEX-Form-main/vendor/laravel/framework/src/Illuminate/Pipeline/Pipeline.php(219): Illuminate/Foundation/Http/Middleware/ConvertEmptyStringsToNull->handle(Object(Illuminate/Http/Request), Object(Closure))
#71 C:/Users/user/MyFiles/ProgmiX/PEX-Form-main/vendor/laravel/framework/src/Illuminate/Foundation/Http/Middleware/TransformsRequest.php(21): Illuminate/Pipeline/Pipeline->Illuminate/Pipeline/{closure}(Object(Illuminate/Http/Request))
#72 C:/Users/user/MyFiles/ProgmiX/PEX-Form-main/vendor/laravel/framework/src/Illuminate/Foundation/Http/Middleware/TrimStrings.php(51): Illuminate/Foundation/Http/Middleware/TransformsRequest->handle(Object(Illuminate/Http/Request), Object(Closure))
#73 C:/Users/user/MyFiles/ProgmiX/PEX-Form-main/vendor/laravel/framework/src/Illuminate/Pipeline/Pipeline.php(219): Illuminate/Foundation/Http/Middleware/TrimStrings->handle(Object(Illuminate/Http/Request), Object(Closure))
#74 C:/Users/user/MyFiles/ProgmiX/PEX-Form-main/vendor/laravel/framework/src/Illuminate/Http/Middleware/ValidatePostSize.php(27): Illuminate/Pipeline/Pipeline->Illuminate/Pipeline/{closure}(Object(Illuminate/Http/Request))
#75 C:/Users/user/MyFiles/ProgmiX/PEX-Form-main/vendor/laravel/framework/src/Illuminate/Pipeline/Pipeline.php(219): Illuminate/Http/Middleware/ValidatePostSize->handle(Object(Illuminate/Http/Request), Object(Closure))
#76 C:/Users/user/MyFiles/ProgmiX/PEX-Form-main/vendor/laravel/framework/src/Illuminate/Foundation/Http/Middleware/PreventRequestsDuringMaintenance.php(109): Illuminate/Pipeline/Pipeline->Illuminate/Pipeline/{closure}(Object(Illuminate/Http/Request))
#77 C:/Users/user/MyFiles/ProgmiX/PEX-Form-main/vendor/laravel/framework/src/Illuminate/Pipeline/Pipeline.php(219): Illuminate/Foundation/Http/Middleware/PreventRequestsDuringMaintenance->handle(Object(Illuminate/Http/Request), Object(Closure))
#78 C:/Users/user/MyFiles/ProgmiX/PEX-Form-main/vendor/laravel/framework/src/Illuminate/Http/Middleware/HandleCors.php(61): Illuminate/Pipeline/Pipeline->Illuminate/Pipeline/{closure}(Object(Illuminate/Http/Request))
#79 C:/Users/user/MyFiles/ProgmiX/PEX-Form-main/vendor/laravel/framework/src/Illuminate/Pipeline/Pipeline.php(219): Illuminate/Http/Middleware/HandleCors->handle(Object(Illuminate/Http/Request), Object(Closure))
#80 C:/Users/user/MyFiles/ProgmiX/PEX-Form-main/vendor/laravel/framework/src/Illuminate/Http/Middleware/TrustProxies.php(58): Illuminate/Pipeline/Pipeline->Illuminate/Pipeline/{closure}(Object(Illuminate/Http/Request))
#81 C:/Users/user/MyFiles/ProgmiX/PEX-Form-main/vendor/laravel/framework/src/Illuminate/Pipeline/Pipeline.php(219): Illuminate/Http/Middleware/TrustProxies->handle(Object(Illuminate/Http/Request), Object(Closure))
#82 C:/Users/user/MyFiles/ProgmiX/PEX-Form-main/vendor/laravel/framework/src/Illuminate/Pipeline/Pipeline.php(137): Illuminate/Pipeline/Pipeline->Illuminate/Pipeline/{closure}(Object(Illuminate/Http/Request))
#83 C:/Users/user/MyFiles/ProgmiX/PEX-Form-main/vendor/laravel/framework/src/Illuminate/Foundation/Http/Kernel.php(175): Illuminate/Pipeline/Pipeline->then(Object(Closure))
#84 C:/Users/user/MyFiles/ProgmiX/PEX-Form-main/vendor/laravel/framework/src/Illuminate/Foundation/Http/Kernel.php(144): Illuminate/Foundation/Http/Kernel->sendRequestThroughRouter(Object(Illuminate/Http/Request))
#85 C:/Users/user/MyFiles/ProgmiX/PEX-Form-main/public/index.php(51): Illuminate/Foundation/Http/Kernel->handle(Object(Illuminate/Http/Request))
#86 C:/Users/user/MyFiles/ProgmiX/PEX-Form-main/vendor/laravel/framework/src/Illuminate/Foundation/resources/server.php(23): require_once('C://Users//user//M...')
#87 {main}

[previous exception] [object] (ErrorException(code: 0): Undefined variable $speakerNames at C:/Users/user/MyFiles/ProgmiX/PEX-Form-main/storage/framework/views/e957588816674c7d6bc884ad75301905.php:19)
[stacktrace]
#0 C:/Users/user/MyFiles/ProgmiX/PEX-Form-main/vendor/laravel/framework/src/Illuminate/Foundation/Bootstrap/HandleExceptions.php(262): Illuminate/Foundation/Bootstrap/HandleExceptions->handleError(2, 'Undefined varia...', 'C://Users//user//M...', 19)
#1 C:/Users/user/MyFiles/ProgmiX/PEX-Form-main/storage/framework/views/e957588816674c7d6bc884ad75301905.php(19): Illuminate/Foundation/Bootstrap/HandleExceptions->Illuminate/Foundation/Bootstrap/{closure}(2, 'Undefined varia...', 'C://Users//user//M...', 19)
#2 C:/Users/user/MyFiles/ProgmiX/PEX-Form-main/vendor/laravel/framework/src/Illuminate/Filesystem/Filesystem.php(123): require('C://Users//user//M...')
#3 C:/Users/user/MyFiles/ProgmiX/PEX-Form-main/vendor/laravel/framework/src/Illuminate/Filesystem/Filesystem.php(124): Illuminate/Filesystem/Filesystem::Illuminate/Filesystem/{closure}()
#4 C:/Users/user/MyFiles/ProgmiX/PEX-Form-main/vendor/laravel/framework/src/Illuminate/View/Engines/PhpEngine.php(57): Illuminate/Filesystem/Filesystem->getRequire('C://Users//user//M...', Array)
#5 C:/Users/user/MyFiles/ProgmiX/PEX-Form-main/vendor/laravel/framework/src/Illuminate/View/Engines/CompilerEngine.php(76): Illuminate/View/Engines/PhpEngine->evaluatePath('C://Users//user//M...', Array)
#6 C:/Users/user/MyFiles/ProgmiX/PEX-Form-main/vendor/laravel/framework/src/Illuminate/View/View.php(208): Illuminate/View/Engines/CompilerEngine->get('C://Users//user//M...', Array)
#7 C:/Users/user/MyFiles/ProgmiX/PEX-Form-main/vendor/laravel/framework/src/Illuminate/View/View.php(191): Illuminate/View/View->getContents()
#8 C:/Users/user/MyFiles/ProgmiX/PEX-Form-main/vendor/laravel/framework/src/Illuminate/View/View.php(160): Illuminate/View/View->renderContents()
#9 C:/Users/user/MyFiles/ProgmiX/PEX-Form-main/storage/framework/views/078e945ecbf82d678121cbf4f8650dce.php(1): Illuminate/View/View->render()
#10 C:/Users/user/MyFiles/ProgmiX/PEX-Form-main/vendor/laravel/framework/src/Illuminate/Filesystem/Filesystem.php(123): require('C://Users//user//M...')
#11 C:/Users/user/MyFiles/ProgmiX/PEX-Form-main/vendor/laravel/framework/src/Illuminate/Filesystem/Filesystem.php(124): Illuminate/Filesystem/Filesystem::Illuminate/Filesystem/{closure}()
#12 C:/Users/user/MyFiles/ProgmiX/PEX-Form-main/vendor/laravel/framework/src/Illuminate/View/Engines/PhpEngine.php(57): Illuminate/Filesystem/Filesystem->getRequire('C://Users//user//M...', Array)
#13 C:/Users/user/MyFiles/ProgmiX/PEX-Form-main/vendor/laravel/framework/src/Illuminate/View/Engines/CompilerEngine.php(76): Illuminate/View/Engines/PhpEngine->evaluatePath('C://Users//user//M...', Array)
#14 C:/Users/user/MyFiles/ProgmiX/PEX-Form-main/vendor/laravel/framework/src/Illuminate/View/View.php(208): Illuminate/View/Engines/CompilerEngine->get('C://Users//user//M...', Array)
#15 C:/Users/user/MyFiles/ProgmiX/PEX-Form-main/vendor/laravel/framework/src/Illuminate/View/View.php(191): Illuminate/View/View->getContents()
#16 C:/Users/user/MyFiles/ProgmiX/PEX-Form-main/vendor/laravel/framework/src/Illuminate/View/View.php(160): Illuminate/View/View->renderContents()
#17 C:/Users/user/MyFiles/ProgmiX/PEX-Form-main/vendor/laravel/framework/src/Illuminate/Http/Response.php(78): Illuminate/View/View->render()
#18 C:/Users/user/MyFiles/ProgmiX/PEX-Form-main/vendor/laravel/framework/src/Illuminate/Http/Response.php(34): Illuminate/Http/Response->setContent(Object(Illuminate/View/View))
#19 C:/Users/user/MyFiles/ProgmiX/PEX-Form-main/vendor/laravel/framework/src/Illuminate/Routing/Router.php(939): Illuminate/Http/Response->__construct(Object(Illuminate/View/View), 200, Array)
#20 C:/Users/user/MyFiles/ProgmiX/PEX-Form-main/vendor/laravel/framework/src/Illuminate/Routing/Router.php(906): Illuminate/Routing/Router::toResponse(Object(Illuminate/Http/Request), Object(Illuminate/View/View))
#21 C:/Users/user/MyFiles/ProgmiX/PEX-Form-main/vendor/laravel/framework/src/Illuminate/Routing/Router.php(821): Illuminate/Routing/Router->prepareResponse(Object(Illuminate/Http/Request), Object(Illuminate/View/View))
#22 C:/Users/user/MyFiles/ProgmiX/PEX-Form-main/vendor/laravel/framework/src/Illuminate/Pipeline/Pipeline.php(180): Illuminate/Routing/Router->Illuminate/Routing/{closure}(Object(Illuminate/Http/Request))
#23 C:/Users/user/MyFiles/ProgmiX/PEX-Form-main/modules/Frontend/Http/Middleware/Locale.php(49): Illuminate/Pipeline/Pipeline->Illuminate/Pipeline/{closure}(Object(Illuminate/Http/Request))
#24 C:/Users/user/MyFiles/ProgmiX/PEX-Form-main/vendor/laravel/framework/src/Illuminate/Pipeline/Pipeline.php(219): Juzaweb/Frontend/Http/Middleware/Locale->handle(Object(Illuminate/Http/Request), Object(Closure))
#25 C:/Users/user/MyFiles/ProgmiX/PEX-Form-main/modules/Backend/Http/Middleware/SecurityHeaders.php(25): Illuminate/Pipeline/Pipeline->Illuminate/Pipeline/{closure}(Object(Illuminate/Http/Request))
#26 C:/Users/user/MyFiles/ProgmiX/PEX-Form-main/vendor/laravel/framework/src/Illuminate/Pipeline/Pipeline.php(219): Juzaweb/Backend/Http/Middleware/SecurityHeaders->handle(Object(Illuminate/Http/Request), Object(Closure))
#27 C:/Users/user/MyFiles/ProgmiX/PEX-Form-main/vendor/laravel/framework/src/Illuminate/Routing/Middleware/ThrottleRequests.php(166): Illuminate/Pipeline/Pipeline->Illuminate/Pipeline/{closure}(Object(Illuminate/Http/Request))
#28 C:/Users/user/MyFiles/ProgmiX/PEX-Form-main/vendor/laravel/framework/src/Illuminate/Routing/Middleware/ThrottleRequests.php(93): Illuminate/Routing/Middleware/ThrottleRequests->handleRequest(Object(Illuminate/Http/Request), Object(Closure), Array)
#29 C:/Users/user/MyFiles/ProgmiX/PEX-Form-main/vendor/laravel/framework/src/Illuminate/Pipeline/Pipeline.php(219): Illuminate/Routing/Middleware/ThrottleRequests->handle(Object(Illuminate/Http/Request), Object(Closure))
#30 C:/Users/user/MyFiles/ProgmiX/PEX-Form-main/modules/Backend/Http/Middleware/PathTraversal.php(57): Illuminate/Pipeline/Pipeline->Illuminate/Pipeline/{closure}(Object(Illuminate/Http/Request))
#31 C:/Users/user/MyFiles/ProgmiX/PEX-Form-main/vendor/laravel/framework/src/Illuminate/Pipeline/Pipeline.php(219): Juzaweb/Backend/Http/Middleware/PathTraversal->handle(Object(Illuminate/Http/Request), Object(Closure))
#32 C:/Users/user/MyFiles/ProgmiX/PEX-Form-main/modules/Backend/Http/Middleware/XssSanitization.php(44): Illuminate/Pipeline/Pipeline->Illuminate/Pipeline/{closure}(Object(Illuminate/Http/Request))
#33 C:/Users/user/MyFiles/ProgmiX/PEX-Form-main/vendor/laravel/framework/src/Illuminate/Pipeline/Pipeline.php(219): Juzaweb/Backend/Http/Middleware/XssSanitization->handle(Object(Illuminate/Http/Request), Object(Closure))
#34 C:/Users/user/MyFiles/ProgmiX/PEX-Form-main/vendor/spatie/laravel-csp/src/AddCspHeaders.php(13): Illuminate/Pipeline/Pipeline->Illuminate/Pipeline/{closure}(Object(Illuminate/Http/Request))
#35 C:/Users/user/MyFiles/ProgmiX/PEX-Form-main/vendor/laravel/framework/src/Illuminate/Pipeline/Pipeline.php(219): Spatie/Csp/AddCspHeaders->handle(Object(Illuminate/Http/Request), Object(Closure))
#36 C:/Users/user/MyFiles/ProgmiX/PEX-Form-main/vendor/barryvdh/laravel-debugbar/src/Middleware/InjectDebugbar.php(59): Illuminate/Pipeline/Pipeline->Illuminate/Pipeline/{closure}(Object(Illuminate/Http/Request))
#37 C:/Users/user/MyFiles/ProgmiX/PEX-Form-main/vendor/laravel/framework/src/Illuminate/Pipeline/Pipeline.php(219): Barryvdh/Debugbar/Middleware/InjectDebugbar->handle(Object(Illuminate/Http/Request), Object(Closure))
#38 C:/Users/user/MyFiles/ProgmiX/PEX-Form-main/modules/CMS/Http/Middleware/XFrameHeadersMiddleware.php(41): Illuminate/Pipeline/Pipeline->Illuminate/Pipeline/{closure}(Object(Illuminate/Http/Request))
#39 C:/Users/user/MyFiles/ProgmiX/PEX-Form-main/vendor/laravel/framework/src/Illuminate/Pipeline/Pipeline.php(219): Juzaweb/CMS/Http/Middleware/XFrameHeadersMiddleware->handle(Object(Illuminate/Http/Request), Object(Closure))
#40 C:/Users/user/MyFiles/ProgmiX/PEX-Form-main/vendor/laravel/framework/src/Illuminate/Routing/Middleware/SubstituteBindings.php(50): Illuminate/Pipeline/Pipeline->Illuminate/Pipeline/{closure}(Object(Illuminate/Http/Request))
#41 C:/Users/user/MyFiles/ProgmiX/PEX-Form-main/vendor/laravel/framework/src/Illuminate/Pipeline/Pipeline.php(219): Illuminate/Routing/Middleware/SubstituteBindings->handle(Object(Illuminate/Http/Request), Object(Closure))
#42 C:/Users/user/MyFiles/ProgmiX/PEX-Form-main/vendor/laravel/framework/src/Illuminate/Cookie/Middleware/AddQueuedCookiesToResponse.php(36): Illuminate/Pipeline/Pipeline->Illuminate/Pipeline/{closure}(Object(Illuminate/Http/Request))
#43 C:/Users/user/MyFiles/ProgmiX/PEX-Form-main/vendor/laravel/framework/src/Illuminate/Pipeline/Pipeline.php(219): Illuminate/Cookie/Middleware/AddQueuedCookiesToResponse->handle(Object(Illuminate/Http/Request), Object(Closure))
#44 C:/Users/user/MyFiles/ProgmiX/PEX-Form-main/vendor/laravel/framework/src/Illuminate/View/Middleware/ShareErrorsFromSession.php(48): Illuminate/Pipeline/Pipeline->Illuminate/Pipeline/{closure}(Object(Illuminate/Http/Request))
#45 C:/Users/user/MyFiles/ProgmiX/PEX-Form-main/modules/Backend/Http/Middleware/ShareErrorsUnlessBot.php(24): Illuminate/View/Middleware/ShareErrorsFromSession->handle(Object(Illuminate/Http/Request), Object(Closure))
#46 C:/Users/user/MyFiles/ProgmiX/PEX-Form-main/vendor/laravel/framework/src/Illuminate/Pipeline/Pipeline.php(219): Juzaweb/Backend/Http/Middleware/ShareErrorsUnlessBot->handle(Object(Illuminate/Http/Request), Object(Closure))
#47 C:/Users/user/MyFiles/ProgmiX/PEX-Form-main/vendor/laravel/framework/src/Illuminate/Session/Middleware/StartSession.php(120): Illuminate/Pipeline/Pipeline->Illuminate/Pipeline/{closure}(Object(Illuminate/Http/Request))
#48 C:/Users/user/MyFiles/ProgmiX/PEX-Form-main/vendor/laravel/framework/src/Illuminate/Session/Middleware/StartSession.php(63): Illuminate/Session/Middleware/StartSession->handleStatefulRequest(Object(Illuminate/Http/Request), Object(Illuminate/Session/Store), Object(Closure))
#49 C:/Users/user/MyFiles/ProgmiX/PEX-Form-main/modules/Backend/Http/Middleware/SkipSessionForBots.php(24): Illuminate/Session/Middleware/StartSession->handle(Object(Illuminate/Http/Request), Object(Closure))
#50 C:/Users/user/MyFiles/ProgmiX/PEX-Form-main/vendor/laravel/framework/src/Illuminate/Pipeline/Pipeline.php(219): Juzaweb/Backend/Http/Middleware/SkipSessionForBots->handle(Object(Illuminate/Http/Request), Object(Closure))
#51 C:/Users/user/MyFiles/ProgmiX/PEX-Form-main/vendor/laravel/framework/src/Illuminate/Cookie/Middleware/EncryptCookies.php(74): Illuminate/Pipeline/Pipeline->Illuminate/Pipeline/{closure}(Object(Illuminate/Http/Request))
#52 C:/Users/user/MyFiles/ProgmiX/PEX-Form-main/vendor/laravel/framework/src/Illuminate/Pipeline/Pipeline.php(219): Illuminate/Cookie/Middleware/EncryptCookies->handle(Object(Illuminate/Http/Request), Object(Closure))
#53 C:/Users/user/MyFiles/ProgmiX/PEX-Form-main/modules/CMS/Http/Middleware/GlobalMiddleware.php(11): Illuminate/Pipeline/Pipeline->Illuminate/Pipeline/{closure}(Object(Illuminate/Http/Request))
#54 C:/Users/user/MyFiles/ProgmiX/PEX-Form-main/vendor/laravel/framework/src/Illuminate/Pipeline/Pipeline.php(219): Juzaweb/CMS/Http/Middleware/GlobalMiddleware->handle(Object(Illuminate/Http/Request), Object(Closure))
#55 C:/Users/user/MyFiles/ProgmiX/PEX-Form-main/modules/Backend/Http/Middleware/DisableSessionForBots.php(30): Illuminate/Pipeline/Pipeline->Illuminate/Pipeline/{closure}(Object(Illuminate/Http/Request))
#56 C:/Users/user/MyFiles/ProgmiX/PEX-Form-main/vendor/laravel/framework/src/Illuminate/Pipeline/Pipeline.php(219): Juzaweb/Backend/Http/Middleware/DisableSessionForBots->handle(Object(Illuminate/Http/Request), Object(Closure))
#57 C:/Users/user/MyFiles/ProgmiX/PEX-Form-main/vendor/laravel/framework/src/Illuminate/Pipeline/Pipeline.php(137): Illuminate/Pipeline/Pipeline->Illuminate/Pipeline/{closure}(Object(Illuminate/Http/Request))
#58 C:/Users/user/MyFiles/ProgmiX/PEX-Form-main/vendor/laravel/framework/src/Illuminate/Routing/Router.php(821): Illuminate/Pipeline/Pipeline->then(Object(Closure))
#59 C:/Users/user/MyFiles/ProgmiX/PEX-Form-main/vendor/laravel/framework/src/Illuminate/Routing/Router.php(800): Illuminate/Routing/Router->runRouteWithinStack(Object(Illuminate/Routing/Route), Object(Illuminate/Http/Request))
#60 C:/Users/user/MyFiles/ProgmiX/PEX-Form-main/vendor/laravel/framework/src/Illuminate/Routing/Router.php(764): Illuminate/Routing/Router->runRoute(Object(Illuminate/Http/Request), Object(Illuminate/Routing/Route))
#61 C:/Users/user/MyFiles/ProgmiX/PEX-Form-main/vendor/laravel/framework/src/Illuminate/Routing/Router.php(753): Illuminate/Routing/Router->dispatchToRoute(Object(Illuminate/Http/Request))
#62 C:/Users/user/MyFiles/ProgmiX/PEX-Form-main/vendor/laravel/framework/src/Illuminate/Foundation/Http/Kernel.php(200): Illuminate/Routing/Router->dispatch(Object(Illuminate/Http/Request))
#63 C:/Users/user/MyFiles/ProgmiX/PEX-Form-main/vendor/laravel/framework/src/Illuminate/Pipeline/Pipeline.php(180): Illuminate/Foundation/Http/Kernel->Illuminate/Foundation/Http/{closure}(Object(Illuminate/Http/Request))
#64 C:/Users/user/MyFiles/ProgmiX/PEX-Form-main/vendor/barryvdh/laravel-debugbar/src/Middleware/InjectDebugbar.php(59): Illuminate/Pipeline/Pipeline->Illuminate/Pipeline/{closure}(Object(Illuminate/Http/Request))
#65 C:/Users/user/MyFiles/ProgmiX/PEX-Form-main/vendor/laravel/framework/src/Illuminate/Pipeline/Pipeline.php(219): Barryvdh/Debugbar/Middleware/InjectDebugbar->handle(Object(Illuminate/Http/Request), Object(Closure))
#66 C:/Users/user/MyFiles/ProgmiX/PEX-Form-main/modules/Backend/Http/Middleware/BlockIpMiddleware.php(31): Illuminate/Pipeline/Pipeline->Illuminate/Pipeline/{closure}(Object(Illuminate/Http/Request))
#67 C:/Users/user/MyFiles/ProgmiX/PEX-Form-main/vendor/laravel/framework/src/Illuminate/Pipeline/Pipeline.php(219): Juzaweb/Backend/Http/Middleware/BlockIpMiddleware->handle(Object(Illuminate/Http/Request), Object(Closure))
#68 C:/Users/user/MyFiles/ProgmiX/PEX-Form-main/modules/Backend/Http/Middleware/SecurityHeaders.php(25): Illuminate/Pipeline/Pipeline->Illuminate/Pipeline/{closure}(Object(Illuminate/Http/Request))
#69 C:/Users/user/MyFiles/ProgmiX/PEX-Form-main/vendor/laravel/framework/src/Illuminate/Pipeline/Pipeline.php(219): Juzaweb/Backend/Http/Middleware/SecurityHeaders->handle(Object(Illuminate/Http/Request), Object(Closure))
#70 C:/Users/user/MyFiles/ProgmiX/PEX-Form-main/vendor/laravel/framework/src/Illuminate/Foundation/Http/Middleware/TransformsRequest.php(21): Illuminate/Pipeline/Pipeline->Illuminate/Pipeline/{closure}(Object(Illuminate/Http/Request))
#71 C:/Users/user/MyFiles/ProgmiX/PEX-Form-main/vendor/laravel/framework/src/Illuminate/Foundation/Http/Middleware/ConvertEmptyStringsToNull.php(31): Illuminate/Foundation/Http/Middleware/TransformsRequest->handle(Object(Illuminate/Http/Request), Object(Closure))
#72 C:/Users/user/MyFiles/ProgmiX/PEX-Form-main/vendor/laravel/framework/src/Illuminate/Pipeline/Pipeline.php(219): Illuminate/Foundation/Http/Middleware/ConvertEmptyStringsToNull->handle(Object(Illuminate/Http/Request), Object(Closure))
#73 C:/Users/user/MyFiles/ProgmiX/PEX-Form-main/vendor/laravel/framework/src/Illuminate/Foundation/Http/Middleware/TransformsRequest.php(21): Illuminate/Pipeline/Pipeline->Illuminate/Pipeline/{closure}(Object(Illuminate/Http/Request))
#74 C:/Users/user/MyFiles/ProgmiX/PEX-Form-main/vendor/laravel/framework/src/Illuminate/Foundation/Http/Middleware/TrimStrings.php(51): Illuminate/Foundation/Http/Middleware/TransformsRequest->handle(Object(Illuminate/Http/Request), Object(Closure))
#75 C:/Users/user/MyFiles/ProgmiX/PEX-Form-main/vendor/laravel/framework/src/Illuminate/Pipeline/Pipeline.php(219): Illuminate/Foundation/Http/Middleware/TrimStrings->handle(Object(Illuminate/Http/Request), Object(Closure))
#76 C:/Users/user/MyFiles/ProgmiX/PEX-Form-main/vendor/laravel/framework/src/Illuminate/Http/Middleware/ValidatePostSize.php(27): Illuminate/Pipeline/Pipeline->Illuminate/Pipeline/{closure}(Object(Illuminate/Http/Request))
#77 C:/Users/user/MyFiles/ProgmiX/PEX-Form-main/vendor/laravel/framework/src/Illuminate/Pipeline/Pipeline.php(219): Illuminate/Http/Middleware/ValidatePostSize->handle(Object(Illuminate/Http/Request), Object(Closure))
#78 C:/Users/user/MyFiles/ProgmiX/PEX-Form-main/vendor/laravel/framework/src/Illuminate/Foundation/Http/Middleware/PreventRequestsDuringMaintenance.php(109): Illuminate/Pipeline/Pipeline->Illuminate/Pipeline/{closure}(Object(Illuminate/Http/Request))
#79 C:/Users/user/MyFiles/ProgmiX/PEX-Form-main/vendor/laravel/framework/src/Illuminate/Pipeline/Pipeline.php(219): Illuminate/Foundation/Http/Middleware/PreventRequestsDuringMaintenance->handle(Object(Illuminate/Http/Request), Object(Closure))
#80 C:/Users/user/MyFiles/ProgmiX/PEX-Form-main/vendor/laravel/framework/src/Illuminate/Http/Middleware/HandleCors.php(61): Illuminate/Pipeline/Pipeline->Illuminate/Pipeline/{closure}(Object(Illuminate/Http/Request))
#81 C:/Users/user/MyFiles/ProgmiX/PEX-Form-main/vendor/laravel/framework/src/Illuminate/Pipeline/Pipeline.php(219): Illuminate/Http/Middleware/HandleCors->handle(Object(Illuminate/Http/Request), Object(Closure))
#82 C:/Users/user/MyFiles/ProgmiX/PEX-Form-main/vendor/laravel/framework/src/Illuminate/Http/Middleware/TrustProxies.php(58): Illuminate/Pipeline/Pipeline->Illuminate/Pipeline/{closure}(Object(Illuminate/Http/Request))
#83 C:/Users/user/MyFiles/ProgmiX/PEX-Form-main/vendor/laravel/framework/src/Illuminate/Pipeline/Pipeline.php(219): Illuminate/Http/Middleware/TrustProxies->handle(Object(Illuminate/Http/Request), Object(Closure))
#84 C:/Users/user/MyFiles/ProgmiX/PEX-Form-main/vendor/laravel/framework/src/Illuminate/Pipeline/Pipeline.php(137): Illuminate/Pipeline/Pipeline->Illuminate/Pipeline/{closure}(Object(Illuminate/Http/Request))
#85 C:/Users/user/MyFiles/ProgmiX/PEX-Form-main/vendor/laravel/framework/src/Illuminate/Foundation/Http/Kernel.php(175): Illuminate/Pipeline/Pipeline->then(Object(Closure))
#86 C:/Users/user/MyFiles/ProgmiX/PEX-Form-main/vendor/laravel/framework/src/Illuminate/Foundation/Http/Kernel.php(144): Illuminate/Foundation/Http/Kernel->sendRequestThroughRouter(Object(Illuminate/Http/Request))
#87 C:/Users/user/MyFiles/ProgmiX/PEX-Form-main/public/index.php(51): Illuminate/Foundation/Http/Kernel->handle(Object(Illuminate/Http/Request))
#88 C:/Users/user/MyFiles/ProgmiX/PEX-Form-main/vendor/laravel/framework/src/Illuminate/Foundation/resources/server.php(23): require_once('C://Users//user//M...')
#89 {main}
"} 
[2026-09-21 15:49:33] local.ERROR: Undefined variable $speakerNames {"userId":1,"exception":"[object] (Spatie\\LaravelIgnition\\Exceptions\\ViewException(code: 0): Undefined variable $speakerNames at C:/Users/user/MyFiles/ProgmiX/PEX-Form-main/modules/Frontend/resources/views/templates/homepage/pex/agenda.blade.php:1)
[stacktrace]
#0 C:/Users/user/MyFiles/ProgmiX/PEX-Form-main/vendor/laravel/framework/src/Illuminate/Filesystem/Filesystem.php(123): require('C://Users//user//M...')
#1 C:/Users/user/MyFiles/ProgmiX/PEX-Form-main/vendor/laravel/framework/src/Illuminate/Filesystem/Filesystem.php(124): Illuminate/Filesystem/Filesystem::Illuminate/Filesystem/{closure}()
#2 C:/Users/user/MyFiles/ProgmiX/PEX-Form-main/vendor/laravel/framework/src/Illuminate/View/Engines/PhpEngine.php(57): Illuminate/Filesystem/Filesystem->getRequire('C://Users//user//M...', Array)
#3 C:/Users/user/MyFiles/ProgmiX/PEX-Form-main/vendor/laravel/framework/src/Illuminate/View/Engines/CompilerEngine.php(76): Illuminate/View/Engines/PhpEngine->evaluatePath('C://Users//user//M...', Array)
#4 C:/Users/user/MyFiles/ProgmiX/PEX-Form-main/vendor/laravel/framework/src/Illuminate/View/View.php(208): Illuminate/View/Engines/CompilerEngine->get('C://Users//user//M...', Array)
#5 C:/Users/user/MyFiles/ProgmiX/PEX-Form-main/vendor/laravel/framework/src/Illuminate/View/View.php(191): Illuminate/View/View->getContents()
#6 C:/Users/user/MyFiles/ProgmiX/PEX-Form-main/vendor/laravel/framework/src/Illuminate/View/View.php(160): Illuminate/View/View->renderContents()
#7 C:/Users/user/MyFiles/ProgmiX/PEX-Form-main/modules/Frontend/resources/views/home.blade.php(1): Illuminate/View/View->render()
#8 C:/Users/user/MyFiles/ProgmiX/PEX-Form-main/vendor/laravel/framework/src/Illuminate/Filesystem/Filesystem.php(123): require('C://Users//user//M...')
#9 C:/Users/user/MyFiles/ProgmiX/PEX-Form-main/vendor/laravel/framework/src/Illuminate/Filesystem/Filesystem.php(124): Illuminate/Filesystem/Filesystem::Illuminate/Filesystem/{closure}()
#10 C:/Users/user/MyFiles/ProgmiX/PEX-Form-main/vendor/laravel/framework/src/Illuminate/View/Engines/PhpEngine.php(57): Illuminate/Filesystem/Filesystem->getRequire('C://Users//user//M...', Array)
#11 C:/Users/user/MyFiles/ProgmiX/PEX-Form-main/vendor/laravel/framework/src/Illuminate/View/Engines/CompilerEngine.php(76): Illuminate/View/Engines/PhpEngine->evaluatePath('C://Users//user//M...', Array)
#12 C:/Users/user/MyFiles/ProgmiX/PEX-Form-main/vendor/laravel/framework/src/Illuminate/View/View.php(208): Illuminate/View/Engines/CompilerEngine->get('C://Users//user//M...', Array)
#13 C:/Users/user/MyFiles/ProgmiX/PEX-Form-main/vendor/laravel/framework/src/Illuminate/View/View.php(191): Illuminate/View/View->getContents()
#14 C:/Users/user/MyFiles/ProgmiX/PEX-Form-main/vendor/laravel/framework/src/Illuminate/View/View.php(160): Illuminate/View/View->renderContents()
#15 C:/Users/user/MyFiles/ProgmiX/PEX-Form-main/vendor/laravel/framework/src/Illuminate/Http/Response.php(78): Illuminate/View/View->render()
#16 C:/Users/user/MyFiles/ProgmiX/PEX-Form-main/vendor/laravel/framework/src/Illuminate/Http/Response.php(34): Illuminate/Http/Response->setContent(Object(Illuminate/View/View))
#17 C:/Users/user/MyFiles/ProgmiX/PEX-Form-main/vendor/laravel/framework/src/Illuminate/Routing/Router.php(939): Illuminate/Http/Response->__construct(Object(Illuminate/View/View), 200, Array)
#18 C:/Users/user/MyFiles/ProgmiX/PEX-Form-main/vendor/laravel/framework/src/Illuminate/Routing/Router.php(906): Illuminate/Routing/Router::toResponse(Object(Illuminate/Http/Request), Object(Illuminate/View/View))
#19 C:/Users/user/MyFiles/ProgmiX/PEX-Form-main/vendor/laravel/framework/src/Illuminate/Routing/Router.php(821): Illuminate/Routing/Router->prepareResponse(Object(Illuminate/Http/Request), Object(Illuminate/View/View))
#20 C:/Users/user/MyFiles/ProgmiX/PEX-Form-main/vendor/laravel/framework/src/Illuminate/Pipeline/Pipeline.php(180): Illuminate/Routing/Router->Illuminate/Routing/{closure}(Object(Illuminate/Http/Request))
#21 C:/Users/user/MyFiles/ProgmiX/PEX-Form-main/modules/Frontend/Http/Middleware/Locale.php(49): Illuminate/Pipeline/Pipeline->Illuminate/Pipeline/{closure}(Object(Illuminate/Http/Request))
#22 C:/Users/user/MyFiles/ProgmiX/PEX-Form-main/vendor/laravel/framework/src/Illuminate/Pipeline/Pipeline.php(219): Juzaweb/Frontend/Http/Middleware/Locale->handle(Object(Illuminate/Http/Request), Object(Closure))
#23 C:/Users/user/MyFiles/ProgmiX/PEX-Form-main/modules/Backend/Http/Middleware/SecurityHeaders.php(25): Illuminate/Pipeline/Pipeline->Illuminate/Pipeline/{closure}(Object(Illuminate/Http/Request))
#24 C:/Users/user/MyFiles/ProgmiX/PEX-Form-main/vendor/laravel/framework/src/Illuminate/Pipeline/Pipeline.php(219): Juzaweb/Backend/Http/Middleware/SecurityHeaders->handle(Object(Illuminate/Http/Request), Object(Closure))
#25 C:/Users/user/MyFiles/ProgmiX/PEX-Form-main/vendor/laravel/framework/src/Illuminate/Routing/Middleware/ThrottleRequests.php(166): Illuminate/Pipeline/Pipeline->Illuminate/Pipeline/{closure}(Object(Illuminate/Http/Request))
#26 C:/Users/user/MyFiles/ProgmiX/PEX-Form-main/vendor/laravel/framework/src/Illuminate/Routing/Middleware/ThrottleRequests.php(93): Illuminate/Routing/Middleware/ThrottleRequests->handleRequest(Object(Illuminate/Http/Request), Object(Closure), Array)
#27 C:/Users/user/MyFiles/ProgmiX/PEX-Form-main/vendor/laravel/framework/src/Illuminate/Pipeline/Pipeline.php(219): Illuminate/Routing/Middleware/ThrottleRequests->handle(Object(Illuminate/Http/Request), Object(Closure))
#28 C:/Users/user/MyFiles/ProgmiX/PEX-Form-main/modules/Backend/Http/Middleware/PathTraversal.php(57): Illuminate/Pipeline/Pipeline->Illuminate/Pipeline/{closure}(Object(Illuminate/Http/Request))
#29 C:/Users/user/MyFiles/ProgmiX/PEX-Form-main/vendor/laravel/framework/src/Illuminate/Pipeline/Pipeline.php(219): Juzaweb/Backend/Http/Middleware/PathTraversal->handle(Object(Illuminate/Http/Request), Object(Closure))
#30 C:/Users/user/MyFiles/ProgmiX/PEX-Form-main/modules/Backend/Http/Middleware/XssSanitization.php(44): Illuminate/Pipeline/Pipeline->Illuminate/Pipeline/{closure}(Object(Illuminate/Http/Request))
#31 C:/Users/user/MyFiles/ProgmiX/PEX-Form-main/vendor/laravel/framework/src/Illuminate/Pipeline/Pipeline.php(219): Juzaweb/Backend/Http/Middleware/XssSanitization->handle(Object(Illuminate/Http/Request), Object(Closure))
#32 C:/Users/user/MyFiles/ProgmiX/PEX-Form-main/vendor/spatie/laravel-csp/src/AddCspHeaders.php(13): Illuminate/Pipeline/Pipeline->Illuminate/Pipeline/{closure}(Object(Illuminate/Http/Request))
#33 C:/Users/user/MyFiles/ProgmiX/PEX-Form-main/vendor/laravel/framework/src/Illuminate/Pipeline/Pipeline.php(219): Spatie/Csp/AddCspHeaders->handle(Object(Illuminate/Http/Request), Object(Closure))
#34 C:/Users/user/MyFiles/ProgmiX/PEX-Form-main/vendor/barryvdh/laravel-debugbar/src/Middleware/InjectDebugbar.php(59): Illuminate/Pipeline/Pipeline->Illuminate/Pipeline/{closure}(Object(Illuminate/Http/Request))
#35 C:/Users/user/MyFiles/ProgmiX/PEX-Form-main/vendor/laravel/framework/src/Illuminate/Pipeline/Pipeline.php(219): Barryvdh/Debugbar/Middleware/InjectDebugbar->handle(Object(Illuminate/Http/Request), Object(Closure))
#36 C:/Users/user/MyFiles/ProgmiX/PEX-Form-main/modules/CMS/Http/Middleware/XFrameHeadersMiddleware.php(41): Illuminate/Pipeline/Pipeline->Illuminate/Pipeline/{closure}(Object(Illuminate/Http/Request))
#37 C:/Users/user/MyFiles/ProgmiX/PEX-Form-main/vendor/laravel/framework/src/Illuminate/Pipeline/Pipeline.php(219): Juzaweb/CMS/Http/Middleware/XFrameHeadersMiddleware->handle(Object(Illuminate/Http/Request), Object(Closure))
#38 C:/Users/user/MyFiles/ProgmiX/PEX-Form-main/vendor/laravel/framework/src/Illuminate/Routing/Middleware/SubstituteBindings.php(50): Illuminate/Pipeline/Pipeline->Illuminate/Pipeline/{closure}(Object(Illuminate/Http/Request))
#39 C:/Users/user/MyFiles/ProgmiX/PEX-Form-main/vendor/laravel/framework/src/Illuminate/Pipeline/Pipeline.php(219): Illuminate/Routing/Middleware/SubstituteBindings->handle(Object(Illuminate/Http/Request), Object(Closure))
#40 C:/Users/user/MyFiles/ProgmiX/PEX-Form-main/vendor/laravel/framework/src/Illuminate/Cookie/Middleware/AddQueuedCookiesToResponse.php(36): Illuminate/Pipeline/Pipeline->Illuminate/Pipeline/{closure}(Object(Illuminate/Http/Request))
#41 C:/Users/user/MyFiles/ProgmiX/PEX-Form-main/vendor/laravel/framework/src/Illuminate/Pipeline/Pipeline.php(219): Illuminate/Cookie/Middleware/AddQueuedCookiesToResponse->handle(Object(Illuminate/Http/Request), Object(Closure))
#42 C:/Users/user/MyFiles/ProgmiX/PEX-Form-main/vendor/laravel/framework/src/Illuminate/View/Middleware/ShareErrorsFromSession.php(48): Illuminate/Pipeline/Pipeline->Illuminate/Pipeline/{closure}(Object(Illuminate/Http/Request))
#43 C:/Users/user/MyFiles/ProgmiX/PEX-Form-main/modules/Backend/Http/Middleware/ShareErrorsUnlessBot.php(24): Illuminate/View/Middleware/ShareErrorsFromSession->handle(Object(Illuminate/Http/Request), Object(Closure))
#44 C:/Users/user/MyFiles/ProgmiX/PEX-Form-main/vendor/laravel/framework/src/Illuminate/Pipeline/Pipeline.php(219): Juzaweb/Backend/Http/Middleware/ShareErrorsUnlessBot->handle(Object(Illuminate/Http/Request), Object(Closure))
#45 C:/Users/user/MyFiles/ProgmiX/PEX-Form-main/vendor/laravel/framework/src/Illuminate/Session/Middleware/StartSession.php(120): Illuminate/Pipeline/Pipeline->Illuminate/Pipeline/{closure}(Object(Illuminate/Http/Request))
#46 C:/Users/user/MyFiles/ProgmiX/PEX-Form-main/vendor/laravel/framework/src/Illuminate/Session/Middleware/StartSession.php(63): Illuminate/Session/Middleware/StartSession->handleStatefulRequest(Object(Illuminate/Http/Request), Object(Illuminate/Session/Store), Object(Closure))
#47 C:/Users/user/MyFiles/ProgmiX/PEX-Form-main/modules/Backend/Http/Middleware/SkipSessionForBots.php(24): Illuminate/Session/Middleware/StartSession->handle(Object(Illuminate/Http/Request), Object(Closure))
#48 C:/Users/user/MyFiles/ProgmiX/PEX-Form-main/vendor/laravel/framework/src/Illuminate/Pipeline/Pipeline.php(219): Juzaweb/Backend/Http/Middleware/SkipSessionForBots->handle(Object(Illuminate/Http/Request), Object(Closure))
#49 C:/Users/user/MyFiles/ProgmiX/PEX-Form-main/vendor/laravel/framework/src/Illuminate/Cookie/Middleware/EncryptCookies.php(74): Illuminate/Pipeline/Pipeline->Illuminate/Pipeline/{closure}(Object(Illuminate/Http/Request))
#50 C:/Users/user/MyFiles/ProgmiX/PEX-Form-main/vendor/laravel/framework/src/Illuminate/Pipeline/Pipeline.php(219): Illuminate/Cookie/Middleware/EncryptCookies->handle(Object(Illuminate/Http/Request), Object(Closure))
#51 C:/Users/user/MyFiles/ProgmiX/PEX-Form-main/modules/CMS/Http/Middleware/GlobalMiddleware.php(11): Illuminate/Pipeline/Pipeline->Illuminate/Pipeline/{closure}(Object(Illuminate/Http/Request))
#52 C:/Users/user/MyFiles/ProgmiX/PEX-Form-main/vendor/laravel/framework/src/Illuminate/Pipeline/Pipeline.php(219): Juzaweb/CMS/Http/Middleware/GlobalMiddleware->handle(Object(Illuminate/Http/Request), Object(Closure))
#53 C:/Users/user/MyFiles/ProgmiX/PEX-Form-main/modules/Backend/Http/Middleware/DisableSessionForBots.php(30): Illuminate/Pipeline/Pipeline->Illuminate/Pipeline/{closure}(Object(Illuminate/Http/Request))
#54 C:/Users/user/MyFiles/ProgmiX/PEX-Form-main/vendor/laravel/framework/src/Illuminate/Pipeline/Pipeline.php(219): Juzaweb/Backend/Http/Middleware/DisableSessionForBots->handle(Object(Illuminate/Http/Request), Object(Closure))
#55 C:/Users/user/MyFiles/ProgmiX/PEX-Form-main/vendor/laravel/framework/src/Illuminate/Pipeline/Pipeline.php(137): Illuminate/Pipeline/Pipeline->Illuminate/Pipeline/{closure}(Object(Illuminate/Http/Request))
#56 C:/Users/user/MyFiles/ProgmiX/PEX-Form-main/vendor/laravel/framework/src/Illuminate/Routing/Router.php(821): Illuminate/Pipeline/Pipeline->then(Object(Closure))
#57 C:/Users/user/MyFiles/ProgmiX/PEX-Form-main/vendor/laravel/framework/src/Illuminate/Routing/Router.php(800): Illuminate/Routing/Router->runRouteWithinStack(Object(Illuminate/Routing/Route), Object(Illuminate/Http/Request))
#58 C:/Users/user/MyFiles/ProgmiX/PEX-Form-main/vendor/laravel/framework/src/Illuminate/Routing/Router.php(764): Illuminate/Routing/Router->runRoute(Object(Illuminate/Http/Request), Object(Illuminate/Routing/Route))
#59 C:/Users/user/MyFiles/ProgmiX/PEX-Form-main/vendor/laravel/framework/src/Illuminate/Routing/Router.php(753): Illuminate/Routing/Router->dispatchToRoute(Object(Illuminate/Http/Request))
#60 C:/Users/user/MyFiles/ProgmiX/PEX-Form-main/vendor/laravel/framework/src/Illuminate/Foundation/Http/Kernel.php(200): Illuminate/Routing/Router->dispatch(Object(Illuminate/Http/Request))
#61 C:/Users/user/MyFiles/ProgmiX/PEX-Form-main/vendor/laravel/framework/src/Illuminate/Pipeline/Pipeline.php(180): Illuminate/Foundation/Http/Kernel->Illuminate/Foundation/Http/{closure}(Object(Illuminate/Http/Request))
#62 C:/Users/user/MyFiles/ProgmiX/PEX-Form-main/vendor/barryvdh/laravel-debugbar/src/Middleware/InjectDebugbar.php(59): Illuminate/Pipeline/Pipeline->Illuminate/Pipeline/{closure}(Object(Illuminate/Http/Request))
#63 C:/Users/user/MyFiles/ProgmiX/PEX-Form-main/vendor/laravel/framework/src/Illuminate/Pipeline/Pipeline.php(219): Barryvdh/Debugbar/Middleware/InjectDebugbar->handle(Object(Illuminate/Http/Request), Object(Closure))
#64 C:/Users/user/MyFiles/ProgmiX/PEX-Form-main/modules/Backend/Http/Middleware/BlockIpMiddleware.php(31): Illuminate/Pipeline/Pipeline->Illuminate/Pipeline/{closure}(Object(Illuminate/Http/Request))
#65 C:/Users/user/MyFiles/ProgmiX/PEX-Form-main/vendor/laravel/framework/src/Illuminate/Pipeline/Pipeline.php(219): Juzaweb/Backend/Http/Middleware/BlockIpMiddleware->handle(Object(Illuminate/Http/Request), Object(Closure))
#66 C:/Users/user/MyFiles/ProgmiX/PEX-Form-main/modules/Backend/Http/Middleware/SecurityHeaders.php(25): Illuminate/Pipeline/Pipeline->Illuminate/Pipeline/{closure}(Object(Illuminate/Http/Request))
#67 C:/Users/user/MyFiles/ProgmiX/PEX-Form-main/vendor/laravel/framework/src/Illuminate/Pipeline/Pipeline.php(219): Juzaweb/Backend/Http/Middleware/SecurityHeaders->handle(Object(Illuminate/Http/Request), Object(Closure))
#68 C:/Users/user/MyFiles/ProgmiX/PEX-Form-main/vendor/laravel/framework/src/Illuminate/Foundation/Http/Middleware/TransformsRequest.php(21): Illuminate/Pipeline/Pipeline->Illuminate/Pipeline/{closure}(Object(Illuminate/Http/Request))
#69 C:/Users/user/MyFiles/ProgmiX/PEX-Form-main/vendor/laravel/framework/src/Illuminate/Foundation/Http/Middleware/ConvertEmptyStringsToNull.php(31): Illuminate/Foundation/Http/Middleware/TransformsRequest->handle(Object(Illuminate/Http/Request), Object(Closure))
#70 C:/Users/user/MyFiles/ProgmiX/PEX-Form-main/vendor/laravel/framework/src/Illuminate/Pipeline/Pipeline.php(219): Illuminate/Foundation/Http/Middleware/ConvertEmptyStringsToNull->handle(Object(Illuminate/Http/Request), Object(Closure))
#71 C:/Users/user/MyFiles/ProgmiX/PEX-Form-main/vendor/laravel/framework/src/Illuminate/Foundation/Http/Middleware/TransformsRequest.php(21): Illuminate/Pipeline/Pipeline->Illuminate/Pipeline/{closure}(Object(Illuminate/Http/Request))
#72 C:/Users/user/MyFiles/ProgmiX/PEX-Form-main/vendor/laravel/framework/src/Illuminate/Foundation/Http/Middleware/TrimStrings.php(51): Illuminate/Foundation/Http/Middleware/TransformsRequest->handle(Object(Illuminate/Http/Request), Object(Closure))
#73 C:/Users/user/MyFiles/ProgmiX/PEX-Form-main/vendor/laravel/framework/src/Illuminate/Pipeline/Pipeline.php(219): Illuminate/Foundation/Http/Middleware/TrimStrings->handle(Object(Illuminate/Http/Request), Object(Closure))
#74 C:/Users/user/MyFiles/ProgmiX/PEX-Form-main/vendor/laravel/framework/src/Illuminate/Http/Middleware/ValidatePostSize.php(27): Illuminate/Pipeline/Pipeline->Illuminate/Pipeline/{closure}(Object(Illuminate/Http/Request))
#75 C:/Users/user/MyFiles/ProgmiX/PEX-Form-main/vendor/laravel/framework/src/Illuminate/Pipeline/Pipeline.php(219): Illuminate/Http/Middleware/ValidatePostSize->handle(Object(Illuminate/Http/Request), Object(Closure))
#76 C:/Users/user/MyFiles/ProgmiX/PEX-Form-main/vendor/laravel/framework/src/Illuminate/Foundation/Http/Middleware/PreventRequestsDuringMaintenance.php(109): Illuminate/Pipeline/Pipeline->Illuminate/Pipeline/{closure}(Object(Illuminate/Http/Request))
#77 C:/Users/user/MyFiles/ProgmiX/PEX-Form-main/vendor/laravel/framework/src/Illuminate/Pipeline/Pipeline.php(219): Illuminate/Foundation/Http/Middleware/PreventRequestsDuringMaintenance->handle(Object(Illuminate/Http/Request), Object(Closure))
#78 C:/Users/user/MyFiles/ProgmiX/PEX-Form-main/vendor/laravel/framework/src/Illuminate/Http/Middleware/HandleCors.php(61): Illuminate/Pipeline/Pipeline->Illuminate/Pipeline/{closure}(Object(Illuminate/Http/Request))
#79 C:/Users/user/MyFiles/ProgmiX/PEX-Form-main/vendor/laravel/framework/src/Illuminate/Pipeline/Pipeline.php(219): Illuminate/Http/Middleware/HandleCors->handle(Object(Illuminate/Http/Request), Object(Closure))
#80 C:/Users/user/MyFiles/ProgmiX/PEX-Form-main/vendor/laravel/framework/src/Illuminate/Http/Middleware/TrustProxies.php(58): Illuminate/Pipeline/Pipeline->Illuminate/Pipeline/{closure}(Object(Illuminate/Http/Request))
#81 C:/Users/user/MyFiles/ProgmiX/PEX-Form-main/vendor/laravel/framework/src/Illuminate/Pipeline/Pipeline.php(219): Illuminate/Http/Middleware/TrustProxies->handle(Object(Illuminate/Http/Request), Object(Closure))
#82 C:/Users/user/MyFiles/ProgmiX/PEX-Form-main/vendor/laravel/framework/src/Illuminate/Pipeline/Pipeline.php(137): Illuminate/Pipeline/Pipeline->Illuminate/Pipeline/{closure}(Object(Illuminate/Http/Request))
#83 C:/Users/user/MyFiles/ProgmiX/PEX-Form-main/vendor/laravel/framework/src/Illuminate/Foundation/Http/Kernel.php(175): Illuminate/Pipeline/Pipeline->then(Object(Closure))
#84 C:/Users/user/MyFiles/ProgmiX/PEX-Form-main/vendor/laravel/framework/src/Illuminate/Foundation/Http/Kernel.php(144): Illuminate/Foundation/Http/Kernel->sendRequestThroughRouter(Object(Illuminate/Http/Request))
#85 C:/Users/user/MyFiles/ProgmiX/PEX-Form-main/public/index.php(51): Illuminate/Foundation/Http/Kernel->handle(Object(Illuminate/Http/Request))
#86 C:/Users/user/MyFiles/ProgmiX/PEX-Form-main/vendor/laravel/framework/src/Illuminate/Foundation/resources/server.php(23): require_once('C://Users//user//M...')
#87 {main}

[previous exception] [object] (ErrorException(code: 0): Undefined variable $speakerNames at C:/Users/user/MyFiles/ProgmiX/PEX-Form-main/storage/framework/views/e957588816674c7d6bc884ad75301905.php:19)
[stacktrace]
#0 C:/Users/user/MyFiles/ProgmiX/PEX-Form-main/vendor/laravel/framework/src/Illuminate/Foundation/Bootstrap/HandleExceptions.php(262): Illuminate/Foundation/Bootstrap/HandleExceptions->handleError(2, 'Undefined varia...', 'C://Users//user//M...', 19)
#1 C:/Users/user/MyFiles/ProgmiX/PEX-Form-main/storage/framework/views/e957588816674c7d6bc884ad75301905.php(19): Illuminate/Foundation/Bootstrap/HandleExceptions->Illuminate/Foundation/Bootstrap/{closure}(2, 'Undefined varia...', 'C://Users//user//M...', 19)
#2 C:/Users/user/MyFiles/ProgmiX/PEX-Form-main/vendor/laravel/framework/src/Illuminate/Filesystem/Filesystem.php(123): require('C://Users//user//M...')
#3 C:/Users/user/MyFiles/ProgmiX/PEX-Form-main/vendor/laravel/framework/src/Illuminate/Filesystem/Filesystem.php(124): Illuminate/Filesystem/Filesystem::Illuminate/Filesystem/{closure}()
#4 C:/Users/user/MyFiles/ProgmiX/PEX-Form-main/vendor/laravel/framework/src/Illuminate/View/Engines/PhpEngine.php(57): Illuminate/Filesystem/Filesystem->getRequire('C://Users//user//M...', Array)
#5 C:/Users/user/MyFiles/ProgmiX/PEX-Form-main/vendor/laravel/framework/src/Illuminate/View/Engines/CompilerEngine.php(76): Illuminate/View/Engines/PhpEngine->evaluatePath('C://Users//user//M...', Array)
#6 C:/Users/user/MyFiles/ProgmiX/PEX-Form-main/vendor/laravel/framework/src/Illuminate/View/View.php(208): Illuminate/View/Engines/CompilerEngine->get('C://Users//user//M...', Array)
#7 C:/Users/user/MyFiles/ProgmiX/PEX-Form-main/vendor/laravel/framework/src/Illuminate/View/View.php(191): Illuminate/View/View->getContents()
#8 C:/Users/user/MyFiles/ProgmiX/PEX-Form-main/vendor/laravel/framework/src/Illuminate/View/View.php(160): Illuminate/View/View->renderContents()
#9 C:/Users/user/MyFiles/ProgmiX/PEX-Form-main/storage/framework/views/078e945ecbf82d678121cbf4f8650dce.php(1): Illuminate/View/View->render()
#10 C:/Users/user/MyFiles/ProgmiX/PEX-Form-main/vendor/laravel/framework/src/Illuminate/Filesystem/Filesystem.php(123): require('C://Users//user//M...')
#11 C:/Users/user/MyFiles/ProgmiX/PEX-Form-main/vendor/laravel/framework/src/Illuminate/Filesystem/Filesystem.php(124): Illuminate/Filesystem/Filesystem::Illuminate/Filesystem/{closure}()
#12 C:/Users/user/MyFiles/ProgmiX/PEX-Form-main/vendor/laravel/framework/src/Illuminate/View/Engines/PhpEngine.php(57): Illuminate/Filesystem/Filesystem->getRequire('C://Users//user//M...', Array)
#13 C:/Users/user/MyFiles/ProgmiX/PEX-Form-main/vendor/laravel/framework/src/Illuminate/View/Engines/CompilerEngine.php(76): Illuminate/View/Engines/PhpEngine->evaluatePath('C://Users//user//M...', Array)
#14 C:/Users/user/MyFiles/ProgmiX/PEX-Form-main/vendor/laravel/framework/src/Illuminate/View/View.php(208): Illuminate/View/Engines/CompilerEngine->get('C://Users//user//M...', Array)
#15 C:/Users/user/MyFiles/ProgmiX/PEX-Form-main/vendor/laravel/framework/src/Illuminate/View/View.php(191): Illuminate/View/View->getContents()
#16 C:/Users/user/MyFiles/ProgmiX/PEX-Form-main/vendor/laravel/framework/src/Illuminate/View/View.php(160): Illuminate/View/View->renderContents()
#17 C:/Users/user/MyFiles/ProgmiX/PEX-Form-main/vendor/laravel/framework/src/Illuminate/Http/Response.php(78): Illuminate/View/View->render()
#18 C:/Users/user/MyFiles/ProgmiX/PEX-Form-main/vendor/laravel/framework/src/Illuminate/Http/Response.php(34): Illuminate/Http/Response->setContent(Object(Illuminate/View/View))
#19 C:/Users/user/MyFiles/ProgmiX/PEX-Form-main/vendor/laravel/framework/src/Illuminate/Routing/Router.php(939): Illuminate/Http/Response->__construct(Object(Illuminate/View/View), 200, Array)
#20 C:/Users/user/MyFiles/ProgmiX/PEX-Form-main/vendor/laravel/framework/src/Illuminate/Routing/Router.php(906): Illuminate/Routing/Router::toResponse(Object(Illuminate/Http/Request), Object(Illuminate/View/View))
#21 C:/Users/user/MyFiles/ProgmiX/PEX-Form-main/vendor/laravel/framework/src/Illuminate/Routing/Router.php(821): Illuminate/Routing/Router->prepareResponse(Object(Illuminate/Http/Request), Object(Illuminate/View/View))
#22 C:/Users/user/MyFiles/ProgmiX/PEX-Form-main/vendor/laravel/framework/src/Illuminate/Pipeline/Pipeline.php(180): Illuminate/Routing/Router->Illuminate/Routing/{closure}(Object(Illuminate/Http/Request))
#23 C:/Users/user/MyFiles/ProgmiX/PEX-Form-main/modules/Frontend/Http/Middleware/Locale.php(49): Illuminate/Pipeline/Pipeline->Illuminate/Pipeline/{closure}(Object(Illuminate/Http/Request))
#24 C:/Users/user/MyFiles/ProgmiX/PEX-Form-main/vendor/laravel/framework/src/Illuminate/Pipeline/Pipeline.php(219): Juzaweb/Frontend/Http/Middleware/Locale->handle(Object(Illuminate/Http/Request), Object(Closure))
#25 C:/Users/user/MyFiles/ProgmiX/PEX-Form-main/modules/Backend/Http/Middleware/SecurityHeaders.php(25): Illuminate/Pipeline/Pipeline->Illuminate/Pipeline/{closure}(Object(Illuminate/Http/Request))
#26 C:/Users/user/MyFiles/ProgmiX/PEX-Form-main/vendor/laravel/framework/src/Illuminate/Pipeline/Pipeline.php(219): Juzaweb/Backend/Http/Middleware/SecurityHeaders->handle(Object(Illuminate/Http/Request), Object(Closure))
#27 C:/Users/user/MyFiles/ProgmiX/PEX-Form-main/vendor/laravel/framework/src/Illuminate/Routing/Middleware/ThrottleRequests.php(166): Illuminate/Pipeline/Pipeline->Illuminate/Pipeline/{closure}(Object(Illuminate/Http/Request))
#28 C:/Users/user/MyFiles/ProgmiX/PEX-Form-main/vendor/laravel/framework/src/Illuminate/Routing/Middleware/ThrottleRequests.php(93): Illuminate/Routing/Middleware/ThrottleRequests->handleRequest(Object(Illuminate/Http/Request), Object(Closure), Array)
#29 C:/Users/user/MyFiles/ProgmiX/PEX-Form-main/vendor/laravel/framework/src/Illuminate/Pipeline/Pipeline.php(219): Illuminate/Routing/Middleware/ThrottleRequests->handle(Object(Illuminate/Http/Request), Object(Closure))
#30 C:/Users/user/MyFiles/ProgmiX/PEX-Form-main/modules/Backend/Http/Middleware/PathTraversal.php(57): Illuminate/Pipeline/Pipeline->Illuminate/Pipeline/{closure}(Object(Illuminate/Http/Request))
#31 C:/Users/user/MyFiles/ProgmiX/PEX-Form-main/vendor/laravel/framework/src/Illuminate/Pipeline/Pipeline.php(219): Juzaweb/Backend/Http/Middleware/PathTraversal->handle(Object(Illuminate/Http/Request), Object(Closure))
#32 C:/Users/user/MyFiles/ProgmiX/PEX-Form-main/modules/Backend/Http/Middleware/XssSanitization.php(44): Illuminate/Pipeline/Pipeline->Illuminate/Pipeline/{closure}(Object(Illuminate/Http/Request))
#33 C:/Users/user/MyFiles/ProgmiX/PEX-Form-main/vendor/laravel/framework/src/Illuminate/Pipeline/Pipeline.php(219): Juzaweb/Backend/Http/Middleware/XssSanitization->handle(Object(Illuminate/Http/Request), Object(Closure))
#34 C:/Users/user/MyFiles/ProgmiX/PEX-Form-main/vendor/spatie/laravel-csp/src/AddCspHeaders.php(13): Illuminate/Pipeline/Pipeline->Illuminate/Pipeline/{closure}(Object(Illuminate/Http/Request))
#35 C:/Users/user/MyFiles/ProgmiX/PEX-Form-main/vendor/laravel/framework/src/Illuminate/Pipeline/Pipeline.php(219): Spatie/Csp/AddCspHeaders->handle(Object(Illuminate/Http/Request), Object(Closure))
#36 C:/Users/user/MyFiles/ProgmiX/PEX-Form-main/vendor/barryvdh/laravel-debugbar/src/Middleware/InjectDebugbar.php(59): Illuminate/Pipeline/Pipeline->Illuminate/Pipeline/{closure}(Object(Illuminate/Http/Request))
#37 C:/Users/user/MyFiles/ProgmiX/PEX-Form-main/vendor/laravel/framework/src/Illuminate/Pipeline/Pipeline.php(219): Barryvdh/Debugbar/Middleware/InjectDebugbar->handle(Object(Illuminate/Http/Request), Object(Closure))
#38 C:/Users/user/MyFiles/ProgmiX/PEX-Form-main/modules/CMS/Http/Middleware/XFrameHeadersMiddleware.php(41): Illuminate/Pipeline/Pipeline->Illuminate/Pipeline/{closure}(Object(Illuminate/Http/Request))
#39 C:/Users/user/MyFiles/ProgmiX/PEX-Form-main/vendor/laravel/framework/src/Illuminate/Pipeline/Pipeline.php(219): Juzaweb/CMS/Http/Middleware/XFrameHeadersMiddleware->handle(Object(Illuminate/Http/Request), Object(Closure))
#40 C:/Users/user/MyFiles/ProgmiX/PEX-Form-main/vendor/laravel/framework/src/Illuminate/Routing/Middleware/SubstituteBindings.php(50): Illuminate/Pipeline/Pipeline->Illuminate/Pipeline/{closure}(Object(Illuminate/Http/Request))
#41 C:/Users/user/MyFiles/ProgmiX/PEX-Form-main/vendor/laravel/framework/src/Illuminate/Pipeline/Pipeline.php(219): Illuminate/Routing/Middleware/SubstituteBindings->handle(Object(Illuminate/Http/Request), Object(Closure))
#42 C:/Users/user/MyFiles/ProgmiX/PEX-Form-main/vendor/laravel/framework/src/Illuminate/Cookie/Middleware/AddQueuedCookiesToResponse.php(36): Illuminate/Pipeline/Pipeline->Illuminate/Pipeline/{closure}(Object(Illuminate/Http/Request))
#43 C:/Users/user/MyFiles/ProgmiX/PEX-Form-main/vendor/laravel/framework/src/Illuminate/Pipeline/Pipeline.php(219): Illuminate/Cookie/Middleware/AddQueuedCookiesToResponse->handle(Object(Illuminate/Http/Request), Object(Closure))
#44 C:/Users/user/MyFiles/ProgmiX/PEX-Form-main/vendor/laravel/framework/src/Illuminate/View/Middleware/ShareErrorsFromSession.php(48): Illuminate/Pipeline/Pipeline->Illuminate/Pipeline/{closure}(Object(Illuminate/Http/Request))
#45 C:/Users/user/MyFiles/ProgmiX/PEX-Form-main/modules/Backend/Http/Middleware/ShareErrorsUnlessBot.php(24): Illuminate/View/Middleware/ShareErrorsFromSession->handle(Object(Illuminate/Http/Request), Object(Closure))
#46 C:/Users/user/MyFiles/ProgmiX/PEX-Form-main/vendor/laravel/framework/src/Illuminate/Pipeline/Pipeline.php(219): Juzaweb/Backend/Http/Middleware/ShareErrorsUnlessBot->handle(Object(Illuminate/Http/Request), Object(Closure))
#47 C:/Users/user/MyFiles/ProgmiX/PEX-Form-main/vendor/laravel/framework/src/Illuminate/Session/Middleware/StartSession.php(120): Illuminate/Pipeline/Pipeline->Illuminate/Pipeline/{closure}(Object(Illuminate/Http/Request))
#48 C:/Users/user/MyFiles/ProgmiX/PEX-Form-main/vendor/laravel/framework/src/Illuminate/Session/Middleware/StartSession.php(63): Illuminate/Session/Middleware/StartSession->handleStatefulRequest(Object(Illuminate/Http/Request), Object(Illuminate/Session/Store), Object(Closure))
#49 C:/Users/user/MyFiles/ProgmiX/PEX-Form-main/modules/Backend/Http/Middleware/SkipSessionForBots.php(24): Illuminate/Session/Middleware/StartSession->handle(Object(Illuminate/Http/Request), Object(Closure))
#50 C:/Users/user/MyFiles/ProgmiX/PEX-Form-main/vendor/laravel/framework/src/Illuminate/Pipeline/Pipeline.php(219): Juzaweb/Backend/Http/Middleware/SkipSessionForBots->handle(Object(Illuminate/Http/Request), Object(Closure))
#51 C:/Users/user/MyFiles/ProgmiX/PEX-Form-main/vendor/laravel/framework/src/Illuminate/Cookie/Middleware/EncryptCookies.php(74): Illuminate/Pipeline/Pipeline->Illuminate/Pipeline/{closure}(Object(Illuminate/Http/Request))
#52 C:/Users/user/MyFiles/ProgmiX/PEX-Form-main/vendor/laravel/framework/src/Illuminate/Pipeline/Pipeline.php(219): Illuminate/Cookie/Middleware/EncryptCookies->handle(Object(Illuminate/Http/Request), Object(Closure))
#53 C:/Users/user/MyFiles/ProgmiX/PEX-Form-main/modules/CMS/Http/Middleware/GlobalMiddleware.php(11): Illuminate/Pipeline/Pipeline->Illuminate/Pipeline/{closure}(Object(Illuminate/Http/Request))
#54 C:/Users/user/MyFiles/ProgmiX/PEX-Form-main/vendor/laravel/framework/src/Illuminate/Pipeline/Pipeline.php(219): Juzaweb/CMS/Http/Middleware/GlobalMiddleware->handle(Object(Illuminate/Http/Request), Object(Closure))
#55 C:/Users/user/MyFiles/ProgmiX/PEX-Form-main/modules/Backend/Http/Middleware/DisableSessionForBots.php(30): Illuminate/Pipeline/Pipeline->Illuminate/Pipeline/{closure}(Object(Illuminate/Http/Request))
#56 C:/Users/user/MyFiles/ProgmiX/PEX-Form-main/vendor/laravel/framework/src/Illuminate/Pipeline/Pipeline.php(219): Juzaweb/Backend/Http/Middleware/DisableSessionForBots->handle(Object(Illuminate/Http/Request), Object(Closure))
#57 C:/Users/user/MyFiles/ProgmiX/PEX-Form-main/vendor/laravel/framework/src/Illuminate/Pipeline/Pipeline.php(137): Illuminate/Pipeline/Pipeline->Illuminate/Pipeline/{closure}(Object(Illuminate/Http/Request))
#58 C:/Users/user/MyFiles/ProgmiX/PEX-Form-main/vendor/laravel/framework/src/Illuminate/Routing/Router.php(821): Illuminate/Pipeline/Pipeline->then(Object(Closure))
#59 C:/Users/user/MyFiles/ProgmiX/PEX-Form-main/vendor/laravel/framework/src/Illuminate/Routing/Router.php(800): Illuminate/Routing/Router->runRouteWithinStack(Object(Illuminate/Routing/Route), Object(Illuminate/Http/Request))
#60 C:/Users/user/MyFiles/ProgmiX/PEX-Form-main/vendor/laravel/framework/src/Illuminate/Routing/Router.php(764): Illuminate/Routing/Router->runRoute(Object(Illuminate/Http/Request), Object(Illuminate/Routing/Route))
#61 C:/Users/user/MyFiles/ProgmiX/PEX-Form-main/vendor/laravel/framework/src/Illuminate/Routing/Router.php(753): Illuminate/Routing/Router->dispatchToRoute(Object(Illuminate/Http/Request))
#62 C:/Users/user/MyFiles/ProgmiX/PEX-Form-main/vendor/laravel/framework/src/Illuminate/Foundation/Http/Kernel.php(200): Illuminate/Routing/Router->dispatch(Object(Illuminate/Http/Request))
#63 C:/Users/user/MyFiles/ProgmiX/PEX-Form-main/vendor/laravel/framework/src/Illuminate/Pipeline/Pipeline.php(180): Illuminate/Foundation/Http/Kernel->Illuminate/Foundation/Http/{closure}(Object(Illuminate/Http/Request))
#64 C:/Users/user/MyFiles/ProgmiX/PEX-Form-main/vendor/barryvdh/laravel-debugbar/src/Middleware/InjectDebugbar.php(59): Illuminate/Pipeline/Pipeline->Illuminate/Pipeline/{closure}(Object(Illuminate/Http/Request))
#65 C:/Users/user/MyFiles/ProgmiX/PEX-Form-main/vendor/laravel/framework/src/Illuminate/Pipeline/Pipeline.php(219): Barryvdh/Debugbar/Middleware/InjectDebugbar->handle(Object(Illuminate/Http/Request), Object(Closure))
#66 C:/Users/user/MyFiles/ProgmiX/PEX-Form-main/modules/Backend/Http/Middleware/BlockIpMiddleware.php(31): Illuminate/Pipeline/Pipeline->Illuminate/Pipeline/{closure}(Object(Illuminate/Http/Request))
#67 C:/Users/user/MyFiles/ProgmiX/PEX-Form-main/vendor/laravel/framework/src/Illuminate/Pipeline/Pipeline.php(219): Juzaweb/Backend/Http/Middleware/BlockIpMiddleware->handle(Object(Illuminate/Http/Request), Object(Closure))
#68 C:/Users/user/MyFiles/ProgmiX/PEX-Form-main/modules/Backend/Http/Middleware/SecurityHeaders.php(25): Illuminate/Pipeline/Pipeline->Illuminate/Pipeline/{closure}(Object(Illuminate/Http/Request))
#69 C:/Users/user/MyFiles/ProgmiX/PEX-Form-main/vendor/laravel/framework/src/Illuminate/Pipeline/Pipeline.php(219): Juzaweb/Backend/Http/Middleware/SecurityHeaders->handle(Object(Illuminate/Http/Request), Object(Closure))
#70 C:/Users/user/MyFiles/ProgmiX/PEX-Form-main/vendor/laravel/framework/src/Illuminate/Foundation/Http/Middleware/TransformsRequest.php(21): Illuminate/Pipeline/Pipeline->Illuminate/Pipeline/{closure}(Object(Illuminate/Http/Request))
#71 C:/Users/user/MyFiles/ProgmiX/PEX-Form-main/vendor/laravel/framework/src/Illuminate/Foundation/Http/Middleware/ConvertEmptyStringsToNull.php(31): Illuminate/Foundation/Http/Middleware/TransformsRequest->handle(Object(Illuminate/Http/Request), Object(Closure))
#72 C:/Users/user/MyFiles/ProgmiX/PEX-Form-main/vendor/laravel/framework/src/Illuminate/Pipeline/Pipeline.php(219): Illuminate/Foundation/Http/Middleware/ConvertEmptyStringsToNull->handle(Object(Illuminate/Http/Request), Object(Closure))
#73 C:/Users/user/MyFiles/ProgmiX/PEX-Form-main/vendor/laravel/framework/src/Illuminate/Foundation/Http/Middleware/TransformsRequest.php(21): Illuminate/Pipeline/Pipeline->Illuminate/Pipeline/{closure}(Object(Illuminate/Http/Request))
#74 C:/Users/user/MyFiles/ProgmiX/PEX-Form-main/vendor/laravel/framework/src/Illuminate/Foundation/Http/Middleware/TrimStrings.php(51): Illuminate/Foundation/Http/Middleware/TransformsRequest->handle(Object(Illuminate/Http/Request), Object(Closure))
#75 C:/Users/user/MyFiles/ProgmiX/PEX-Form-main/vendor/laravel/framework/src/Illuminate/Pipeline/Pipeline.php(219): Illuminate/Foundation/Http/Middleware/TrimStrings->handle(Object(Illuminate/Http/Request), Object(Closure))
#76 C:/Users/user/MyFiles/ProgmiX/PEX-Form-main/vendor/laravel/framework/src/Illuminate/Http/Middleware/ValidatePostSize.php(27): Illuminate/Pipeline/Pipeline->Illuminate/Pipeline/{closure}(Object(Illuminate/Http/Request))
#77 C:/Users/user/MyFiles/ProgmiX/PEX-Form-main/vendor/laravel/framework/src/Illuminate/Pipeline/Pipeline.php(219): Illuminate/Http/Middleware/ValidatePostSize->handle(Object(Illuminate/Http/Request), Object(Closure))
#78 C:/Users/user/MyFiles/ProgmiX/PEX-Form-main/vendor/laravel/framework/src/Illuminate/Foundation/Http/Middleware/PreventRequestsDuringMaintenance.php(109): Illuminate/Pipeline/Pipeline->Illuminate/Pipeline/{closure}(Object(Illuminate/Http/Request))
#79 C:/Users/user/MyFiles/ProgmiX/PEX-Form-main/vendor/laravel/framework/src/Illuminate/Pipeline/Pipeline.php(219): Illuminate/Foundation/Http/Middleware/PreventRequestsDuringMaintenance->handle(Object(Illuminate/Http/Request), Object(Closure))
#80 C:/Users/user/MyFiles/ProgmiX/PEX-Form-main/vendor/laravel/framework/src/Illuminate/Http/Middleware/HandleCors.php(61): Illuminate/Pipeline/Pipeline->Illuminate/Pipeline/{closure}(Object(Illuminate/Http/Request))
#81 C:/Users/user/MyFiles/ProgmiX/PEX-Form-main/vendor/laravel/framework/src/Illuminate/Pipeline/Pipeline.php(219): Illuminate/Http/Middleware/HandleCors->handle(Object(Illuminate/Http/Request), Object(Closure))
#82 C:/Users/user/MyFiles/ProgmiX/PEX-Form-main/vendor/laravel/framework/src/Illuminate/Http/Middleware/TrustProxies.php(58): Illuminate/Pipeline/Pipeline->Illuminate/Pipeline/{closure}(Object(Illuminate/Http/Request))
#83 C:/Users/user/MyFiles/ProgmiX/PEX-Form-main/vendor/laravel/framework/src/Illuminate/Pipeline/Pipeline.php(219): Illuminate/Http/Middleware/TrustProxies->handle(Object(Illuminate/Http/Request), Object(Closure))
#84 C:/Users/user/MyFiles/ProgmiX/PEX-Form-main/vendor/laravel/framework/src/Illuminate/Pipeline/Pipeline.php(137): Illuminate/Pipeline/Pipeline->Illuminate/Pipeline/{closure}(Object(Illuminate/Http/Request))
#85 C:/Users/user/MyFiles/ProgmiX/PEX-Form-main/vendor/laravel/framework/src/Illuminate/Foundation/Http/Kernel.php(175): Illuminate/Pipeline/Pipeline->then(Object(Closure))
#86 C:/Users/user/MyFiles/ProgmiX/PEX-Form-main/vendor/laravel/framework/src/Illuminate/Foundation/Http/Kernel.php(144): Illuminate/Foundation/Http/Kernel->sendRequestThroughRouter(Object(Illuminate/Http/Request))
#87 C:/Users/user/MyFiles/ProgmiX/PEX-Form-main/public/index.php(51): Illuminate/Foundation/Http/Kernel->handle(Object(Illuminate/Http/Request))
#88 C:/Users/user/MyFiles/ProgmiX/PEX-Form-main/vendor/laravel/framework/src/Illuminate/Foundation/resources/server.php(23): require_once('C://Users//user//M...')
#89 {main}
"} 
[2026-09-21 15:51:51] local.ERROR: Undefined variable $speakerNames {"userId":1,"exception":"[object] (Spatie\\LaravelIgnition\\Exceptions\\ViewException(code: 0): Undefined variable $speakerNames at C:/Users/user/MyFiles/ProgmiX/PEX-Form-main/modules/Frontend/resources/views/templates/homepage/pex/agenda.blade.php:1)
[stacktrace]
#0 C:/Users/user/MyFiles/ProgmiX/PEX-Form-main/vendor/laravel/framework/src/Illuminate/Filesystem/Filesystem.php(123): require('C://Users//user//M...')
#1 C:/Users/user/MyFiles/ProgmiX/PEX-Form-main/vendor/laravel/framework/src/Illuminate/Filesystem/Filesystem.php(124): Illuminate/Filesystem/Filesystem::Illuminate/Filesystem/{closure}()
#2 C:/Users/user/MyFiles/ProgmiX/PEX-Form-main/vendor/laravel/framework/src/Illuminate/View/Engines/PhpEngine.php(57): Illuminate/Filesystem/Filesystem->getRequire('C://Users//user//M...', Array)
#3 C:/Users/user/MyFiles/ProgmiX/PEX-Form-main/vendor/laravel/framework/src/Illuminate/View/Engines/CompilerEngine.php(76): Illuminate/View/Engines/PhpEngine->evaluatePath('C://Users//user//M...', Array)
#4 C:/Users/user/MyFiles/ProgmiX/PEX-Form-main/vendor/laravel/framework/src/Illuminate/View/View.php(208): Illuminate/View/Engines/CompilerEngine->get('C://Users//user//M...', Array)
#5 C:/Users/user/MyFiles/ProgmiX/PEX-Form-main/vendor/laravel/framework/src/Illuminate/View/View.php(191): Illuminate/View/View->getContents()
#6 C:/Users/user/MyFiles/ProgmiX/PEX-Form-main/vendor/laravel/framework/src/Illuminate/View/View.php(160): Illuminate/View/View->renderContents()
#7 C:/Users/user/MyFiles/ProgmiX/PEX-Form-main/modules/Frontend/resources/views/home.blade.php(1): Illuminate/View/View->render()
#8 C:/Users/user/MyFiles/ProgmiX/PEX-Form-main/vendor/laravel/framework/src/Illuminate/Filesystem/Filesystem.php(123): require('C://Users//user//M...')
#9 C:/Users/user/MyFiles/ProgmiX/PEX-Form-main/vendor/laravel/framework/src/Illuminate/Filesystem/Filesystem.php(124): Illuminate/Filesystem/Filesystem::Illuminate/Filesystem/{closure}()
#10 C:/Users/user/MyFiles/ProgmiX/PEX-Form-main/vendor/laravel/framework/src/Illuminate/View/Engines/PhpEngine.php(57): Illuminate/Filesystem/Filesystem->getRequire('C://Users//user//M...', Array)
#11 C:/Users/user/MyFiles/ProgmiX/PEX-Form-main/vendor/laravel/framework/src/Illuminate/View/Engines/CompilerEngine.php(76): Illuminate/View/Engines/PhpEngine->evaluatePath('C://Users//user//M...', Array)
#12 C:/Users/user/MyFiles/ProgmiX/PEX-Form-main/vendor/laravel/framework/src/Illuminate/View/View.php(208): Illuminate/View/Engines/CompilerEngine->get('C://Users//user//M...', Array)
#13 C:/Users/user/MyFiles/ProgmiX/PEX-Form-main/vendor/laravel/framework/src/Illuminate/View/View.php(191): Illuminate/View/View->getContents()
#14 C:/Users/user/MyFiles/ProgmiX/PEX-Form-main/vendor/laravel/framework/src/Illuminate/View/View.php(160): Illuminate/View/View->renderContents()
#15 C:/Users/user/MyFiles/ProgmiX/PEX-Form-main/vendor/laravel/framework/src/Illuminate/Http/Response.php(78): Illuminate/View/View->render()
#16 C:/Users/user/MyFiles/ProgmiX/PEX-Form-main/vendor/laravel/framework/src/Illuminate/Http/Response.php(34): Illuminate/Http/Response->setContent(Object(Illuminate/View/View))
#17 C:/Users/user/MyFiles/ProgmiX/PEX-Form-main/vendor/laravel/framework/src/Illuminate/Routing/Router.php(939): Illuminate/Http/Response->__construct(Object(Illuminate/View/View), 200, Array)
#18 C:/Users/user/MyFiles/ProgmiX/PEX-Form-main/vendor/laravel/framework/src/Illuminate/Routing/Router.php(906): Illuminate/Routing/Router::toResponse(Object(Illuminate/Http/Request), Object(Illuminate/View/View))
#19 C:/Users/user/MyFiles/ProgmiX/PEX-Form-main/vendor/laravel/framework/src/Illuminate/Routing/Router.php(821): Illuminate/Routing/Router->prepareResponse(Object(Illuminate/Http/Request), Object(Illuminate/View/View))
#20 C:/Users/user/MyFiles/ProgmiX/PEX-Form-main/vendor/laravel/framework/src/Illuminate/Pipeline/Pipeline.php(180): Illuminate/Routing/Router->Illuminate/Routing/{closure}(Object(Illuminate/Http/Request))
#21 C:/Users/user/MyFiles/ProgmiX/PEX-Form-main/modules/Frontend/Http/Middleware/Locale.php(49): Illuminate/Pipeline/Pipeline->Illuminate/Pipeline/{closure}(Object(Illuminate/Http/Request))
#22 C:/Users/user/MyFiles/ProgmiX/PEX-Form-main/vendor/laravel/framework/src/Illuminate/Pipeline/Pipeline.php(219): Juzaweb/Frontend/Http/Middleware/Locale->handle(Object(Illuminate/Http/Request), Object(Closure))
#23 C:/Users/user/MyFiles/ProgmiX/PEX-Form-main/modules/Backend/Http/Middleware/SecurityHeaders.php(25): Illuminate/Pipeline/Pipeline->Illuminate/Pipeline/{closure}(Object(Illuminate/Http/Request))
#24 C:/Users/user/MyFiles/ProgmiX/PEX-Form-main/vendor/laravel/framework/src/Illuminate/Pipeline/Pipeline.php(219): Juzaweb/Backend/Http/Middleware/SecurityHeaders->handle(Object(Illuminate/Http/Request), Object(Closure))
#25 C:/Users/user/MyFiles/ProgmiX/PEX-Form-main/vendor/laravel/framework/src/Illuminate/Routing/Middleware/ThrottleRequests.php(166): Illuminate/Pipeline/Pipeline->Illuminate/Pipeline/{closure}(Object(Illuminate/Http/Request))
#26 C:/Users/user/MyFiles/ProgmiX/PEX-Form-main/vendor/laravel/framework/src/Illuminate/Routing/Middleware/ThrottleRequests.php(93): Illuminate/Routing/Middleware/ThrottleRequests->handleRequest(Object(Illuminate/Http/Request), Object(Closure), Array)
#27 C:/Users/user/MyFiles/ProgmiX/PEX-Form-main/vendor/laravel/framework/src/Illuminate/Pipeline/Pipeline.php(219): Illuminate/Routing/Middleware/ThrottleRequests->handle(Object(Illuminate/Http/Request), Object(Closure))
#28 C:/Users/user/MyFiles/ProgmiX/PEX-Form-main/modules/Backend/Http/Middleware/PathTraversal.php(57): Illuminate/Pipeline/Pipeline->Illuminate/Pipeline/{closure}(Object(Illuminate/Http/Request))
#29 C:/Users/user/MyFiles/ProgmiX/PEX-Form-main/vendor/laravel/framework/src/Illuminate/Pipeline/Pipeline.php(219): Juzaweb/Backend/Http/Middleware/PathTraversal->handle(Object(Illuminate/Http/Request), Object(Closure))
#30 C:/Users/user/MyFiles/ProgmiX/PEX-Form-main/modules/Backend/Http/Middleware/XssSanitization.php(44): Illuminate/Pipeline/Pipeline->Illuminate/Pipeline/{closure}(Object(Illuminate/Http/Request))
#31 C:/Users/user/MyFiles/ProgmiX/PEX-Form-main/vendor/laravel/framework/src/Illuminate/Pipeline/Pipeline.php(219): Juzaweb/Backend/Http/Middleware/XssSanitization->handle(Object(Illuminate/Http/Request), Object(Closure))
#32 C:/Users/user/MyFiles/ProgmiX/PEX-Form-main/vendor/spatie/laravel-csp/src/AddCspHeaders.php(13): Illuminate/Pipeline/Pipeline->Illuminate/Pipeline/{closure}(Object(Illuminate/Http/Request))
#33 C:/Users/user/MyFiles/ProgmiX/PEX-Form-main/vendor/laravel/framework/src/Illuminate/Pipeline/Pipeline.php(219): Spatie/Csp/AddCspHeaders->handle(Object(Illuminate/Http/Request), Object(Closure))
#34 C:/Users/user/MyFiles/ProgmiX/PEX-Form-main/vendor/barryvdh/laravel-debugbar/src/Middleware/InjectDebugbar.php(59): Illuminate/Pipeline/Pipeline->Illuminate/Pipeline/{closure}(Object(Illuminate/Http/Request))
#35 C:/Users/user/MyFiles/ProgmiX/PEX-Form-main/vendor/laravel/framework/src/Illuminate/Pipeline/Pipeline.php(219): Barryvdh/Debugbar/Middleware/InjectDebugbar->handle(Object(Illuminate/Http/Request), Object(Closure))
#36 C:/Users/user/MyFiles/ProgmiX/PEX-Form-main/modules/CMS/Http/Middleware/XFrameHeadersMiddleware.php(41): Illuminate/Pipeline/Pipeline->Illuminate/Pipeline/{closure}(Object(Illuminate/Http/Request))
#37 C:/Users/user/MyFiles/ProgmiX/PEX-Form-main/vendor/laravel/framework/src/Illuminate/Pipeline/Pipeline.php(219): Juzaweb/CMS/Http/Middleware/XFrameHeadersMiddleware->handle(Object(Illuminate/Http/Request), Object(Closure))
#38 C:/Users/user/MyFiles/ProgmiX/PEX-Form-main/vendor/laravel/framework/src/Illuminate/Routing/Middleware/SubstituteBindings.php(50): Illuminate/Pipeline/Pipeline->Illuminate/Pipeline/{closure}(Object(Illuminate/Http/Request))
#39 C:/Users/user/MyFiles/ProgmiX/PEX-Form-main/vendor/laravel/framework/src/Illuminate/Pipeline/Pipeline.php(219): Illuminate/Routing/Middleware/SubstituteBindings->handle(Object(Illuminate/Http/Request), Object(Closure))
#40 C:/Users/user/MyFiles/ProgmiX/PEX-Form-main/vendor/laravel/framework/src/Illuminate/Cookie/Middleware/AddQueuedCookiesToResponse.php(36): Illuminate/Pipeline/Pipeline->Illuminate/Pipeline/{closure}(Object(Illuminate/Http/Request))
#41 C:/Users/user/MyFiles/ProgmiX/PEX-Form-main/vendor/laravel/framework/src/Illuminate/Pipeline/Pipeline.php(219): Illuminate/Cookie/Middleware/AddQueuedCookiesToResponse->handle(Object(Illuminate/Http/Request), Object(Closure))
#42 C:/Users/user/MyFiles/ProgmiX/PEX-Form-main/vendor/laravel/framework/src/Illuminate/View/Middleware/ShareErrorsFromSession.php(48): Illuminate/Pipeline/Pipeline->Illuminate/Pipeline/{closure}(Object(Illuminate/Http/Request))
#43 C:/Users/user/MyFiles/ProgmiX/PEX-Form-main/modules/Backend/Http/Middleware/ShareErrorsUnlessBot.php(24): Illuminate/View/Middleware/ShareErrorsFromSession->handle(Object(Illuminate/Http/Request), Object(Closure))
#44 C:/Users/user/MyFiles/ProgmiX/PEX-Form-main/vendor/laravel/framework/src/Illuminate/Pipeline/Pipeline.php(219): Juzaweb/Backend/Http/Middleware/ShareErrorsUnlessBot->handle(Object(Illuminate/Http/Request), Object(Closure))
#45 C:/Users/user/MyFiles/ProgmiX/PEX-Form-main/vendor/laravel/framework/src/Illuminate/Session/Middleware/StartSession.php(120): Illuminate/Pipeline/Pipeline->Illuminate/Pipeline/{closure}(Object(Illuminate/Http/Request))
#46 C:/Users/user/MyFiles/ProgmiX/PEX-Form-main/vendor/laravel/framework/src/Illuminate/Session/Middleware/StartSession.php(63): Illuminate/Session/Middleware/StartSession->handleStatefulRequest(Object(Illuminate/Http/Request), Object(Illuminate/Session/Store), Object(Closure))
#47 C:/Users/user/MyFiles/ProgmiX/PEX-Form-main/modules/Backend/Http/Middleware/SkipSessionForBots.php(24): Illuminate/Session/Middleware/StartSession->handle(Object(Illuminate/Http/Request), Object(Closure))
#48 C:/Users/user/MyFiles/ProgmiX/PEX-Form-main/vendor/laravel/framework/src/Illuminate/Pipeline/Pipeline.php(219): Juzaweb/Backend/Http/Middleware/SkipSessionForBots->handle(Object(Illuminate/Http/Request), Object(Closure))
#49 C:/Users/user/MyFiles/ProgmiX/PEX-Form-main/vendor/laravel/framework/src/Illuminate/Cookie/Middleware/EncryptCookies.php(74): Illuminate/Pipeline/Pipeline->Illuminate/Pipeline/{closure}(Object(Illuminate/Http/Request))
#50 C:/Users/user/MyFiles/ProgmiX/PEX-Form-main/vendor/laravel/framework/src/Illuminate/Pipeline/Pipeline.php(219): Illuminate/Cookie/Middleware/EncryptCookies->handle(Object(Illuminate/Http/Request), Object(Closure))
#51 C:/Users/user/MyFiles/ProgmiX/PEX-Form-main/modules/CMS/Http/Middleware/GlobalMiddleware.php(11): Illuminate/Pipeline/Pipeline->Illuminate/Pipeline/{closure}(Object(Illuminate/Http/Request))
#52 C:/Users/user/MyFiles/ProgmiX/PEX-Form-main/vendor/laravel/framework/src/Illuminate/Pipeline/Pipeline.php(219): Juzaweb/CMS/Http/Middleware/GlobalMiddleware->handle(Object(Illuminate/Http/Request), Object(Closure))
#53 C:/Users/user/MyFiles/ProgmiX/PEX-Form-main/modules/Backend/Http/Middleware/DisableSessionForBots.php(30): Illuminate/Pipeline/Pipeline->Illuminate/Pipeline/{closure}(Object(Illuminate/Http/Request))
#54 C:/Users/user/MyFiles/ProgmiX/PEX-Form-main/vendor/laravel/framework/src/Illuminate/Pipeline/Pipeline.php(219): Juzaweb/Backend/Http/Middleware/DisableSessionForBots->handle(Object(Illuminate/Http/Request), Object(Closure))
#55 C:/Users/user/MyFiles/ProgmiX/PEX-Form-main/vendor/laravel/framework/src/Illuminate/Pipeline/Pipeline.php(137): Illuminate/Pipeline/Pipeline->Illuminate/Pipeline/{closure}(Object(Illuminate/Http/Request))
#56 C:/Users/user/MyFiles/ProgmiX/PEX-Form-main/vendor/laravel/framework/src/Illuminate/Routing/Router.php(821): Illuminate/Pipeline/Pipeline->then(Object(Closure))
#57 C:/Users/user/MyFiles/ProgmiX/PEX-Form-main/vendor/laravel/framework/src/Illuminate/Routing/Router.php(800): Illuminate/Routing/Router->runRouteWithinStack(Object(Illuminate/Routing/Route), Object(Illuminate/Http/Request))
#58 C:/Users/user/MyFiles/ProgmiX/PEX-Form-main/vendor/laravel/framework/src/Illuminate/Routing/Router.php(764): Illuminate/Routing/Router->runRoute(Object(Illuminate/Http/Request), Object(Illuminate/Routing/Route))
#59 C:/Users/user/MyFiles/ProgmiX/PEX-Form-main/vendor/laravel/framework/src/Illuminate/Routing/Router.php(753): Illuminate/Routing/Router->dispatchToRoute(Object(Illuminate/Http/Request))
#60 C:/Users/user/MyFiles/ProgmiX/PEX-Form-main/vendor/laravel/framework/src/Illuminate/Foundation/Http/Kernel.php(200): Illuminate/Routing/Router->dispatch(Object(Illuminate/Http/Request))
#61 C:/Users/user/MyFiles/ProgmiX/PEX-Form-main/vendor/laravel/framework/src/Illuminate/Pipeline/Pipeline.php(180): Illuminate/Foundation/Http/Kernel->Illuminate/Foundation/Http/{closure}(Object(Illuminate/Http/Request))
#62 C:/Users/user/MyFiles/ProgmiX/PEX-Form-main/vendor/barryvdh/laravel-debugbar/src/Middleware/InjectDebugbar.php(59): Illuminate/Pipeline/Pipeline->Illuminate/Pipeline/{closure}(Object(Illuminate/Http/Request))
#63 C:/Users/user/MyFiles/ProgmiX/PEX-Form-main/vendor/laravel/framework/src/Illuminate/Pipeline/Pipeline.php(219): Barryvdh/Debugbar/Middleware/InjectDebugbar->handle(Object(Illuminate/Http/Request), Object(Closure))
#64 C:/Users/user/MyFiles/ProgmiX/PEX-Form-main/modules/Backend/Http/Middleware/BlockIpMiddleware.php(31): Illuminate/Pipeline/Pipeline->Illuminate/Pipeline/{closure}(Object(Illuminate/Http/Request))
#65 C:/Users/user/MyFiles/ProgmiX/PEX-Form-main/vendor/laravel/framework/src/Illuminate/Pipeline/Pipeline.php(219): Juzaweb/Backend/Http/Middleware/BlockIpMiddleware->handle(Object(Illuminate/Http/Request), Object(Closure))
#66 C:/Users/user/MyFiles/ProgmiX/PEX-Form-main/modules/Backend/Http/Middleware/SecurityHeaders.php(25): Illuminate/Pipeline/Pipeline->Illuminate/Pipeline/{closure}(Object(Illuminate/Http/Request))
#67 C:/Users/user/MyFiles/ProgmiX/PEX-Form-main/vendor/laravel/framework/src/Illuminate/Pipeline/Pipeline.php(219): Juzaweb/Backend/Http/Middleware/SecurityHeaders->handle(Object(Illuminate/Http/Request), Object(Closure))
#68 C:/Users/user/MyFiles/ProgmiX/PEX-Form-main/vendor/laravel/framework/src/Illuminate/Foundation/Http/Middleware/TransformsRequest.php(21): Illuminate/Pipeline/Pipeline->Illuminate/Pipeline/{closure}(Object(Illuminate/Http/Request))
#69 C:/Users/user/MyFiles/ProgmiX/PEX-Form-main/vendor/laravel/framework/src/Illuminate/Foundation/Http/Middleware/ConvertEmptyStringsToNull.php(31): Illuminate/Foundation/Http/Middleware/TransformsRequest->handle(Object(Illuminate/Http/Request), Object(Closure))
#70 C:/Users/user/MyFiles/ProgmiX/PEX-Form-main/vendor/laravel/framework/src/Illuminate/Pipeline/Pipeline.php(219): Illuminate/Foundation/Http/Middleware/ConvertEmptyStringsToNull->handle(Object(Illuminate/Http/Request), Object(Closure))
#71 C:/Users/user/MyFiles/ProgmiX/PEX-Form-main/vendor/laravel/framework/src/Illuminate/Foundation/Http/Middleware/TransformsRequest.php(21): Illuminate/Pipeline/Pipeline->Illuminate/Pipeline/{closure}(Object(Illuminate/Http/Request))
#72 C:/Users/user/MyFiles/ProgmiX/PEX-Form-main/vendor/laravel/framework/src/Illuminate/Foundation/Http/Middleware/TrimStrings.php(51): Illuminate/Foundation/Http/Middleware/TransformsRequest->handle(Object(Illuminate/Http/Request), Object(Closure))
#73 C:/Users/user/MyFiles/ProgmiX/PEX-Form-main/vendor/laravel/framework/src/Illuminate/Pipeline/Pipeline.php(219): Illuminate/Foundation/Http/Middleware/TrimStrings->handle(Object(Illuminate/Http/Request), Object(Closure))
#74 C:/Users/user/MyFiles/ProgmiX/PEX-Form-main/vendor/laravel/framework/src/Illuminate/Http/Middleware/ValidatePostSize.php(27): Illuminate/Pipeline/Pipeline->Illuminate/Pipeline/{closure}(Object(Illuminate/Http/Request))
#75 C:/Users/user/MyFiles/ProgmiX/PEX-Form-main/vendor/laravel/framework/src/Illuminate/Pipeline/Pipeline.php(219): Illuminate/Http/Middleware/ValidatePostSize->handle(Object(Illuminate/Http/Request), Object(Closure))
#76 C:/Users/user/MyFiles/ProgmiX/PEX-Form-main/vendor/laravel/framework/src/Illuminate/Foundation/Http/Middleware/PreventRequestsDuringMaintenance.php(109): Illuminate/Pipeline/Pipeline->Illuminate/Pipeline/{closure}(Object(Illuminate/Http/Request))
#77 C:/Users/user/MyFiles/ProgmiX/PEX-Form-main/vendor/laravel/framework/src/Illuminate/Pipeline/Pipeline.php(219): Illuminate/Foundation/Http/Middleware/PreventRequestsDuringMaintenance->handle(Object(Illuminate/Http/Request), Object(Closure))
#78 C:/Users/user/MyFiles/ProgmiX/PEX-Form-main/vendor/laravel/framework/src/Illuminate/Http/Middleware/HandleCors.php(61): Illuminate/Pipeline/Pipeline->Illuminate/Pipeline/{closure}(Object(Illuminate/Http/Request))
#79 C:/Users/user/MyFiles/ProgmiX/PEX-Form-main/vendor/laravel/framework/src/Illuminate/Pipeline/Pipeline.php(219): Illuminate/Http/Middleware/HandleCors->handle(Object(Illuminate/Http/Request), Object(Closure))
#80 C:/Users/user/MyFiles/ProgmiX/PEX-Form-main/vendor/laravel/framework/src/Illuminate/Http/Middleware/TrustProxies.php(58): Illuminate/Pipeline/Pipeline->Illuminate/Pipeline/{closure}(Object(Illuminate/Http/Request))
#81 C:/Users/user/MyFiles/ProgmiX/PEX-Form-main/vendor/laravel/framework/src/Illuminate/Pipeline/Pipeline.php(219): Illuminate/Http/Middleware/TrustProxies->handle(Object(Illuminate/Http/Request), Object(Closure))
#82 C:/Users/user/MyFiles/ProgmiX/PEX-Form-main/vendor/laravel/framework/src/Illuminate/Pipeline/Pipeline.php(137): Illuminate/Pipeline/Pipeline->Illuminate/Pipeline/{closure}(Object(Illuminate/Http/Request))
#83 C:/Users/user/MyFiles/ProgmiX/PEX-Form-main/vendor/laravel/framework/src/Illuminate/Foundation/Http/Kernel.php(175): Illuminate/Pipeline/Pipeline->then(Object(Closure))
#84 C:/Users/user/MyFiles/ProgmiX/PEX-Form-main/vendor/laravel/framework/src/Illuminate/Foundation/Http/Kernel.php(144): Illuminate/Foundation/Http/Kernel->sendRequestThroughRouter(Object(Illuminate/Http/Request))
#85 C:/Users/user/MyFiles/ProgmiX/PEX-Form-main/public/index.php(51): Illuminate/Foundation/Http/Kernel->handle(Object(Illuminate/Http/Request))
#86 C:/Users/user/MyFiles/ProgmiX/PEX-Form-main/vendor/laravel/framework/src/Illuminate/Foundation/resources/server.php(23): require_once('C://Users//user//M...')
#87 {main}

[previous exception] [object] (ErrorException(code: 0): Undefined variable $speakerNames at C:/Users/user/MyFiles/ProgmiX/PEX-Form-main/storage/framework/views/e957588816674c7d6bc884ad75301905.php:19)
[stacktrace]
#0 C:/Users/user/MyFiles/ProgmiX/PEX-Form-main/vendor/laravel/framework/src/Illuminate/Foundation/Bootstrap/HandleExceptions.php(262): Illuminate/Foundation/Bootstrap/HandleExceptions->handleError(2, 'Undefined varia...', 'C://Users//user//M...', 19)
#1 C:/Users/user/MyFiles/ProgmiX/PEX-Form-main/storage/framework/views/e957588816674c7d6bc884ad75301905.php(19): Illuminate/Foundation/Bootstrap/HandleExceptions->Illuminate/Foundation/Bootstrap/{closure}(2, 'Undefined varia...', 'C://Users//user//M...', 19)
#2 C:/Users/user/MyFiles/ProgmiX/PEX-Form-main/vendor/laravel/framework/src/Illuminate/Filesystem/Filesystem.php(123): require('C://Users//user//M...')
#3 C:/Users/user/MyFiles/ProgmiX/PEX-Form-main/vendor/laravel/framework/src/Illuminate/Filesystem/Filesystem.php(124): Illuminate/Filesystem/Filesystem::Illuminate/Filesystem/{closure}()
#4 C:/Users/user/MyFiles/ProgmiX/PEX-Form-main/vendor/laravel/framework/src/Illuminate/View/Engines/PhpEngine.php(57): Illuminate/Filesystem/Filesystem->getRequire('C://Users//user//M...', Array)
#5 C:/Users/user/MyFiles/ProgmiX/PEX-Form-main/vendor/laravel/framework/src/Illuminate/View/Engines/CompilerEngine.php(76): Illuminate/View/Engines/PhpEngine->evaluatePath('C://Users//user//M...', Array)
#6 C:/Users/user/MyFiles/ProgmiX/PEX-Form-main/vendor/laravel/framework/src/Illuminate/View/View.php(208): Illuminate/View/Engines/CompilerEngine->get('C://Users//user//M...', Array)
#7 C:/Users/user/MyFiles/ProgmiX/PEX-Form-main/vendor/laravel/framework/src/Illuminate/View/View.php(191): Illuminate/View/View->getContents()
#8 C:/Users/user/MyFiles/ProgmiX/PEX-Form-main/vendor/laravel/framework/src/Illuminate/View/View.php(160): Illuminate/View/View->renderContents()
#9 C:/Users/user/MyFiles/ProgmiX/PEX-Form-main/storage/framework/views/078e945ecbf82d678121cbf4f8650dce.php(1): Illuminate/View/View->render()
#10 C:/Users/user/MyFiles/ProgmiX/PEX-Form-main/vendor/laravel/framework/src/Illuminate/Filesystem/Filesystem.php(123): require('C://Users//user//M...')
#11 C:/Users/user/MyFiles/ProgmiX/PEX-Form-main/vendor/laravel/framework/src/Illuminate/Filesystem/Filesystem.php(124): Illuminate/Filesystem/Filesystem::Illuminate/Filesystem/{closure}()
#12 C:/Users/user/MyFiles/ProgmiX/PEX-Form-main/vendor/laravel/framework/src/Illuminate/View/Engines/PhpEngine.php(57): Illuminate/Filesystem/Filesystem->getRequire('C://Users//user//M...', Array)
#13 C:/Users/user/MyFiles/ProgmiX/PEX-Form-main/vendor/laravel/framework/src/Illuminate/View/Engines/CompilerEngine.php(76): Illuminate/View/Engines/PhpEngine->evaluatePath('C://Users//user//M...', Array)
#14 C:/Users/user/MyFiles/ProgmiX/PEX-Form-main/vendor/laravel/framework/src/Illuminate/View/View.php(208): Illuminate/View/Engines/CompilerEngine->get('C://Users//user//M...', Array)
#15 C:/Users/user/MyFiles/ProgmiX/PEX-Form-main/vendor/laravel/framework/src/Illuminate/View/View.php(191): Illuminate/View/View->getContents()
#16 C:/Users/user/MyFiles/ProgmiX/PEX-Form-main/vendor/laravel/framework/src/Illuminate/View/View.php(160): Illuminate/View/View->renderContents()
#17 C:/Users/user/MyFiles/ProgmiX/PEX-Form-main/vendor/laravel/framework/src/Illuminate/Http/Response.php(78): Illuminate/View/View->render()
#18 C:/Users/user/MyFiles/ProgmiX/PEX-Form-main/vendor/laravel/framework/src/Illuminate/Http/Response.php(34): Illuminate/Http/Response->setContent(Object(Illuminate/View/View))
#19 C:/Users/user/MyFiles/ProgmiX/PEX-Form-main/vendor/laravel/framework/src/Illuminate/Routing/Router.php(939): Illuminate/Http/Response->__construct(Object(Illuminate/View/View), 200, Array)
#20 C:/Users/user/MyFiles/ProgmiX/PEX-Form-main/vendor/laravel/framework/src/Illuminate/Routing/Router.php(906): Illuminate/Routing/Router::toResponse(Object(Illuminate/Http/Request), Object(Illuminate/View/View))
#21 C:/Users/user/MyFiles/ProgmiX/PEX-Form-main/vendor/laravel/framework/src/Illuminate/Routing/Router.php(821): Illuminate/Routing/Router->prepareResponse(Object(Illuminate/Http/Request), Object(Illuminate/View/View))
#22 C:/Users/user/MyFiles/ProgmiX/PEX-Form-main/vendor/laravel/framework/src/Illuminate/Pipeline/Pipeline.php(180): Illuminate/Routing/Router->Illuminate/Routing/{closure}(Object(Illuminate/Http/Request))
#23 C:/Users/user/MyFiles/ProgmiX/PEX-Form-main/modules/Frontend/Http/Middleware/Locale.php(49): Illuminate/Pipeline/Pipeline->Illuminate/Pipeline/{closure}(Object(Illuminate/Http/Request))
#24 C:/Users/user/MyFiles/ProgmiX/PEX-Form-main/vendor/laravel/framework/src/Illuminate/Pipeline/Pipeline.php(219): Juzaweb/Frontend/Http/Middleware/Locale->handle(Object(Illuminate/Http/Request), Object(Closure))
#25 C:/Users/user/MyFiles/ProgmiX/PEX-Form-main/modules/Backend/Http/Middleware/SecurityHeaders.php(25): Illuminate/Pipeline/Pipeline->Illuminate/Pipeline/{closure}(Object(Illuminate/Http/Request))
#26 C:/Users/user/MyFiles/ProgmiX/PEX-Form-main/vendor/laravel/framework/src/Illuminate/Pipeline/Pipeline.php(219): Juzaweb/Backend/Http/Middleware/SecurityHeaders->handle(Object(Illuminate/Http/Request), Object(Closure))
#27 C:/Users/user/MyFiles/ProgmiX/PEX-Form-main/vendor/laravel/framework/src/Illuminate/Routing/Middleware/ThrottleRequests.php(166): Illuminate/Pipeline/Pipeline->Illuminate/Pipeline/{closure}(Object(Illuminate/Http/Request))
#28 C:/Users/user/MyFiles/ProgmiX/PEX-Form-main/vendor/laravel/framework/src/Illuminate/Routing/Middleware/ThrottleRequests.php(93): Illuminate/Routing/Middleware/ThrottleRequests->handleRequest(Object(Illuminate/Http/Request), Object(Closure), Array)
#29 C:/Users/user/MyFiles/ProgmiX/PEX-Form-main/vendor/laravel/framework/src/Illuminate/Pipeline/Pipeline.php(219): Illuminate/Routing/Middleware/ThrottleRequests->handle(Object(Illuminate/Http/Request), Object(Closure))
#30 C:/Users/user/MyFiles/ProgmiX/PEX-Form-main/modules/Backend/Http/Middleware/PathTraversal.php(57): Illuminate/Pipeline/Pipeline->Illuminate/Pipeline/{closure}(Object(Illuminate/Http/Request))
#31 C:/Users/user/MyFiles/ProgmiX/PEX-Form-main/vendor/laravel/framework/src/Illuminate/Pipeline/Pipeline.php(219): Juzaweb/Backend/Http/Middleware/PathTraversal->handle(Object(Illuminate/Http/Request), Object(Closure))
#32 C:/Users/user/MyFiles/ProgmiX/PEX-Form-main/modules/Backend/Http/Middleware/XssSanitization.php(44): Illuminate/Pipeline/Pipeline->Illuminate/Pipeline/{closure}(Object(Illuminate/Http/Request))
#33 C:/Users/user/MyFiles/ProgmiX/PEX-Form-main/vendor/laravel/framework/src/Illuminate/Pipeline/Pipeline.php(219): Juzaweb/Backend/Http/Middleware/XssSanitization->handle(Object(Illuminate/Http/Request), Object(Closure))
#34 C:/Users/user/MyFiles/ProgmiX/PEX-Form-main/vendor/spatie/laravel-csp/src/AddCspHeaders.php(13): Illuminate/Pipeline/Pipeline->Illuminate/Pipeline/{closure}(Object(Illuminate/Http/Request))
#35 C:/Users/user/MyFiles/ProgmiX/PEX-Form-main/vendor/laravel/framework/src/Illuminate/Pipeline/Pipeline.php(219): Spatie/Csp/AddCspHeaders->handle(Object(Illuminate/Http/Request), Object(Closure))
#36 C:/Users/user/MyFiles/ProgmiX/PEX-Form-main/vendor/barryvdh/laravel-debugbar/src/Middleware/InjectDebugbar.php(59): Illuminate/Pipeline/Pipeline->Illuminate/Pipeline/{closure}(Object(Illuminate/Http/Request))
#37 C:/Users/user/MyFiles/ProgmiX/PEX-Form-main/vendor/laravel/framework/src/Illuminate/Pipeline/Pipeline.php(219): Barryvdh/Debugbar/Middleware/InjectDebugbar->handle(Object(Illuminate/Http/Request), Object(Closure))
#38 C:/Users/user/MyFiles/ProgmiX/PEX-Form-main/modules/CMS/Http/Middleware/XFrameHeadersMiddleware.php(41): Illuminate/Pipeline/Pipeline->Illuminate/Pipeline/{closure}(Object(Illuminate/Http/Request))
#39 C:/Users/user/MyFiles/ProgmiX/PEX-Form-main/vendor/laravel/framework/src/Illuminate/Pipeline/Pipeline.php(219): Juzaweb/CMS/Http/Middleware/XFrameHeadersMiddleware->handle(Object(Illuminate/Http/Request), Object(Closure))
#40 C:/Users/user/MyFiles/ProgmiX/PEX-Form-main/vendor/laravel/framework/src/Illuminate/Routing/Middleware/SubstituteBindings.php(50): Illuminate/Pipeline/Pipeline->Illuminate/Pipeline/{closure}(Object(Illuminate/Http/Request))
#41 C:/Users/user/MyFiles/ProgmiX/PEX-Form-main/vendor/laravel/framework/src/Illuminate/Pipeline/Pipeline.php(219): Illuminate/Routing/Middleware/SubstituteBindings->handle(Object(Illuminate/Http/Request), Object(Closure))
#42 C:/Users/user/MyFiles/ProgmiX/PEX-Form-main/vendor/laravel/framework/src/Illuminate/Cookie/Middleware/AddQueuedCookiesToResponse.php(36): Illuminate/Pipeline/Pipeline->Illuminate/Pipeline/{closure}(Object(Illuminate/Http/Request))
#43 C:/Users/user/MyFiles/ProgmiX/PEX-Form-main/vendor/laravel/framework/src/Illuminate/Pipeline/Pipeline.php(219): Illuminate/Cookie/Middleware/AddQueuedCookiesToResponse->handle(Object(Illuminate/Http/Request), Object(Closure))
#44 C:/Users/user/MyFiles/ProgmiX/PEX-Form-main/vendor/laravel/framework/src/Illuminate/View/Middleware/ShareErrorsFromSession.php(48): Illuminate/Pipeline/Pipeline->Illuminate/Pipeline/{closure}(Object(Illuminate/Http/Request))
#45 C:/Users/user/MyFiles/ProgmiX/PEX-Form-main/modules/Backend/Http/Middleware/ShareErrorsUnlessBot.php(24): Illuminate/View/Middleware/ShareErrorsFromSession->handle(Object(Illuminate/Http/Request), Object(Closure))
#46 C:/Users/user/MyFiles/ProgmiX/PEX-Form-main/vendor/laravel/framework/src/Illuminate/Pipeline/Pipeline.php(219): Juzaweb/Backend/Http/Middleware/ShareErrorsUnlessBot->handle(Object(Illuminate/Http/Request), Object(Closure))
#47 C:/Users/user/MyFiles/ProgmiX/PEX-Form-main/vendor/laravel/framework/src/Illuminate/Session/Middleware/StartSession.php(120): Illuminate/Pipeline/Pipeline->Illuminate/Pipeline/{closure}(Object(Illuminate/Http/Request))
#48 C:/Users/user/MyFiles/ProgmiX/PEX-Form-main/vendor/laravel/framework/src/Illuminate/Session/Middleware/StartSession.php(63): Illuminate/Session/Middleware/StartSession->handleStatefulRequest(Object(Illuminate/Http/Request), Object(Illuminate/Session/Store), Object(Closure))
#49 C:/Users/user/MyFiles/ProgmiX/PEX-Form-main/modules/Backend/Http/Middleware/SkipSessionForBots.php(24): Illuminate/Session/Middleware/StartSession->handle(Object(Illuminate/Http/Request), Object(Closure))
#50 C:/Users/user/MyFiles/ProgmiX/PEX-Form-main/vendor/laravel/framework/src/Illuminate/Pipeline/Pipeline.php(219): Juzaweb/Backend/Http/Middleware/SkipSessionForBots->handle(Object(Illuminate/Http/Request), Object(Closure))
#51 C:/Users/user/MyFiles/ProgmiX/PEX-Form-main/vendor/laravel/framework/src/Illuminate/Cookie/Middleware/EncryptCookies.php(74): Illuminate/Pipeline/Pipeline->Illuminate/Pipeline/{closure}(Object(Illuminate/Http/Request))
#52 C:/Users/user/MyFiles/ProgmiX/PEX-Form-main/vendor/laravel/framework/src/Illuminate/Pipeline/Pipeline.php(219): Illuminate/Cookie/Middleware/EncryptCookies->handle(Object(Illuminate/Http/Request), Object(Closure))
#53 C:/Users/user/MyFiles/ProgmiX/PEX-Form-main/modules/CMS/Http/Middleware/GlobalMiddleware.php(11): Illuminate/Pipeline/Pipeline->Illuminate/Pipeline/{closure}(Object(Illuminate/Http/Request))
#54 C:/Users/user/MyFiles/ProgmiX/PEX-Form-main/vendor/laravel/framework/src/Illuminate/Pipeline/Pipeline.php(219): Juzaweb/CMS/Http/Middleware/GlobalMiddleware->handle(Object(Illuminate/Http/Request), Object(Closure))
#55 C:/Users/user/MyFiles/ProgmiX/PEX-Form-main/modules/Backend/Http/Middleware/DisableSessionForBots.php(30): Illuminate/Pipeline/Pipeline->Illuminate/Pipeline/{closure}(Object(Illuminate/Http/Request))
#56 C:/Users/user/MyFiles/ProgmiX/PEX-Form-main/vendor/laravel/framework/src/Illuminate/Pipeline/Pipeline.php(219): Juzaweb/Backend/Http/Middleware/DisableSessionForBots->handle(Object(Illuminate/Http/Request), Object(Closure))
#57 C:/Users/user/MyFiles/ProgmiX/PEX-Form-main/vendor/laravel/framework/src/Illuminate/Pipeline/Pipeline.php(137): Illuminate/Pipeline/Pipeline->Illuminate/Pipeline/{closure}(Object(Illuminate/Http/Request))
#58 C:/Users/user/MyFiles/ProgmiX/PEX-Form-main/vendor/laravel/framework/src/Illuminate/Routing/Router.php(821): Illuminate/Pipeline/Pipeline->then(Object(Closure))
#59 C:/Users/user/MyFiles/ProgmiX/PEX-Form-main/vendor/laravel/framework/src/Illuminate/Routing/Router.php(800): Illuminate/Routing/Router->runRouteWithinStack(Object(Illuminate/Routing/Route), Object(Illuminate/Http/Request))
#60 C:/Users/user/MyFiles/ProgmiX/PEX-Form-main/vendor/laravel/framework/src/Illuminate/Routing/Router.php(764): Illuminate/Routing/Router->runRoute(Object(Illuminate/Http/Request), Object(Illuminate/Routing/Route))
#61 C:/Users/user/MyFiles/ProgmiX/PEX-Form-main/vendor/laravel/framework/src/Illuminate/Routing/Router.php(753): Illuminate/Routing/Router->dispatchToRoute(Object(Illuminate/Http/Request))
#62 C:/Users/user/MyFiles/ProgmiX/PEX-Form-main/vendor/laravel/framework/src/Illuminate/Foundation/Http/Kernel.php(200): Illuminate/Routing/Router->dispatch(Object(Illuminate/Http/Request))
#63 C:/Users/user/MyFiles/ProgmiX/PEX-Form-main/vendor/laravel/framework/src/Illuminate/Pipeline/Pipeline.php(180): Illuminate/Foundation/Http/Kernel->Illuminate/Foundation/Http/{closure}(Object(Illuminate/Http/Request))
#64 C:/Users/user/MyFiles/ProgmiX/PEX-Form-main/vendor/barryvdh/laravel-debugbar/src/Middleware/InjectDebugbar.php(59): Illuminate/Pipeline/Pipeline->Illuminate/Pipeline/{closure}(Object(Illuminate/Http/Request))
#65 C:/Users/user/MyFiles/ProgmiX/PEX-Form-main/vendor/laravel/framework/src/Illuminate/Pipeline/Pipeline.php(219): Barryvdh/Debugbar/Middleware/InjectDebugbar->handle(Object(Illuminate/Http/Request), Object(Closure))
#66 C:/Users/user/MyFiles/ProgmiX/PEX-Form-main/modules/Backend/Http/Middleware/BlockIpMiddleware.php(31): Illuminate/Pipeline/Pipeline->Illuminate/Pipeline/{closure}(Object(Illuminate/Http/Request))
#67 C:/Users/user/MyFiles/ProgmiX/PEX-Form-main/vendor/laravel/framework/src/Illuminate/Pipeline/Pipeline.php(219): Juzaweb/Backend/Http/Middleware/BlockIpMiddleware->handle(Object(Illuminate/Http/Request), Object(Closure))
#68 C:/Users/user/MyFiles/ProgmiX/PEX-Form-main/modules/Backend/Http/Middleware/SecurityHeaders.php(25): Illuminate/Pipeline/Pipeline->Illuminate/Pipeline/{closure}(Object(Illuminate/Http/Request))
#69 C:/Users/user/MyFiles/ProgmiX/PEX-Form-main/vendor/laravel/framework/src/Illuminate/Pipeline/Pipeline.php(219): Juzaweb/Backend/Http/Middleware/SecurityHeaders->handle(Object(Illuminate/Http/Request), Object(Closure))
#70 C:/Users/user/MyFiles/ProgmiX/PEX-Form-main/vendor/laravel/framework/src/Illuminate/Foundation/Http/Middleware/TransformsRequest.php(21): Illuminate/Pipeline/Pipeline->Illuminate/Pipeline/{closure}(Object(Illuminate/Http/Request))
#71 C:/Users/user/MyFiles/ProgmiX/PEX-Form-main/vendor/laravel/framework/src/Illuminate/Foundation/Http/Middleware/ConvertEmptyStringsToNull.php(31): Illuminate/Foundation/Http/Middleware/TransformsRequest->handle(Object(Illuminate/Http/Request), Object(Closure))
#72 C:/Users/user/MyFiles/ProgmiX/PEX-Form-main/vendor/laravel/framework/src/Illuminate/Pipeline/Pipeline.php(219): Illuminate/Foundation/Http/Middleware/ConvertEmptyStringsToNull->handle(Object(Illuminate/Http/Request), Object(Closure))
#73 C:/Users/user/MyFiles/ProgmiX/PEX-Form-main/vendor/laravel/framework/src/Illuminate/Foundation/Http/Middleware/TransformsRequest.php(21): Illuminate/Pipeline/Pipeline->Illuminate/Pipeline/{closure}(Object(Illuminate/Http/Request))
#74 C:/Users/user/MyFiles/ProgmiX/PEX-Form-main/vendor/laravel/framework/src/Illuminate/Foundation/Http/Middleware/TrimStrings.php(51): Illuminate/Foundation/Http/Middleware/TransformsRequest->handle(Object(Illuminate/Http/Request), Object(Closure))
#75 C:/Users/user/MyFiles/ProgmiX/PEX-Form-main/vendor/laravel/framework/src/Illuminate/Pipeline/Pipeline.php(219): Illuminate/Foundation/Http/Middleware/TrimStrings->handle(Object(Illuminate/Http/Request), Object(Closure))
#76 C:/Users/user/MyFiles/ProgmiX/PEX-Form-main/vendor/laravel/framework/src/Illuminate/Http/Middleware/ValidatePostSize.php(27): Illuminate/Pipeline/Pipeline->Illuminate/Pipeline/{closure}(Object(Illuminate/Http/Request))
#77 C:/Users/user/MyFiles/ProgmiX/PEX-Form-main/vendor/laravel/framework/src/Illuminate/Pipeline/Pipeline.php(219): Illuminate/Http/Middleware/ValidatePostSize->handle(Object(Illuminate/Http/Request), Object(Closure))
#78 C:/Users/user/MyFiles/ProgmiX/PEX-Form-main/vendor/laravel/framework/src/Illuminate/Foundation/Http/Middleware/PreventRequestsDuringMaintenance.php(109): Illuminate/Pipeline/Pipeline->Illuminate/Pipeline/{closure}(Object(Illuminate/Http/Request))
#79 C:/Users/user/MyFiles/ProgmiX/PEX-Form-main/vendor/laravel/framework/src/Illuminate/Pipeline/Pipeline.php(219): Illuminate/Foundation/Http/Middleware/PreventRequestsDuringMaintenance->handle(Object(Illuminate/Http/Request), Object(Closure))
#80 C:/Users/user/MyFiles/ProgmiX/PEX-Form-main/vendor/laravel/framework/src/Illuminate/Http/Middleware/HandleCors.php(61): Illuminate/Pipeline/Pipeline->Illuminate/Pipeline/{closure}(Object(Illuminate/Http/Request))
#81 C:/Users/user/MyFiles/ProgmiX/PEX-Form-main/vendor/laravel/framework/src/Illuminate/Pipeline/Pipeline.php(219): Illuminate/Http/Middleware/HandleCors->handle(Object(Illuminate/Http/Request), Object(Closure))
#82 C:/Users/user/MyFiles/ProgmiX/PEX-Form-main/vendor/laravel/framework/src/Illuminate/Http/Middleware/TrustProxies.php(58): Illuminate/Pipeline/Pipeline->Illuminate/Pipeline/{closure}(Object(Illuminate/Http/Request))
#83 C:/Users/user/MyFiles/ProgmiX/PEX-Form-main/vendor/laravel/framework/src/Illuminate/Pipeline/Pipeline.php(219): Illuminate/Http/Middleware/TrustProxies->handle(Object(Illuminate/Http/Request), Object(Closure))
#84 C:/Users/user/MyFiles/ProgmiX/PEX-Form-main/vendor/laravel/framework/src/Illuminate/Pipeline/Pipeline.php(137): Illuminate/Pipeline/Pipeline->Illuminate/Pipeline/{closure}(Object(Illuminate/Http/Request))
#85 C:/Users/user/MyFiles/ProgmiX/PEX-Form-main/vendor/laravel/framework/src/Illuminate/Foundation/Http/Kernel.php(175): Illuminate/Pipeline/Pipeline->then(Object(Closure))
#86 C:/Users/user/MyFiles/ProgmiX/PEX-Form-main/vendor/laravel/framework/src/Illuminate/Foundation/Http/Kernel.php(144): Illuminate/Foundation/Http/Kernel->sendRequestThroughRouter(Object(Illuminate/Http/Request))
#87 C:/Users/user/MyFiles/ProgmiX/PEX-Form-main/public/index.php(51): Illuminate/Foundation/Http/Kernel->handle(Object(Illuminate/Http/Request))
#88 C:/Users/user/MyFiles/ProgmiX/PEX-Form-main/vendor/laravel/framework/src/Illuminate/Foundation/resources/server.php(23): require_once('C://Users//user//M...')
#89 {main}
"} 
[2026-09-21 15:52:29] local.ERROR: Undefined variable $speakerNames {"userId":1,"exception":"[object] (Spatie\\LaravelIgnition\\Exceptions\\ViewException(code: 0): Undefined variable $speakerNames at C:/Users/user/MyFiles/ProgmiX/PEX-Form-main/modules/Frontend/resources/views/templates/homepage/pex/agenda.blade.php:1)
[stacktrace]
#0 C:/Users/user/MyFiles/ProgmiX/PEX-Form-main/vendor/laravel/framework/src/Illuminate/Filesystem/Filesystem.php(123): require('C://Users//user//M...')
#1 C:/Users/user/MyFiles/ProgmiX/PEX-Form-main/vendor/laravel/framework/src/Illuminate/Filesystem/Filesystem.php(124): Illuminate/Filesystem/Filesystem::Illuminate/Filesystem/{closure}()
#2 C:/Users/user/MyFiles/ProgmiX/PEX-Form-main/vendor/laravel/framework/src/Illuminate/View/Engines/PhpEngine.php(57): Illuminate/Filesystem/Filesystem->getRequire('C://Users//user//M...', Array)
#3 C:/Users/user/MyFiles/ProgmiX/PEX-Form-main/vendor/laravel/framework/src/Illuminate/View/Engines/CompilerEngine.php(76): Illuminate/View/Engines/PhpEngine->evaluatePath('C://Users//user//M...', Array)
#4 C:/Users/user/MyFiles/ProgmiX/PEX-Form-main/vendor/laravel/framework/src/Illuminate/View/View.php(208): Illuminate/View/Engines/CompilerEngine->get('C://Users//user//M...', Array)
#5 C:/Users/user/MyFiles/ProgmiX/PEX-Form-main/vendor/laravel/framework/src/Illuminate/View/View.php(191): Illuminate/View/View->getContents()
#6 C:/Users/user/MyFiles/ProgmiX/PEX-Form-main/vendor/laravel/framework/src/Illuminate/View/View.php(160): Illuminate/View/View->renderContents()
#7 C:/Users/user/MyFiles/ProgmiX/PEX-Form-main/modules/Frontend/resources/views/home.blade.php(1): Illuminate/View/View->render()
#8 C:/Users/user/MyFiles/ProgmiX/PEX-Form-main/vendor/laravel/framework/src/Illuminate/Filesystem/Filesystem.php(123): require('C://Users//user//M...')
#9 C:/Users/user/MyFiles/ProgmiX/PEX-Form-main/vendor/laravel/framework/src/Illuminate/Filesystem/Filesystem.php(124): Illuminate/Filesystem/Filesystem::Illuminate/Filesystem/{closure}()
#10 C:/Users/user/MyFiles/ProgmiX/PEX-Form-main/vendor/laravel/framework/src/Illuminate/View/Engines/PhpEngine.php(57): Illuminate/Filesystem/Filesystem->getRequire('C://Users//user//M...', Array)
#11 C:/Users/user/MyFiles/ProgmiX/PEX-Form-main/vendor/laravel/framework/src/Illuminate/View/Engines/CompilerEngine.php(76): Illuminate/View/Engines/PhpEngine->evaluatePath('C://Users//user//M...', Array)
#12 C:/Users/user/MyFiles/ProgmiX/PEX-Form-main/vendor/laravel/framework/src/Illuminate/View/View.php(208): Illuminate/View/Engines/CompilerEngine->get('C://Users//user//M...', Array)
#13 C:/Users/user/MyFiles/ProgmiX/PEX-Form-main/vendor/laravel/framework/src/Illuminate/View/View.php(191): Illuminate/View/View->getContents()
#14 C:/Users/user/MyFiles/ProgmiX/PEX-Form-main/vendor/laravel/framework/src/Illuminate/View/View.php(160): Illuminate/View/View->renderContents()
#15 C:/Users/user/MyFiles/ProgmiX/PEX-Form-main/vendor/laravel/framework/src/Illuminate/Http/Response.php(78): Illuminate/View/View->render()
#16 C:/Users/user/MyFiles/ProgmiX/PEX-Form-main/vendor/laravel/framework/src/Illuminate/Http/Response.php(34): Illuminate/Http/Response->setContent(Object(Illuminate/View/View))
#17 C:/Users/user/MyFiles/ProgmiX/PEX-Form-main/vendor/laravel/framework/src/Illuminate/Routing/Router.php(939): Illuminate/Http/Response->__construct(Object(Illuminate/View/View), 200, Array)
#18 C:/Users/user/MyFiles/ProgmiX/PEX-Form-main/vendor/laravel/framework/src/Illuminate/Routing/Router.php(906): Illuminate/Routing/Router::toResponse(Object(Illuminate/Http/Request), Object(Illuminate/View/View))
#19 C:/Users/user/MyFiles/ProgmiX/PEX-Form-main/vendor/laravel/framework/src/Illuminate/Routing/Router.php(821): Illuminate/Routing/Router->prepareResponse(Object(Illuminate/Http/Request), Object(Illuminate/View/View))
#20 C:/Users/user/MyFiles/ProgmiX/PEX-Form-main/vendor/laravel/framework/src/Illuminate/Pipeline/Pipeline.php(180): Illuminate/Routing/Router->Illuminate/Routing/{closure}(Object(Illuminate/Http/Request))
#21 C:/Users/user/MyFiles/ProgmiX/PEX-Form-main/modules/Frontend/Http/Middleware/Locale.php(49): Illuminate/Pipeline/Pipeline->Illuminate/Pipeline/{closure}(Object(Illuminate/Http/Request))
#22 C:/Users/user/MyFiles/ProgmiX/PEX-Form-main/vendor/laravel/framework/src/Illuminate/Pipeline/Pipeline.php(219): Juzaweb/Frontend/Http/Middleware/Locale->handle(Object(Illuminate/Http/Request), Object(Closure))
#23 C:/Users/user/MyFiles/ProgmiX/PEX-Form-main/modules/Backend/Http/Middleware/SecurityHeaders.php(25): Illuminate/Pipeline/Pipeline->Illuminate/Pipeline/{closure}(Object(Illuminate/Http/Request))
#24 C:/Users/user/MyFiles/ProgmiX/PEX-Form-main/vendor/laravel/framework/src/Illuminate/Pipeline/Pipeline.php(219): Juzaweb/Backend/Http/Middleware/SecurityHeaders->handle(Object(Illuminate/Http/Request), Object(Closure))
#25 C:/Users/user/MyFiles/ProgmiX/PEX-Form-main/vendor/laravel/framework/src/Illuminate/Routing/Middleware/ThrottleRequests.php(166): Illuminate/Pipeline/Pipeline->Illuminate/Pipeline/{closure}(Object(Illuminate/Http/Request))
#26 C:/Users/user/MyFiles/ProgmiX/PEX-Form-main/vendor/laravel/framework/src/Illuminate/Routing/Middleware/ThrottleRequests.php(93): Illuminate/Routing/Middleware/ThrottleRequests->handleRequest(Object(Illuminate/Http/Request), Object(Closure), Array)
#27 C:/Users/user/MyFiles/ProgmiX/PEX-Form-main/vendor/laravel/framework/src/Illuminate/Pipeline/Pipeline.php(219): Illuminate/Routing/Middleware/ThrottleRequests->handle(Object(Illuminate/Http/Request), Object(Closure))
#28 C:/Users/user/MyFiles/ProgmiX/PEX-Form-main/modules/Backend/Http/Middleware/PathTraversal.php(57): Illuminate/Pipeline/Pipeline->Illuminate/Pipeline/{closure}(Object(Illuminate/Http/Request))
#29 C:/Users/user/MyFiles/ProgmiX/PEX-Form-main/vendor/laravel/framework/src/Illuminate/Pipeline/Pipeline.php(219): Juzaweb/Backend/Http/Middleware/PathTraversal->handle(Object(Illuminate/Http/Request), Object(Closure))
#30 C:/Users/user/MyFiles/ProgmiX/PEX-Form-main/modules/Backend/Http/Middleware/XssSanitization.php(44): Illuminate/Pipeline/Pipeline->Illuminate/Pipeline/{closure}(Object(Illuminate/Http/Request))
#31 C:/Users/user/MyFiles/ProgmiX/PEX-Form-main/vendor/laravel/framework/src/Illuminate/Pipeline/Pipeline.php(219): Juzaweb/Backend/Http/Middleware/XssSanitization->handle(Object(Illuminate/Http/Request), Object(Closure))
#32 C:/Users/user/MyFiles/ProgmiX/PEX-Form-main/vendor/spatie/laravel-csp/src/AddCspHeaders.php(13): Illuminate/Pipeline/Pipeline->Illuminate/Pipeline/{closure}(Object(Illuminate/Http/Request))
#33 C:/Users/user/MyFiles/ProgmiX/PEX-Form-main/vendor/laravel/framework/src/Illuminate/Pipeline/Pipeline.php(219): Spatie/Csp/AddCspHeaders->handle(Object(Illuminate/Http/Request), Object(Closure))
#34 C:/Users/user/MyFiles/ProgmiX/PEX-Form-main/vendor/barryvdh/laravel-debugbar/src/Middleware/InjectDebugbar.php(59): Illuminate/Pipeline/Pipeline->Illuminate/Pipeline/{closure}(Object(Illuminate/Http/Request))
#35 C:/Users/user/MyFiles/ProgmiX/PEX-Form-main/vendor/laravel/framework/src/Illuminate/Pipeline/Pipeline.php(219): Barryvdh/Debugbar/Middleware/InjectDebugbar->handle(Object(Illuminate/Http/Request), Object(Closure))
#36 C:/Users/user/MyFiles/ProgmiX/PEX-Form-main/modules/CMS/Http/Middleware/XFrameHeadersMiddleware.php(41): Illuminate/Pipeline/Pipeline->Illuminate/Pipeline/{closure}(Object(Illuminate/Http/Request))
#37 C:/Users/user/MyFiles/ProgmiX/PEX-Form-main/vendor/laravel/framework/src/Illuminate/Pipeline/Pipeline.php(219): Juzaweb/CMS/Http/Middleware/XFrameHeadersMiddleware->handle(Object(Illuminate/Http/Request), Object(Closure))
#38 C:/Users/user/MyFiles/ProgmiX/PEX-Form-main/vendor/laravel/framework/src/Illuminate/Routing/Middleware/SubstituteBindings.php(50): Illuminate/Pipeline/Pipeline->Illuminate/Pipeline/{closure}(Object(Illuminate/Http/Request))
#39 C:/Users/user/MyFiles/ProgmiX/PEX-Form-main/vendor/laravel/framework/src/Illuminate/Pipeline/Pipeline.php(219): Illuminate/Routing/Middleware/SubstituteBindings->handle(Object(Illuminate/Http/Request), Object(Closure))
#40 C:/Users/user/MyFiles/ProgmiX/PEX-Form-main/vendor/laravel/framework/src/Illuminate/Cookie/Middleware/AddQueuedCookiesToResponse.php(36): Illuminate/Pipeline/Pipeline->Illuminate/Pipeline/{closure}(Object(Illuminate/Http/Request))
#41 C:/Users/user/MyFiles/ProgmiX/PEX-Form-main/vendor/laravel/framework/src/Illuminate/Pipeline/Pipeline.php(219): Illuminate/Cookie/Middleware/AddQueuedCookiesToResponse->handle(Object(Illuminate/Http/Request), Object(Closure))
#42 C:/Users/user/MyFiles/ProgmiX/PEX-Form-main/vendor/laravel/framework/src/Illuminate/View/Middleware/ShareErrorsFromSession.php(48): Illuminate/Pipeline/Pipeline->Illuminate/Pipeline/{closure}(Object(Illuminate/Http/Request))
#43 C:/Users/user/MyFiles/ProgmiX/PEX-Form-main/modules/Backend/Http/Middleware/ShareErrorsUnlessBot.php(24): Illuminate/View/Middleware/ShareErrorsFromSession->handle(Object(Illuminate/Http/Request), Object(Closure))
#44 C:/Users/user/MyFiles/ProgmiX/PEX-Form-main/vendor/laravel/framework/src/Illuminate/Pipeline/Pipeline.php(219): Juzaweb/Backend/Http/Middleware/ShareErrorsUnlessBot->handle(Object(Illuminate/Http/Request), Object(Closure))
#45 C:/Users/user/MyFiles/ProgmiX/PEX-Form-main/vendor/laravel/framework/src/Illuminate/Session/Middleware/StartSession.php(120): Illuminate/Pipeline/Pipeline->Illuminate/Pipeline/{closure}(Object(Illuminate/Http/Request))
#46 C:/Users/user/MyFiles/ProgmiX/PEX-Form-main/vendor/laravel/framework/src/Illuminate/Session/Middleware/StartSession.php(63): Illuminate/Session/Middleware/StartSession->handleStatefulRequest(Object(Illuminate/Http/Request), Object(Illuminate/Session/Store), Object(Closure))
#47 C:/Users/user/MyFiles/ProgmiX/PEX-Form-main/modules/Backend/Http/Middleware/SkipSessionForBots.php(24): Illuminate/Session/Middleware/StartSession->handle(Object(Illuminate/Http/Request), Object(Closure))
#48 C:/Users/user/MyFiles/ProgmiX/PEX-Form-main/vendor/laravel/framework/src/Illuminate/Pipeline/Pipeline.php(219): Juzaweb/Backend/Http/Middleware/SkipSessionForBots->handle(Object(Illuminate/Http/Request), Object(Closure))
#49 C:/Users/user/MyFiles/ProgmiX/PEX-Form-main/vendor/laravel/framework/src/Illuminate/Cookie/Middleware/EncryptCookies.php(74): Illuminate/Pipeline/Pipeline->Illuminate/Pipeline/{closure}(Object(Illuminate/Http/Request))
#50 C:/Users/user/MyFiles/ProgmiX/PEX-Form-main/vendor/laravel/framework/src/Illuminate/Pipeline/Pipeline.php(219): Illuminate/Cookie/Middleware/EncryptCookies->handle(Object(Illuminate/Http/Request), Object(Closure))
#51 C:/Users/user/MyFiles/ProgmiX/PEX-Form-main/modules/CMS/Http/Middleware/GlobalMiddleware.php(11): Illuminate/Pipeline/Pipeline->Illuminate/Pipeline/{closure}(Object(Illuminate/Http/Request))
#52 C:/Users/user/MyFiles/ProgmiX/PEX-Form-main/vendor/laravel/framework/src/Illuminate/Pipeline/Pipeline.php(219): Juzaweb/CMS/Http/Middleware/GlobalMiddleware->handle(Object(Illuminate/Http/Request), Object(Closure))
#53 C:/Users/user/MyFiles/ProgmiX/PEX-Form-main/modules/Backend/Http/Middleware/DisableSessionForBots.php(30): Illuminate/Pipeline/Pipeline->Illuminate/Pipeline/{closure}(Object(Illuminate/Http/Request))
#54 C:/Users/user/MyFiles/ProgmiX/PEX-Form-main/vendor/laravel/framework/src/Illuminate/Pipeline/Pipeline.php(219): Juzaweb/Backend/Http/Middleware/DisableSessionForBots->handle(Object(Illuminate/Http/Request), Object(Closure))
#55 C:/Users/user/MyFiles/ProgmiX/PEX-Form-main/vendor/laravel/framework/src/Illuminate/Pipeline/Pipeline.php(137): Illuminate/Pipeline/Pipeline->Illuminate/Pipeline/{closure}(Object(Illuminate/Http/Request))
#56 C:/Users/user/MyFiles/ProgmiX/PEX-Form-main/vendor/laravel/framework/src/Illuminate/Routing/Router.php(821): Illuminate/Pipeline/Pipeline->then(Object(Closure))
#57 C:/Users/user/MyFiles/ProgmiX/PEX-Form-main/vendor/laravel/framework/src/Illuminate/Routing/Router.php(800): Illuminate/Routing/Router->runRouteWithinStack(Object(Illuminate/Routing/Route), Object(Illuminate/Http/Request))
#58 C:/Users/user/MyFiles/ProgmiX/PEX-Form-main/vendor/laravel/framework/src/Illuminate/Routing/Router.php(764): Illuminate/Routing/Router->runRoute(Object(Illuminate/Http/Request), Object(Illuminate/Routing/Route))
#59 C:/Users/user/MyFiles/ProgmiX/PEX-Form-main/vendor/laravel/framework/src/Illuminate/Routing/Router.php(753): Illuminate/Routing/Router->dispatchToRoute(Object(Illuminate/Http/Request))
#60 C:/Users/user/MyFiles/ProgmiX/PEX-Form-main/vendor/laravel/framework/src/Illuminate/Foundation/Http/Kernel.php(200): Illuminate/Routing/Router->dispatch(Object(Illuminate/Http/Request))
#61 C:/Users/user/MyFiles/ProgmiX/PEX-Form-main/vendor/laravel/framework/src/Illuminate/Pipeline/Pipeline.php(180): Illuminate/Foundation/Http/Kernel->Illuminate/Foundation/Http/{closure}(Object(Illuminate/Http/Request))
#62 C:/Users/user/MyFiles/ProgmiX/PEX-Form-main/vendor/barryvdh/laravel-debugbar/src/Middleware/InjectDebugbar.php(59): Illuminate/Pipeline/Pipeline->Illuminate/Pipeline/{closure}(Object(Illuminate/Http/Request))
#63 C:/Users/user/MyFiles/ProgmiX/PEX-Form-main/vendor/laravel/framework/src/Illuminate/Pipeline/Pipeline.php(219): Barryvdh/Debugbar/Middleware/InjectDebugbar->handle(Object(Illuminate/Http/Request), Object(Closure))
#64 C:/Users/user/MyFiles/ProgmiX/PEX-Form-main/modules/Backend/Http/Middleware/BlockIpMiddleware.php(31): Illuminate/Pipeline/Pipeline->Illuminate/Pipeline/{closure}(Object(Illuminate/Http/Request))
#65 C:/Users/user/MyFiles/ProgmiX/PEX-Form-main/vendor/laravel/framework/src/Illuminate/Pipeline/Pipeline.php(219): Juzaweb/Backend/Http/Middleware/BlockIpMiddleware->handle(Object(Illuminate/Http/Request), Object(Closure))
#66 C:/Users/user/MyFiles/ProgmiX/PEX-Form-main/modules/Backend/Http/Middleware/SecurityHeaders.php(25): Illuminate/Pipeline/Pipeline->Illuminate/Pipeline/{closure}(Object(Illuminate/Http/Request))
#67 C:/Users/user/MyFiles/ProgmiX/PEX-Form-main/vendor/laravel/framework/src/Illuminate/Pipeline/Pipeline.php(219): Juzaweb/Backend/Http/Middleware/SecurityHeaders->handle(Object(Illuminate/Http/Request), Object(Closure))
#68 C:/Users/user/MyFiles/ProgmiX/PEX-Form-main/vendor/laravel/framework/src/Illuminate/Foundation/Http/Middleware/TransformsRequest.php(21): Illuminate/Pipeline/Pipeline->Illuminate/Pipeline/{closure}(Object(Illuminate/Http/Request))
#69 C:/Users/user/MyFiles/ProgmiX/PEX-Form-main/vendor/laravel/framework/src/Illuminate/Foundation/Http/Middleware/ConvertEmptyStringsToNull.php(31): Illuminate/Foundation/Http/Middleware/TransformsRequest->handle(Object(Illuminate/Http/Request), Object(Closure))
#70 C:/Users/user/MyFiles/ProgmiX/PEX-Form-main/vendor/laravel/framework/src/Illuminate/Pipeline/Pipeline.php(219): Illuminate/Foundation/Http/Middleware/ConvertEmptyStringsToNull->handle(Object(Illuminate/Http/Request), Object(Closure))
#71 C:/Users/user/MyFiles/ProgmiX/PEX-Form-main/vendor/laravel/framework/src/Illuminate/Foundation/Http/Middleware/TransformsRequest.php(21): Illuminate/Pipeline/Pipeline->Illuminate/Pipeline/{closure}(Object(Illuminate/Http/Request))
#72 C:/Users/user/MyFiles/ProgmiX/PEX-Form-main/vendor/laravel/framework/src/Illuminate/Foundation/Http/Middleware/TrimStrings.php(51): Illuminate/Foundation/Http/Middleware/TransformsRequest->handle(Object(Illuminate/Http/Request), Object(Closure))
#73 C:/Users/user/MyFiles/ProgmiX/PEX-Form-main/vendor/laravel/framework/src/Illuminate/Pipeline/Pipeline.php(219): Illuminate/Foundation/Http/Middleware/TrimStrings->handle(Object(Illuminate/Http/Request), Object(Closure))
#74 C:/Users/user/MyFiles/ProgmiX/PEX-Form-main/vendor/laravel/framework/src/Illuminate/Http/Middleware/ValidatePostSize.php(27): Illuminate/Pipeline/Pipeline->Illuminate/Pipeline/{closure}(Object(Illuminate/Http/Request))
#75 C:/Users/user/MyFiles/ProgmiX/PEX-Form-main/vendor/laravel/framework/src/Illuminate/Pipeline/Pipeline.php(219): Illuminate/Http/Middleware/ValidatePostSize->handle(Object(Illuminate/Http/Request), Object(Closure))
#76 C:/Users/user/MyFiles/ProgmiX/PEX-Form-main/vendor/laravel/framework/src/Illuminate/Foundation/Http/Middleware/PreventRequestsDuringMaintenance.php(109): Illuminate/Pipeline/Pipeline->Illuminate/Pipeline/{closure}(Object(Illuminate/Http/Request))
#77 C:/Users/user/MyFiles/ProgmiX/PEX-Form-main/vendor/laravel/framework/src/Illuminate/Pipeline/Pipeline.php(219): Illuminate/Foundation/Http/Middleware/PreventRequestsDuringMaintenance->handle(Object(Illuminate/Http/Request), Object(Closure))
#78 C:/Users/user/MyFiles/ProgmiX/PEX-Form-main/vendor/laravel/framework/src/Illuminate/Http/Middleware/HandleCors.php(61): Illuminate/Pipeline/Pipeline->Illuminate/Pipeline/{closure}(Object(Illuminate/Http/Request))
#79 C:/Users/user/MyFiles/ProgmiX/PEX-Form-main/vendor/laravel/framework/src/Illuminate/Pipeline/Pipeline.php(219): Illuminate/Http/Middleware/HandleCors->handle(Object(Illuminate/Http/Request), Object(Closure))
#80 C:/Users/user/MyFiles/ProgmiX/PEX-Form-main/vendor/laravel/framework/src/Illuminate/Http/Middleware/TrustProxies.php(58): Illuminate/Pipeline/Pipeline->Illuminate/Pipeline/{closure}(Object(Illuminate/Http/Request))
#81 C:/Users/user/MyFiles/ProgmiX/PEX-Form-main/vendor/laravel/framework/src/Illuminate/Pipeline/Pipeline.php(219): Illuminate/Http/Middleware/TrustProxies->handle(Object(Illuminate/Http/Request), Object(Closure))
#82 C:/Users/user/MyFiles/ProgmiX/PEX-Form-main/vendor/laravel/framework/src/Illuminate/Pipeline/Pipeline.php(137): Illuminate/Pipeline/Pipeline->Illuminate/Pipeline/{closure}(Object(Illuminate/Http/Request))
#83 C:/Users/user/MyFiles/ProgmiX/PEX-Form-main/vendor/laravel/framework/src/Illuminate/Foundation/Http/Kernel.php(175): Illuminate/Pipeline/Pipeline->then(Object(Closure))
#84 C:/Users/user/MyFiles/ProgmiX/PEX-Form-main/vendor/laravel/framework/src/Illuminate/Foundation/Http/Kernel.php(144): Illuminate/Foundation/Http/Kernel->sendRequestThroughRouter(Object(Illuminate/Http/Request))
#85 C:/Users/user/MyFiles/ProgmiX/PEX-Form-main/public/index.php(51): Illuminate/Foundation/Http/Kernel->handle(Object(Illuminate/Http/Request))
#86 C:/Users/user/MyFiles/ProgmiX/PEX-Form-main/vendor/laravel/framework/src/Illuminate/Foundation/resources/server.php(23): require_once('C://Users//user//M...')
#87 {main}

[previous exception] [object] (ErrorException(code: 0): Undefined variable $speakerNames at C:/Users/user/MyFiles/ProgmiX/PEX-Form-main/storage/framework/views/e957588816674c7d6bc884ad75301905.php:19)
[stacktrace]
#0 C:/Users/user/MyFiles/ProgmiX/PEX-Form-main/vendor/laravel/framework/src/Illuminate/Foundation/Bootstrap/HandleExceptions.php(262): Illuminate/Foundation/Bootstrap/HandleExceptions->handleError(2, 'Undefined varia...', 'C://Users//user//M...', 19)
#1 C:/Users/user/MyFiles/ProgmiX/PEX-Form-main/storage/framework/views/e957588816674c7d6bc884ad75301905.php(19): Illuminate/Foundation/Bootstrap/HandleExceptions->Illuminate/Foundation/Bootstrap/{closure}(2, 'Undefined varia...', 'C://Users//user//M...', 19)
#2 C:/Users/user/MyFiles/ProgmiX/PEX-Form-main/vendor/laravel/framework/src/Illuminate/Filesystem/Filesystem.php(123): require('C://Users//user//M...')
#3 C:/Users/user/MyFiles/ProgmiX/PEX-Form-main/vendor/laravel/framework/src/Illuminate/Filesystem/Filesystem.php(124): Illuminate/Filesystem/Filesystem::Illuminate/Filesystem/{closure}()
#4 C:/Users/user/MyFiles/ProgmiX/PEX-Form-main/vendor/laravel/framework/src/Illuminate/View/Engines/PhpEngine.php(57): Illuminate/Filesystem/Filesystem->getRequire('C://Users//user//M...', Array)
#5 C:/Users/user/MyFiles/ProgmiX/PEX-Form-main/vendor/laravel/framework/src/Illuminate/View/Engines/CompilerEngine.php(76): Illuminate/View/Engines/PhpEngine->evaluatePath('C://Users//user//M...', Array)
#6 C:/Users/user/MyFiles/ProgmiX/PEX-Form-main/vendor/laravel/framework/src/Illuminate/View/View.php(208): Illuminate/View/Engines/CompilerEngine->get('C://Users//user//M...', Array)
#7 C:/Users/user/MyFiles/ProgmiX/PEX-Form-main/vendor/laravel/framework/src/Illuminate/View/View.php(191): Illuminate/View/View->getContents()
#8 C:/Users/user/MyFiles/ProgmiX/PEX-Form-main/vendor/laravel/framework/src/Illuminate/View/View.php(160): Illuminate/View/View->renderContents()
#9 C:/Users/user/MyFiles/ProgmiX/PEX-Form-main/storage/framework/views/078e945ecbf82d678121cbf4f8650dce.php(1): Illuminate/View/View->render()
#10 C:/Users/user/MyFiles/ProgmiX/PEX-Form-main/vendor/laravel/framework/src/Illuminate/Filesystem/Filesystem.php(123): require('C://Users//user//M...')
#11 C:/Users/user/MyFiles/ProgmiX/PEX-Form-main/vendor/laravel/framework/src/Illuminate/Filesystem/Filesystem.php(124): Illuminate/Filesystem/Filesystem::Illuminate/Filesystem/{closure}()
#12 C:/Users/user/MyFiles/ProgmiX/PEX-Form-main/vendor/laravel/framework/src/Illuminate/View/Engines/PhpEngine.php(57): Illuminate/Filesystem/Filesystem->getRequire('C://Users//user//M...', Array)
#13 C:/Users/user/MyFiles/ProgmiX/PEX-Form-main/vendor/laravel/framework/src/Illuminate/View/Engines/CompilerEngine.php(76): Illuminate/View/Engines/PhpEngine->evaluatePath('C://Users//user//M...', Array)
#14 C:/Users/user/MyFiles/ProgmiX/PEX-Form-main/vendor/laravel/framework/src/Illuminate/View/View.php(208): Illuminate/View/Engines/CompilerEngine->get('C://Users//user//M...', Array)
#15 C:/Users/user/MyFiles/ProgmiX/PEX-Form-main/vendor/laravel/framework/src/Illuminate/View/View.php(191): Illuminate/View/View->getContents()
#16 C:/Users/user/MyFiles/ProgmiX/PEX-Form-main/vendor/laravel/framework/src/Illuminate/View/View.php(160): Illuminate/View/View->renderContents()
#17 C:/Users/user/MyFiles/ProgmiX/PEX-Form-main/vendor/laravel/framework/src/Illuminate/Http/Response.php(78): Illuminate/View/View->render()
#18 C:/Users/user/MyFiles/ProgmiX/PEX-Form-main/vendor/laravel/framework/src/Illuminate/Http/Response.php(34): Illuminate/Http/Response->setContent(Object(Illuminate/View/View))
#19 C:/Users/user/MyFiles/ProgmiX/PEX-Form-main/vendor/laravel/framework/src/Illuminate/Routing/Router.php(939): Illuminate/Http/Response->__construct(Object(Illuminate/View/View), 200, Array)
#20 C:/Users/user/MyFiles/ProgmiX/PEX-Form-main/vendor/laravel/framework/src/Illuminate/Routing/Router.php(906): Illuminate/Routing/Router::toResponse(Object(Illuminate/Http/Request), Object(Illuminate/View/View))
#21 C:/Users/user/MyFiles/ProgmiX/PEX-Form-main/vendor/laravel/framework/src/Illuminate/Routing/Router.php(821): Illuminate/Routing/Router->prepareResponse(Object(Illuminate/Http/Request), Object(Illuminate/View/View))
#22 C:/Users/user/MyFiles/ProgmiX/PEX-Form-main/vendor/laravel/framework/src/Illuminate/Pipeline/Pipeline.php(180): Illuminate/Routing/Router->Illuminate/Routing/{closure}(Object(Illuminate/Http/Request))
#23 C:/Users/user/MyFiles/ProgmiX/PEX-Form-main/modules/Frontend/Http/Middleware/Locale.php(49): Illuminate/Pipeline/Pipeline->Illuminate/Pipeline/{closure}(Object(Illuminate/Http/Request))
#24 C:/Users/user/MyFiles/ProgmiX/PEX-Form-main/vendor/laravel/framework/src/Illuminate/Pipeline/Pipeline.php(219): Juzaweb/Frontend/Http/Middleware/Locale->handle(Object(Illuminate/Http/Request), Object(Closure))
#25 C:/Users/user/MyFiles/ProgmiX/PEX-Form-main/modules/Backend/Http/Middleware/SecurityHeaders.php(25): Illuminate/Pipeline/Pipeline->Illuminate/Pipeline/{closure}(Object(Illuminate/Http/Request))
#26 C:/Users/user/MyFiles/ProgmiX/PEX-Form-main/vendor/laravel/framework/src/Illuminate/Pipeline/Pipeline.php(219): Juzaweb/Backend/Http/Middleware/SecurityHeaders->handle(Object(Illuminate/Http/Request), Object(Closure))
#27 C:/Users/user/MyFiles/ProgmiX/PEX-Form-main/vendor/laravel/framework/src/Illuminate/Routing/Middleware/ThrottleRequests.php(166): Illuminate/Pipeline/Pipeline->Illuminate/Pipeline/{closure}(Object(Illuminate/Http/Request))
#28 C:/Users/user/MyFiles/ProgmiX/PEX-Form-main/vendor/laravel/framework/src/Illuminate/Routing/Middleware/ThrottleRequests.php(93): Illuminate/Routing/Middleware/ThrottleRequests->handleRequest(Object(Illuminate/Http/Request), Object(Closure), Array)
#29 C:/Users/user/MyFiles/ProgmiX/PEX-Form-main/vendor/laravel/framework/src/Illuminate/Pipeline/Pipeline.php(219): Illuminate/Routing/Middleware/ThrottleRequests->handle(Object(Illuminate/Http/Request), Object(Closure))
#30 C:/Users/user/MyFiles/ProgmiX/PEX-Form-main/modules/Backend/Http/Middleware/PathTraversal.php(57): Illuminate/Pipeline/Pipeline->Illuminate/Pipeline/{closure}(Object(Illuminate/Http/Request))
#31 C:/Users/user/MyFiles/ProgmiX/PEX-Form-main/vendor/laravel/framework/src/Illuminate/Pipeline/Pipeline.php(219): Juzaweb/Backend/Http/Middleware/PathTraversal->handle(Object(Illuminate/Http/Request), Object(Closure))
#32 C:/Users/user/MyFiles/ProgmiX/PEX-Form-main/modules/Backend/Http/Middleware/XssSanitization.php(44): Illuminate/Pipeline/Pipeline->Illuminate/Pipeline/{closure}(Object(Illuminate/Http/Request))
#33 C:/Users/user/MyFiles/ProgmiX/PEX-Form-main/vendor/laravel/framework/src/Illuminate/Pipeline/Pipeline.php(219): Juzaweb/Backend/Http/Middleware/XssSanitization->handle(Object(Illuminate/Http/Request), Object(Closure))
#34 C:/Users/user/MyFiles/ProgmiX/PEX-Form-main/vendor/spatie/laravel-csp/src/AddCspHeaders.php(13): Illuminate/Pipeline/Pipeline->Illuminate/Pipeline/{closure}(Object(Illuminate/Http/Request))
#35 C:/Users/user/MyFiles/ProgmiX/PEX-Form-main/vendor/laravel/framework/src/Illuminate/Pipeline/Pipeline.php(219): Spatie/Csp/AddCspHeaders->handle(Object(Illuminate/Http/Request), Object(Closure))
#36 C:/Users/user/MyFiles/ProgmiX/PEX-Form-main/vendor/barryvdh/laravel-debugbar/src/Middleware/InjectDebugbar.php(59): Illuminate/Pipeline/Pipeline->Illuminate/Pipeline/{closure}(Object(Illuminate/Http/Request))
#37 C:/Users/user/MyFiles/ProgmiX/PEX-Form-main/vendor/laravel/framework/src/Illuminate/Pipeline/Pipeline.php(219): Barryvdh/Debugbar/Middleware/InjectDebugbar->handle(Object(Illuminate/Http/Request), Object(Closure))
#38 C:/Users/user/MyFiles/ProgmiX/PEX-Form-main/modules/CMS/Http/Middleware/XFrameHeadersMiddleware.php(41): Illuminate/Pipeline/Pipeline->Illuminate/Pipeline/{closure}(Object(Illuminate/Http/Request))
#39 C:/Users/user/MyFiles/ProgmiX/PEX-Form-main/vendor/laravel/framework/src/Illuminate/Pipeline/Pipeline.php(219): Juzaweb/CMS/Http/Middleware/XFrameHeadersMiddleware->handle(Object(Illuminate/Http/Request), Object(Closure))
#40 C:/Users/user/MyFiles/ProgmiX/PEX-Form-main/vendor/laravel/framework/src/Illuminate/Routing/Middleware/SubstituteBindings.php(50): Illuminate/Pipeline/Pipeline->Illuminate/Pipeline/{closure}(Object(Illuminate/Http/Request))
#41 C:/Users/user/MyFiles/ProgmiX/PEX-Form-main/vendor/laravel/framework/src/Illuminate/Pipeline/Pipeline.php(219): Illuminate/Routing/Middleware/SubstituteBindings->handle(Object(Illuminate/Http/Request), Object(Closure))
#42 C:/Users/user/MyFiles/ProgmiX/PEX-Form-main/vendor/laravel/framework/src/Illuminate/Cookie/Middleware/AddQueuedCookiesToResponse.php(36): Illuminate/Pipeline/Pipeline->Illuminate/Pipeline/{closure}(Object(Illuminate/Http/Request))
#43 C:/Users/user/MyFiles/ProgmiX/PEX-Form-main/vendor/laravel/framework/src/Illuminate/Pipeline/Pipeline.php(219): Illuminate/Cookie/Middleware/AddQueuedCookiesToResponse->handle(Object(Illuminate/Http/Request), Object(Closure))
#44 C:/Users/user/MyFiles/ProgmiX/PEX-Form-main/vendor/laravel/framework/src/Illuminate/View/Middleware/ShareErrorsFromSession.php(48): Illuminate/Pipeline/Pipeline->Illuminate/Pipeline/{closure}(Object(Illuminate/Http/Request))
#45 C:/Users/user/MyFiles/ProgmiX/PEX-Form-main/modules/Backend/Http/Middleware/ShareErrorsUnlessBot.php(24): Illuminate/View/Middleware/ShareErrorsFromSession->handle(Object(Illuminate/Http/Request), Object(Closure))
#46 C:/Users/user/MyFiles/ProgmiX/PEX-Form-main/vendor/laravel/framework/src/Illuminate/Pipeline/Pipeline.php(219): Juzaweb/Backend/Http/Middleware/ShareErrorsUnlessBot->handle(Object(Illuminate/Http/Request), Object(Closure))
#47 C:/Users/user/MyFiles/ProgmiX/PEX-Form-main/vendor/laravel/framework/src/Illuminate/Session/Middleware/StartSession.php(120): Illuminate/Pipeline/Pipeline->Illuminate/Pipeline/{closure}(Object(Illuminate/Http/Request))
#48 C:/Users/user/MyFiles/ProgmiX/PEX-Form-main/vendor/laravel/framework/src/Illuminate/Session/Middleware/StartSession.php(63): Illuminate/Session/Middleware/StartSession->handleStatefulRequest(Object(Illuminate/Http/Request), Object(Illuminate/Session/Store), Object(Closure))
#49 C:/Users/user/MyFiles/ProgmiX/PEX-Form-main/modules/Backend/Http/Middleware/SkipSessionForBots.php(24): Illuminate/Session/Middleware/StartSession->handle(Object(Illuminate/Http/Request), Object(Closure))
#50 C:/Users/user/MyFiles/ProgmiX/PEX-Form-main/vendor/laravel/framework/src/Illuminate/Pipeline/Pipeline.php(219): Juzaweb/Backend/Http/Middleware/SkipSessionForBots->handle(Object(Illuminate/Http/Request), Object(Closure))
#51 C:/Users/user/MyFiles/ProgmiX/PEX-Form-main/vendor/laravel/framework/src/Illuminate/Cookie/Middleware/EncryptCookies.php(74): Illuminate/Pipeline/Pipeline->Illuminate/Pipeline/{closure}(Object(Illuminate/Http/Request))
#52 C:/Users/user/MyFiles/ProgmiX/PEX-Form-main/vendor/laravel/framework/src/Illuminate/Pipeline/Pipeline.php(219): Illuminate/Cookie/Middleware/EncryptCookies->handle(Object(Illuminate/Http/Request), Object(Closure))
#53 C:/Users/user/MyFiles/ProgmiX/PEX-Form-main/modules/CMS/Http/Middleware/GlobalMiddleware.php(11): Illuminate/Pipeline/Pipeline->Illuminate/Pipeline/{closure}(Object(Illuminate/Http/Request))
#54 C:/Users/user/MyFiles/ProgmiX/PEX-Form-main/vendor/laravel/framework/src/Illuminate/Pipeline/Pipeline.php(219): Juzaweb/CMS/Http/Middleware/GlobalMiddleware->handle(Object(Illuminate/Http/Request), Object(Closure))
#55 C:/Users/user/MyFiles/ProgmiX/PEX-Form-main/modules/Backend/Http/Middleware/DisableSessionForBots.php(30): Illuminate/Pipeline/Pipeline->Illuminate/Pipeline/{closure}(Object(Illuminate/Http/Request))
#56 C:/Users/user/MyFiles/ProgmiX/PEX-Form-main/vendor/laravel/framework/src/Illuminate/Pipeline/Pipeline.php(219): Juzaweb/Backend/Http/Middleware/DisableSessionForBots->handle(Object(Illuminate/Http/Request), Object(Closure))
#57 C:/Users/user/MyFiles/ProgmiX/PEX-Form-main/vendor/laravel/framework/src/Illuminate/Pipeline/Pipeline.php(137): Illuminate/Pipeline/Pipeline->Illuminate/Pipeline/{closure}(Object(Illuminate/Http/Request))
#58 C:/Users/user/MyFiles/ProgmiX/PEX-Form-main/vendor/laravel/framework/src/Illuminate/Routing/Router.php(821): Illuminate/Pipeline/Pipeline->then(Object(Closure))
#59 C:/Users/user/MyFiles/ProgmiX/PEX-Form-main/vendor/laravel/framework/src/Illuminate/Routing/Router.php(800): Illuminate/Routing/Router->runRouteWithinStack(Object(Illuminate/Routing/Route), Object(Illuminate/Http/Request))
#60 C:/Users/user/MyFiles/ProgmiX/PEX-Form-main/vendor/laravel/framework/src/Illuminate/Routing/Router.php(764): Illuminate/Routing/Router->runRoute(Object(Illuminate/Http/Request), Object(Illuminate/Routing/Route))
#61 C:/Users/user/MyFiles/ProgmiX/PEX-Form-main/vendor/laravel/framework/src/Illuminate/Routing/Router.php(753): Illuminate/Routing/Router->dispatchToRoute(Object(Illuminate/Http/Request))
#62 C:/Users/user/MyFiles/ProgmiX/PEX-Form-main/vendor/laravel/framework/src/Illuminate/Foundation/Http/Kernel.php(200): Illuminate/Routing/Router->dispatch(Object(Illuminate/Http/Request))
#63 C:/Users/user/MyFiles/ProgmiX/PEX-Form-main/vendor/laravel/framework/src/Illuminate/Pipeline/Pipeline.php(180): Illuminate/Foundation/Http/Kernel->Illuminate/Foundation/Http/{closure}(Object(Illuminate/Http/Request))
#64 C:/Users/user/MyFiles/ProgmiX/PEX-Form-main/vendor/barryvdh/laravel-debugbar/src/Middleware/InjectDebugbar.php(59): Illuminate/Pipeline/Pipeline->Illuminate/Pipeline/{closure}(Object(Illuminate/Http/Request))
#65 C:/Users/user/MyFiles/ProgmiX/PEX-Form-main/vendor/laravel/framework/src/Illuminate/Pipeline/Pipeline.php(219): Barryvdh/Debugbar/Middleware/InjectDebugbar->handle(Object(Illuminate/Http/Request), Object(Closure))
#66 C:/Users/user/MyFiles/ProgmiX/PEX-Form-main/modules/Backend/Http/Middleware/BlockIpMiddleware.php(31): Illuminate/Pipeline/Pipeline->Illuminate/Pipeline/{closure}(Object(Illuminate/Http/Request))
#67 C:/Users/user/MyFiles/ProgmiX/PEX-Form-main/vendor/laravel/framework/src/Illuminate/Pipeline/Pipeline.php(219): Juzaweb/Backend/Http/Middleware/BlockIpMiddleware->handle(Object(Illuminate/Http/Request), Object(Closure))
#68 C:/Users/user/MyFiles/ProgmiX/PEX-Form-main/modules/Backend/Http/Middleware/SecurityHeaders.php(25): Illuminate/Pipeline/Pipeline->Illuminate/Pipeline/{closure}(Object(Illuminate/Http/Request))
#69 C:/Users/user/MyFiles/ProgmiX/PEX-Form-main/vendor/laravel/framework/src/Illuminate/Pipeline/Pipeline.php(219): Juzaweb/Backend/Http/Middleware/SecurityHeaders->handle(Object(Illuminate/Http/Request), Object(Closure))
#70 C:/Users/user/MyFiles/ProgmiX/PEX-Form-main/vendor/laravel/framework/src/Illuminate/Foundation/Http/Middleware/TransformsRequest.php(21): Illuminate/Pipeline/Pipeline->Illuminate/Pipeline/{closure}(Object(Illuminate/Http/Request))
#71 C:/Users/user/MyFiles/ProgmiX/PEX-Form-main/vendor/laravel/framework/src/Illuminate/Foundation/Http/Middleware/ConvertEmptyStringsToNull.php(31): Illuminate/Foundation/Http/Middleware/TransformsRequest->handle(Object(Illuminate/Http/Request), Object(Closure))
#72 C:/Users/user/MyFiles/ProgmiX/PEX-Form-main/vendor/laravel/framework/src/Illuminate/Pipeline/Pipeline.php(219): Illuminate/Foundation/Http/Middleware/ConvertEmptyStringsToNull->handle(Object(Illuminate/Http/Request), Object(Closure))
#73 C:/Users/user/MyFiles/ProgmiX/PEX-Form-main/vendor/laravel/framework/src/Illuminate/Foundation/Http/Middleware/TransformsRequest.php(21): Illuminate/Pipeline/Pipeline->Illuminate/Pipeline/{closure}(Object(Illuminate/Http/Request))
#74 C:/Users/user/MyFiles/ProgmiX/PEX-Form-main/vendor/laravel/framework/src/Illuminate/Foundation/Http/Middleware/TrimStrings.php(51): Illuminate/Foundation/Http/Middleware/TransformsRequest->handle(Object(Illuminate/Http/Request), Object(Closure))
#75 C:/Users/user/MyFiles/ProgmiX/PEX-Form-main/vendor/laravel/framework/src/Illuminate/Pipeline/Pipeline.php(219): Illuminate/Foundation/Http/Middleware/TrimStrings->handle(Object(Illuminate/Http/Request), Object(Closure))
#76 C:/Users/user/MyFiles/ProgmiX/PEX-Form-main/vendor/laravel/framework/src/Illuminate/Http/Middleware/ValidatePostSize.php(27): Illuminate/Pipeline/Pipeline->Illuminate/Pipeline/{closure}(Object(Illuminate/Http/Request))
#77 C:/Users/user/MyFiles/ProgmiX/PEX-Form-main/vendor/laravel/framework/src/Illuminate/Pipeline/Pipeline.php(219): Illuminate/Http/Middleware/ValidatePostSize->handle(Object(Illuminate/Http/Request), Object(Closure))
#78 C:/Users/user/MyFiles/ProgmiX/PEX-Form-main/vendor/laravel/framework/src/Illuminate/Foundation/Http/Middleware/PreventRequestsDuringMaintenance.php(109): Illuminate/Pipeline/Pipeline->Illuminate/Pipeline/{closure}(Object(Illuminate/Http/Request))
#79 C:/Users/user/MyFiles/ProgmiX/PEX-Form-main/vendor/laravel/framework/src/Illuminate/Pipeline/Pipeline.php(219): Illuminate/Foundation/Http/Middleware/PreventRequestsDuringMaintenance->handle(Object(Illuminate/Http/Request), Object(Closure))
#80 C:/Users/user/MyFiles/ProgmiX/PEX-Form-main/vendor/laravel/framework/src/Illuminate/Http/Middleware/HandleCors.php(61): Illuminate/Pipeline/Pipeline->Illuminate/Pipeline/{closure}(Object(Illuminate/Http/Request))
#81 C:/Users/user/MyFiles/ProgmiX/PEX-Form-main/vendor/laravel/framework/src/Illuminate/Pipeline/Pipeline.php(219): Illuminate/Http/Middleware/HandleCors->handle(Object(Illuminate/Http/Request), Object(Closure))
#82 C:/Users/user/MyFiles/ProgmiX/PEX-Form-main/vendor/laravel/framework/src/Illuminate/Http/Middleware/TrustProxies.php(58): Illuminate/Pipeline/Pipeline->Illuminate/Pipeline/{closure}(Object(Illuminate/Http/Request))
#83 C:/Users/user/MyFiles/ProgmiX/PEX-Form-main/vendor/laravel/framework/src/Illuminate/Pipeline/Pipeline.php(219): Illuminate/Http/Middleware/TrustProxies->handle(Object(Illuminate/Http/Request), Object(Closure))
#84 C:/Users/user/MyFiles/ProgmiX/PEX-Form-main/vendor/laravel/framework/src/Illuminate/Pipeline/Pipeline.php(137): Illuminate/Pipeline/Pipeline->Illuminate/Pipeline/{closure}(Object(Illuminate/Http/Request))
#85 C:/Users/user/MyFiles/ProgmiX/PEX-Form-main/vendor/laravel/framework/src/Illuminate/Foundation/Http/Kernel.php(175): Illuminate/Pipeline/Pipeline->then(Object(Closure))
#86 C:/Users/user/MyFiles/ProgmiX/PEX-Form-main/vendor/laravel/framework/src/Illuminate/Foundation/Http/Kernel.php(144): Illuminate/Foundation/Http/Kernel->sendRequestThroughRouter(Object(Illuminate/Http/Request))
#87 C:/Users/user/MyFiles/ProgmiX/PEX-Form-main/public/index.php(51): Illuminate/Foundation/Http/Kernel->handle(Object(Illuminate/Http/Request))
#88 C:/Users/user/MyFiles/ProgmiX/PEX-Form-main/vendor/laravel/framework/src/Illuminate/Foundation/resources/server.php(23): require_once('C://Users//user//M...')
#89 {main}
"} 
[2026-09-21 15:54:07] local.ERROR: Undefined variable $speakerNames {"userId":1,"exception":"[object] (Spatie\\LaravelIgnition\\Exceptions\\ViewException(code: 0): Undefined variable $speakerNames at C:/Users/user/MyFiles/ProgmiX/PEX-Form-main/modules/Frontend/resources/views/templates/homepage/pex/agenda.blade.php:1)
[stacktrace]
#0 C:/Users/user/MyFiles/ProgmiX/PEX-Form-main/vendor/laravel/framework/src/Illuminate/Filesystem/Filesystem.php(123): require('C://Users//user//M...')
#1 C:/Users/user/MyFiles/ProgmiX/PEX-Form-main/vendor/laravel/framework/src/Illuminate/Filesystem/Filesystem.php(124): Illuminate/Filesystem/Filesystem::Illuminate/Filesystem/{closure}()
#2 C:/Users/user/MyFiles/ProgmiX/PEX-Form-main/vendor/laravel/framework/src/Illuminate/View/Engines/PhpEngine.php(57): Illuminate/Filesystem/Filesystem->getRequire('C://Users//user//M...', Array)
#3 C:/Users/user/MyFiles/ProgmiX/PEX-Form-main/vendor/laravel/framework/src/Illuminate/View/Engines/CompilerEngine.php(76): Illuminate/View/Engines/PhpEngine->evaluatePath('C://Users//user//M...', Array)
#4 C:/Users/user/MyFiles/ProgmiX/PEX-Form-main/vendor/laravel/framework/src/Illuminate/View/View.php(208): Illuminate/View/Engines/CompilerEngine->get('C://Users//user//M...', Array)
#5 C:/Users/user/MyFiles/ProgmiX/PEX-Form-main/vendor/laravel/framework/src/Illuminate/View/View.php(191): Illuminate/View/View->getContents()
#6 C:/Users/user/MyFiles/ProgmiX/PEX-Form-main/vendor/laravel/framework/src/Illuminate/View/View.php(160): Illuminate/View/View->renderContents()
#7 C:/Users/user/MyFiles/ProgmiX/PEX-Form-main/modules/Frontend/resources/views/home.blade.php(1): Illuminate/View/View->render()
#8 C:/Users/user/MyFiles/ProgmiX/PEX-Form-main/vendor/laravel/framework/src/Illuminate/Filesystem/Filesystem.php(123): require('C://Users//user//M...')
#9 C:/Users/user/MyFiles/ProgmiX/PEX-Form-main/vendor/laravel/framework/src/Illuminate/Filesystem/Filesystem.php(124): Illuminate/Filesystem/Filesystem::Illuminate/Filesystem/{closure}()
#10 C:/Users/user/MyFiles/ProgmiX/PEX-Form-main/vendor/laravel/framework/src/Illuminate/View/Engines/PhpEngine.php(57): Illuminate/Filesystem/Filesystem->getRequire('C://Users//user//M...', Array)
#11 C:/Users/user/MyFiles/ProgmiX/PEX-Form-main/vendor/laravel/framework/src/Illuminate/View/Engines/CompilerEngine.php(76): Illuminate/View/Engines/PhpEngine->evaluatePath('C://Users//user//M...', Array)
#12 C:/Users/user/MyFiles/ProgmiX/PEX-Form-main/vendor/laravel/framework/src/Illuminate/View/View.php(208): Illuminate/View/Engines/CompilerEngine->get('C://Users//user//M...', Array)
#13 C:/Users/user/MyFiles/ProgmiX/PEX-Form-main/vendor/laravel/framework/src/Illuminate/View/View.php(191): Illuminate/View/View->getContents()
#14 C:/Users/user/MyFiles/ProgmiX/PEX-Form-main/vendor/laravel/framework/src/Illuminate/View/View.php(160): Illuminate/View/View->renderContents()
#15 C:/Users/user/MyFiles/ProgmiX/PEX-Form-main/vendor/laravel/framework/src/Illuminate/Http/Response.php(78): Illuminate/View/View->render()
#16 C:/Users/user/MyFiles/ProgmiX/PEX-Form-main/vendor/laravel/framework/src/Illuminate/Http/Response.php(34): Illuminate/Http/Response->setContent(Object(Illuminate/View/View))
#17 C:/Users/user/MyFiles/ProgmiX/PEX-Form-main/vendor/laravel/framework/src/Illuminate/Routing/Router.php(939): Illuminate/Http/Response->__construct(Object(Illuminate/View/View), 200, Array)
#18 C:/Users/user/MyFiles/ProgmiX/PEX-Form-main/vendor/laravel/framework/src/Illuminate/Routing/Router.php(906): Illuminate/Routing/Router::toResponse(Object(Illuminate/Http/Request), Object(Illuminate/View/View))
#19 C:/Users/user/MyFiles/ProgmiX/PEX-Form-main/vendor/laravel/framework/src/Illuminate/Routing/Router.php(821): Illuminate/Routing/Router->prepareResponse(Object(Illuminate/Http/Request), Object(Illuminate/View/View))
#20 C:/Users/user/MyFiles/ProgmiX/PEX-Form-main/vendor/laravel/framework/src/Illuminate/Pipeline/Pipeline.php(180): Illuminate/Routing/Router->Illuminate/Routing/{closure}(Object(Illuminate/Http/Request))
#21 C:/Users/user/MyFiles/ProgmiX/PEX-Form-main/modules/Frontend/Http/Middleware/Locale.php(49): Illuminate/Pipeline/Pipeline->Illuminate/Pipeline/{closure}(Object(Illuminate/Http/Request))
#22 C:/Users/user/MyFiles/ProgmiX/PEX-Form-main/vendor/laravel/framework/src/Illuminate/Pipeline/Pipeline.php(219): Juzaweb/Frontend/Http/Middleware/Locale->handle(Object(Illuminate/Http/Request), Object(Closure))
#23 C:/Users/user/MyFiles/ProgmiX/PEX-Form-main/modules/Backend/Http/Middleware/SecurityHeaders.php(25): Illuminate/Pipeline/Pipeline->Illuminate/Pipeline/{closure}(Object(Illuminate/Http/Request))
#24 C:/Users/user/MyFiles/ProgmiX/PEX-Form-main/vendor/laravel/framework/src/Illuminate/Pipeline/Pipeline.php(219): Juzaweb/Backend/Http/Middleware/SecurityHeaders->handle(Object(Illuminate/Http/Request), Object(Closure))
#25 C:/Users/user/MyFiles/ProgmiX/PEX-Form-main/vendor/laravel/framework/src/Illuminate/Routing/Middleware/ThrottleRequests.php(166): Illuminate/Pipeline/Pipeline->Illuminate/Pipeline/{closure}(Object(Illuminate/Http/Request))
#26 C:/Users/user/MyFiles/ProgmiX/PEX-Form-main/vendor/laravel/framework/src/Illuminate/Routing/Middleware/ThrottleRequests.php(93): Illuminate/Routing/Middleware/ThrottleRequests->handleRequest(Object(Illuminate/Http/Request), Object(Closure), Array)
#27 C:/Users/user/MyFiles/ProgmiX/PEX-Form-main/vendor/laravel/framework/src/Illuminate/Pipeline/Pipeline.php(219): Illuminate/Routing/Middleware/ThrottleRequests->handle(Object(Illuminate/Http/Request), Object(Closure))
#28 C:/Users/user/MyFiles/ProgmiX/PEX-Form-main/modules/Backend/Http/Middleware/PathTraversal.php(57): Illuminate/Pipeline/Pipeline->Illuminate/Pipeline/{closure}(Object(Illuminate/Http/Request))
#29 C:/Users/user/MyFiles/ProgmiX/PEX-Form-main/vendor/laravel/framework/src/Illuminate/Pipeline/Pipeline.php(219): Juzaweb/Backend/Http/Middleware/PathTraversal->handle(Object(Illuminate/Http/Request), Object(Closure))
#30 C:/Users/user/MyFiles/ProgmiX/PEX-Form-main/modules/Backend/Http/Middleware/XssSanitization.php(44): Illuminate/Pipeline/Pipeline->Illuminate/Pipeline/{closure}(Object(Illuminate/Http/Request))
#31 C:/Users/user/MyFiles/ProgmiX/PEX-Form-main/vendor/laravel/framework/src/Illuminate/Pipeline/Pipeline.php(219): Juzaweb/Backend/Http/Middleware/XssSanitization->handle(Object(Illuminate/Http/Request), Object(Closure))
#32 C:/Users/user/MyFiles/ProgmiX/PEX-Form-main/vendor/spatie/laravel-csp/src/AddCspHeaders.php(13): Illuminate/Pipeline/Pipeline->Illuminate/Pipeline/{closure}(Object(Illuminate/Http/Request))
#33 C:/Users/user/MyFiles/ProgmiX/PEX-Form-main/vendor/laravel/framework/src/Illuminate/Pipeline/Pipeline.php(219): Spatie/Csp/AddCspHeaders->handle(Object(Illuminate/Http/Request), Object(Closure))
#34 C:/Users/user/MyFiles/ProgmiX/PEX-Form-main/vendor/barryvdh/laravel-debugbar/src/Middleware/InjectDebugbar.php(59): Illuminate/Pipeline/Pipeline->Illuminate/Pipeline/{closure}(Object(Illuminate/Http/Request))
#35 C:/Users/user/MyFiles/ProgmiX/PEX-Form-main/vendor/laravel/framework/src/Illuminate/Pipeline/Pipeline.php(219): Barryvdh/Debugbar/Middleware/InjectDebugbar->handle(Object(Illuminate/Http/Request), Object(Closure))
#36 C:/Users/user/MyFiles/ProgmiX/PEX-Form-main/modules/CMS/Http/Middleware/XFrameHeadersMiddleware.php(41): Illuminate/Pipeline/Pipeline->Illuminate/Pipeline/{closure}(Object(Illuminate/Http/Request))
#37 C:/Users/user/MyFiles/ProgmiX/PEX-Form-main/vendor/laravel/framework/src/Illuminate/Pipeline/Pipeline.php(219): Juzaweb/CMS/Http/Middleware/XFrameHeadersMiddleware->handle(Object(Illuminate/Http/Request), Object(Closure))
#38 C:/Users/user/MyFiles/ProgmiX/PEX-Form-main/vendor/laravel/framework/src/Illuminate/Routing/Middleware/SubstituteBindings.php(50): Illuminate/Pipeline/Pipeline->Illuminate/Pipeline/{closure}(Object(Illuminate/Http/Request))
#39 C:/Users/user/MyFiles/ProgmiX/PEX-Form-main/vendor/laravel/framework/src/Illuminate/Pipeline/Pipeline.php(219): Illuminate/Routing/Middleware/SubstituteBindings->handle(Object(Illuminate/Http/Request), Object(Closure))
#40 C:/Users/user/MyFiles/ProgmiX/PEX-Form-main/vendor/laravel/framework/src/Illuminate/Cookie/Middleware/AddQueuedCookiesToResponse.php(36): Illuminate/Pipeline/Pipeline->Illuminate/Pipeline/{closure}(Object(Illuminate/Http/Request))
#41 C:/Users/user/MyFiles/ProgmiX/PEX-Form-main/vendor/laravel/framework/src/Illuminate/Pipeline/Pipeline.php(219): Illuminate/Cookie/Middleware/AddQueuedCookiesToResponse->handle(Object(Illuminate/Http/Request), Object(Closure))
#42 C:/Users/user/MyFiles/ProgmiX/PEX-Form-main/vendor/laravel/framework/src/Illuminate/View/Middleware/ShareErrorsFromSession.php(48): Illuminate/Pipeline/Pipeline->Illuminate/Pipeline/{closure}(Object(Illuminate/Http/Request))
#43 C:/Users/user/MyFiles/ProgmiX/PEX-Form-main/modules/Backend/Http/Middleware/ShareErrorsUnlessBot.php(24): Illuminate/View/Middleware/ShareErrorsFromSession->handle(Object(Illuminate/Http/Request), Object(Closure))
#44 C:/Users/user/MyFiles/ProgmiX/PEX-Form-main/vendor/laravel/framework/src/Illuminate/Pipeline/Pipeline.php(219): Juzaweb/Backend/Http/Middleware/ShareErrorsUnlessBot->handle(Object(Illuminate/Http/Request), Object(Closure))
#45 C:/Users/user/MyFiles/ProgmiX/PEX-Form-main/vendor/laravel/framework/src/Illuminate/Session/Middleware/StartSession.php(120): Illuminate/Pipeline/Pipeline->Illuminate/Pipeline/{closure}(Object(Illuminate/Http/Request))
#46 C:/Users/user/MyFiles/ProgmiX/PEX-Form-main/vendor/laravel/framework/src/Illuminate/Session/Middleware/StartSession.php(63): Illuminate/Session/Middleware/StartSession->handleStatefulRequest(Object(Illuminate/Http/Request), Object(Illuminate/Session/Store), Object(Closure))
#47 C:/Users/user/MyFiles/ProgmiX/PEX-Form-main/modules/Backend/Http/Middleware/SkipSessionForBots.php(24): Illuminate/Session/Middleware/StartSession->handle(Object(Illuminate/Http/Request), Object(Closure))
#48 C:/Users/user/MyFiles/ProgmiX/PEX-Form-main/vendor/laravel/framework/src/Illuminate/Pipeline/Pipeline.php(219): Juzaweb/Backend/Http/Middleware/SkipSessionForBots->handle(Object(Illuminate/Http/Request), Object(Closure))
#49 C:/Users/user/MyFiles/ProgmiX/PEX-Form-main/vendor/laravel/framework/src/Illuminate/Cookie/Middleware/EncryptCookies.php(74): Illuminate/Pipeline/Pipeline->Illuminate/Pipeline/{closure}(Object(Illuminate/Http/Request))
#50 C:/Users/user/MyFiles/ProgmiX/PEX-Form-main/vendor/laravel/framework/src/Illuminate/Pipeline/Pipeline.php(219): Illuminate/Cookie/Middleware/EncryptCookies->handle(Object(Illuminate/Http/Request), Object(Closure))
#51 C:/Users/user/MyFiles/ProgmiX/PEX-Form-main/modules/CMS/Http/Middleware/GlobalMiddleware.php(11): Illuminate/Pipeline/Pipeline->Illuminate/Pipeline/{closure}(Object(Illuminate/Http/Request))
#52 C:/Users/user/MyFiles/ProgmiX/PEX-Form-main/vendor/laravel/framework/src/Illuminate/Pipeline/Pipeline.php(219): Juzaweb/CMS/Http/Middleware/GlobalMiddleware->handle(Object(Illuminate/Http/Request), Object(Closure))
#53 C:/Users/user/MyFiles/ProgmiX/PEX-Form-main/modules/Backend/Http/Middleware/DisableSessionForBots.php(30): Illuminate/Pipeline/Pipeline->Illuminate/Pipeline/{closure}(Object(Illuminate/Http/Request))
#54 C:/Users/user/MyFiles/ProgmiX/PEX-Form-main/vendor/laravel/framework/src/Illuminate/Pipeline/Pipeline.php(219): Juzaweb/Backend/Http/Middleware/DisableSessionForBots->handle(Object(Illuminate/Http/Request), Object(Closure))
#55 C:/Users/user/MyFiles/ProgmiX/PEX-Form-main/vendor/laravel/framework/src/Illuminate/Pipeline/Pipeline.php(137): Illuminate/Pipeline/Pipeline->Illuminate/Pipeline/{closure}(Object(Illuminate/Http/Request))
#56 C:/Users/user/MyFiles/ProgmiX/PEX-Form-main/vendor/laravel/framework/src/Illuminate/Routing/Router.php(821): Illuminate/Pipeline/Pipeline->then(Object(Closure))
#57 C:/Users/user/MyFiles/ProgmiX/PEX-Form-main/vendor/laravel/framework/src/Illuminate/Routing/Router.php(800): Illuminate/Routing/Router->runRouteWithinStack(Object(Illuminate/Routing/Route), Object(Illuminate/Http/Request))
#58 C:/Users/user/MyFiles/ProgmiX/PEX-Form-main/vendor/laravel/framework/src/Illuminate/Routing/Router.php(764): Illuminate/Routing/Router->runRoute(Object(Illuminate/Http/Request), Object(Illuminate/Routing/Route))
#59 C:/Users/user/MyFiles/ProgmiX/PEX-Form-main/vendor/laravel/framework/src/Illuminate/Routing/Router.php(753): Illuminate/Routing/Router->dispatchToRoute(Object(Illuminate/Http/Request))
#60 C:/Users/user/MyFiles/ProgmiX/PEX-Form-main/vendor/laravel/framework/src/Illuminate/Foundation/Http/Kernel.php(200): Illuminate/Routing/Router->dispatch(Object(Illuminate/Http/Request))
#61 C:/Users/user/MyFiles/ProgmiX/PEX-Form-main/vendor/laravel/framework/src/Illuminate/Pipeline/Pipeline.php(180): Illuminate/Foundation/Http/Kernel->Illuminate/Foundation/Http/{closure}(Object(Illuminate/Http/Request))
#62 C:/Users/user/MyFiles/ProgmiX/PEX-Form-main/vendor/barryvdh/laravel-debugbar/src/Middleware/InjectDebugbar.php(59): Illuminate/Pipeline/Pipeline->Illuminate/Pipeline/{closure}(Object(Illuminate/Http/Request))
#63 C:/Users/user/MyFiles/ProgmiX/PEX-Form-main/vendor/laravel/framework/src/Illuminate/Pipeline/Pipeline.php(219): Barryvdh/Debugbar/Middleware/InjectDebugbar->handle(Object(Illuminate/Http/Request), Object(Closure))
#64 C:/Users/user/MyFiles/ProgmiX/PEX-Form-main/modules/Backend/Http/Middleware/BlockIpMiddleware.php(31): Illuminate/Pipeline/Pipeline->Illuminate/Pipeline/{closure}(Object(Illuminate/Http/Request))
#65 C:/Users/user/MyFiles/ProgmiX/PEX-Form-main/vendor/laravel/framework/src/Illuminate/Pipeline/Pipeline.php(219): Juzaweb/Backend/Http/Middleware/BlockIpMiddleware->handle(Object(Illuminate/Http/Request), Object(Closure))
#66 C:/Users/user/MyFiles/ProgmiX/PEX-Form-main/modules/Backend/Http/Middleware/SecurityHeaders.php(25): Illuminate/Pipeline/Pipeline->Illuminate/Pipeline/{closure}(Object(Illuminate/Http/Request))
#67 C:/Users/user/MyFiles/ProgmiX/PEX-Form-main/vendor/laravel/framework/src/Illuminate/Pipeline/Pipeline.php(219): Juzaweb/Backend/Http/Middleware/SecurityHeaders->handle(Object(Illuminate/Http/Request), Object(Closure))
#68 C:/Users/user/MyFiles/ProgmiX/PEX-Form-main/vendor/laravel/framework/src/Illuminate/Foundation/Http/Middleware/TransformsRequest.php(21): Illuminate/Pipeline/Pipeline->Illuminate/Pipeline/{closure}(Object(Illuminate/Http/Request))
#69 C:/Users/user/MyFiles/ProgmiX/PEX-Form-main/vendor/laravel/framework/src/Illuminate/Foundation/Http/Middleware/ConvertEmptyStringsToNull.php(31): Illuminate/Foundation/Http/Middleware/TransformsRequest->handle(Object(Illuminate/Http/Request), Object(Closure))
#70 C:/Users/user/MyFiles/ProgmiX/PEX-Form-main/vendor/laravel/framework/src/Illuminate/Pipeline/Pipeline.php(219): Illuminate/Foundation/Http/Middleware/ConvertEmptyStringsToNull->handle(Object(Illuminate/Http/Request), Object(Closure))
#71 C:/Users/user/MyFiles/ProgmiX/PEX-Form-main/vendor/laravel/framework/src/Illuminate/Foundation/Http/Middleware/TransformsRequest.php(21): Illuminate/Pipeline/Pipeline->Illuminate/Pipeline/{closure}(Object(Illuminate/Http/Request))
#72 C:/Users/user/MyFiles/ProgmiX/PEX-Form-main/vendor/laravel/framework/src/Illuminate/Foundation/Http/Middleware/TrimStrings.php(51): Illuminate/Foundation/Http/Middleware/TransformsRequest->handle(Object(Illuminate/Http/Request), Object(Closure))
#73 C:/Users/user/MyFiles/ProgmiX/PEX-Form-main/vendor/laravel/framework/src/Illuminate/Pipeline/Pipeline.php(219): Illuminate/Foundation/Http/Middleware/TrimStrings->handle(Object(Illuminate/Http/Request), Object(Closure))
#74 C:/Users/user/MyFiles/ProgmiX/PEX-Form-main/vendor/laravel/framework/src/Illuminate/Http/Middleware/ValidatePostSize.php(27): Illuminate/Pipeline/Pipeline->Illuminate/Pipeline/{closure}(Object(Illuminate/Http/Request))
#75 C:/Users/user/MyFiles/ProgmiX/PEX-Form-main/vendor/laravel/framework/src/Illuminate/Pipeline/Pipeline.php(219): Illuminate/Http/Middleware/ValidatePostSize->handle(Object(Illuminate/Http/Request), Object(Closure))
#76 C:/Users/user/MyFiles/ProgmiX/PEX-Form-main/vendor/laravel/framework/src/Illuminate/Foundation/Http/Middleware/PreventRequestsDuringMaintenance.php(109): Illuminate/Pipeline/Pipeline->Illuminate/Pipeline/{closure}(Object(Illuminate/Http/Request))
#77 C:/Users/user/MyFiles/ProgmiX/PEX-Form-main/vendor/laravel/framework/src/Illuminate/Pipeline/Pipeline.php(219): Illuminate/Foundation/Http/Middleware/PreventRequestsDuringMaintenance->handle(Object(Illuminate/Http/Request), Object(Closure))
#78 C:/Users/user/MyFiles/ProgmiX/PEX-Form-main/vendor/laravel/framework/src/Illuminate/Http/Middleware/HandleCors.php(61): Illuminate/Pipeline/Pipeline->Illuminate/Pipeline/{closure}(Object(Illuminate/Http/Request))
#79 C:/Users/user/MyFiles/ProgmiX/PEX-Form-main/vendor/laravel/framework/src/Illuminate/Pipeline/Pipeline.php(219): Illuminate/Http/Middleware/HandleCors->handle(Object(Illuminate/Http/Request), Object(Closure))
#80 C:/Users/user/MyFiles/ProgmiX/PEX-Form-main/vendor/laravel/framework/src/Illuminate/Http/Middleware/TrustProxies.php(58): Illuminate/Pipeline/Pipeline->Illuminate/Pipeline/{closure}(Object(Illuminate/Http/Request))
#81 C:/Users/user/MyFiles/ProgmiX/PEX-Form-main/vendor/laravel/framework/src/Illuminate/Pipeline/Pipeline.php(219): Illuminate/Http/Middleware/TrustProxies->handle(Object(Illuminate/Http/Request), Object(Closure))
#82 C:/Users/user/MyFiles/ProgmiX/PEX-Form-main/vendor/laravel/framework/src/Illuminate/Pipeline/Pipeline.php(137): Illuminate/Pipeline/Pipeline->Illuminate/Pipeline/{closure}(Object(Illuminate/Http/Request))
#83 C:/Users/user/MyFiles/ProgmiX/PEX-Form-main/vendor/laravel/framework/src/Illuminate/Foundation/Http/Kernel.php(175): Illuminate/Pipeline/Pipeline->then(Object(Closure))
#84 C:/Users/user/MyFiles/ProgmiX/PEX-Form-main/vendor/laravel/framework/src/Illuminate/Foundation/Http/Kernel.php(144): Illuminate/Foundation/Http/Kernel->sendRequestThroughRouter(Object(Illuminate/Http/Request))
#85 C:/Users/user/MyFiles/ProgmiX/PEX-Form-main/public/index.php(51): Illuminate/Foundation/Http/Kernel->handle(Object(Illuminate/Http/Request))
#86 C:/Users/user/MyFiles/ProgmiX/PEX-Form-main/vendor/laravel/framework/src/Illuminate/Foundation/resources/server.php(23): require_once('C://Users//user//M...')
#87 {main}

[previous exception] [object] (ErrorException(code: 0): Undefined variable $speakerNames at C:/Users/user/MyFiles/ProgmiX/PEX-Form-main/storage/framework/views/e957588816674c7d6bc884ad75301905.php:19)
[stacktrace]
#0 C:/Users/user/MyFiles/ProgmiX/PEX-Form-main/vendor/laravel/framework/src/Illuminate/Foundation/Bootstrap/HandleExceptions.php(262): Illuminate/Foundation/Bootstrap/HandleExceptions->handleError(2, 'Undefined varia...', 'C://Users//user//M...', 19)
#1 C:/Users/user/MyFiles/ProgmiX/PEX-Form-main/storage/framework/views/e957588816674c7d6bc884ad75301905.php(19): Illuminate/Foundation/Bootstrap/HandleExceptions->Illuminate/Foundation/Bootstrap/{closure}(2, 'Undefined varia...', 'C://Users//user//M...', 19)
#2 C:/Users/user/MyFiles/ProgmiX/PEX-Form-main/vendor/laravel/framework/src/Illuminate/Filesystem/Filesystem.php(123): require('C://Users//user//M...')
#3 C:/Users/user/MyFiles/ProgmiX/PEX-Form-main/vendor/laravel/framework/src/Illuminate/Filesystem/Filesystem.php(124): Illuminate/Filesystem/Filesystem::Illuminate/Filesystem/{closure}()
#4 C:/Users/user/MyFiles/ProgmiX/PEX-Form-main/vendor/laravel/framework/src/Illuminate/View/Engines/PhpEngine.php(57): Illuminate/Filesystem/Filesystem->getRequire('C://Users//user//M...', Array)
#5 C:/Users/user/MyFiles/ProgmiX/PEX-Form-main/vendor/laravel/framework/src/Illuminate/View/Engines/CompilerEngine.php(76): Illuminate/View/Engines/PhpEngine->evaluatePath('C://Users//user//M...', Array)
#6 C:/Users/user/MyFiles/ProgmiX/PEX-Form-main/vendor/laravel/framework/src/Illuminate/View/View.php(208): Illuminate/View/Engines/CompilerEngine->get('C://Users//user//M...', Array)
#7 C:/Users/user/MyFiles/ProgmiX/PEX-Form-main/vendor/laravel/framework/src/Illuminate/View/View.php(191): Illuminate/View/View->getContents()
#8 C:/Users/user/MyFiles/ProgmiX/PEX-Form-main/vendor/laravel/framework/src/Illuminate/View/View.php(160): Illuminate/View/View->renderContents()
#9 C:/Users/user/MyFiles/ProgmiX/PEX-Form-main/storage/framework/views/078e945ecbf82d678121cbf4f8650dce.php(1): Illuminate/View/View->render()
#10 C:/Users/user/MyFiles/ProgmiX/PEX-Form-main/vendor/laravel/framework/src/Illuminate/Filesystem/Filesystem.php(123): require('C://Users//user//M...')
#11 C:/Users/user/MyFiles/ProgmiX/PEX-Form-main/vendor/laravel/framework/src/Illuminate/Filesystem/Filesystem.php(124): Illuminate/Filesystem/Filesystem::Illuminate/Filesystem/{closure}()
#12 C:/Users/user/MyFiles/ProgmiX/PEX-Form-main/vendor/laravel/framework/src/Illuminate/View/Engines/PhpEngine.php(57): Illuminate/Filesystem/Filesystem->getRequire('C://Users//user//M...', Array)
#13 C:/Users/user/MyFiles/ProgmiX/PEX-Form-main/vendor/laravel/framework/src/Illuminate/View/Engines/CompilerEngine.php(76): Illuminate/View/Engines/PhpEngine->evaluatePath('C://Users//user//M...', Array)
#14 C:/Users/user/MyFiles/ProgmiX/PEX-Form-main/vendor/laravel/framework/src/Illuminate/View/View.php(208): Illuminate/View/Engines/CompilerEngine->get('C://Users//user//M...', Array)
#15 C:/Users/user/MyFiles/ProgmiX/PEX-Form-main/vendor/laravel/framework/src/Illuminate/View/View.php(191): Illuminate/View/View->getContents()
#16 C:/Users/user/MyFiles/ProgmiX/PEX-Form-main/vendor/laravel/framework/src/Illuminate/View/View.php(160): Illuminate/View/View->renderContents()
#17 C:/Users/user/MyFiles/ProgmiX/PEX-Form-main/vendor/laravel/framework/src/Illuminate/Http/Response.php(78): Illuminate/View/View->render()
#18 C:/Users/user/MyFiles/ProgmiX/PEX-Form-main/vendor/laravel/framework/src/Illuminate/Http/Response.php(34): Illuminate/Http/Response->setContent(Object(Illuminate/View/View))
#19 C:/Users/user/MyFiles/ProgmiX/PEX-Form-main/vendor/laravel/framework/src/Illuminate/Routing/Router.php(939): Illuminate/Http/Response->__construct(Object(Illuminate/View/View), 200, Array)
#20 C:/Users/user/MyFiles/ProgmiX/PEX-Form-main/vendor/laravel/framework/src/Illuminate/Routing/Router.php(906): Illuminate/Routing/Router::toResponse(Object(Illuminate/Http/Request), Object(Illuminate/View/View))
#21 C:/Users/user/MyFiles/ProgmiX/PEX-Form-main/vendor/laravel/framework/src/Illuminate/Routing/Router.php(821): Illuminate/Routing/Router->prepareResponse(Object(Illuminate/Http/Request), Object(Illuminate/View/View))
#22 C:/Users/user/MyFiles/ProgmiX/PEX-Form-main/vendor/laravel/framework/src/Illuminate/Pipeline/Pipeline.php(180): Illuminate/Routing/Router->Illuminate/Routing/{closure}(Object(Illuminate/Http/Request))
#23 C:/Users/user/MyFiles/ProgmiX/PEX-Form-main/modules/Frontend/Http/Middleware/Locale.php(49): Illuminate/Pipeline/Pipeline->Illuminate/Pipeline/{closure}(Object(Illuminate/Http/Request))
#24 C:/Users/user/MyFiles/ProgmiX/PEX-Form-main/vendor/laravel/framework/src/Illuminate/Pipeline/Pipeline.php(219): Juzaweb/Frontend/Http/Middleware/Locale->handle(Object(Illuminate/Http/Request), Object(Closure))
#25 C:/Users/user/MyFiles/ProgmiX/PEX-Form-main/modules/Backend/Http/Middleware/SecurityHeaders.php(25): Illuminate/Pipeline/Pipeline->Illuminate/Pipeline/{closure}(Object(Illuminate/Http/Request))
#26 C:/Users/user/MyFiles/ProgmiX/PEX-Form-main/vendor/laravel/framework/src/Illuminate/Pipeline/Pipeline.php(219): Juzaweb/Backend/Http/Middleware/SecurityHeaders->handle(Object(Illuminate/Http/Request), Object(Closure))
#27 C:/Users/user/MyFiles/ProgmiX/PEX-Form-main/vendor/laravel/framework/src/Illuminate/Routing/Middleware/ThrottleRequests.php(166): Illuminate/Pipeline/Pipeline->Illuminate/Pipeline/{closure}(Object(Illuminate/Http/Request))
#28 C:/Users/user/MyFiles/ProgmiX/PEX-Form-main/vendor/laravel/framework/src/Illuminate/Routing/Middleware/ThrottleRequests.php(93): Illuminate/Routing/Middleware/ThrottleRequests->handleRequest(Object(Illuminate/Http/Request), Object(Closure), Array)
#29 C:/Users/user/MyFiles/ProgmiX/PEX-Form-main/vendor/laravel/framework/src/Illuminate/Pipeline/Pipeline.php(219): Illuminate/Routing/Middleware/ThrottleRequests->handle(Object(Illuminate/Http/Request), Object(Closure))
#30 C:/Users/user/MyFiles/ProgmiX/PEX-Form-main/modules/Backend/Http/Middleware/PathTraversal.php(57): Illuminate/Pipeline/Pipeline->Illuminate/Pipeline/{closure}(Object(Illuminate/Http/Request))
#31 C:/Users/user/MyFiles/ProgmiX/PEX-Form-main/vendor/laravel/framework/src/Illuminate/Pipeline/Pipeline.php(219): Juzaweb/Backend/Http/Middleware/PathTraversal->handle(Object(Illuminate/Http/Request), Object(Closure))
#32 C:/Users/user/MyFiles/ProgmiX/PEX-Form-main/modules/Backend/Http/Middleware/XssSanitization.php(44): Illuminate/Pipeline/Pipeline->Illuminate/Pipeline/{closure}(Object(Illuminate/Http/Request))
#33 C:/Users/user/MyFiles/ProgmiX/PEX-Form-main/vendor/laravel/framework/src/Illuminate/Pipeline/Pipeline.php(219): Juzaweb/Backend/Http/Middleware/XssSanitization->handle(Object(Illuminate/Http/Request), Object(Closure))
#34 C:/Users/user/MyFiles/ProgmiX/PEX-Form-main/vendor/spatie/laravel-csp/src/AddCspHeaders.php(13): Illuminate/Pipeline/Pipeline->Illuminate/Pipeline/{closure}(Object(Illuminate/Http/Request))
#35 C:/Users/user/MyFiles/ProgmiX/PEX-Form-main/vendor/laravel/framework/src/Illuminate/Pipeline/Pipeline.php(219): Spatie/Csp/AddCspHeaders->handle(Object(Illuminate/Http/Request), Object(Closure))
#36 C:/Users/user/MyFiles/ProgmiX/PEX-Form-main/vendor/barryvdh/laravel-debugbar/src/Middleware/InjectDebugbar.php(59): Illuminate/Pipeline/Pipeline->Illuminate/Pipeline/{closure}(Object(Illuminate/Http/Request))
#37 C:/Users/user/MyFiles/ProgmiX/PEX-Form-main/vendor/laravel/framework/src/Illuminate/Pipeline/Pipeline.php(219): Barryvdh/Debugbar/Middleware/InjectDebugbar->handle(Object(Illuminate/Http/Request), Object(Closure))
#38 C:/Users/user/MyFiles/ProgmiX/PEX-Form-main/modules/CMS/Http/Middleware/XFrameHeadersMiddleware.php(41): Illuminate/Pipeline/Pipeline->Illuminate/Pipeline/{closure}(Object(Illuminate/Http/Request))
#39 C:/Users/user/MyFiles/ProgmiX/PEX-Form-main/vendor/laravel/framework/src/Illuminate/Pipeline/Pipeline.php(219): Juzaweb/CMS/Http/Middleware/XFrameHeadersMiddleware->handle(Object(Illuminate/Http/Request), Object(Closure))
#40 C:/Users/user/MyFiles/ProgmiX/PEX-Form-main/vendor/laravel/framework/src/Illuminate/Routing/Middleware/SubstituteBindings.php(50): Illuminate/Pipeline/Pipeline->Illuminate/Pipeline/{closure}(Object(Illuminate/Http/Request))
#41 C:/Users/user/MyFiles/ProgmiX/PEX-Form-main/vendor/laravel/framework/src/Illuminate/Pipeline/Pipeline.php(219): Illuminate/Routing/Middleware/SubstituteBindings->handle(Object(Illuminate/Http/Request), Object(Closure))
#42 C:/Users/user/MyFiles/ProgmiX/PEX-Form-main/vendor/laravel/framework/src/Illuminate/Cookie/Middleware/AddQueuedCookiesToResponse.php(36): Illuminate/Pipeline/Pipeline->Illuminate/Pipeline/{closure}(Object(Illuminate/Http/Request))
#43 C:/Users/user/MyFiles/ProgmiX/PEX-Form-main/vendor/laravel/framework/src/Illuminate/Pipeline/Pipeline.php(219): Illuminate/Cookie/Middleware/AddQueuedCookiesToResponse->handle(Object(Illuminate/Http/Request), Object(Closure))
#44 C:/Users/user/MyFiles/ProgmiX/PEX-Form-main/vendor/laravel/framework/src/Illuminate/View/Middleware/ShareErrorsFromSession.php(48): Illuminate/Pipeline/Pipeline->Illuminate/Pipeline/{closure}(Object(Illuminate/Http/Request))
#45 C:/Users/user/MyFiles/ProgmiX/PEX-Form-main/modules/Backend/Http/Middleware/ShareErrorsUnlessBot.php(24): Illuminate/View/Middleware/ShareErrorsFromSession->handle(Object(Illuminate/Http/Request), Object(Closure))
#46 C:/Users/user/MyFiles/ProgmiX/PEX-Form-main/vendor/laravel/framework/src/Illuminate/Pipeline/Pipeline.php(219): Juzaweb/Backend/Http/Middleware/ShareErrorsUnlessBot->handle(Object(Illuminate/Http/Request), Object(Closure))
#47 C:/Users/user/MyFiles/ProgmiX/PEX-Form-main/vendor/laravel/framework/src/Illuminate/Session/Middleware/StartSession.php(120): Illuminate/Pipeline/Pipeline->Illuminate/Pipeline/{closure}(Object(Illuminate/Http/Request))
#48 C:/Users/user/MyFiles/ProgmiX/PEX-Form-main/vendor/laravel/framework/src/Illuminate/Session/Middleware/StartSession.php(63): Illuminate/Session/Middleware/StartSession->handleStatefulRequest(Object(Illuminate/Http/Request), Object(Illuminate/Session/Store), Object(Closure))
#49 C:/Users/user/MyFiles/ProgmiX/PEX-Form-main/modules/Backend/Http/Middleware/SkipSessionForBots.php(24): Illuminate/Session/Middleware/StartSession->handle(Object(Illuminate/Http/Request), Object(Closure))
#50 C:/Users/user/MyFiles/ProgmiX/PEX-Form-main/vendor/laravel/framework/src/Illuminate/Pipeline/Pipeline.php(219): Juzaweb/Backend/Http/Middleware/SkipSessionForBots->handle(Object(Illuminate/Http/Request), Object(Closure))
#51 C:/Users/user/MyFiles/ProgmiX/PEX-Form-main/vendor/laravel/framework/src/Illuminate/Cookie/Middleware/EncryptCookies.php(74): Illuminate/Pipeline/Pipeline->Illuminate/Pipeline/{closure}(Object(Illuminate/Http/Request))
#52 C:/Users/user/MyFiles/ProgmiX/PEX-Form-main/vendor/laravel/framework/src/Illuminate/Pipeline/Pipeline.php(219): Illuminate/Cookie/Middleware/EncryptCookies->handle(Object(Illuminate/Http/Request), Object(Closure))
#53 C:/Users/user/MyFiles/ProgmiX/PEX-Form-main/modules/CMS/Http/Middleware/GlobalMiddleware.php(11): Illuminate/Pipeline/Pipeline->Illuminate/Pipeline/{closure}(Object(Illuminate/Http/Request))
#54 C:/Users/user/MyFiles/ProgmiX/PEX-Form-main/vendor/laravel/framework/src/Illuminate/Pipeline/Pipeline.php(219): Juzaweb/CMS/Http/Middleware/GlobalMiddleware->handle(Object(Illuminate/Http/Request), Object(Closure))
#55 C:/Users/user/MyFiles/ProgmiX/PEX-Form-main/modules/Backend/Http/Middleware/DisableSessionForBots.php(30): Illuminate/Pipeline/Pipeline->Illuminate/Pipeline/{closure}(Object(Illuminate/Http/Request))
#56 C:/Users/user/MyFiles/ProgmiX/PEX-Form-main/vendor/laravel/framework/src/Illuminate/Pipeline/Pipeline.php(219): Juzaweb/Backend/Http/Middleware/DisableSessionForBots->handle(Object(Illuminate/Http/Request), Object(Closure))
#57 C:/Users/user/MyFiles/ProgmiX/PEX-Form-main/vendor/laravel/framework/src/Illuminate/Pipeline/Pipeline.php(137): Illuminate/Pipeline/Pipeline->Illuminate/Pipeline/{closure}(Object(Illuminate/Http/Request))
#58 C:/Users/user/MyFiles/ProgmiX/PEX-Form-main/vendor/laravel/framework/src/Illuminate/Routing/Router.php(821): Illuminate/Pipeline/Pipeline->then(Object(Closure))
#59 C:/Users/user/MyFiles/ProgmiX/PEX-Form-main/vendor/laravel/framework/src/Illuminate/Routing/Router.php(800): Illuminate/Routing/Router->runRouteWithinStack(Object(Illuminate/Routing/Route), Object(Illuminate/Http/Request))
#60 C:/Users/user/MyFiles/ProgmiX/PEX-Form-main/vendor/laravel/framework/src/Illuminate/Routing/Router.php(764): Illuminate/Routing/Router->runRoute(Object(Illuminate/Http/Request), Object(Illuminate/Routing/Route))
#61 C:/Users/user/MyFiles/ProgmiX/PEX-Form-main/vendor/laravel/framework/src/Illuminate/Routing/Router.php(753): Illuminate/Routing/Router->dispatchToRoute(Object(Illuminate/Http/Request))
#62 C:/Users/user/MyFiles/ProgmiX/PEX-Form-main/vendor/laravel/framework/src/Illuminate/Foundation/Http/Kernel.php(200): Illuminate/Routing/Router->dispatch(Object(Illuminate/Http/Request))
#63 C:/Users/user/MyFiles/ProgmiX/PEX-Form-main/vendor/laravel/framework/src/Illuminate/Pipeline/Pipeline.php(180): Illuminate/Foundation/Http/Kernel->Illuminate/Foundation/Http/{closure}(Object(Illuminate/Http/Request))
#64 C:/Users/user/MyFiles/ProgmiX/PEX-Form-main/vendor/barryvdh/laravel-debugbar/src/Middleware/InjectDebugbar.php(59): Illuminate/Pipeline/Pipeline->Illuminate/Pipeline/{closure}(Object(Illuminate/Http/Request))
#65 C:/Users/user/MyFiles/ProgmiX/PEX-Form-main/vendor/laravel/framework/src/Illuminate/Pipeline/Pipeline.php(219): Barryvdh/Debugbar/Middleware/InjectDebugbar->handle(Object(Illuminate/Http/Request), Object(Closure))
#66 C:/Users/user/MyFiles/ProgmiX/PEX-Form-main/modules/Backend/Http/Middleware/BlockIpMiddleware.php(31): Illuminate/Pipeline/Pipeline->Illuminate/Pipeline/{closure}(Object(Illuminate/Http/Request))
#67 C:/Users/user/MyFiles/ProgmiX/PEX-Form-main/vendor/laravel/framework/src/Illuminate/Pipeline/Pipeline.php(219): Juzaweb/Backend/Http/Middleware/BlockIpMiddleware->handle(Object(Illuminate/Http/Request), Object(Closure))
#68 C:/Users/user/MyFiles/ProgmiX/PEX-Form-main/modules/Backend/Http/Middleware/SecurityHeaders.php(25): Illuminate/Pipeline/Pipeline->Illuminate/Pipeline/{closure}(Object(Illuminate/Http/Request))
#69 C:/Users/user/MyFiles/ProgmiX/PEX-Form-main/vendor/laravel/framework/src/Illuminate/Pipeline/Pipeline.php(219): Juzaweb/Backend/Http/Middleware/SecurityHeaders->handle(Object(Illuminate/Http/Request), Object(Closure))
#70 C:/Users/user/MyFiles/ProgmiX/PEX-Form-main/vendor/laravel/framework/src/Illuminate/Foundation/Http/Middleware/TransformsRequest.php(21): Illuminate/Pipeline/Pipeline->Illuminate/Pipeline/{closure}(Object(Illuminate/Http/Request))
#71 C:/Users/user/MyFiles/ProgmiX/PEX-Form-main/vendor/laravel/framework/src/Illuminate/Foundation/Http/Middleware/ConvertEmptyStringsToNull.php(31): Illuminate/Foundation/Http/Middleware/TransformsRequest->handle(Object(Illuminate/Http/Request), Object(Closure))
#72 C:/Users/user/MyFiles/ProgmiX/PEX-Form-main/vendor/laravel/framework/src/Illuminate/Pipeline/Pipeline.php(219): Illuminate/Foundation/Http/Middleware/ConvertEmptyStringsToNull->handle(Object(Illuminate/Http/Request), Object(Closure))
#73 C:/Users/user/MyFiles/ProgmiX/PEX-Form-main/vendor/laravel/framework/src/Illuminate/Foundation/Http/Middleware/TransformsRequest.php(21): Illuminate/Pipeline/Pipeline->Illuminate/Pipeline/{closure}(Object(Illuminate/Http/Request))
#74 C:/Users/user/MyFiles/ProgmiX/PEX-Form-main/vendor/laravel/framework/src/Illuminate/Foundation/Http/Middleware/TrimStrings.php(51): Illuminate/Foundation/Http/Middleware/TransformsRequest->handle(Object(Illuminate/Http/Request), Object(Closure))
#75 C:/Users/user/MyFiles/ProgmiX/PEX-Form-main/vendor/laravel/framework/src/Illuminate/Pipeline/Pipeline.php(219): Illuminate/Foundation/Http/Middleware/TrimStrings->handle(Object(Illuminate/Http/Request), Object(Closure))
#76 C:/Users/user/MyFiles/ProgmiX/PEX-Form-main/vendor/laravel/framework/src/Illuminate/Http/Middleware/ValidatePostSize.php(27): Illuminate/Pipeline/Pipeline->Illuminate/Pipeline/{closure}(Object(Illuminate/Http/Request))
#77 C:/Users/user/MyFiles/ProgmiX/PEX-Form-main/vendor/laravel/framework/src/Illuminate/Pipeline/Pipeline.php(219): Illuminate/Http/Middleware/ValidatePostSize->handle(Object(Illuminate/Http/Request), Object(Closure))
#78 C:/Users/user/MyFiles/ProgmiX/PEX-Form-main/vendor/laravel/framework/src/Illuminate/Foundation/Http/Middleware/PreventRequestsDuringMaintenance.php(109): Illuminate/Pipeline/Pipeline->Illuminate/Pipeline/{closure}(Object(Illuminate/Http/Request))
#79 C:/Users/user/MyFiles/ProgmiX/PEX-Form-main/vendor/laravel/framework/src/Illuminate/Pipeline/Pipeline.php(219): Illuminate/Foundation/Http/Middleware/PreventRequestsDuringMaintenance->handle(Object(Illuminate/Http/Request), Object(Closure))
#80 C:/Users/user/MyFiles/ProgmiX/PEX-Form-main/vendor/laravel/framework/src/Illuminate/Http/Middleware/HandleCors.php(61): Illuminate/Pipeline/Pipeline->Illuminate/Pipeline/{closure}(Object(Illuminate/Http/Request))
#81 C:/Users/user/MyFiles/ProgmiX/PEX-Form-main/vendor/laravel/framework/src/Illuminate/Pipeline/Pipeline.php(219): Illuminate/Http/Middleware/HandleCors->handle(Object(Illuminate/Http/Request), Object(Closure))
#82 C:/Users/user/MyFiles/ProgmiX/PEX-Form-main/vendor/laravel/framework/src/Illuminate/Http/Middleware/TrustProxies.php(58): Illuminate/Pipeline/Pipeline->Illuminate/Pipeline/{closure}(Object(Illuminate/Http/Request))
#83 C:/Users/user/MyFiles/ProgmiX/PEX-Form-main/vendor/laravel/framework/src/Illuminate/Pipeline/Pipeline.php(219): Illuminate/Http/Middleware/TrustProxies->handle(Object(Illuminate/Http/Request), Object(Closure))
#84 C:/Users/user/MyFiles/ProgmiX/PEX-Form-main/vendor/laravel/framework/src/Illuminate/Pipeline/Pipeline.php(137): Illuminate/Pipeline/Pipeline->Illuminate/Pipeline/{closure}(Object(Illuminate/Http/Request))
#85 C:/Users/user/MyFiles/ProgmiX/PEX-Form-main/vendor/laravel/framework/src/Illuminate/Foundation/Http/Kernel.php(175): Illuminate/Pipeline/Pipeline->then(Object(Closure))
#86 C:/Users/user/MyFiles/ProgmiX/PEX-Form-main/vendor/laravel/framework/src/Illuminate/Foundation/Http/Kernel.php(144): Illuminate/Foundation/Http/Kernel->sendRequestThroughRouter(Object(Illuminate/Http/Request))
#87 C:/Users/user/MyFiles/ProgmiX/PEX-Form-main/public/index.php(51): Illuminate/Foundation/Http/Kernel->handle(Object(Illuminate/Http/Request))
#88 C:/Users/user/MyFiles/ProgmiX/PEX-Form-main/vendor/laravel/framework/src/Illuminate/Foundation/resources/server.php(23): require_once('C://Users//user//M...')
#89 {main}
"} 
